
Servicedata V1.0 PLC:\DEBUG\SlaveStateA.service.trace created 25.05.2021 11:27:02 (local time)
hostname: hu, Software: 606421 04, built: 08.10.2014 08:59
-----------------------------------------------------------------------------------------------
                     ms  Virtual BusModule state(s)
25.05.2021 11:16:15.789  24000000 2c000000 
25.05.2021 11:16:15.945  24000001 2c000000 
25.05.2021 11:16:15.954  24000000 2c000000 
25.05.2021 11:16:15.957  24000001 2c000001 
25.05.2021 11:16:16.083  24000001 24000001 
25.05.2021 11:16:16.101  24000001 2c000001 
25.05.2021 11:16:16.104  24000001 24000001 
25.05.2021 11:16:44.442  24000002 24000002 
25.05.2021 11:16:44.445  a4000002 a4000002 
25.05.2021 11:16:44.451  24000001 24000001 
25.05.2021 11:16:44.454  a4000002 a4000002 
25.05.2021 11:16:44.688  a4000002 a5000002 
25.05.2021 11:16:44.748  a4000002 a4000002 
25.05.2021 11:16:44.757  a4000002 a5000002 
25.05.2021 11:16:44.760  a4000002 a4000002 
25.05.2021 11:16:44.889  a5000002 a5000002 
25.05.2021 11:16:44.901  a4000002 a4000002 
25.05.2021 11:16:44.904  a5000002 a5000002 
25.05.2021 11:16:44.982  a4000002 a5000002 
25.05.2021 11:16:44.991  a5000002 a5000002 
25.05.2021 11:16:44.994  a4000002 a5000002 
25.05.2021 11:16:45.003  a4000002 a4000002 
25.05.2021 11:16:45.009  a4000002 a5000002 
25.05.2021 11:16:45.012  a4000002 a4000002 
25.05.2021 11:16:48.093  a5000002 a5000002 
25.05.2021 11:16:48.105  a4000002 a4000002 
25.05.2021 11:16:48.108  a5000002 a5000002 
25.05.2021 11:16:48.186  a4000002 a5000002 
25.05.2021 11:16:48.195  a5000002 a5000002 
25.05.2021 11:16:48.198  a4000002 a5000002 
25.05.2021 11:16:48.207  a4000002 a4000002 
25.05.2021 11:16:48.213  a4000002 a5000002 
25.05.2021 11:16:48.216  a4000002 a4000002 
25.05.2021 11:16:48.300  a5000002 a5000002 
25.05.2021 11:16:48.303  a4000002 a4000002 
25.05.2021 11:16:48.306  a5000002 a5000002 
25.05.2021 11:16:48.408  a4000002 a5000002 
25.05.2021 11:16:48.411  a5000002 a5000002 
25.05.2021 11:16:48.414  a4000002 a5000002 
25.05.2021 11:16:48.432  a4000002 a4000002 
25.05.2021 11:16:48.522  a5000002 a5000002 
25.05.2021 11:16:48.600  a4000002 a5000002 
25.05.2021 11:16:48.609  a5000002 a5000002 
25.05.2021 11:16:48.612  a4000002 a5000002 
25.05.2021 11:16:48.621  a4000002 a4000002 
25.05.2021 11:16:48.627  a4000002 a5000002 
25.05.2021 11:16:48.630  a4000002 a4000002 
25.05.2021 11:16:48.723  a5000002 a5000002 
25.05.2021 11:16:48.735  a4000002 a4000002 
25.05.2021 11:16:48.738  a5000002 a5000002 
25.05.2021 11:16:48.921  a4000002 a5000002 
25.05.2021 11:16:48.933  a5000002 a5000002 
25.05.2021 11:16:48.936  a4000002 a5000002 
25.05.2021 11:16:48.942  a4000002 a4000002 
25.05.2021 11:16:48.951  a4000002 a5000002 
25.05.2021 11:16:48.954  a4000002 a4000002 
25.05.2021 11:16:49.047  a5000002 a5000002 
25.05.2021 11:16:49.059  a4000002 a4000002 
25.05.2021 11:16:49.062  a5000002 a5000002 
25.05.2021 11:16:49.164  a4000002 a5000002 
25.05.2021 11:16:49.167  a5000002 a5000002 
25.05.2021 11:16:49.170  a4000002 a5000002 
25.05.2021 11:16:49.188  a4000002 a4000002 
25.05.2021 11:16:49.299  a5000002 a5000002 
25.05.2021 11:16:49.311  a4000002 a4000002 
25.05.2021 11:16:49.314  a5000002 a5000002 
25.05.2021 11:16:49.416  a4000002 a5000002 
25.05.2021 11:16:49.419  a5000002 a5000002 
25.05.2021 11:16:49.422  a4000002 a5000002 
25.05.2021 11:16:49.440  a4000002 a4000002 
25.05.2021 11:16:49.530  a5000002 a5000002 
25.05.2021 11:16:49.545  a4000002 a4000002 
25.05.2021 11:16:49.548  a5000002 a5000002 
25.05.2021 11:16:49.638  a4000002 a5000002 
25.05.2021 11:16:49.653  a5000002 a5000002 
25.05.2021 11:16:49.656  a4000002 a5000002 
25.05.2021 11:16:49.659  a4000002 a4000002 
25.05.2021 11:16:49.671  a4000002 a5000002 
25.05.2021 11:16:49.674  a4000002 a4000002 
25.05.2021 11:16:49.764  a4000002 a5000002 
25.05.2021 11:16:49.770  a5000002 a5000002 
25.05.2021 11:16:49.779  a4000002 a4000002 
25.05.2021 11:16:49.782  a5000002 a5000002 
25.05.2021 11:16:49.872  a4000002 a5000002 
25.05.2021 11:16:49.887  a5000002 a5000002 
25.05.2021 11:16:49.890  a4000002 a5000002 
25.05.2021 11:16:49.893  a4000002 a4000002 
25.05.2021 11:16:49.905  a4000002 a5000002 
25.05.2021 11:16:49.908  a4000002 a4000002 
25.05.2021 11:16:49.980  a5000002 a5000002 
25.05.2021 11:16:50.901  a4000002 a5000002 
25.05.2021 11:16:50.913  a5000002 a5000002 
25.05.2021 11:16:50.916  a4000002 a5000002 
25.05.2021 11:16:50.925  a4000002 a4000002 
25.05.2021 11:16:50.931  a4000002 a5000002 
25.05.2021 11:16:50.934  a4000002 a4000002 
25.05.2021 11:16:51.015  a5000002 a5000002 
25.05.2021 11:16:51.021  a4000002 a4000002 
25.05.2021 11:16:51.024  a5000002 a5000002 
25.05.2021 11:16:51.114  a4000002 a5000002 
25.05.2021 11:16:51.129  a5000002 a5000002 
25.05.2021 11:16:51.132  a4000002 a5000002 
25.05.2021 11:16:51.135  a4000002 a4000002 
25.05.2021 11:16:51.147  a4000002 a5000002 
25.05.2021 11:16:51.150  a4000002 a4000002 
25.05.2021 11:16:51.249  a5000002 a5000002 
25.05.2021 11:16:51.255  a4000002 a4000002 
25.05.2021 11:16:51.258  a5000002 a5000002 
25.05.2021 11:16:51.540  a4000002 a5000002 
25.05.2021 11:16:51.543  a5000002 a5000002 
25.05.2021 11:16:51.546  a4000002 a5000002 
25.05.2021 11:16:51.564  a4000002 a4000002 
25.05.2021 11:16:51.654  a5000002 a5000002 
25.05.2021 11:16:51.744  a4000002 a5000002 
25.05.2021 11:16:51.759  a5000002 a5000002 
25.05.2021 11:16:51.762  a4000002 a5000002 
25.05.2021 11:16:51.765  a4000002 a4000002 
25.05.2021 11:16:51.777  a4000002 a5000002 
25.05.2021 11:16:51.780  a4000002 a4000002 
25.05.2021 11:16:51.822  a5000002 a4000002 
25.05.2021 11:16:51.831  a4000002 a4000002 
25.05.2021 11:16:51.834  a5000002 a4000002 
25.05.2021 11:16:51.873  a4000002 a4000002 
25.05.2021 11:16:51.885  a5000002 a4000002 
25.05.2021 11:16:51.888  a4000002 a4000002 
25.05.2021 11:16:52.050  a4000002 a5000002 
25.05.2021 11:16:52.065  a4000002 a4000002 
25.05.2021 11:16:52.068  a4000002 a5000002 
25.05.2021 11:16:52.128  a4000002 a4000002 
25.05.2021 11:16:52.137  a4000002 a5000002 
25.05.2021 11:16:52.140  a4000002 a4000002 
25.05.2021 11:16:52.197  a4000002 a5000002 
25.05.2021 11:16:52.209  a4000002 a4000002 
25.05.2021 11:16:52.212  a4000002 a5000002 
25.05.2021 11:16:52.266  a4000002 a4000002 
25.05.2021 11:16:52.281  a4000002 a5000002 
25.05.2021 11:16:52.284  a4000002 a4000002 
25.05.2021 11:16:52.344  a5000002 a5000002 
25.05.2021 11:16:52.353  a4000002 a4000002 
25.05.2021 11:16:52.356  a5000002 a5000002 
25.05.2021 11:16:52.422  a4000002 a5000002 
25.05.2021 11:16:52.425  a5000002 a5000002 
25.05.2021 11:16:52.428  a4000002 a5000002 
25.05.2021 11:16:52.446  a4000002 a4000002 
25.05.2021 11:16:52.461  a4000002 a5000002 
25.05.2021 11:16:52.464  a4000002 a4000002 
25.05.2021 11:16:52.554  a5000002 a5000002 
25.05.2021 11:16:52.569  a4000002 a4000002 
25.05.2021 11:16:52.572  a5000002 a5000002 
25.05.2021 11:16:52.662  a4000002 a5000002 
25.05.2021 11:16:52.677  a5000002 a5000002 
25.05.2021 11:16:52.680  a4000002 a5000002 
25.05.2021 11:16:52.683  a4000002 a4000002 
25.05.2021 11:16:52.695  a4000002 a5000002 
25.05.2021 11:16:52.698  a4000002 a4000002 
25.05.2021 11:16:52.782  a5000002 a5000002 
25.05.2021 11:16:52.785  a4000002 a4000002 
25.05.2021 11:16:52.788  a5000002 a5000002 
25.05.2021 11:16:52.878  a4000002 a5000002 
25.05.2021 11:16:52.893  a5000002 a5000002 
25.05.2021 11:16:52.896  a4000002 a5000002 
25.05.2021 11:16:52.899  a4000002 a4000002 
25.05.2021 11:16:52.911  a4000002 a5000002 
25.05.2021 11:16:52.914  a4000002 a4000002 
25.05.2021 11:16:53.265  a5000002 a5000002 
25.05.2021 11:16:53.271  a4000002 a4000002 
25.05.2021 11:16:53.274  a5000002 a5000002 
25.05.2021 11:16:53.364  a4000002 a5000002 
25.05.2021 11:16:53.379  a5000002 a5000002 
25.05.2021 11:16:53.382  a4000002 a5000002 
25.05.2021 11:16:53.385  a4000002 a4000002 
25.05.2021 11:16:53.397  a4000002 a5000002 
25.05.2021 11:16:53.400  a4000002 a4000002 
25.05.2021 11:16:53.484  a5000002 a5000002 
25.05.2021 11:16:53.487  a4000002 a4000002 
25.05.2021 11:16:53.490  a5000002 a5000002 
25.05.2021 11:16:53.583  a4000002 a5000002 
25.05.2021 11:16:53.595  a5000002 a5000002 
25.05.2021 11:16:53.598  a4000002 a5000002 
25.05.2021 11:16:53.601  a4000002 a4000002 
25.05.2021 11:16:53.613  a4000002 a5000002 
25.05.2021 11:16:53.616  a4000002 a4000002 
25.05.2021 11:16:53.781  a4000002 a5000002 
25.05.2021 11:16:53.793  a4000002 a4000002 
25.05.2021 11:16:53.796  a4000002 a5000002 
25.05.2021 11:16:53.850  a4000002 a4000002 
25.05.2021 11:16:53.865  a4000002 a5000002 
25.05.2021 11:16:53.868  a4000002 a4000002 
25.05.2021 11:16:54.120  a4000002 a5000002 
25.05.2021 11:16:54.186  a4000002 a4000002 
25.05.2021 11:16:54.189  a4000002 a5000002 
25.05.2021 11:16:54.192  a4000002 a4000002 
25.05.2021 11:16:54.330  a5000002 a4000002 
25.05.2021 11:16:54.333  a4000002 a4000002 
25.05.2021 11:16:54.336  a5000002 a4000002 
25.05.2021 11:16:54.408  a4000002 a4000002 
25.05.2021 11:16:54.423  a5000002 a4000002 
25.05.2021 11:16:54.426  a4000002 a4000002 
25.05.2021 11:16:54.606  a5000002 a5000002 
25.05.2021 11:16:54.621  a4000002 a4000002 
25.05.2021 11:16:54.624  a5000002 a5000002 
25.05.2021 11:16:54.714  a4000002 a5000002 
25.05.2021 11:16:54.729  a5000002 a5000002 
25.05.2021 11:16:54.732  a4000002 a5000002 
25.05.2021 11:16:54.735  a4000002 a4000002 
25.05.2021 11:16:54.747  a4000002 a5000002 
25.05.2021 11:16:54.750  a4000002 a4000002 
25.05.2021 11:16:54.834  a5000002 a5000002 
25.05.2021 11:16:54.837  a4000002 a4000002 
25.05.2021 11:16:54.840  a5000002 a5000002 
25.05.2021 11:16:54.930  a4000002 a5000002 
25.05.2021 11:16:54.945  a5000002 a5000002 
25.05.2021 11:16:54.948  a4000002 a5000002 
25.05.2021 11:16:54.951  a4000002 a4000002 
25.05.2021 11:16:54.963  a4000002 a5000002 
25.05.2021 11:16:54.966  a4000002 a4000002 
25.05.2021 11:16:55.059  a5000002 a5000002 
25.05.2021 11:16:55.071  a4000002 a4000002 
25.05.2021 11:16:55.074  a5000002 a5000002 
25.05.2021 11:16:55.164  a4000002 a5000002 
25.05.2021 11:16:55.179  a5000002 a5000002 
25.05.2021 11:16:55.182  a4000002 a5000002 
25.05.2021 11:16:55.185  a4000002 a4000002 
25.05.2021 11:16:55.197  a4000002 a5000002 
25.05.2021 11:16:55.200  a4000002 a4000002 
25.05.2021 11:16:55.284  a5000002 a5000002 
25.05.2021 11:16:55.287  a4000002 a4000002 
25.05.2021 11:16:55.290  a5000002 a5000002 
25.05.2021 11:16:55.380  a4000002 a5000002 
25.05.2021 11:16:55.395  a5000002 a5000002 
25.05.2021 11:16:55.398  a4000002 a5000002 
25.05.2021 11:16:55.401  a4000002 a4000002 
25.05.2021 11:16:55.413  a4000002 a5000002 
25.05.2021 11:16:55.416  a4000002 a4000002 
25.05.2021 11:16:58.251  a4000002 a5000002 
25.05.2021 11:16:58.257  a4000002 a4000002 
25.05.2021 11:16:58.260  a4000002 a5000002 
25.05.2021 11:16:58.314  a4000002 a4000002 
25.05.2021 11:16:58.329  a4000002 a5000002 
25.05.2021 11:16:58.332  a4000002 a4000002 
25.05.2021 11:17:09.105  a4000003 a4000003 
25.05.2021 11:17:09.108  a4000003 ac000003 
25.05.2021 11:17:09.111  a4000002 a4000002 
25.05.2021 11:17:09.114  a4000003 ac000003 
25.05.2021 11:17:09.132  a4000002 ac000002 
25.05.2021 11:17:09.141  a4000002 a4000002 
25.05.2021 11:17:09.147  a4000003 ac000003 
25.05.2021 11:17:09.150  a4000002 a4000002 
25.05.2021 11:17:09.240  a4000002 ac000002 
25.05.2021 11:17:09.267  a4000002 a4000002 
25.05.2021 11:17:09.273  a4000002 ac000002 
25.05.2021 11:17:09.276  a4000002 a4000002 
25.05.2021 11:17:09.375  a4000003 a4000003 
25.05.2021 11:17:09.381  a4000002 a4000002 
25.05.2021 11:17:09.384  a4000003 ac000003 
25.05.2021 11:17:09.411  a4000003 a4000003 
25.05.2021 11:17:09.417  a4000003 ac000003 
25.05.2021 11:17:09.420  a4000003 a4000003 
25.05.2021 11:17:09.528  a5000003 a5000003 
25.05.2021 11:17:09.543  a4000003 a4000003 
25.05.2021 11:17:09.546  a5000003 a5000003 
25.05.2021 11:17:09.636  a4000003 a5000003 
25.05.2021 11:17:09.651  a5000003 a5000003 
25.05.2021 11:17:09.654  a4000003 a5000003 
25.05.2021 11:17:09.657  a4000003 a4000003 
25.05.2021 11:17:09.669  a4000003 a5000003 
25.05.2021 11:17:09.672  a4000003 a4000003 
25.05.2021 11:17:09.750  a5000003 a5000003 
25.05.2021 11:17:09.759  a4000003 a4000003 
25.05.2021 11:17:09.762  a5000003 a5000003 
25.05.2021 11:17:09.852  a4000003 a5000003 
25.05.2021 11:17:09.867  a5000003 a5000003 
25.05.2021 11:17:09.870  a4000003 a5000003 
25.05.2021 11:17:09.873  a4000003 a4000003 
25.05.2021 11:17:09.885  a4000003 a5000003 
25.05.2021 11:17:09.888  a4000003 a4000003 
25.05.2021 11:18:33.163  a4000002 a4000002 
25.05.2021 11:18:33.172  a4000003 a4000003 
25.05.2021 11:18:33.175  a4000002 ac000002 
25.05.2021 11:18:33.202  a4000002 a4000002 
25.05.2021 11:18:33.208  a4000002 ac000002 
25.05.2021 11:18:33.211  a4000002 a4000002 
25.05.2021 11:19:28.985  a4000003 a4000003 
25.05.2021 11:19:28.988  a4000003 ac000003 
25.05.2021 11:19:28.991  a4000002 a4000002 
25.05.2021 11:19:28.994  a4000003 ac000003 
25.05.2021 11:19:29.021  a4000003 a4000003 
25.05.2021 11:19:29.027  a4000003 ac000003 
25.05.2021 11:19:29.030  a4000003 a4000003 
25.05.2021 11:21:41.406  a4000002 a4000002 
25.05.2021 11:21:41.415  a4000002 ac000002 
25.05.2021 11:21:41.418  a4000003 a4000003 
25.05.2021 11:21:41.421  a4000002 ac000002 
25.05.2021 11:21:41.448  a4000002 a4000002 
25.05.2021 11:21:41.454  a4000002 ac000002 
25.05.2021 11:21:41.457  a4000002 a4000002 
25.05.2021 11:21:52.410  a4000003 a4000003 
25.05.2021 11:21:52.413  a4000003 ac000003 
25.05.2021 11:21:52.416  a4000002 a4000002 
25.05.2021 11:21:52.419  a4000003 ac000003 
25.05.2021 11:21:52.446  a4000003 a4000003 
25.05.2021 11:21:52.452  a4000003 ac000003 
25.05.2021 11:21:52.455  a4000003 a4000003 
25.05.2021 11:26:33.459  a4000002 a4000002 
25.05.2021 11:26:33.468  a4000002 ac000002 
25.05.2021 11:26:33.471  a4000003 a4000003 
25.05.2021 11:26:33.474  a4000002 ac000002 
25.05.2021 11:26:33.501  a4000002 a4000002 
25.05.2021 11:26:33.507  a4000002 ac000002 
25.05.2021 11:26:33.510  a4000002 a4000002 

Servicedata V1.0 PLC:\DEBUG\SlaveStateA.service.trace created 25.05.2021 12:12:42 (local time)
hostname: hu, Software: 606421 04, built: 08.10.2014 08:59
-----------------------------------------------------------------------------------------------
                     ms  Virtual BusModule state(s)
25.05.2021 11:56:23.015  24000000 2c000000 
25.05.2021 11:56:23.033  00000000 00000000 
25.05.2021 11:56:23.036  24000000 2c000000 
25.05.2021 11:56:23.174  24000001 2c000000 
25.05.2021 11:56:23.180  24000000 2c000000 
25.05.2021 11:56:23.183  24000001 2c000001 
25.05.2021 11:56:23.201  24000001 2c000000 
25.05.2021 11:56:23.204  24000001 2c000001 
25.05.2021 11:56:23.312  24000001 24000001 
25.05.2021 11:56:23.327  24000001 2c000001 
25.05.2021 11:56:23.330  24000001 24000001 
25.05.2021 11:56:52.853  24000002 24000002 
25.05.2021 11:56:52.856  a4000002 a4000002 
25.05.2021 11:56:52.862  24000001 24000001 
25.05.2021 11:56:52.865  a4000002 a4000002 
25.05.2021 11:56:53.099  a4000002 a5000002 
25.05.2021 11:56:53.114  a4000002 a4000002 
25.05.2021 11:56:53.117  a4000002 a5000002 
25.05.2021 11:56:53.171  a4000002 a4000002 
25.05.2021 11:56:53.186  a4000002 a5000002 
25.05.2021 11:56:53.189  a4000002 a4000002 
25.05.2021 11:56:53.303  a5000002 a5000002 
25.05.2021 11:56:53.312  a4000002 a4000002 
25.05.2021 11:56:53.315  a5000002 a5000002 
25.05.2021 11:56:53.393  a4000002 a5000002 
25.05.2021 11:56:53.402  a5000002 a5000002 
25.05.2021 11:56:53.405  a4000002 a5000002 
25.05.2021 11:56:53.414  a4000002 a4000002 
25.05.2021 11:56:53.420  a4000002 a5000002 
25.05.2021 11:56:53.423  a4000002 a4000002 
25.05.2021 11:56:56.504  a5000002 a5000002 
25.05.2021 11:56:56.516  a4000002 a4000002 
25.05.2021 11:56:56.519  a5000002 a5000002 
25.05.2021 11:56:56.597  a4000002 a5000002 
25.05.2021 11:56:56.606  a5000002 a5000002 
25.05.2021 11:56:56.609  a4000002 a5000002 
25.05.2021 11:56:56.618  a4000002 a4000002 
25.05.2021 11:56:56.624  a4000002 a5000002 
25.05.2021 11:56:56.627  a4000002 a4000002 
25.05.2021 11:56:56.711  a5000002 a5000002 
25.05.2021 11:56:56.714  a4000002 a4000002 
25.05.2021 11:56:56.717  a5000002 a5000002 
25.05.2021 11:56:56.819  a4000002 a5000002 
25.05.2021 11:56:56.822  a5000002 a5000002 
25.05.2021 11:56:56.825  a4000002 a5000002 
25.05.2021 11:56:56.843  a4000002 a4000002 
25.05.2021 11:56:56.933  a5000002 a5000002 
25.05.2021 11:56:57.011  a4000002 a5000002 
25.05.2021 11:56:57.020  a5000002 a5000002 
25.05.2021 11:56:57.023  a4000002 a5000002 
25.05.2021 11:56:57.032  a4000002 a4000002 
25.05.2021 11:56:57.038  a4000002 a5000002 
25.05.2021 11:56:57.041  a4000002 a4000002 
25.05.2021 11:56:57.134  a5000002 a5000002 
25.05.2021 11:56:57.146  a4000002 a4000002 
25.05.2021 11:56:57.149  a5000002 a5000002 
25.05.2021 11:56:57.347  a4000002 a5000002 
25.05.2021 11:56:57.365  a4000002 a4000002 
25.05.2021 11:56:57.380  a4000002 a5000002 
25.05.2021 11:56:57.383  a4000002 a4000002 
25.05.2021 11:56:57.473  a5000002 a5000002 
25.05.2021 11:56:57.575  a4000002 a5000002 
25.05.2021 11:56:57.578  a5000002 a5000002 
25.05.2021 11:56:57.581  a4000002 a5000002 
25.05.2021 11:56:57.599  a4000002 a4000002 
25.05.2021 11:56:57.710  a5000002 a5000002 
25.05.2021 11:56:57.722  a4000002 a4000002 
25.05.2021 11:56:57.725  a5000002 a5000002 
25.05.2021 11:56:57.827  a4000002 a5000002 
25.05.2021 11:56:57.830  a5000002 a5000002 
25.05.2021 11:56:57.833  a4000002 a5000002 
25.05.2021 11:56:57.851  a4000002 a4000002 
25.05.2021 11:56:57.944  a5000002 a5000002 
25.05.2021 11:56:57.956  a4000002 a4000002 
25.05.2021 11:56:57.959  a5000002 a5000002 
25.05.2021 11:56:58.052  a4000002 a5000002 
25.05.2021 11:56:58.064  a5000002 a5000002 
25.05.2021 11:56:58.067  a4000002 a5000002 
25.05.2021 11:56:58.070  a4000002 a4000002 
25.05.2021 11:56:58.082  a4000002 a5000002 
25.05.2021 11:56:58.085  a4000002 a4000002 
25.05.2021 11:56:58.175  a4000002 a5000002 
25.05.2021 11:56:58.181  a5000002 a5000002 
25.05.2021 11:56:58.190  a4000002 a4000002 
25.05.2021 11:56:58.193  a5000002 a5000002 
25.05.2021 11:56:58.283  a4000002 a5000002 
25.05.2021 11:56:58.298  a5000002 a5000002 
25.05.2021 11:56:58.301  a4000002 a5000002 
25.05.2021 11:56:58.304  a4000002 a4000002 
25.05.2021 11:56:58.316  a4000002 a5000002 
25.05.2021 11:56:58.319  a4000002 a4000002 
25.05.2021 11:56:58.391  a5000002 a5000002 
25.05.2021 11:56:59.312  a4000002 a5000002 
25.05.2021 11:56:59.324  a5000002 a5000002 
25.05.2021 11:56:59.327  a4000002 a5000002 
25.05.2021 11:56:59.336  a4000002 a4000002 
25.05.2021 11:56:59.343  a4000002 a5000002 
25.05.2021 11:56:59.345  a4000002 a4000002 
25.05.2021 11:56:59.429  a5000002 a5000002 
25.05.2021 11:56:59.432  a4000002 a4000002 
25.05.2021 11:56:59.436  a5000002 a5000002 
25.05.2021 11:56:59.525  a4000002 a5000002 
25.05.2021 11:56:59.540  a5000002 a5000002 
25.05.2021 11:56:59.543  a4000002 a5000002 
25.05.2021 11:56:59.547  a4000002 a4000002 
25.05.2021 11:56:59.558  a4000002 a5000002 
25.05.2021 11:56:59.561  a4000002 a4000002 
25.05.2021 11:56:59.660  a5000002 a5000002 
25.05.2021 11:56:59.666  a4000002 a4000002 
25.05.2021 11:56:59.670  a5000002 a5000002 
25.05.2021 11:56:59.951  a4000002 a5000002 
25.05.2021 11:56:59.955  a5000002 a5000002 
25.05.2021 11:56:59.958  a4000002 a5000002 
25.05.2021 11:56:59.975  a4000002 a4000002 
25.05.2021 11:57:00.065  a5000002 a5000002 
25.05.2021 11:57:00.155  a4000002 a5000002 
25.05.2021 11:57:00.170  a5000002 a5000002 
25.05.2021 11:57:00.173  a4000002 a5000002 
25.05.2021 11:57:00.177  a4000002 a4000002 
25.05.2021 11:57:00.188  a4000002 a5000002 
25.05.2021 11:57:00.191  a4000002 a4000002 
25.05.2021 11:57:00.233  a5000002 a4000002 
25.05.2021 11:57:00.242  a4000002 a4000002 
25.05.2021 11:57:00.246  a5000002 a4000002 
25.05.2021 11:57:00.282  a4000002 a4000002 
25.05.2021 11:57:00.296  a5000002 a4000002 
25.05.2021 11:57:00.299  a4000002 a4000002 
25.05.2021 11:57:00.462  a4000002 a5000002 
25.05.2021 11:57:00.476  a4000002 a4000002 
25.05.2021 11:57:00.480  a4000002 a5000002 
25.05.2021 11:57:00.539  a4000002 a4000002 
25.05.2021 11:57:00.548  a4000002 a5000002 
25.05.2021 11:57:00.551  a4000002 a4000002 
25.05.2021 11:57:00.608  a4000002 a5000002 
25.05.2021 11:57:00.620  a4000002 a4000002 
25.05.2021 11:57:00.624  a4000002 a5000002 
25.05.2021 11:57:00.677  a4000002 a4000002 
25.05.2021 11:57:00.692  a4000002 a5000002 
25.05.2021 11:57:00.696  a4000002 a4000002 
25.05.2021 11:57:00.755  a5000002 a5000002 
25.05.2021 11:57:00.764  a4000002 a4000002 
25.05.2021 11:57:00.768  a5000002 a5000002 
25.05.2021 11:57:00.840  a4000002 a5000002 
25.05.2021 11:57:00.857  a4000002 a4000002 
25.05.2021 11:57:00.872  a4000002 a5000002 
25.05.2021 11:57:00.875  a4000002 a4000002 
25.05.2021 11:57:00.968  a5000002 a5000002 
25.05.2021 11:57:00.980  a4000002 a4000002 
25.05.2021 11:57:00.984  a5000002 a5000002 
25.05.2021 11:57:01.073  a4000002 a5000002 
25.05.2021 11:57:01.089  a5000002 a5000002 
25.05.2021 11:57:01.092  a4000002 a5000002 
25.05.2021 11:57:01.095  a4000002 a4000002 
25.05.2021 11:57:01.106  a4000002 a5000002 
25.05.2021 11:57:01.109  a4000002 a4000002 
25.05.2021 11:57:01.194  a5000002 a5000002 
25.05.2021 11:57:01.197  a4000002 a4000002 
25.05.2021 11:57:01.200  a5000002 a5000002 
25.05.2021 11:57:01.289  a4000002 a5000002 
25.05.2021 11:57:01.304  a5000002 a5000002 
25.05.2021 11:57:01.308  a4000002 a5000002 
25.05.2021 11:57:01.311  a4000002 a4000002 
25.05.2021 11:57:01.322  a4000002 a5000002 
25.05.2021 11:57:01.325  a4000002 a4000002 
25.05.2021 11:57:01.422  a5000002 a5000002 
25.05.2021 11:57:01.431  a4000002 a4000002 
25.05.2021 11:57:01.434  a5000002 a5000002 
25.05.2021 11:57:01.524  a4000002 a5000002 
25.05.2021 11:57:01.539  a5000002 a5000002 
25.05.2021 11:57:01.542  a4000002 a5000002 
25.05.2021 11:57:01.545  a4000002 a4000002 
25.05.2021 11:57:01.557  a4000002 a5000002 
25.05.2021 11:57:01.560  a4000002 a4000002 
25.05.2021 11:57:01.644  a5000002 a5000002 
25.05.2021 11:57:01.647  a4000002 a4000002 
25.05.2021 11:57:01.650  a5000002 a5000002 
25.05.2021 11:57:01.740  a4000002 a5000002 
25.05.2021 11:57:01.755  a5000002 a5000002 
25.05.2021 11:57:01.758  a4000002 a5000002 
25.05.2021 11:57:01.761  a4000002 a4000002 
25.05.2021 11:57:01.773  a4000002 a5000002 
25.05.2021 11:57:01.776  a4000002 a4000002 
25.05.2021 11:57:01.949  a4000002 a5000002 
25.05.2021 11:57:01.953  a4000002 a4000002 
25.05.2021 11:57:01.956  a4000002 a5000002 
25.05.2021 11:57:02.010  a4000002 a4000002 
25.05.2021 11:57:02.025  a4000002 a5000002 
25.05.2021 11:57:02.028  a4000002 a4000002 
25.05.2021 11:57:02.262  a4000002 a5000002 
25.05.2021 11:57:02.373  a4000002 a4000002 
25.05.2021 11:57:02.385  a4000002 a5000002 
25.05.2021 11:57:02.388  a4000002 a4000002 
25.05.2021 11:57:02.532  a5000002 a4000002 
25.05.2021 11:57:02.547  a4000002 a4000002 
25.05.2021 11:57:02.550  a5000002 a4000002 
25.05.2021 11:57:02.610  a4000002 a4000002 
25.05.2021 11:57:02.619  a5000002 a4000002 
25.05.2021 11:57:02.622  a4000002 a4000002 
25.05.2021 11:57:02.808  a5000002 a5000002 
25.05.2021 11:57:02.817  a4000002 a4000002 
25.05.2021 11:57:02.820  a5000002 a5000002 
25.05.2021 11:57:02.910  a4000002 a5000002 
25.05.2021 11:57:02.925  a5000002 a5000002 
25.05.2021 11:57:02.928  a4000002 a5000002 
25.05.2021 11:57:02.931  a4000002 a4000002 
25.05.2021 11:57:02.943  a4000002 a5000002 
25.05.2021 11:57:02.946  a4000002 a4000002 
25.05.2021 11:57:03.030  a5000002 a5000002 
25.05.2021 11:57:03.033  a4000002 a4000002 
25.05.2021 11:57:03.036  a5000002 a5000002 
25.05.2021 11:57:03.126  a4000002 a5000002 
25.05.2021 11:57:03.141  a5000002 a5000002 
25.05.2021 11:57:03.144  a4000002 a5000002 
25.05.2021 11:57:03.147  a4000002 a4000002 
25.05.2021 11:57:03.159  a4000002 a5000002 
25.05.2021 11:57:03.162  a4000002 a4000002 
25.05.2021 11:57:03.255  a5000002 a5000002 
25.05.2021 11:57:03.267  a4000002 a4000002 
25.05.2021 11:57:03.270  a5000002 a5000002 
25.05.2021 11:57:03.360  a4000002 a5000002 
25.05.2021 11:57:03.375  a5000002 a5000002 
25.05.2021 11:57:03.378  a4000002 a5000002 
25.05.2021 11:57:03.381  a4000002 a4000002 
25.05.2021 11:57:03.393  a4000002 a5000002 
25.05.2021 11:57:03.396  a4000002 a4000002 
25.05.2021 11:57:03.480  a5000002 a5000002 
25.05.2021 11:57:03.483  a4000002 a4000002 
25.05.2021 11:57:03.486  a5000002 a5000002 
25.05.2021 11:57:03.576  a4000002 a5000002 
25.05.2021 11:57:03.591  a5000002 a5000002 
25.05.2021 11:57:03.594  a4000002 a5000002 
25.05.2021 11:57:03.597  a4000002 a4000002 
25.05.2021 11:57:03.609  a4000002 a5000002 
25.05.2021 11:57:03.612  a4000002 a4000002 
25.05.2021 11:57:06.663  a4000002 a5000002 
25.05.2021 11:57:06.669  a4000002 a4000002 
25.05.2021 11:57:06.672  a4000002 a5000002 
25.05.2021 11:57:06.726  a4000002 a4000002 
25.05.2021 11:57:06.741  a4000002 a5000002 
25.05.2021 11:57:06.744  a4000002 a4000002 
25.05.2021 11:57:11.325  a4000003 a4000003 
25.05.2021 11:57:11.328  a4000003 ac000003 
25.05.2021 11:57:11.331  a4000002 a4000002 
25.05.2021 11:57:11.334  a4000003 ac000003 
25.05.2021 11:57:11.346  a4000002 ac000002 
25.05.2021 11:57:11.349  a4000003 ac000003 
25.05.2021 11:57:11.352  a4000002 ac000002 
25.05.2021 11:57:11.361  a4000002 a4000002 
25.05.2021 11:57:11.367  a4000002 ac000002 
25.05.2021 11:57:11.370  a4000002 a4000002 
25.05.2021 11:57:11.451  a4000002 ac000002 
25.05.2021 11:57:11.457  a4000002 a4000002 
25.05.2021 11:57:11.460  a4000002 ac000002 
25.05.2021 11:57:11.487  a4000002 a4000002 
25.05.2021 11:57:11.493  a4000002 ac000002 
25.05.2021 11:57:11.496  a4000002 a4000002 
25.05.2021 11:57:11.595  a4000003 a4000003 
25.05.2021 11:57:11.601  a4000002 a4000002 
25.05.2021 11:57:11.604  a4000003 ac000003 
25.05.2021 11:57:11.631  a4000003 a4000003 
25.05.2021 11:57:11.637  a4000003 ac000003 
25.05.2021 11:57:11.640  a4000003 a4000003 
25.05.2021 11:57:11.748  a5000003 a5000003 
25.05.2021 11:57:11.763  a4000003 a4000003 
25.05.2021 11:57:11.766  a5000003 a5000003 
25.05.2021 11:57:11.856  a4000003 a5000003 
25.05.2021 11:57:11.871  a5000003 a5000003 
25.05.2021 11:57:11.874  a4000003 a5000003 
25.05.2021 11:57:11.877  a4000003 a4000003 
25.05.2021 11:57:11.889  a4000003 a5000003 
25.05.2021 11:57:11.892  a4000003 a4000003 
25.05.2021 11:57:11.970  a5000003 a5000003 
25.05.2021 11:57:11.979  a4000003 a4000003 
25.05.2021 11:57:11.982  a5000003 a5000003 
25.05.2021 11:57:12.072  a4000003 a5000003 
25.05.2021 11:57:12.087  a5000003 a5000003 
25.05.2021 11:57:12.090  a4000003 a5000003 
25.05.2021 11:57:12.093  a4000003 a4000003 
25.05.2021 11:57:12.105  a4000003 a5000003 
25.05.2021 11:57:12.108  a4000003 a4000003 

Servicedata V1.0 PLC:\DEBUG\SlaveStateA.service.trace created 25.05.2021 12:29:21 (local time)
hostname: hu, Software: 606421 04, built: 08.10.2014 08:59
-----------------------------------------------------------------------------------------------
                     ms  Virtual BusModule state(s)
25.05.2021 12:13:21.669  24000000 2c000000 
25.05.2021 12:13:21.672  00000000 00000000 
25.05.2021 12:13:21.675  24000000 2c000000 
25.05.2021 12:13:21.825  24000001 2c000000 
25.05.2021 12:13:21.837  24000001 2c000001 
25.05.2021 12:13:21.840  24000000 2c000000 
25.05.2021 12:13:21.843  24000001 2c000001 
25.05.2021 12:13:21.969  24000001 24000001 
25.05.2021 12:13:53.214  24000002 24000002 
25.05.2021 12:13:53.217  a4000002 a4000002 
25.05.2021 12:13:53.223  24000001 24000001 
25.05.2021 12:13:53.226  a4000002 a4000002 
25.05.2021 12:13:53.460  a4000002 a5000002 
25.05.2021 12:13:53.475  a4000002 a4000002 
25.05.2021 12:13:53.478  a4000002 a5000002 
25.05.2021 12:13:53.532  a4000002 a4000002 
25.05.2021 12:13:53.547  a4000002 a5000002 
25.05.2021 12:13:53.550  a4000002 a4000002 
25.05.2021 12:13:53.670  a5000002 a5000002 
25.05.2021 12:13:53.673  a4000002 a4000002 
25.05.2021 12:13:53.676  a5000002 a5000002 
25.05.2021 12:13:53.754  a4000002 a5000002 
25.05.2021 12:13:53.763  a5000002 a5000002 
25.05.2021 12:13:53.766  a4000002 a5000002 
25.05.2021 12:13:53.775  a4000002 a4000002 
25.05.2021 12:13:53.781  a4000002 a5000002 
25.05.2021 12:13:53.784  a4000002 a4000002 
25.05.2021 12:13:56.865  a5000002 a5000002 
25.05.2021 12:13:56.877  a4000002 a4000002 
25.05.2021 12:13:56.881  a5000002 a5000002 
25.05.2021 12:13:56.959  a4000002 a5000002 
25.05.2021 12:13:56.967  a5000002 a5000002 
25.05.2021 12:13:56.970  a4000002 a5000002 
25.05.2021 12:13:56.980  a4000002 a4000002 
25.05.2021 12:13:56.985  a4000002 a5000002 
25.05.2021 12:13:56.989  a4000002 a4000002 
25.05.2021 12:13:57.072  a5000002 a5000002 
25.05.2021 12:13:57.075  a4000002 a4000002 
25.05.2021 12:13:57.079  a5000002 a5000002 
25.05.2021 12:13:57.180  a4000002 a5000002 
25.05.2021 12:13:57.184  a5000002 a5000002 
25.05.2021 12:13:57.187  a4000002 a5000002 
25.05.2021 12:13:57.204  a4000002 a4000002 
25.05.2021 12:13:57.295  a5000002 a5000002 
25.05.2021 12:13:57.373  a4000002 a5000002 
25.05.2021 12:13:57.381  a5000002 a5000002 
25.05.2021 12:13:57.384  a4000002 a5000002 
25.05.2021 12:13:57.394  a4000002 a4000002 
25.05.2021 12:13:57.399  a4000002 a5000002 
25.05.2021 12:13:57.403  a4000002 a4000002 
25.05.2021 12:13:57.495  a5000002 a5000002 
25.05.2021 12:13:57.507  a4000002 a4000002 
25.05.2021 12:13:57.511  a5000002 a5000002 
25.05.2021 12:13:57.787  a4000002 a5000002 
25.05.2021 12:13:57.795  a5000002 a5000002 
25.05.2021 12:13:57.798  a4000002 a5000002 
25.05.2021 12:13:57.808  a4000002 a4000002 
25.05.2021 12:13:57.813  a4000002 a5000002 
25.05.2021 12:13:57.817  a4000002 a4000002 
25.05.2021 12:13:57.913  a5000002 a5000002 
25.05.2021 12:13:57.921  a4000002 a4000002 
25.05.2021 12:13:57.925  a5000002 a5000002 
25.05.2021 12:13:58.033  a4000002 a5000002 
25.05.2021 12:13:58.050  a4000002 a4000002 
25.05.2021 12:13:58.164  a5000002 a5000002 
25.05.2021 12:13:58.173  a4000002 a4000002 
25.05.2021 12:13:58.177  a5000002 a5000002 
25.05.2021 12:13:58.278  a4000002 a5000002 
25.05.2021 12:13:58.282  a5000002 a5000002 
25.05.2021 12:13:58.285  a4000002 a5000002 
25.05.2021 12:13:58.302  a4000002 a4000002 
25.05.2021 12:13:58.393  a5000002 a5000002 
25.05.2021 12:13:58.407  a4000002 a4000002 
25.05.2021 12:13:58.411  a5000002 a5000002 
25.05.2021 12:13:58.501  a4000002 a5000002 
25.05.2021 12:13:58.515  a5000002 a5000002 
25.05.2021 12:13:58.519  a4000002 a5000002 
25.05.2021 12:13:58.522  a4000002 a4000002 
25.05.2021 12:13:58.533  a4000002 a5000002 
25.05.2021 12:13:58.536  a4000002 a4000002 
25.05.2021 12:13:58.627  a4000002 a5000002 
25.05.2021 12:13:58.632  a5000002 a5000002 
25.05.2021 12:13:58.641  a4000002 a4000002 
25.05.2021 12:13:58.645  a5000002 a5000002 
25.05.2021 12:13:58.735  a4000002 a5000002 
25.05.2021 12:13:58.749  a5000002 a5000002 
25.05.2021 12:13:58.753  a4000002 a5000002 
25.05.2021 12:13:58.756  a4000002 a4000002 
25.05.2021 12:13:58.767  a4000002 a5000002 
25.05.2021 12:13:58.770  a4000002 a4000002 
25.05.2021 12:13:58.843  a5000002 a5000002 
25.05.2021 12:13:58.858  a4000002 a4000002 
25.05.2021 12:13:58.861  a5000002 a5000002 
25.05.2021 12:13:59.782  a4000002 a5000002 
25.05.2021 12:13:59.794  a5000002 a5000002 
25.05.2021 12:13:59.797  a4000002 a5000002 
25.05.2021 12:13:59.806  a4000002 a4000002 
25.05.2021 12:13:59.812  a4000002 a5000002 
25.05.2021 12:13:59.815  a4000002 a4000002 
25.05.2021 12:13:59.899  a5000002 a5000002 
25.05.2021 12:13:59.902  a4000002 a4000002 
25.05.2021 12:13:59.905  a5000002 a5000002 
25.05.2021 12:13:59.995  a4000002 a5000002 
25.05.2021 12:14:00.010  a5000002 a5000002 
25.05.2021 12:14:00.013  a4000002 a5000002 
25.05.2021 12:14:00.016  a4000002 a4000002 
25.05.2021 12:14:00.028  a4000002 a5000002 
25.05.2021 12:14:00.031  a4000002 a4000002 
25.05.2021 12:14:00.112  a5000002 a5000002 
25.05.2021 12:14:00.118  a4000002 a4000002 
25.05.2021 12:14:00.121  a5000002 a5000002 
25.05.2021 12:14:00.403  a4000002 a5000002 
25.05.2021 12:14:00.406  a5000002 a5000002 
25.05.2021 12:14:00.409  a4000002 a5000002 
25.05.2021 12:14:00.427  a4000002 a4000002 
25.05.2021 12:14:00.517  a5000002 a5000002 
25.05.2021 12:14:00.607  a4000002 a5000002 
25.05.2021 12:14:00.622  a5000002 a5000002 
25.05.2021 12:14:00.625  a4000002 a5000002 
25.05.2021 12:14:00.628  a4000002 a4000002 
25.05.2021 12:14:00.640  a4000002 a5000002 
25.05.2021 12:14:00.643  a4000002 a4000002 
25.05.2021 12:14:00.685  a5000002 a4000002 
25.05.2021 12:14:00.694  a4000002 a4000002 
25.05.2021 12:14:00.697  a5000002 a4000002 
25.05.2021 12:14:00.733  a4000002 a4000002 
25.05.2021 12:14:00.748  a5000002 a4000002 
25.05.2021 12:14:00.751  a4000002 a4000002 
25.05.2021 12:14:00.913  a4000002 a5000002 
25.05.2021 12:14:00.928  a4000002 a4000002 
25.05.2021 12:14:00.931  a4000002 a5000002 
25.05.2021 12:14:00.991  a4000002 a4000002 
25.05.2021 12:14:01.000  a4000002 a5000002 
25.05.2021 12:14:01.003  a4000002 a4000002 
25.05.2021 12:14:01.060  a4000002 a5000002 
25.05.2021 12:14:01.072  a4000002 a4000002 
25.05.2021 12:14:01.075  a4000002 a5000002 
25.05.2021 12:14:01.129  a4000002 a4000002 
25.05.2021 12:14:01.144  a4000002 a5000002 
25.05.2021 12:14:01.147  a4000002 a4000002 
25.05.2021 12:14:01.207  a5000002 a5000002 
25.05.2021 12:14:01.216  a4000002 a4000002 
25.05.2021 12:14:01.219  a5000002 a5000002 
25.05.2021 12:14:01.291  a4000002 a5000002 
25.05.2021 12:14:01.309  a4000002 a4000002 
25.05.2021 12:14:01.324  a4000002 a5000002 
25.05.2021 12:14:01.327  a4000002 a4000002 
25.05.2021 12:14:01.417  a5000002 a5000002 
25.05.2021 12:14:01.432  a4000002 a4000002 
25.05.2021 12:14:01.435  a5000002 a5000002 
25.05.2021 12:14:01.525  a4000002 a5000002 
25.05.2021 12:14:01.540  a5000002 a5000002 
25.05.2021 12:14:01.543  a4000002 a5000002 
25.05.2021 12:14:01.546  a4000002 a4000002 
25.05.2021 12:14:01.558  a4000002 a5000002 
25.05.2021 12:14:01.561  a4000002 a4000002 
25.05.2021 12:14:01.645  a5000002 a5000002 
25.05.2021 12:14:01.648  a4000002 a4000002 
25.05.2021 12:14:01.651  a5000002 a5000002 
25.05.2021 12:14:01.741  a4000002 a5000002 
25.05.2021 12:14:01.756  a5000002 a5000002 
25.05.2021 12:14:01.759  a4000002 a5000002 
25.05.2021 12:14:01.762  a4000002 a4000002 
25.05.2021 12:14:01.774  a4000002 a5000002 
25.05.2021 12:14:01.777  a4000002 a4000002 
25.05.2021 12:14:01.873  a5000002 a5000002 
25.05.2021 12:14:01.882  a4000002 a4000002 
25.05.2021 12:14:01.885  a5000002 a5000002 
25.05.2021 12:14:01.975  a4000002 a5000002 
25.05.2021 12:14:01.990  a5000002 a5000002 
25.05.2021 12:14:01.993  a4000002 a5000002 
25.05.2021 12:14:01.996  a4000002 a4000002 
25.05.2021 12:14:02.008  a4000002 a5000002 
25.05.2021 12:14:02.011  a4000002 a4000002 
25.05.2021 12:14:02.095  a5000002 a5000002 
25.05.2021 12:14:02.098  a4000002 a4000002 
25.05.2021 12:14:02.101  a5000002 a5000002 
25.05.2021 12:14:02.191  a4000002 a5000002 
25.05.2021 12:14:02.206  a5000002 a5000002 
25.05.2021 12:14:02.209  a4000002 a5000002 
25.05.2021 12:14:02.212  a4000002 a4000002 
25.05.2021 12:14:02.224  a4000002 a5000002 
25.05.2021 12:14:02.227  a4000002 a4000002 
25.05.2021 12:14:02.401  a4000002 a5000002 
25.05.2021 12:14:02.404  a4000002 a4000002 
25.05.2021 12:14:02.407  a4000002 a5000002 
25.05.2021 12:14:02.461  a4000002 a4000002 
25.05.2021 12:14:02.476  a4000002 a5000002 
25.05.2021 12:14:02.479  a4000002 a4000002 
25.05.2021 12:14:02.860  a4000002 a5000002 
25.05.2021 12:14:02.872  a4000002 a4000002 
25.05.2021 12:14:02.875  a4000002 a5000002 
25.05.2021 12:14:02.941  a4000002 a4000002 
25.05.2021 12:14:02.944  a4000002 a5000002 
25.05.2021 12:14:02.947  a4000002 a4000002 
25.05.2021 12:14:03.073  a5000002 a4000002 
25.05.2021 12:14:03.088  a4000002 a4000002 
25.05.2021 12:14:03.091  a5000002 a4000002 
25.05.2021 12:14:03.151  a4000002 a4000002 
25.05.2021 12:14:03.160  a5000002 a4000002 
25.05.2021 12:14:03.163  a4000002 a4000002 
25.05.2021 12:14:03.349  a5000002 a5000002 
25.05.2021 12:14:03.358  a4000002 a4000002 
25.05.2021 12:14:03.361  a5000002 a5000002 
25.05.2021 12:14:03.451  a4000002 a5000002 
25.05.2021 12:14:03.466  a5000002 a5000002 
25.05.2021 12:14:03.469  a4000002 a5000002 
25.05.2021 12:14:03.472  a4000002 a4000002 
25.05.2021 12:14:03.484  a4000002 a5000002 
25.05.2021 12:14:03.487  a4000002 a4000002 
25.05.2021 12:14:03.571  a5000002 a5000002 
25.05.2021 12:14:03.574  a4000002 a4000002 
25.05.2021 12:14:03.577  a5000002 a5000002 
25.05.2021 12:14:03.667  a4000002 a5000002 
25.05.2021 12:14:03.682  a5000002 a5000002 
25.05.2021 12:14:03.685  a4000002 a5000002 
25.05.2021 12:14:03.688  a4000002 a4000002 
25.05.2021 12:14:03.700  a4000002 a5000002 
25.05.2021 12:14:03.703  a4000002 a4000002 
25.05.2021 12:14:03.799  a5000002 a5000002 
25.05.2021 12:14:03.808  a4000002 a4000002 
25.05.2021 12:14:03.811  a5000002 a5000002 
25.05.2021 12:14:03.901  a4000002 a5000002 
25.05.2021 12:14:03.916  a5000002 a5000002 
25.05.2021 12:14:03.919  a4000002 a5000002 
25.05.2021 12:14:03.922  a4000002 a4000002 
25.05.2021 12:14:03.934  a4000002 a5000002 
25.05.2021 12:14:03.937  a4000002 a4000002 
25.05.2021 12:14:04.021  a5000002 a5000002 
25.05.2021 12:14:04.024  a4000002 a4000002 
25.05.2021 12:14:04.027  a5000002 a5000002 
25.05.2021 12:14:04.120  a4000002 a5000002 
25.05.2021 12:14:04.132  a5000002 a5000002 
25.05.2021 12:14:04.135  a4000002 a5000002 
25.05.2021 12:14:04.138  a4000002 a4000002 
25.05.2021 12:14:04.150  a4000002 a5000002 
25.05.2021 12:14:04.153  a4000002 a4000002 
25.05.2021 12:14:07.144  a4000002 a5000002 
25.05.2021 12:14:07.156  a4000002 a4000002 
25.05.2021 12:14:07.159  a4000002 a5000002 
25.05.2021 12:14:07.213  a4000002 a4000002 
25.05.2021 12:14:07.228  a4000002 a5000002 
25.05.2021 12:14:07.231  a4000002 a4000002 
25.05.2021 12:14:10.156  a4000003 a4000003 
25.05.2021 12:14:10.159  a4000003 ac000003 
25.05.2021 12:14:10.162  a4000002 a4000002 
25.05.2021 12:14:10.165  a4000003 ac000003 
25.05.2021 12:14:10.192  a4000002 a4000002 
25.05.2021 12:14:10.198  a4000003 ac000003 
25.05.2021 12:14:10.201  a4000002 a4000002 
25.05.2021 12:14:10.294  a4000002 ac000002 
25.05.2021 12:14:10.306  a4000002 a4000002 
25.05.2021 12:14:10.309  a4000002 ac000002 
25.05.2021 12:14:10.336  a4000002 a4000002 
25.05.2021 12:14:10.342  a4000002 ac000002 
25.05.2021 12:14:10.345  a4000002 a4000002 
25.05.2021 12:14:10.444  a4000003 a4000003 
25.05.2021 12:14:10.450  a4000002 a4000002 
25.05.2021 12:14:10.453  a4000003 ac000003 
25.05.2021 12:14:10.480  a4000003 a4000003 
25.05.2021 12:14:10.486  a4000003 ac000003 
25.05.2021 12:14:10.489  a4000003 a4000003 
25.05.2021 12:14:10.597  a5000003 a5000003 
25.05.2021 12:14:10.612  a4000003 a4000003 
25.05.2021 12:14:10.615  a5000003 a5000003 
25.05.2021 12:14:10.705  a4000003 a5000003 
25.05.2021 12:14:10.720  a5000003 a5000003 
25.05.2021 12:14:10.723  a4000003 a5000003 
25.05.2021 12:14:10.726  a4000003 a4000003 
25.05.2021 12:14:10.738  a4000003 a5000003 
25.05.2021 12:14:10.741  a4000003 a4000003 
25.05.2021 12:14:10.819  a5000003 a5000003 
25.05.2021 12:14:10.828  a4000003 a4000003 
25.05.2021 12:14:10.831  a5000003 a5000003 
25.05.2021 12:14:10.921  a4000003 a5000003 
25.05.2021 12:14:10.936  a5000003 a5000003 
25.05.2021 12:14:10.939  a4000003 a5000003 
25.05.2021 12:14:10.942  a4000003 a4000003 
25.05.2021 12:14:10.954  a4000003 a5000003 
25.05.2021 12:14:10.957  a4000003 a4000003 

Servicedata V1.0 PLC:\DEBUG\SlaveStateA.service.trace created 25.05.2021 13:17:03 (local time)
hostname: hu, Software: 606421 04, built: 08.10.2014 08:59
-----------------------------------------------------------------------------------------------
                     ms  Virtual BusModule state(s)
25.05.2021 12:58:34.185  24000000 2c000000 
25.05.2021 12:58:34.194  00000000 00000000 
25.05.2021 12:58:34.197  24000000 2c000000 
25.05.2021 12:58:34.344  24000001 2c000000 
25.05.2021 12:58:34.353  24000001 2c000001 
25.05.2021 12:58:34.362  24000000 2c000000 
25.05.2021 12:58:34.365  24000001 2c000001 
25.05.2021 12:58:34.482  24000001 24000001 
25.05.2021 12:58:34.488  24000001 2c000001 
25.05.2021 12:58:34.491  24000001 24000001 
25.05.2021 12:58:45.426  24000002 24000002 
25.05.2021 12:58:45.429  a4000002 a4000002 
25.05.2021 12:58:45.435  24000001 24000001 
25.05.2021 12:58:45.438  a4000002 a4000002 
25.05.2021 12:58:45.663  a4000002 a5000002 
25.05.2021 12:58:45.669  a4000002 a4000002 
25.05.2021 12:58:45.672  a4000002 a5000002 
25.05.2021 12:58:45.726  a4000002 a4000002 
25.05.2021 12:58:45.741  a4000002 a5000002 
25.05.2021 12:58:45.744  a4000002 a4000002 
25.05.2021 12:58:45.858  a5000002 a5000002 
25.05.2021 12:58:45.867  a4000002 a4000002 
25.05.2021 12:58:45.870  a5000002 a5000002 
25.05.2021 12:58:45.948  a4000002 a5000002 
25.05.2021 12:58:45.957  a5000002 a5000002 
25.05.2021 12:58:45.960  a4000002 a5000002 
25.05.2021 12:58:45.969  a4000002 a4000002 
25.05.2021 12:58:45.975  a4000002 a5000002 
25.05.2021 12:58:45.978  a4000002 a4000002 
25.05.2021 12:58:49.059  a5000002 a5000002 
25.05.2021 12:58:49.071  a4000002 a4000002 
25.05.2021 12:58:49.074  a5000002 a5000002 
25.05.2021 12:58:49.152  a4000002 a5000002 
25.05.2021 12:58:49.161  a5000002 a5000002 
25.05.2021 12:58:49.164  a4000002 a5000002 
25.05.2021 12:58:49.173  a4000002 a4000002 
25.05.2021 12:58:49.179  a4000002 a5000002 
25.05.2021 12:58:49.182  a4000002 a4000002 
25.05.2021 12:58:49.275  a5000002 a5000002 
25.05.2021 12:58:49.287  a4000002 a4000002 
25.05.2021 12:58:49.290  a5000002 a5000002 
25.05.2021 12:58:49.383  a4000002 a5000002 
25.05.2021 12:58:49.395  a5000002 a5000002 
25.05.2021 12:58:49.398  a4000002 a5000002 
25.05.2021 12:58:49.404  a4000002 a4000002 
25.05.2021 12:58:49.413  a4000002 a5000002 
25.05.2021 12:58:49.416  a4000002 a4000002 
25.05.2021 12:58:49.494  a5000002 a5000002 
25.05.2021 12:58:49.503  a4000002 a4000002 
25.05.2021 12:58:49.506  a5000002 a5000002 
25.05.2021 12:58:49.587  a4000002 a5000002 
25.05.2021 12:58:49.593  a5000002 a5000002 
25.05.2021 12:58:49.596  a4000002 a5000002 
25.05.2021 12:58:49.605  a4000002 a4000002 
25.05.2021 12:58:49.611  a4000002 a5000002 
25.05.2021 12:58:49.614  a4000002 a4000002 
25.05.2021 12:58:49.707  a5000002 a5000002 
25.05.2021 12:58:49.719  a4000002 a4000002 
25.05.2021 12:58:49.722  a5000002 a5000002 
25.05.2021 12:58:49.905  a4000002 a5000002 
25.05.2021 12:58:49.917  a5000002 a5000002 
25.05.2021 12:58:49.920  a4000002 a5000002 
25.05.2021 12:58:49.926  a4000002 a4000002 
25.05.2021 12:58:49.935  a4000002 a5000002 
25.05.2021 12:58:49.938  a4000002 a4000002 
25.05.2021 12:58:50.031  a5000002 a5000002 
25.05.2021 12:58:50.043  a4000002 a4000002 
25.05.2021 12:58:50.046  a5000002 a5000002 
25.05.2021 12:58:50.148  a4000002 a5000002 
25.05.2021 12:58:50.151  a5000002 a5000002 
25.05.2021 12:58:50.154  a4000002 a5000002 
25.05.2021 12:58:50.172  a4000002 a4000002 
25.05.2021 12:58:50.286  a5000002 a5000002 
25.05.2021 12:58:50.295  a4000002 a4000002 
25.05.2021 12:58:50.298  a5000002 a5000002 
25.05.2021 12:58:50.400  a4000002 a5000002 
25.05.2021 12:58:50.403  a5000002 a5000002 
25.05.2021 12:58:50.406  a4000002 a5000002 
25.05.2021 12:58:50.424  a4000002 a4000002 
25.05.2021 12:58:50.514  a5000002 a5000002 
25.05.2021 12:58:50.529  a4000002 a4000002 
25.05.2021 12:58:50.532  a5000002 a5000002 
25.05.2021 12:58:50.622  a4000002 a5000002 
25.05.2021 12:58:50.637  a5000002 a5000002 
25.05.2021 12:58:50.640  a4000002 a5000002 
25.05.2021 12:58:50.643  a4000002 a4000002 
25.05.2021 12:58:50.655  a4000002 a5000002 
25.05.2021 12:58:50.658  a4000002 a4000002 
25.05.2021 12:58:50.748  a4000002 a5000002 
25.05.2021 12:58:50.754  a5000002 a5000002 
25.05.2021 12:58:50.763  a4000002 a5000002 
25.05.2021 12:58:50.766  a5000002 a5000002 
25.05.2021 12:58:50.826  a4000002 a5000002 
25.05.2021 12:58:50.835  a5000002 a5000002 
25.05.2021 12:58:50.838  a4000002 a5000002 
25.05.2021 12:58:50.847  a4000002 a4000002 
25.05.2021 12:58:50.853  a4000002 a5000002 
25.05.2021 12:58:50.856  a4000002 a4000002 
25.05.2021 12:58:50.931  a5000002 a5000002 
25.05.2021 12:58:50.943  a4000002 a4000002 
25.05.2021 12:58:50.946  a5000002 a5000002 
25.05.2021 12:58:51.870  a4000002 a5000002 
25.05.2021 12:58:51.879  a5000002 a5000002 
25.05.2021 12:58:51.882  a4000002 a5000002 
25.05.2021 12:58:51.891  a4000002 a4000002 
25.05.2021 12:58:51.897  a4000002 a5000002 
25.05.2021 12:58:51.900  a4000002 a4000002 
25.05.2021 12:58:51.984  a5000002 a5000002 
25.05.2021 12:58:51.987  a4000002 a4000002 
25.05.2021 12:58:51.990  a5000002 a5000002 
25.05.2021 12:58:52.080  a4000002 a5000002 
25.05.2021 12:58:52.095  a5000002 a5000002 
25.05.2021 12:58:52.098  a4000002 a5000002 
25.05.2021 12:58:52.101  a4000002 a4000002 
25.05.2021 12:58:52.113  a4000002 a5000002 
25.05.2021 12:58:52.116  a4000002 a4000002 
25.05.2021 12:58:52.224  a5000002 a5000002 
25.05.2021 12:58:52.239  a4000002 a4000002 
25.05.2021 12:58:52.242  a5000002 a5000002 
25.05.2021 12:58:52.515  a4000002 a5000002 
25.05.2021 12:58:52.527  a5000002 a5000002 
25.05.2021 12:58:52.530  a4000002 a5000002 
25.05.2021 12:58:52.536  a4000002 a4000002 
25.05.2021 12:58:52.545  a4000002 a5000002 
25.05.2021 12:58:52.548  a4000002 a4000002 
25.05.2021 12:58:52.629  a5000002 a5000002 
25.05.2021 12:58:52.635  a4000002 a4000002 
25.05.2021 12:58:52.638  a5000002 a5000002 
25.05.2021 12:58:52.731  a4000002 a5000002 
25.05.2021 12:58:52.743  a5000002 a5000002 
25.05.2021 12:58:52.746  a4000002 a5000002 
25.05.2021 12:58:52.749  a4000002 a4000002 
25.05.2021 12:58:52.761  a4000002 a5000002 
25.05.2021 12:58:52.764  a4000002 a4000002 
25.05.2021 12:58:52.809  a5000002 a4000002 
25.05.2021 12:58:52.815  a4000002 a4000002 
25.05.2021 12:58:52.818  a5000002 a4000002 
25.05.2021 12:58:52.857  a4000002 a4000002 
25.05.2021 12:58:52.869  a5000002 a4000002 
25.05.2021 12:58:52.872  a4000002 a4000002 
25.05.2021 12:58:53.025  a4000002 a5000002 
25.05.2021 12:58:53.031  a4000002 a4000002 
25.05.2021 12:58:53.034  a4000002 a5000002 
25.05.2021 12:58:53.106  a4000002 a4000002 
25.05.2021 12:58:53.172  a4000002 a5000002 
25.05.2021 12:58:53.175  a4000002 a4000002 
25.05.2021 12:58:53.178  a4000002 a5000002 
25.05.2021 12:58:53.232  a4000002 a4000002 
25.05.2021 12:58:53.247  a4000002 a5000002 
25.05.2021 12:58:53.250  a4000002 a4000002 
25.05.2021 12:58:53.313  a5000002 a5000002 
25.05.2021 12:58:53.319  a4000002 a4000002 
25.05.2021 12:58:53.322  a5000002 a5000002 
25.05.2021 12:58:53.394  a4000002 a5000002 
25.05.2021 12:58:53.412  a4000002 a4000002 
25.05.2021 12:58:53.427  a4000002 a5000002 
25.05.2021 12:58:53.430  a4000002 a4000002 
25.05.2021 12:58:53.523  a5000002 a5000002 
25.05.2021 12:58:53.535  a4000002 a4000002 
25.05.2021 12:58:53.538  a5000002 a5000002 
25.05.2021 12:58:53.628  a4000002 a5000002 
25.05.2021 12:58:53.643  a5000002 a5000002 
25.05.2021 12:58:53.646  a4000002 a5000002 
25.05.2021 12:58:53.649  a4000002 a4000002 
25.05.2021 12:58:53.661  a4000002 a5000002 
25.05.2021 12:58:53.664  a4000002 a4000002 
25.05.2021 12:58:53.748  a5000002 a5000002 
25.05.2021 12:58:53.751  a4000002 a4000002 
25.05.2021 12:58:53.754  a5000002 a5000002 
25.05.2021 12:58:53.844  a4000002 a5000002 
25.05.2021 12:58:53.859  a5000002 a5000002 
25.05.2021 12:58:53.862  a4000002 a5000002 
25.05.2021 12:58:53.865  a4000002 a4000002 
25.05.2021 12:58:53.877  a4000002 a5000002 
25.05.2021 12:58:53.880  a4000002 a4000002 
25.05.2021 12:58:53.976  a5000002 a5000002 
25.05.2021 12:58:53.985  a4000002 a4000002 
25.05.2021 12:58:53.988  a5000002 a5000002 
25.05.2021 12:58:54.078  a4000002 a5000002 
25.05.2021 12:58:54.093  a5000002 a5000002 
25.05.2021 12:58:54.096  a4000002 a5000002 
25.05.2021 12:58:54.099  a4000002 a4000002 
25.05.2021 12:58:54.111  a4000002 a5000002 
25.05.2021 12:58:54.114  a4000002 a4000002 
25.05.2021 12:58:54.198  a5000002 a5000002 
25.05.2021 12:58:54.201  a4000002 a4000002 
25.05.2021 12:58:54.204  a5000002 a5000002 
25.05.2021 12:58:54.294  a4000002 a5000002 
25.05.2021 12:58:54.309  a5000002 a5000002 
25.05.2021 12:58:54.312  a4000002 a5000002 
25.05.2021 12:58:54.315  a4000002 a4000002 
25.05.2021 12:58:54.327  a4000002 a5000002 
25.05.2021 12:58:54.330  a4000002 a4000002 
25.05.2021 12:58:54.483  a4000002 a5000002 
25.05.2021 12:58:54.489  a4000002 a4000002 
25.05.2021 12:58:54.492  a4000002 a5000002 
25.05.2021 12:58:54.546  a4000002 a4000002 
25.05.2021 12:58:54.561  a4000002 a5000002 
25.05.2021 12:58:54.564  a4000002 a4000002 
25.05.2021 12:58:54.801  a4000002 a5000002 
25.05.2021 12:58:54.813  a4000002 a4000002 
25.05.2021 12:58:54.816  a4000002 a5000002 
25.05.2021 12:58:54.948  a4000002 a4000002 
25.05.2021 12:58:54.957  a4000002 a5000002 
25.05.2021 12:58:54.960  a4000002 a4000002 
25.05.2021 12:58:55.095  a5000002 a4000002 
25.05.2021 12:58:55.101  a4000002 a4000002 
25.05.2021 12:58:55.104  a5000002 a4000002 
25.05.2021 12:58:55.176  a4000002 a4000002 
25.05.2021 12:58:55.374  a5000002 a5000002 
25.05.2021 12:58:55.389  a4000002 a4000002 
25.05.2021 12:58:55.392  a5000002 a5000002 
25.05.2021 12:58:55.482  a4000002 a5000002 
25.05.2021 12:58:55.497  a5000002 a5000002 
25.05.2021 12:58:55.500  a4000002 a5000002 
25.05.2021 12:58:55.503  a4000002 a4000002 
25.05.2021 12:58:55.515  a4000002 a5000002 
25.05.2021 12:58:55.518  a4000002 a4000002 
25.05.2021 12:58:55.602  a5000002 a5000002 
25.05.2021 12:58:55.605  a4000002 a4000002 
25.05.2021 12:58:55.608  a5000002 a5000002 
25.05.2021 12:58:55.701  a4000002 a5000002 
25.05.2021 12:58:55.713  a5000002 a5000002 
25.05.2021 12:58:55.716  a4000002 a5000002 
25.05.2021 12:58:55.719  a4000002 a4000002 
25.05.2021 12:58:55.731  a4000002 a5000002 
25.05.2021 12:58:55.734  a4000002 a4000002 
25.05.2021 12:58:55.827  a5000002 a5000002 
25.05.2021 12:58:55.839  a4000002 a4000002 
25.05.2021 12:58:55.842  a5000002 a5000002 
25.05.2021 12:58:55.932  a4000002 a5000002 
25.05.2021 12:58:55.947  a5000002 a5000002 
25.05.2021 12:58:55.950  a4000002 a5000002 
25.05.2021 12:58:55.953  a4000002 a4000002 
25.05.2021 12:58:55.965  a4000002 a5000002 
25.05.2021 12:58:55.968  a4000002 a4000002 
25.05.2021 12:58:56.052  a5000002 a5000002 
25.05.2021 12:58:56.055  a4000002 a4000002 
25.05.2021 12:58:56.058  a5000002 a5000002 
25.05.2021 12:58:56.148  a4000002 a5000002 
25.05.2021 12:58:56.163  a5000002 a5000002 
25.05.2021 12:58:56.166  a4000002 a5000002 
25.05.2021 12:58:56.169  a4000002 a4000002 
25.05.2021 12:58:56.181  a4000002 a5000002 
25.05.2021 12:58:56.184  a4000002 a4000002 
25.05.2021 12:58:58.926  a4000002 a5000002 
25.05.2021 12:58:58.936  a4000002 a4000002 
25.05.2021 12:58:58.939  a4000002 a5000002 
25.05.2021 12:58:58.993  a4000002 a4000002 
25.05.2021 12:58:59.008  a4000002 a5000002 
25.05.2021 12:58:59.011  a4000002 a4000002 
25.05.2021 12:59:01.360  a4000003 a4000003 
25.05.2021 12:59:01.363  a4000003 ac000003 
25.05.2021 12:59:01.366  a4000002 a4000002 
25.05.2021 12:59:01.369  a4000003 ac000003 
25.05.2021 12:59:01.393  a4000002 ac000002 
25.05.2021 12:59:01.396  a4000002 a4000002 
25.05.2021 12:59:01.402  a4000003 ac000003 
25.05.2021 12:59:01.405  a4000002 a4000002 
25.05.2021 12:59:01.498  a4000002 ac000002 
25.05.2021 12:59:01.510  a4000002 a4000002 
25.05.2021 12:59:01.513  a4000002 ac000002 
25.05.2021 12:59:01.540  a4000002 a4000002 
25.05.2021 12:59:01.546  a4000002 ac000002 
25.05.2021 12:59:01.549  a4000002 a4000002 
25.05.2021 12:59:01.648  a4000003 a4000003 
25.05.2021 12:59:01.654  a4000002 a4000002 
25.05.2021 12:59:01.657  a4000003 ac000003 
25.05.2021 12:59:01.684  a4000003 a4000003 
25.05.2021 12:59:01.690  a4000003 ac000003 
25.05.2021 12:59:01.693  a4000003 a4000003 
25.05.2021 12:59:01.801  a5000003 a5000003 
25.05.2021 12:59:01.816  a4000003 a4000003 
25.05.2021 12:59:01.819  a5000003 a5000003 
25.05.2021 12:59:01.909  a4000003 a5000003 
25.05.2021 12:59:01.924  a5000003 a5000003 
25.05.2021 12:59:01.927  a4000003 a5000003 
25.05.2021 12:59:01.930  a4000003 a4000003 
25.05.2021 12:59:01.942  a4000003 a5000003 
25.05.2021 12:59:01.945  a4000003 a4000003 
25.05.2021 12:59:02.023  a5000003 a5000003 
25.05.2021 12:59:02.032  a4000003 a4000003 
25.05.2021 12:59:02.035  a5000003 a5000003 
25.05.2021 12:59:02.125  a4000003 a5000003 
25.05.2021 12:59:02.140  a5000003 a5000003 
25.05.2021 12:59:02.143  a4000003 a5000003 
25.05.2021 12:59:02.146  a4000003 a4000003 
25.05.2021 12:59:02.158  a4000003 a5000003 
25.05.2021 12:59:02.161  a4000003 a4000003 
25.05.2021 13:16:44.379  a4000002 a4000002 
25.05.2021 13:16:44.385  a4000003 a4000003 
25.05.2021 13:16:44.388  a4000002 ac000002 
25.05.2021 13:16:44.403  a4000002 a4000002 
25.05.2021 13:16:44.406  a4000002 ac000002 
25.05.2021 13:16:44.433  a4000002 a4000002 
25.05.2021 13:16:44.439  a4000002 ac000002 
25.05.2021 13:16:44.442  a4000002 a4000002 
25.05.2021 13:16:50.940  a4000003 ac000003 
25.05.2021 13:16:50.955  a4000003 a4000003 
25.05.2021 13:16:50.958  a4000003 ac000003 
25.05.2021 13:16:50.985  a4000003 a4000003 
25.05.2021 13:16:50.991  a4000003 ac000003 
25.05.2021 13:16:50.994  a4000003 a4000003 

Servicedata V1.0 PLC:\DEBUG\SlaveStateA.service.trace created 25.05.2021 17:24:22 (local time)
hostname: hu, Software: 606421 04, built: 08.10.2014 08:59
-----------------------------------------------------------------------------------------------
                     ms  Virtual BusModule state(s)
25.05.2021 17:05:15.269  24000000 2c000000 
25.05.2021 17:05:15.287  00000000 00000000 
25.05.2021 17:05:15.290  24000000 2c000000 
25.05.2021 17:05:15.428  24000001 2c000000 
25.05.2021 17:05:15.434  24000000 2c000000 
25.05.2021 17:05:15.437  24000001 2c000000 
25.05.2021 17:05:15.440  24000001 2c000001 
25.05.2021 17:05:15.455  24000001 2c000000 
25.05.2021 17:05:15.458  24000001 2c000001 
25.05.2021 17:05:15.569  24000001 24000001 
25.05.2021 17:05:15.581  24000001 2c000001 
25.05.2021 17:05:15.584  24000001 24000001 
25.05.2021 17:05:26.270  24000002 24000002 
25.05.2021 17:05:26.273  a4000002 a4000002 
25.05.2021 17:05:26.279  24000001 24000001 
25.05.2021 17:05:26.282  a4000002 a4000002 
25.05.2021 17:05:26.666  a4000002 a5000002 
25.05.2021 17:05:26.675  a4000002 a4000002 
25.05.2021 17:05:26.678  a4000002 a5000002 
25.05.2021 17:05:26.732  a4000002 a4000002 
25.05.2021 17:05:26.747  a4000002 a5000002 
25.05.2021 17:05:26.750  a4000002 a4000002 
25.05.2021 17:05:26.864  a5000002 a5000002 
25.05.2021 17:05:26.873  a4000002 a4000002 
25.05.2021 17:05:26.876  a5000002 a5000002 
25.05.2021 17:05:26.954  a4000002 a5000002 
25.05.2021 17:05:26.963  a5000002 a5000002 
25.05.2021 17:05:26.966  a4000002 a5000002 
25.05.2021 17:05:26.975  a4000002 a4000002 
25.05.2021 17:05:26.981  a4000002 a5000002 
25.05.2021 17:05:26.984  a4000002 a4000002 
25.05.2021 17:05:30.065  a5000002 a5000002 
25.05.2021 17:05:30.077  a4000002 a4000002 
25.05.2021 17:05:30.080  a5000002 a5000002 
25.05.2021 17:05:30.158  a4000002 a5000002 
25.05.2021 17:05:30.167  a5000002 a5000002 
25.05.2021 17:05:30.170  a4000002 a5000002 
25.05.2021 17:05:30.179  a4000002 a4000002 
25.05.2021 17:05:30.185  a4000002 a5000002 
25.05.2021 17:05:30.188  a4000002 a4000002 
25.05.2021 17:05:30.278  a5000002 a5000002 
25.05.2021 17:05:30.293  a4000002 a4000002 
25.05.2021 17:05:30.296  a5000002 a5000002 
25.05.2021 17:05:30.386  a4000002 a5000002 
25.05.2021 17:05:30.401  a5000002 a5000002 
25.05.2021 17:05:30.404  a4000002 a5000002 
25.05.2021 17:05:30.407  a4000002 a4000002 
25.05.2021 17:05:30.419  a4000002 a5000002 
25.05.2021 17:05:30.422  a4000002 a4000002 
25.05.2021 17:05:30.497  a5000002 a5000002 
25.05.2021 17:05:30.509  a4000002 a4000002 
25.05.2021 17:05:30.512  a5000002 a5000002 
25.05.2021 17:05:30.590  a4000002 a5000002 
25.05.2021 17:05:30.599  a5000002 a5000002 
25.05.2021 17:05:30.602  a4000002 a5000002 
25.05.2021 17:05:30.611  a4000002 a4000002 
25.05.2021 17:05:30.617  a4000002 a5000002 
25.05.2021 17:05:30.620  a4000002 a4000002 
25.05.2021 17:05:30.713  a5000002 a5000002 
25.05.2021 17:05:30.725  a4000002 a4000002 
25.05.2021 17:05:30.728  a5000002 a5000002 
25.05.2021 17:05:30.809  a4000002 a5000002 
25.05.2021 17:05:30.815  a5000002 a5000002 
25.05.2021 17:05:30.818  a4000002 a5000002 
25.05.2021 17:05:30.827  a4000002 a4000002 
25.05.2021 17:05:30.833  a4000002 a5000002 
25.05.2021 17:05:30.836  a4000002 a4000002 
25.05.2021 17:05:30.932  a5000002 a5000002 
25.05.2021 17:05:30.941  a4000002 a4000002 
25.05.2021 17:05:30.944  a5000002 a5000002 
25.05.2021 17:05:31.052  a4000002 a5000002 
25.05.2021 17:05:31.067  a5000002 a5000002 
25.05.2021 17:05:31.070  a4000002 a5000002 
25.05.2021 17:05:31.073  a4000002 a4000002 
25.05.2021 17:05:31.085  a4000002 a5000002 
25.05.2021 17:05:31.088  a4000002 a4000002 
25.05.2021 17:05:31.187  a5000002 a5000002 
25.05.2021 17:05:31.193  a4000002 a4000002 
25.05.2021 17:05:31.196  a5000002 a5000002 
25.05.2021 17:05:31.298  a4000002 a5000002 
25.05.2021 17:05:31.301  a5000002 a5000002 
25.05.2021 17:05:31.304  a4000002 a5000002 
25.05.2021 17:05:31.322  a4000002 a4000002 
25.05.2021 17:05:31.412  a5000002 a5000002 
25.05.2021 17:05:31.427  a4000002 a4000002 
25.05.2021 17:05:31.430  a5000002 a5000002 
25.05.2021 17:05:31.529  a4000002 a5000002 
25.05.2021 17:05:31.535  a5000002 a5000002 
25.05.2021 17:05:31.538  a4000002 a5000002 
25.05.2021 17:05:31.550  a4000002 a4000002 
25.05.2021 17:05:31.553  a4000002 a5000002 
25.05.2021 17:05:31.556  a4000002 a4000002 
25.05.2021 17:05:31.763  a4000002 a5000002 
25.05.2021 17:05:31.769  a4000002 a4000002 
25.05.2021 17:05:31.772  a5000002 a5000002 
25.05.2021 17:05:31.862  a4000002 a5000002 
25.05.2021 17:05:31.877  a5000002 a5000002 
25.05.2021 17:05:31.880  a4000002 a5000002 
25.05.2021 17:05:31.883  a4000002 a4000002 
25.05.2021 17:05:31.895  a4000002 a5000002 
25.05.2021 17:05:31.898  a4000002 a4000002 
25.05.2021 17:05:31.970  a5000002 a5000002 
25.05.2021 17:05:32.894  a4000002 a5000002 
25.05.2021 17:05:32.903  a5000002 a5000002 
25.05.2021 17:05:32.906  a4000002 a5000002 
25.05.2021 17:05:32.915  a4000002 a4000002 
25.05.2021 17:05:32.921  a4000002 a5000002 
25.05.2021 17:05:32.924  a4000002 a4000002 
25.05.2021 17:05:33.008  a5000002 a5000002 
25.05.2021 17:05:33.011  a4000002 a4000002 
25.05.2021 17:05:33.014  a5000002 a5000002 
25.05.2021 17:05:33.104  a4000002 a5000002 
25.05.2021 17:05:33.119  a5000002 a5000002 
25.05.2021 17:05:33.122  a4000002 a5000002 
25.05.2021 17:05:33.125  a4000002 a4000002 
25.05.2021 17:05:33.137  a4000002 a5000002 
25.05.2021 17:05:33.140  a4000002 a4000002 
25.05.2021 17:05:33.230  a5000002 a5000002 
25.05.2021 17:05:33.488  a4000002 a5000002 
25.05.2021 17:05:33.497  a5000002 a5000002 
25.05.2021 17:05:33.500  a4000002 a5000002 
25.05.2021 17:05:33.509  a4000002 a4000002 
25.05.2021 17:05:33.515  a4000002 a5000002 
25.05.2021 17:05:33.518  a4000002 a4000002 
25.05.2021 17:05:33.602  a5000002 a5000002 
25.05.2021 17:05:33.605  a4000002 a4000002 
25.05.2021 17:05:33.608  a5000002 a5000002 
25.05.2021 17:05:33.698  a4000002 a5000002 
25.05.2021 17:05:33.713  a5000002 a5000002 
25.05.2021 17:05:33.716  a4000002 a5000002 
25.05.2021 17:05:33.719  a4000002 a4000002 
25.05.2021 17:05:33.731  a4000002 a5000002 
25.05.2021 17:05:33.734  a4000002 a4000002 
25.05.2021 17:05:33.776  a5000002 a4000002 
25.05.2021 17:05:33.785  a4000002 a4000002 
25.05.2021 17:05:33.788  a5000002 a4000002 
25.05.2021 17:05:33.827  a4000002 a4000002 
25.05.2021 17:05:33.839  a5000002 a4000002 
25.05.2021 17:05:33.842  a4000002 a4000002 
25.05.2021 17:05:33.998  a4000002 a5000002 
25.05.2021 17:05:34.001  a4000002 a4000002 
25.05.2021 17:05:34.004  a4000002 a5000002 
25.05.2021 17:05:34.076  a4000002 a4000002 
25.05.2021 17:05:34.091  a4000002 a5000002 
25.05.2021 17:05:34.094  a4000002 a4000002 
25.05.2021 17:05:34.148  a4000002 a5000002 
25.05.2021 17:05:34.205  a4000002 a4000002 
25.05.2021 17:05:34.217  a4000002 a5000002 
25.05.2021 17:05:34.220  a4000002 a4000002 
25.05.2021 17:05:34.286  a5000002 a5000002 
25.05.2021 17:05:34.289  a4000002 a4000002 
25.05.2021 17:05:34.292  a5000002 a5000002 
25.05.2021 17:05:34.364  a4000002 a5000002 
25.05.2021 17:05:34.382  a4000002 a4000002 
25.05.2021 17:05:34.397  a4000002 a5000002 
25.05.2021 17:05:34.400  a4000002 a4000002 
25.05.2021 17:05:34.493  a5000002 a5000002 
25.05.2021 17:05:34.505  a4000002 a4000002 
25.05.2021 17:05:34.508  a5000002 a5000002 
25.05.2021 17:05:34.598  a4000002 a5000002 
25.05.2021 17:05:34.613  a5000002 a5000002 
25.05.2021 17:05:34.616  a4000002 a5000002 
25.05.2021 17:05:34.619  a4000002 a4000002 
25.05.2021 17:05:34.631  a4000002 a5000002 
25.05.2021 17:05:34.634  a4000002 a4000002 
25.05.2021 17:05:34.718  a5000002 a5000002 
25.05.2021 17:05:34.721  a4000002 a4000002 
25.05.2021 17:05:34.724  a5000002 a5000002 
25.05.2021 17:05:34.814  a4000002 a5000002 
25.05.2021 17:05:34.829  a5000002 a5000002 
25.05.2021 17:05:34.832  a4000002 a5000002 
25.05.2021 17:05:34.835  a4000002 a4000002 
25.05.2021 17:05:34.847  a4000002 a5000002 
25.05.2021 17:05:34.850  a4000002 a4000002 
25.05.2021 17:05:34.946  a5000002 a5000002 
25.05.2021 17:05:34.955  a4000002 a4000002 
25.05.2021 17:05:34.958  a5000002 a5000002 
25.05.2021 17:05:35.048  a4000002 a5000002 
25.05.2021 17:05:35.063  a5000002 a5000002 
25.05.2021 17:05:35.066  a4000002 a5000002 
25.05.2021 17:05:35.069  a4000002 a4000002 
25.05.2021 17:05:35.081  a4000002 a5000002 
25.05.2021 17:05:35.084  a4000002 a4000002 
25.05.2021 17:05:35.168  a5000002 a5000002 
25.05.2021 17:05:35.171  a4000002 a4000002 
25.05.2021 17:05:35.174  a5000002 a5000002 
25.05.2021 17:05:35.264  a4000002 a5000002 
25.05.2021 17:05:35.279  a5000002 a5000002 
25.05.2021 17:05:35.282  a4000002 a5000002 
25.05.2021 17:05:35.285  a4000002 a4000002 
25.05.2021 17:05:35.297  a4000002 a5000002 
25.05.2021 17:05:35.300  a4000002 a4000002 
25.05.2021 17:05:35.456  a4000002 a5000002 
25.05.2021 17:05:35.459  a4000002 a4000002 
25.05.2021 17:05:35.462  a4000002 a5000002 
25.05.2021 17:05:35.516  a4000002 a4000002 
25.05.2021 17:05:35.531  a4000002 a5000002 
25.05.2021 17:05:35.534  a4000002 a4000002 
25.05.2021 17:05:35.768  a4000002 a5000002 
25.05.2021 17:05:35.834  a4000002 a4000002 
25.05.2021 17:05:35.837  a4000002 a5000002 
25.05.2021 17:05:35.840  a4000002 a4000002 
25.05.2021 17:05:35.978  a5000002 a4000002 
25.05.2021 17:05:35.981  a4000002 a4000002 
25.05.2021 17:05:35.984  a5000002 a4000002 
25.05.2021 17:05:36.056  a4000002 a4000002 
25.05.2021 17:05:36.071  a5000002 a4000002 
25.05.2021 17:05:36.074  a4000002 a4000002 
25.05.2021 17:05:36.254  a5000002 a5000002 
25.05.2021 17:05:36.269  a4000002 a4000002 
25.05.2021 17:05:36.272  a5000002 a5000002 
25.05.2021 17:05:36.362  a4000002 a5000002 
25.05.2021 17:05:36.377  a5000002 a5000002 
25.05.2021 17:05:36.380  a4000002 a5000002 
25.05.2021 17:05:36.383  a4000002 a4000002 
25.05.2021 17:05:36.395  a4000002 a5000002 
25.05.2021 17:05:36.398  a4000002 a4000002 
25.05.2021 17:05:36.482  a5000002 a5000002 
25.05.2021 17:05:36.485  a4000002 a4000002 
25.05.2021 17:05:36.488  a5000002 a5000002 
25.05.2021 17:05:36.695  a4000002 a5000002 
25.05.2021 17:05:36.701  a5000002 a5000002 
25.05.2021 17:05:36.704  a4000002 a5000002 
25.05.2021 17:05:36.716  a4000002 a4000002 
25.05.2021 17:05:36.719  a4000002 a5000002 
25.05.2021 17:05:36.722  a4000002 a4000002 
25.05.2021 17:05:36.824  a5000002 a5000002 
25.05.2021 17:05:36.827  a4000002 a4000002 
25.05.2021 17:05:36.830  a5000002 a5000002 
25.05.2021 17:05:36.920  a4000002 a5000002 
25.05.2021 17:05:36.935  a5000002 a5000002 
25.05.2021 17:05:36.938  a4000002 a5000002 
25.05.2021 17:05:36.941  a4000002 a4000002 
25.05.2021 17:05:36.953  a4000002 a5000002 
25.05.2021 17:05:36.956  a4000002 a4000002 
25.05.2021 17:05:37.040  a5000002 a5000002 
25.05.2021 17:05:37.043  a4000002 a4000002 
25.05.2021 17:05:37.046  a5000002 a5000002 
25.05.2021 17:05:37.136  a4000002 a5000002 
25.05.2021 17:05:37.151  a5000002 a5000002 
25.05.2021 17:05:37.154  a4000002 a5000002 
25.05.2021 17:05:37.157  a4000002 a4000002 
25.05.2021 17:05:37.169  a4000002 a5000002 
25.05.2021 17:05:37.172  a4000002 a4000002 
25.05.2021 17:05:40.199  a4000002 a5000002 
25.05.2021 17:05:40.211  a4000002 a4000002 
25.05.2021 17:05:40.214  a4000002 a5000002 
25.05.2021 17:05:40.268  a4000002 a4000002 
25.05.2021 17:05:40.283  a4000002 a5000002 
25.05.2021 17:05:40.286  a4000002 a4000002 
25.05.2021 17:05:47.621  a4000003 a4000003 
25.05.2021 17:05:47.624  a4000003 ac000003 
25.05.2021 17:05:47.627  a4000002 a4000002 
25.05.2021 17:05:47.630  a4000003 ac000003 
25.05.2021 17:05:47.648  a4000002 ac000002 
25.05.2021 17:05:47.657  a4000002 a4000002 
25.05.2021 17:05:47.663  a4000003 ac000003 
25.05.2021 17:05:47.666  a4000002 a4000002 
25.05.2021 17:05:47.756  a4000002 ac000002 
25.05.2021 17:05:47.783  a4000002 a4000002 
25.05.2021 17:05:47.789  a4000002 ac000002 
25.05.2021 17:05:47.792  a4000002 a4000002 
25.05.2021 17:05:47.891  a4000003 a4000003 
25.05.2021 17:05:47.894  a4000003 ac000003 
25.05.2021 17:05:47.897  a4000002 a4000002 
25.05.2021 17:05:47.900  a4000003 ac000003 
25.05.2021 17:05:47.927  a4000003 a4000003 
25.05.2021 17:05:47.933  a4000003 ac000003 
25.05.2021 17:05:47.936  a4000003 a4000003 
25.05.2021 17:05:48.044  a5000003 a5000003 
25.05.2021 17:05:48.059  a4000003 a4000003 
25.05.2021 17:05:48.062  a5000003 a5000003 
25.05.2021 17:05:48.152  a4000003 a5000003 
25.05.2021 17:05:48.167  a5000003 a5000003 
25.05.2021 17:05:48.170  a4000003 a5000003 
25.05.2021 17:05:48.173  a4000003 a4000003 
25.05.2021 17:05:48.185  a4000003 a5000003 
25.05.2021 17:05:48.188  a4000003 a4000003 
25.05.2021 17:05:48.266  a5000003 a5000003 
25.05.2021 17:05:48.275  a4000003 a4000003 
25.05.2021 17:05:48.278  a5000003 a5000003 
25.05.2021 17:05:48.368  a4000003 a5000003 
25.05.2021 17:05:48.383  a5000003 a5000003 
25.05.2021 17:05:48.386  a4000003 a5000003 
25.05.2021 17:05:48.389  a4000003 a4000003 
25.05.2021 17:05:48.401  a4000003 a5000003 
25.05.2021 17:05:48.404  a4000003 a4000003 
25.05.2021 17:24:08.454  a4000002 a4000002 
25.05.2021 17:24:08.463  a4000002 ac000002 
25.05.2021 17:24:08.466  a4000003 a4000003 
25.05.2021 17:24:08.469  a4000002 ac000002 
25.05.2021 17:24:08.496  a4000002 a4000002 
25.05.2021 17:24:08.502  a4000002 ac000002 
25.05.2021 17:24:08.505  a4000002 a4000002 

Servicedata V1.0 PLC:\DEBUG\SlaveStateA.service.trace created 26.05.2021 14:38:39 (local time)
hostname: hu, Software: 606421 04, built: 08.10.2014 08:59
-----------------------------------------------------------------------------------------------
                     ms  Virtual BusModule state(s)
26.05.2021 14:27:33.415  24000000 2c000000 
26.05.2021 14:27:33.424  00000000 00000000 
26.05.2021 14:27:33.427  24000000 2c000000 
26.05.2021 14:27:33.574  24000001 2c000000 
26.05.2021 14:27:33.583  24000001 2c000001 
26.05.2021 14:27:33.592  24000000 2c000000 
26.05.2021 14:27:33.595  24000001 2c000001 
26.05.2021 14:27:33.712  24000001 24000001 
26.05.2021 14:27:33.718  24000001 2c000001 
26.05.2021 14:27:33.721  24000001 24000001 
26.05.2021 14:27:55.600  24000002 24000002 
26.05.2021 14:27:55.603  a4000002 a4000002 
26.05.2021 14:27:55.609  24000001 24000001 
26.05.2021 14:27:55.612  a4000002 a4000002 
26.05.2021 14:27:55.858  a4000002 a5000002 
26.05.2021 14:27:55.861  a4000002 a4000002 
26.05.2021 14:27:55.864  a4000002 a5000002 
26.05.2021 14:27:55.918  a4000002 a4000002 
26.05.2021 14:27:55.933  a4000002 a5000002 
26.05.2021 14:27:55.936  a4000002 a4000002 
26.05.2021 14:27:56.062  a5000002 a5000002 
26.05.2021 14:27:56.140  a4000002 a5000002 
26.05.2021 14:27:56.149  a5000002 a5000002 
26.05.2021 14:27:56.152  a4000002 a5000002 
26.05.2021 14:27:56.161  a4000002 a4000002 
26.05.2021 14:27:56.167  a4000002 a5000002 
26.05.2021 14:27:56.170  a4000002 a4000002 
26.05.2021 14:27:59.251  a5000002 a5000002 
26.05.2021 14:27:59.263  a4000002 a4000002 
26.05.2021 14:27:59.266  a5000002 a5000002 
26.05.2021 14:27:59.344  a4000002 a5000002 
26.05.2021 14:27:59.353  a5000002 a5000002 
26.05.2021 14:27:59.356  a4000002 a5000002 
26.05.2021 14:27:59.365  a4000002 a4000002 
26.05.2021 14:27:59.371  a4000002 a5000002 
26.05.2021 14:27:59.374  a4000002 a4000002 
26.05.2021 14:27:59.470  a5000002 a5000002 
26.05.2021 14:27:59.479  a4000002 a4000002 
26.05.2021 14:27:59.482  a5000002 a5000002 
26.05.2021 14:27:59.578  a4000002 a5000002 
26.05.2021 14:27:59.587  a5000002 a5000002 
26.05.2021 14:27:59.590  a4000002 a5000002 
26.05.2021 14:27:59.599  a4000002 a4000002 
26.05.2021 14:27:59.605  a4000002 a5000002 
26.05.2021 14:27:59.608  a4000002 a4000002 
26.05.2021 14:27:59.689  a5000002 a5000002 
26.05.2021 14:27:59.695  a4000002 a4000002 
26.05.2021 14:27:59.698  a5000002 a5000002 
26.05.2021 14:27:59.776  a4000002 a5000002 
26.05.2021 14:27:59.785  a5000002 a5000002 
26.05.2021 14:27:59.788  a4000002 a5000002 
26.05.2021 14:27:59.797  a4000002 a4000002 
26.05.2021 14:27:59.803  a4000002 a5000002 
26.05.2021 14:27:59.806  a4000002 a4000002 
26.05.2021 14:27:59.920  a5000002 a5000002 
26.05.2021 14:27:59.929  a4000002 a4000002 
26.05.2021 14:27:59.932  a5000002 a5000002 
26.05.2021 14:28:00.103  a4000002 a5000002 
26.05.2021 14:28:00.109  a5000002 a5000002 
26.05.2021 14:28:00.112  a4000002 a5000002 
26.05.2021 14:28:00.130  a4000002 a4000002 
26.05.2021 14:28:00.232  a5000002 a5000002 
26.05.2021 14:28:00.235  a4000002 a4000002 
26.05.2021 14:28:00.238  a5000002 a5000002 
26.05.2021 14:28:00.340  a4000002 a5000002 
26.05.2021 14:28:00.343  a5000002 a5000002 
26.05.2021 14:28:00.346  a4000002 a5000002 
26.05.2021 14:28:00.364  a4000002 a4000002 
26.05.2021 14:28:00.478  a5000002 a5000002 
26.05.2021 14:28:00.487  a4000002 a4000002 
26.05.2021 14:28:00.490  a5000002 a5000002 
26.05.2021 14:28:00.592  a4000002 a5000002 
26.05.2021 14:28:00.595  a5000002 a5000002 
26.05.2021 14:28:00.598  a4000002 a5000002 
26.05.2021 14:28:00.616  a4000002 a4000002 
26.05.2021 14:28:00.706  a5000002 a5000002 
26.05.2021 14:28:00.721  a4000002 a4000002 
26.05.2021 14:28:00.724  a5000002 a5000002 
26.05.2021 14:28:00.814  a4000002 a5000002 
26.05.2021 14:28:00.829  a5000002 a5000002 
26.05.2021 14:28:00.832  a4000002 a5000002 
26.05.2021 14:28:00.835  a4000002 a4000002 
26.05.2021 14:28:00.847  a4000002 a5000002 
26.05.2021 14:28:00.850  a4000002 a4000002 
26.05.2021 14:28:00.940  a4000002 a5000002 
26.05.2021 14:28:00.946  a5000002 a5000002 
26.05.2021 14:28:00.955  a4000002 a5000002 
26.05.2021 14:28:00.958  a5000002 a5000002 
26.05.2021 14:28:01.018  a4000002 a5000002 
26.05.2021 14:28:01.027  a5000002 a5000002 
26.05.2021 14:28:01.030  a4000002 a5000002 
26.05.2021 14:28:01.039  a4000002 a4000002 
26.05.2021 14:28:01.045  a4000002 a5000002 
26.05.2021 14:28:01.048  a4000002 a4000002 
26.05.2021 14:28:01.126  a5000002 a5000002 
26.05.2021 14:28:01.135  a4000002 a4000002 
26.05.2021 14:28:01.138  a5000002 a5000002 
26.05.2021 14:28:02.059  a4000002 a5000002 
26.05.2021 14:28:02.071  a5000002 a5000002 
26.05.2021 14:28:02.074  a4000002 a5000002 
26.05.2021 14:28:02.083  a4000002 a4000002 
26.05.2021 14:28:02.089  a4000002 a5000002 
26.05.2021 14:28:02.092  a4000002 a4000002 
26.05.2021 14:28:02.176  a5000002 a5000002 
26.05.2021 14:28:02.179  a4000002 a4000002 
26.05.2021 14:28:02.182  a5000002 a5000002 
26.05.2021 14:28:02.272  a4000002 a5000002 
26.05.2021 14:28:02.287  a5000002 a5000002 
26.05.2021 14:28:02.290  a4000002 a5000002 
26.05.2021 14:28:02.293  a4000002 a4000002 
26.05.2021 14:28:02.305  a4000002 a5000002 
26.05.2021 14:28:02.308  a4000002 a4000002 
26.05.2021 14:28:02.389  a5000002 a5000002 
26.05.2021 14:28:02.395  a4000002 a4000002 
26.05.2021 14:28:02.398  a5000002 a5000002 
26.05.2021 14:28:02.680  a4000002 a5000002 
26.05.2021 14:28:02.683  a5000002 a5000002 
26.05.2021 14:28:02.686  a4000002 a5000002 
26.05.2021 14:28:02.704  a4000002 a4000002 
26.05.2021 14:28:02.794  a5000002 a5000002 
26.05.2021 14:28:02.809  a4000002 a4000002 
26.05.2021 14:28:02.812  a5000002 a5000002 
26.05.2021 14:28:02.902  a4000002 a5000002 
26.05.2021 14:28:02.917  a5000002 a5000002 
26.05.2021 14:28:02.920  a4000002 a5000002 
26.05.2021 14:28:02.923  a4000002 a4000002 
26.05.2021 14:28:02.935  a4000002 a5000002 
26.05.2021 14:28:02.938  a4000002 a4000002 
26.05.2021 14:28:02.980  a5000002 a4000002 
26.05.2021 14:28:02.989  a4000002 a4000002 
26.05.2021 14:28:02.992  a5000002 a4000002 
26.05.2021 14:28:03.031  a4000002 a4000002 
26.05.2021 14:28:03.043  a5000002 a4000002 
26.05.2021 14:28:03.046  a4000002 a4000002 
26.05.2021 14:28:03.190  a4000002 a5000002 
26.05.2021 14:28:03.205  a4000002 a4000002 
26.05.2021 14:28:03.208  a4000002 a5000002 
26.05.2021 14:28:03.268  a4000002 a4000002 
26.05.2021 14:28:03.277  a4000002 a5000002 
26.05.2021 14:28:03.280  a4000002 a4000002 
26.05.2021 14:28:03.337  a4000002 a5000002 
26.05.2021 14:28:03.349  a4000002 a4000002 
26.05.2021 14:28:03.352  a4000002 a5000002 
26.05.2021 14:28:03.406  a4000002 a4000002 
26.05.2021 14:28:03.421  a4000002 a5000002 
26.05.2021 14:28:03.424  a4000002 a4000002 
26.05.2021 14:28:03.496  a5000002 a5000002 
26.05.2021 14:28:03.568  a4000002 a5000002 
26.05.2021 14:28:03.586  a4000002 a4000002 
26.05.2021 14:28:03.601  a4000002 a5000002 
26.05.2021 14:28:03.604  a4000002 a4000002 
26.05.2021 14:28:03.697  a5000002 a5000002 
26.05.2021 14:28:03.709  a4000002 a4000002 
26.05.2021 14:28:03.712  a5000002 a5000002 
26.05.2021 14:28:03.802  a4000002 a5000002 
26.05.2021 14:28:03.817  a5000002 a5000002 
26.05.2021 14:28:03.820  a4000002 a5000002 
26.05.2021 14:28:03.823  a4000002 a4000002 
26.05.2021 14:28:03.835  a4000002 a5000002 
26.05.2021 14:28:03.838  a4000002 a4000002 
26.05.2021 14:28:03.922  a5000002 a5000002 
26.05.2021 14:28:03.925  a4000002 a4000002 
26.05.2021 14:28:03.928  a5000002 a5000002 
26.05.2021 14:28:04.018  a4000002 a5000002 
26.05.2021 14:28:04.033  a5000002 a5000002 
26.05.2021 14:28:04.036  a4000002 a5000002 
26.05.2021 14:28:04.042  a4000002 a4000002 
26.05.2021 14:28:04.051  a4000002 a5000002 
26.05.2021 14:28:04.054  a4000002 a4000002 
26.05.2021 14:28:04.150  a5000002 a5000002 
26.05.2021 14:28:04.159  a4000002 a4000002 
26.05.2021 14:28:04.162  a5000002 a5000002 
26.05.2021 14:28:04.252  a4000002 a5000002 
26.05.2021 14:28:04.267  a5000002 a5000002 
26.05.2021 14:28:04.270  a4000002 a5000002 
26.05.2021 14:28:04.273  a4000002 a4000002 
26.05.2021 14:28:04.285  a4000002 a5000002 
26.05.2021 14:28:04.288  a4000002 a4000002 
26.05.2021 14:28:04.372  a5000002 a5000002 
26.05.2021 14:28:04.375  a4000002 a4000002 
26.05.2021 14:28:04.378  a5000002 a5000002 
26.05.2021 14:28:04.468  a4000002 a5000002 
26.05.2021 14:28:04.483  a5000002 a5000002 
26.05.2021 14:28:04.486  a4000002 a5000002 
26.05.2021 14:28:04.489  a4000002 a4000002 
26.05.2021 14:28:04.501  a4000002 a5000002 
26.05.2021 14:28:04.504  a4000002 a4000002 
26.05.2021 14:28:04.675  a4000002 a5000002 
26.05.2021 14:28:04.681  a4000002 a4000002 
26.05.2021 14:28:04.684  a4000002 a5000002 
26.05.2021 14:28:04.738  a4000002 a4000002 
26.05.2021 14:28:04.753  a4000002 a5000002 
26.05.2021 14:28:04.756  a4000002 a4000002 
26.05.2021 14:28:05.143  a4000002 a5000002 
26.05.2021 14:28:05.149  a4000002 a4000002 
26.05.2021 14:28:05.152  a4000002 a5000002 
26.05.2021 14:28:05.218  a4000002 a4000002 
26.05.2021 14:28:05.221  a4000002 a5000002 
26.05.2021 14:28:05.224  a4000002 a4000002 
26.05.2021 14:28:05.350  a5000002 a4000002 
26.05.2021 14:28:05.365  a4000002 a4000002 
26.05.2021 14:28:05.368  a5000002 a4000002 
26.05.2021 14:28:05.428  a4000002 a4000002 
26.05.2021 14:28:05.437  a5000002 a4000002 
26.05.2021 14:28:05.440  a4000002 a4000002 
26.05.2021 14:28:05.626  a5000002 a5000002 
26.05.2021 14:28:05.635  a4000002 a4000002 
26.05.2021 14:28:05.638  a5000002 a5000002 
26.05.2021 14:28:05.728  a4000002 a5000002 
26.05.2021 14:28:05.743  a5000002 a5000002 
26.05.2021 14:28:05.746  a4000002 a5000002 
26.05.2021 14:28:05.749  a4000002 a4000002 
26.05.2021 14:28:05.761  a4000002 a5000002 
26.05.2021 14:28:05.764  a4000002 a4000002 
26.05.2021 14:28:05.848  a5000002 a5000002 
26.05.2021 14:28:05.851  a4000002 a4000002 
26.05.2021 14:28:05.854  a5000002 a5000002 
26.05.2021 14:28:05.944  a4000002 a5000002 
26.05.2021 14:28:05.959  a5000002 a5000002 
26.05.2021 14:28:05.962  a4000002 a5000002 
26.05.2021 14:28:05.965  a4000002 a4000002 
26.05.2021 14:28:05.977  a4000002 a5000002 
26.05.2021 14:28:05.980  a4000002 a4000002 
26.05.2021 14:28:06.073  a5000002 a5000002 
26.05.2021 14:28:06.085  a4000002 a4000002 
26.05.2021 14:28:06.088  a5000002 a5000002 
26.05.2021 14:28:06.178  a4000002 a5000002 
26.05.2021 14:28:06.193  a5000002 a5000002 
26.05.2021 14:28:06.196  a4000002 a5000002 
26.05.2021 14:28:06.199  a4000002 a4000002 
26.05.2021 14:28:06.211  a4000002 a5000002 
26.05.2021 14:28:06.214  a4000002 a4000002 
26.05.2021 14:28:06.298  a5000002 a5000002 
26.05.2021 14:28:06.301  a4000002 a4000002 
26.05.2021 14:28:06.304  a5000002 a5000002 
26.05.2021 14:28:06.394  a4000002 a5000002 
26.05.2021 14:28:06.409  a5000002 a5000002 
26.05.2021 14:28:06.412  a4000002 a5000002 
26.05.2021 14:28:06.415  a4000002 a4000002 
26.05.2021 14:28:06.427  a4000002 a5000002 
26.05.2021 14:28:06.430  a4000002 a4000002 
26.05.2021 14:28:09.421  a4000002 a5000002 
26.05.2021 14:28:09.433  a4000002 a4000002 
26.05.2021 14:28:09.436  a4000002 a5000002 
26.05.2021 14:28:09.490  a4000002 a4000002 
26.05.2021 14:28:09.505  a4000002 a5000002 
26.05.2021 14:28:09.508  a4000002 a4000002 
26.05.2021 14:28:24.727  a4000003 a4000003 
26.05.2021 14:28:24.730  a4000003 ac000003 
26.05.2021 14:28:24.733  a4000002 a4000002 
26.05.2021 14:28:24.736  a4000003 ac000003 
26.05.2021 14:28:24.748  a4000002 ac000002 
26.05.2021 14:28:24.751  a4000003 ac000003 
26.05.2021 14:28:24.754  a4000002 ac000002 
26.05.2021 14:28:24.763  a4000002 a4000002 
26.05.2021 14:28:24.769  a4000002 ac000002 
26.05.2021 14:28:24.772  a4000002 a4000002 
26.05.2021 14:28:24.853  a4000002 ac000002 
26.05.2021 14:28:24.859  a4000002 a4000002 
26.05.2021 14:28:24.862  a4000002 ac000002 
26.05.2021 14:28:24.889  a4000002 a4000002 
26.05.2021 14:28:24.895  a4000002 ac000002 
26.05.2021 14:28:24.898  a4000002 a4000002 
26.05.2021 14:28:25.015  a4000003 a4000003 
26.05.2021 14:28:25.018  a4000003 ac000003 
26.05.2021 14:28:25.021  a4000002 a4000002 
26.05.2021 14:28:25.024  a4000003 ac000003 
26.05.2021 14:28:25.051  a4000003 a4000003 
26.05.2021 14:28:25.057  a4000003 ac000003 
26.05.2021 14:28:25.060  a4000003 a4000003 
26.05.2021 14:28:25.168  a5000003 a5000003 
26.05.2021 14:28:25.183  a4000003 a4000003 
26.05.2021 14:28:25.186  a5000003 a5000003 
26.05.2021 14:28:25.276  a4000003 a5000003 
26.05.2021 14:28:25.291  a5000003 a5000003 
26.05.2021 14:28:25.294  a4000003 a5000003 
26.05.2021 14:28:25.297  a4000003 a4000003 
26.05.2021 14:28:25.309  a4000003 a5000003 
26.05.2021 14:28:25.312  a4000003 a4000003 
26.05.2021 14:28:25.390  a5000003 a5000003 
26.05.2021 14:28:25.399  a4000003 a4000003 
26.05.2021 14:28:25.402  a5000003 a5000003 
26.05.2021 14:28:25.495  a4000003 a5000003 
26.05.2021 14:28:25.507  a5000003 a5000003 
26.05.2021 14:28:25.510  a4000003 a5000003 
26.05.2021 14:28:25.513  a4000003 a4000003 
26.05.2021 14:28:25.525  a4000003 a5000003 
26.05.2021 14:28:25.528  a4000003 a4000003 
26.05.2021 14:33:25.072  a4000002 a4000002 
26.05.2021 14:33:25.081  a4000002 ac000002 
26.05.2021 14:33:25.084  a4000003 a4000003 
26.05.2021 14:33:25.087  a4000002 ac000002 
26.05.2021 14:33:25.114  a4000002 a4000002 
26.05.2021 14:33:25.120  a4000002 ac000002 
26.05.2021 14:33:25.123  a4000002 a4000002 
26.05.2021 14:33:32.890  a4000003 a4000003 
26.05.2021 14:33:32.893  a4000003 ac000003 
26.05.2021 14:33:32.896  a4000002 a4000002 
26.05.2021 14:33:32.899  a4000003 ac000003 
26.05.2021 14:33:32.926  a4000003 a4000003 
26.05.2021 14:33:32.932  a4000003 ac000003 
26.05.2021 14:33:32.935  a4000003 a4000003 

Servicedata V1.0 PLC:\DEBUG\SlaveStateA.service.trace created 26.05.2021 14:53:16 (local time)
hostname: hu, Software: 606421 04, built: 08.10.2014 08:59
-----------------------------------------------------------------------------------------------
                     ms  Virtual BusModule state(s)
26.05.2021 14:42:25.405  24000000 2c000000 
26.05.2021 14:42:25.417  00000000 00000000 
26.05.2021 14:42:25.420  24000000 2c000000 
26.05.2021 14:42:25.567  24000001 2c000000 
26.05.2021 14:42:25.573  24000001 2c000001 
26.05.2021 14:42:25.585  24000001 2c000000 
26.05.2021 14:42:25.588  24000001 2c000001 
26.05.2021 14:42:25.702  24000001 24000001 
26.05.2021 14:42:25.711  24000001 2c000001 
26.05.2021 14:42:25.714  24000001 24000001 
26.05.2021 14:42:58.663  24000002 24000002 
26.05.2021 14:42:58.666  a4000002 a4000002 
26.05.2021 14:42:58.672  24000001 24000001 
26.05.2021 14:42:58.675  a4000002 a4000002 
26.05.2021 14:42:59.077  a4000002 a5000002 
26.05.2021 14:42:59.086  a4000002 a4000002 
26.05.2021 14:42:59.089  a4000002 a5000002 
26.05.2021 14:42:59.143  a4000002 a4000002 
26.05.2021 14:42:59.158  a4000002 a5000002 
26.05.2021 14:42:59.161  a4000002 a4000002 
26.05.2021 14:42:59.275  a5000002 a5000002 
26.05.2021 14:42:59.284  a4000002 a4000002 
26.05.2021 14:42:59.287  a5000002 a5000002 
26.05.2021 14:42:59.365  a4000002 a5000002 
26.05.2021 14:42:59.374  a5000002 a5000002 
26.05.2021 14:42:59.377  a4000002 a5000002 
26.05.2021 14:42:59.386  a4000002 a4000002 
26.05.2021 14:42:59.392  a4000002 a5000002 
26.05.2021 14:42:59.395  a4000002 a4000002 
26.05.2021 14:43:02.476  a5000002 a5000002 
26.05.2021 14:43:02.488  a4000002 a4000002 
26.05.2021 14:43:02.491  a5000002 a5000002 
26.05.2021 14:43:02.569  a4000002 a5000002 
26.05.2021 14:43:02.578  a5000002 a5000002 
26.05.2021 14:43:02.581  a4000002 a5000002 
26.05.2021 14:43:02.590  a4000002 a4000002 
26.05.2021 14:43:02.596  a4000002 a5000002 
26.05.2021 14:43:02.599  a4000002 a4000002 
26.05.2021 14:43:02.689  a5000002 a5000002 
26.05.2021 14:43:02.704  a4000002 a4000002 
26.05.2021 14:43:02.707  a5000002 a5000002 
26.05.2021 14:43:02.800  a4000002 a5000002 
26.05.2021 14:43:02.812  a5000002 a5000002 
26.05.2021 14:43:02.815  a4000002 a5000002 
26.05.2021 14:43:02.818  a4000002 a4000002 
26.05.2021 14:43:02.830  a4000002 a5000002 
26.05.2021 14:43:02.833  a4000002 a4000002 
26.05.2021 14:43:02.914  a5000002 a5000002 
26.05.2021 14:43:02.920  a4000002 a4000002 
26.05.2021 14:43:02.923  a5000002 a5000002 
26.05.2021 14:43:03.004  a4000002 a5000002 
26.05.2021 14:43:03.010  a5000002 a5000002 
26.05.2021 14:43:03.013  a4000002 a5000002 
26.05.2021 14:43:03.022  a4000002 a4000002 
26.05.2021 14:43:03.028  a4000002 a5000002 
26.05.2021 14:43:03.031  a4000002 a4000002 
26.05.2021 14:43:03.124  a5000002 a5000002 
26.05.2021 14:43:03.136  a4000002 a4000002 
26.05.2021 14:43:03.139  a5000002 a5000002 
26.05.2021 14:43:03.217  a4000002 a5000002 
26.05.2021 14:43:03.226  a5000002 a5000002 
26.05.2021 14:43:03.229  a4000002 a5000002 
26.05.2021 14:43:03.238  a4000002 a4000002 
26.05.2021 14:43:03.244  a4000002 a5000002 
26.05.2021 14:43:03.247  a4000002 a4000002 
26.05.2021 14:43:03.343  a5000002 a5000002 
26.05.2021 14:43:03.352  a4000002 a4000002 
26.05.2021 14:43:03.355  a5000002 a5000002 
26.05.2021 14:43:03.457  a4000002 a5000002 
26.05.2021 14:43:03.460  a5000002 a5000002 
26.05.2021 14:43:03.463  a4000002 a5000002 
26.05.2021 14:43:03.481  a4000002 a4000002 
26.05.2021 14:43:03.592  a5000002 a5000002 
26.05.2021 14:43:03.604  a4000002 a4000002 
26.05.2021 14:43:03.607  a5000002 a5000002 
26.05.2021 14:43:03.709  a4000002 a5000002 
26.05.2021 14:43:03.712  a5000002 a5000002 
26.05.2021 14:43:03.715  a4000002 a5000002 
26.05.2021 14:43:03.733  a4000002 a4000002 
26.05.2021 14:43:03.823  a5000002 a5000002 
26.05.2021 14:43:03.838  a4000002 a4000002 
26.05.2021 14:43:03.841  a5000002 a5000002 
26.05.2021 14:43:03.943  a4000002 a5000002 
26.05.2021 14:43:03.946  a5000002 a5000002 
26.05.2021 14:43:03.949  a4000002 a5000002 
26.05.2021 14:43:03.967  a4000002 a4000002 
26.05.2021 14:43:04.177  a4000002 a5000002 
26.05.2021 14:43:04.180  a4000002 a4000002 
26.05.2021 14:43:04.183  a5000002 a5000002 
26.05.2021 14:43:04.198  a4000002 a5000002 
26.05.2021 14:43:04.201  a5000002 a5000002 
26.05.2021 14:43:04.261  a4000002 a5000002 
26.05.2021 14:43:04.270  a5000002 a5000002 
26.05.2021 14:43:04.273  a4000002 a5000002 
26.05.2021 14:43:04.282  a4000002 a4000002 
26.05.2021 14:43:04.288  a4000002 a5000002 
26.05.2021 14:43:04.291  a4000002 a4000002 
26.05.2021 14:43:04.366  a5000002 a5000002 
26.05.2021 14:43:04.378  a4000002 a4000002 
26.05.2021 14:43:04.381  a5000002 a5000002 
26.05.2021 14:43:05.302  a4000002 a5000002 
26.05.2021 14:43:05.314  a5000002 a5000002 
26.05.2021 14:43:05.317  a4000002 a5000002 
26.05.2021 14:43:05.326  a4000002 a4000002 
26.05.2021 14:43:05.332  a4000002 a5000002 
26.05.2021 14:43:05.335  a4000002 a4000002 
26.05.2021 14:43:05.416  a5000002 a5000002 
26.05.2021 14:43:05.422  a4000002 a4000002 
26.05.2021 14:43:05.425  a5000002 a5000002 
26.05.2021 14:43:05.515  a4000002 a5000002 
26.05.2021 14:43:05.530  a5000002 a5000002 
26.05.2021 14:43:05.533  a4000002 a5000002 
26.05.2021 14:43:05.536  a4000002 a4000002 
26.05.2021 14:43:05.548  a4000002 a5000002 
26.05.2021 14:43:05.551  a4000002 a4000002 
26.05.2021 14:43:05.641  a5000002 a5000002 
26.05.2021 14:43:05.932  a4000002 a5000002 
26.05.2021 14:43:05.944  a5000002 a5000002 
26.05.2021 14:43:05.947  a4000002 a5000002 
26.05.2021 14:43:05.950  a4000002 a4000002 
26.05.2021 14:43:05.962  a4000002 a5000002 
26.05.2021 14:43:05.965  a4000002 a4000002 
26.05.2021 14:43:06.046  a5000002 a5000002 
26.05.2021 14:43:06.052  a4000002 a4000002 
26.05.2021 14:43:06.055  a5000002 a5000002 
26.05.2021 14:43:06.145  a4000002 a5000002 
26.05.2021 14:43:06.160  a5000002 a5000002 
26.05.2021 14:43:06.163  a4000002 a5000002 
26.05.2021 14:43:06.166  a4000002 a4000002 
26.05.2021 14:43:06.178  a4000002 a5000002 
26.05.2021 14:43:06.181  a4000002 a4000002 
26.05.2021 14:43:06.223  a5000002 a4000002 
26.05.2021 14:43:06.232  a4000002 a4000002 
26.05.2021 14:43:06.235  a5000002 a4000002 
26.05.2021 14:43:06.271  a4000002 a4000002 
26.05.2021 14:43:06.286  a5000002 a4000002 
26.05.2021 14:43:06.289  a4000002 a4000002 
26.05.2021 14:43:06.439  a4000002 a5000002 
26.05.2021 14:43:06.448  a4000002 a4000002 
26.05.2021 14:43:06.451  a4000002 a5000002 
26.05.2021 14:43:06.517  a4000002 a4000002 
26.05.2021 14:43:06.520  a4000002 a5000002 
26.05.2021 14:43:06.523  a4000002 a4000002 
26.05.2021 14:43:06.586  a4000002 a5000002 
26.05.2021 14:43:06.592  a4000002 a4000002 
26.05.2021 14:43:06.595  a4000002 a5000002 
26.05.2021 14:43:06.649  a4000002 a4000002 
26.05.2021 14:43:06.664  a4000002 a5000002 
26.05.2021 14:43:06.667  a4000002 a4000002 
26.05.2021 14:43:06.727  a5000002 a5000002 
26.05.2021 14:43:06.736  a4000002 a4000002 
26.05.2021 14:43:06.739  a5000002 a5000002 
26.05.2021 14:43:06.805  a4000002 a5000002 
26.05.2021 14:43:06.808  a5000002 a5000002 
26.05.2021 14:43:06.811  a4000002 a5000002 
26.05.2021 14:43:06.829  a4000002 a4000002 
26.05.2021 14:43:06.844  a4000002 a5000002 
26.05.2021 14:43:06.847  a4000002 a4000002 
26.05.2021 14:43:06.937  a5000002 a5000002 
26.05.2021 14:43:06.952  a4000002 a4000002 
26.05.2021 14:43:06.955  a5000002 a5000002 
26.05.2021 14:43:07.045  a4000002 a5000002 
26.05.2021 14:43:07.060  a5000002 a5000002 
26.05.2021 14:43:07.063  a4000002 a5000002 
26.05.2021 14:43:07.066  a4000002 a4000002 
26.05.2021 14:43:07.078  a4000002 a5000002 
26.05.2021 14:43:07.081  a4000002 a4000002 
26.05.2021 14:43:07.165  a5000002 a5000002 
26.05.2021 14:43:07.168  a4000002 a4000002 
26.05.2021 14:43:07.171  a5000002 a5000002 
26.05.2021 14:43:07.399  a4000002 a5000002 
26.05.2021 14:43:07.402  a5000002 a5000002 
26.05.2021 14:43:07.405  a4000002 a5000002 
26.05.2021 14:43:07.423  a4000002 a4000002 
26.05.2021 14:43:07.531  a5000002 a5000002 
26.05.2021 14:43:07.546  a4000002 a4000002 
26.05.2021 14:43:07.549  a5000002 a5000002 
26.05.2021 14:43:07.639  a4000002 a5000002 
26.05.2021 14:43:07.654  a5000002 a5000002 
26.05.2021 14:43:07.657  a4000002 a5000002 
26.05.2021 14:43:07.660  a4000002 a4000002 
26.05.2021 14:43:07.672  a4000002 a5000002 
26.05.2021 14:43:07.675  a4000002 a4000002 
26.05.2021 14:43:07.759  a5000002 a5000002 
26.05.2021 14:43:07.762  a4000002 a4000002 
26.05.2021 14:43:07.765  a5000002 a5000002 
26.05.2021 14:43:07.855  a4000002 a5000002 
26.05.2021 14:43:07.870  a5000002 a5000002 
26.05.2021 14:43:07.873  a4000002 a5000002 
26.05.2021 14:43:07.876  a4000002 a4000002 
26.05.2021 14:43:07.888  a4000002 a5000002 
26.05.2021 14:43:07.891  a4000002 a4000002 
26.05.2021 14:43:08.047  a4000002 a5000002 
26.05.2021 14:43:08.050  a4000002 a4000002 
26.05.2021 14:43:08.053  a4000002 a5000002 
26.05.2021 14:43:08.107  a4000002 a4000002 
26.05.2021 14:43:08.122  a4000002 a5000002 
26.05.2021 14:43:08.125  a4000002 a4000002 
26.05.2021 14:43:08.359  a4000002 a5000002 
26.05.2021 14:43:08.425  a4000002 a4000002 
26.05.2021 14:43:08.428  a4000002 a5000002 
26.05.2021 14:43:08.431  a4000002 a4000002 
26.05.2021 14:43:08.569  a5000002 a4000002 
26.05.2021 14:43:08.572  a4000002 a4000002 
26.05.2021 14:43:08.575  a5000002 a4000002 
26.05.2021 14:43:08.650  a4000002 a4000002 
26.05.2021 14:43:08.662  a5000002 a4000002 
26.05.2021 14:43:08.665  a4000002 a4000002 
26.05.2021 14:43:08.845  a5000002 a5000002 
26.05.2021 14:43:08.860  a4000002 a4000002 
26.05.2021 14:43:08.863  a5000002 a5000002 
26.05.2021 14:43:08.971  a4000002 a5000002 
26.05.2021 14:43:08.989  a4000002 a4000002 
26.05.2021 14:43:09.004  a4000002 a5000002 
26.05.2021 14:43:09.007  a4000002 a4000002 
26.05.2021 14:43:09.196  a5000002 a5000002 
26.05.2021 14:43:09.202  a4000002 a4000002 
26.05.2021 14:43:09.205  a5000002 a5000002 
26.05.2021 14:43:09.295  a4000002 a5000002 
26.05.2021 14:43:09.310  a5000002 a5000002 
26.05.2021 14:43:09.313  a4000002 a5000002 
26.05.2021 14:43:09.316  a4000002 a4000002 
26.05.2021 14:43:09.328  a4000002 a5000002 
26.05.2021 14:43:09.331  a4000002 a4000002 
26.05.2021 14:43:09.424  a5000002 a5000002 
26.05.2021 14:43:09.436  a4000002 a4000002 
26.05.2021 14:43:09.439  a5000002 a5000002 
26.05.2021 14:43:09.529  a4000002 a5000002 
26.05.2021 14:43:09.544  a5000002 a5000002 
26.05.2021 14:43:09.547  a4000002 a5000002 
26.05.2021 14:43:09.550  a4000002 a4000002 
26.05.2021 14:43:09.562  a4000002 a5000002 
26.05.2021 14:43:09.565  a4000002 a4000002 
26.05.2021 14:43:09.649  a5000002 a5000002 
26.05.2021 14:43:09.652  a4000002 a4000002 
26.05.2021 14:43:09.655  a5000002 a5000002 
26.05.2021 14:43:09.745  a4000002 a5000002 
26.05.2021 14:43:09.760  a5000002 a5000002 
26.05.2021 14:43:09.763  a4000002 a5000002 
26.05.2021 14:43:09.766  a4000002 a4000002 
26.05.2021 14:43:09.778  a4000002 a5000002 
26.05.2021 14:43:09.781  a4000002 a4000002 
26.05.2021 14:43:12.610  a4000002 a5000002 
26.05.2021 14:43:12.622  a4000002 a4000002 
26.05.2021 14:43:12.625  a4000002 a5000002 
26.05.2021 14:43:12.679  a4000002 a4000002 
26.05.2021 14:43:12.694  a4000002 a5000002 
26.05.2021 14:43:12.697  a4000002 a4000002 
26.05.2021 14:43:17.134  a4000003 a4000003 
26.05.2021 14:43:17.137  a4000003 ac000003 
26.05.2021 14:43:17.140  a4000002 a4000002 
26.05.2021 14:43:17.143  a4000003 ac000003 
26.05.2021 14:43:17.161  a4000002 ac000002 
26.05.2021 14:43:17.170  a4000002 a4000002 
26.05.2021 14:43:17.176  a4000002 ac000002 
26.05.2021 14:43:17.179  a4000002 a4000002 
26.05.2021 14:43:17.263  a4000002 ac000002 
26.05.2021 14:43:17.266  a4000002 a4000002 
26.05.2021 14:43:17.269  a4000002 ac000002 
26.05.2021 14:43:17.296  a4000002 a4000002 
26.05.2021 14:43:17.302  a4000002 ac000002 
26.05.2021 14:43:17.305  a4000002 a4000002 
26.05.2021 14:43:17.422  a4000003 a4000003 
26.05.2021 14:43:17.425  a4000003 ac000003 
26.05.2021 14:43:17.428  a4000002 a4000002 
26.05.2021 14:43:17.431  a4000003 ac000003 
26.05.2021 14:43:17.458  a4000003 a4000003 
26.05.2021 14:43:17.464  a4000003 ac000003 
26.05.2021 14:43:17.467  a4000003 a4000003 
26.05.2021 14:43:17.575  a5000003 a5000003 
26.05.2021 14:43:17.590  a4000003 a4000003 
26.05.2021 14:43:17.593  a5000003 a5000003 
26.05.2021 14:43:17.686  a4000003 a5000003 
26.05.2021 14:43:17.698  a5000003 a5000003 
26.05.2021 14:43:17.701  a4000003 a5000003 
26.05.2021 14:43:17.704  a4000003 a4000003 
26.05.2021 14:43:17.716  a4000003 a5000003 
26.05.2021 14:43:17.719  a4000003 a4000003 
26.05.2021 14:43:17.797  a5000003 a5000003 
26.05.2021 14:43:17.806  a4000003 a4000003 
26.05.2021 14:43:17.809  a5000003 a5000003 
26.05.2021 14:43:17.899  a4000003 a5000003 
26.05.2021 14:43:17.914  a5000003 a5000003 
26.05.2021 14:43:17.917  a4000003 a5000003 
26.05.2021 14:43:17.920  a4000003 a4000003 
26.05.2021 14:43:17.932  a4000003 a5000003 
26.05.2021 14:43:17.935  a4000003 a4000003 

Servicedata V1.0 PLC:\DEBUG\SlaveStateA.service.trace created 26.05.2021 18:27:30 (local time)
hostname: hu, Software: 606421 04, built: 08.10.2014 08:59
-----------------------------------------------------------------------------------------------
                     ms  Virtual BusModule state(s)
26.05.2021 18:06:27.614  24000000 2c000000 
26.05.2021 18:06:27.770  24000001 2c000000 
26.05.2021 18:06:27.779  24000000 2c000000 
26.05.2021 18:06:27.782  24000001 2c000001 
26.05.2021 18:06:27.908  24000001 24000001 
26.05.2021 18:06:27.926  24000001 2c000001 
26.05.2021 18:06:27.929  24000001 24000001 
26.05.2021 18:06:40.697  24000002 24000002 
26.05.2021 18:06:40.700  a4000002 a4000002 
26.05.2021 18:06:40.706  24000001 24000001 
26.05.2021 18:06:40.709  a4000002 a4000002 
26.05.2021 18:06:41.105  a4000002 a5000002 
26.05.2021 18:06:41.162  a4000002 a4000002 
26.05.2021 18:06:41.174  a4000002 a5000002 
26.05.2021 18:06:41.177  a4000002 a4000002 
26.05.2021 18:06:41.297  a5000002 a5000002 
26.05.2021 18:06:41.300  a4000002 a4000002 
26.05.2021 18:06:41.303  a5000002 a5000002 
26.05.2021 18:06:41.381  a4000002 a5000002 
26.05.2021 18:06:41.390  a5000002 a5000002 
26.05.2021 18:06:41.393  a4000002 a5000002 
26.05.2021 18:06:41.402  a4000002 a4000002 
26.05.2021 18:06:41.408  a4000002 a5000002 
26.05.2021 18:06:41.411  a4000002 a4000002 
26.05.2021 18:06:44.492  a5000002 a5000002 
26.05.2021 18:06:44.504  a4000002 a4000002 
26.05.2021 18:06:44.507  a5000002 a5000002 
26.05.2021 18:06:44.585  a4000002 a5000002 
26.05.2021 18:06:44.594  a5000002 a5000002 
26.05.2021 18:06:44.597  a4000002 a5000002 
26.05.2021 18:06:44.606  a4000002 a4000002 
26.05.2021 18:06:44.612  a4000002 a5000002 
26.05.2021 18:06:44.615  a4000002 a4000002 
26.05.2021 18:06:44.714  a5000002 a5000002 
26.05.2021 18:06:44.720  a4000002 a4000002 
26.05.2021 18:06:44.723  a5000002 a5000002 
26.05.2021 18:06:44.825  a4000002 a5000002 
26.05.2021 18:06:44.828  a5000002 a5000002 
26.05.2021 18:06:44.831  a4000002 a5000002 
26.05.2021 18:06:44.843  a4000002 a4000002 
26.05.2021 18:06:44.846  a4000002 a5000002 
26.05.2021 18:06:44.849  a4000002 a4000002 
26.05.2021 18:06:44.939  a5000002 a5000002 
26.05.2021 18:06:44.954  a4000002 a4000002 
26.05.2021 18:06:44.957  a5000002 a5000002 
26.05.2021 18:06:45.035  a4000002 a5000002 
26.05.2021 18:06:45.044  a5000002 a5000002 
26.05.2021 18:06:45.047  a4000002 a5000002 
26.05.2021 18:06:45.056  a4000002 a4000002 
26.05.2021 18:06:45.062  a4000002 a5000002 
26.05.2021 18:06:45.065  a4000002 a4000002 
26.05.2021 18:06:45.263  a5000002 a5000002 
26.05.2021 18:06:45.341  a4000002 a5000002 
26.05.2021 18:06:45.350  a5000002 a5000002 
26.05.2021 18:06:45.353  a4000002 a5000002 
26.05.2021 18:06:45.362  a4000002 a4000002 
26.05.2021 18:06:45.368  a4000002 a5000002 
26.05.2021 18:06:45.371  a4000002 a4000002 
26.05.2021 18:06:45.467  a5000002 a5000002 
26.05.2021 18:06:45.476  a4000002 a4000002 
26.05.2021 18:06:45.479  a5000002 a5000002 
26.05.2021 18:06:45.587  a4000002 a5000002 
26.05.2021 18:06:45.602  a5000002 a5000002 
26.05.2021 18:06:45.605  a4000002 a5000002 
26.05.2021 18:06:45.608  a4000002 a4000002 
26.05.2021 18:06:45.620  a4000002 a5000002 
26.05.2021 18:06:45.623  a4000002 a4000002 
26.05.2021 18:06:45.722  a5000002 a5000002 
26.05.2021 18:06:45.728  a4000002 a4000002 
26.05.2021 18:06:45.731  a5000002 a5000002 
26.05.2021 18:06:45.833  a4000002 a5000002 
26.05.2021 18:06:45.836  a5000002 a5000002 
26.05.2021 18:06:45.839  a4000002 a5000002 
26.05.2021 18:06:45.857  a4000002 a4000002 
26.05.2021 18:06:45.947  a5000002 a5000002 
26.05.2021 18:06:45.962  a4000002 a4000002 
26.05.2021 18:06:45.965  a5000002 a5000002 
26.05.2021 18:06:46.055  a4000002 a5000002 
26.05.2021 18:06:46.070  a5000002 a5000002 
26.05.2021 18:06:46.073  a4000002 a5000002 
26.05.2021 18:06:46.076  a4000002 a4000002 
26.05.2021 18:06:46.088  a4000002 a5000002 
26.05.2021 18:06:46.091  a4000002 a4000002 
26.05.2021 18:06:46.181  a4000002 a5000002 
26.05.2021 18:06:46.190  a5000002 a5000002 
26.05.2021 18:06:46.196  a4000002 a4000002 
26.05.2021 18:06:46.199  a5000002 a5000002 
26.05.2021 18:06:46.292  a4000002 a5000002 
26.05.2021 18:06:46.304  a5000002 a5000002 
26.05.2021 18:06:46.307  a4000002 a5000002 
26.05.2021 18:06:46.310  a4000002 a4000002 
26.05.2021 18:06:46.322  a4000002 a5000002 
26.05.2021 18:06:46.325  a4000002 a4000002 
26.05.2021 18:06:46.397  a5000002 a5000002 
26.05.2021 18:06:46.412  a4000002 a4000002 
26.05.2021 18:06:46.415  a5000002 a5000002 
26.05.2021 18:06:47.339  a4000002 a5000002 
26.05.2021 18:06:47.348  a5000002 a5000002 
26.05.2021 18:06:47.351  a4000002 a5000002 
26.05.2021 18:06:47.360  a4000002 a4000002 
26.05.2021 18:06:47.366  a4000002 a5000002 
26.05.2021 18:06:47.369  a4000002 a4000002 
26.05.2021 18:06:47.453  a5000002 a5000002 
26.05.2021 18:06:47.456  a4000002 a4000002 
26.05.2021 18:06:47.459  a5000002 a5000002 
26.05.2021 18:06:47.549  a4000002 a5000002 
26.05.2021 18:06:47.564  a5000002 a5000002 
26.05.2021 18:06:47.567  a4000002 a5000002 
26.05.2021 18:06:47.570  a4000002 a4000002 
26.05.2021 18:06:47.582  a4000002 a5000002 
26.05.2021 18:06:47.585  a4000002 a4000002 
26.05.2021 18:06:47.693  a5000002 a5000002 
26.05.2021 18:06:47.708  a4000002 a4000002 
26.05.2021 18:06:47.711  a5000002 a5000002 
26.05.2021 18:06:47.984  a4000002 a5000002 
26.05.2021 18:06:47.996  a5000002 a5000002 
26.05.2021 18:06:47.999  a4000002 a5000002 
26.05.2021 18:06:48.005  a4000002 a4000002 
26.05.2021 18:06:48.014  a4000002 a5000002 
26.05.2021 18:06:48.017  a4000002 a4000002 
26.05.2021 18:06:48.098  a5000002 a5000002 
26.05.2021 18:06:48.104  a4000002 a4000002 
26.05.2021 18:06:48.107  a5000002 a5000002 
26.05.2021 18:06:48.197  a4000002 a5000002 
26.05.2021 18:06:48.212  a5000002 a5000002 
26.05.2021 18:06:48.215  a4000002 a5000002 
26.05.2021 18:06:48.218  a4000002 a4000002 
26.05.2021 18:06:48.230  a4000002 a5000002 
26.05.2021 18:06:48.233  a4000002 a4000002 
26.05.2021 18:06:48.278  a5000002 a4000002 
26.05.2021 18:06:48.284  a4000002 a4000002 
26.05.2021 18:06:48.287  a5000002 a4000002 
26.05.2021 18:06:48.326  a4000002 a4000002 
26.05.2021 18:06:48.338  a5000002 a4000002 
26.05.2021 18:06:48.341  a4000002 a4000002 
26.05.2021 18:06:48.494  a4000002 a5000002 
26.05.2021 18:06:48.500  a4000002 a4000002 
26.05.2021 18:06:48.503  a4000002 a5000002 
26.05.2021 18:06:48.575  a4000002 a4000002 
26.05.2021 18:06:48.641  a4000002 a5000002 
26.05.2021 18:06:48.644  a4000002 a4000002 
26.05.2021 18:06:48.647  a4000002 a5000002 
26.05.2021 18:06:48.701  a4000002 a4000002 
26.05.2021 18:06:48.716  a4000002 a5000002 
26.05.2021 18:06:48.719  a4000002 a4000002 
26.05.2021 18:06:48.782  a5000002 a5000002 
26.05.2021 18:06:48.788  a4000002 a4000002 
26.05.2021 18:06:48.791  a5000002 a5000002 
26.05.2021 18:06:48.863  a4000002 a5000002 
26.05.2021 18:06:48.881  a4000002 a4000002 
26.05.2021 18:06:48.896  a4000002 a5000002 
26.05.2021 18:06:48.899  a4000002 a4000002 
26.05.2021 18:06:48.992  a5000002 a5000002 
26.05.2021 18:06:49.004  a4000002 a4000002 
26.05.2021 18:06:49.007  a5000002 a5000002 
26.05.2021 18:06:49.097  a4000002 a5000002 
26.05.2021 18:06:49.112  a5000002 a5000002 
26.05.2021 18:06:49.115  a4000002 a5000002 
26.05.2021 18:06:49.118  a4000002 a4000002 
26.05.2021 18:06:49.130  a4000002 a5000002 
26.05.2021 18:06:49.133  a4000002 a4000002 
26.05.2021 18:06:49.217  a5000002 a5000002 
26.05.2021 18:06:49.220  a4000002 a4000002 
26.05.2021 18:06:49.223  a5000002 a5000002 
26.05.2021 18:06:49.316  a4000002 a5000002 
26.05.2021 18:06:49.328  a5000002 a5000002 
26.05.2021 18:06:49.331  a4000002 a5000002 
26.05.2021 18:06:49.334  a4000002 a4000002 
26.05.2021 18:06:49.346  a4000002 a5000002 
26.05.2021 18:06:49.349  a4000002 a4000002 
26.05.2021 18:06:49.448  a5000002 a5000002 
26.05.2021 18:06:49.454  a4000002 a4000002 
26.05.2021 18:06:49.457  a5000002 a5000002 
26.05.2021 18:06:49.547  a4000002 a5000002 
26.05.2021 18:06:49.562  a5000002 a5000002 
26.05.2021 18:06:49.565  a4000002 a5000002 
26.05.2021 18:06:49.568  a4000002 a4000002 
26.05.2021 18:06:49.580  a4000002 a5000002 
26.05.2021 18:06:49.583  a4000002 a4000002 
26.05.2021 18:06:49.667  a5000002 a5000002 
26.05.2021 18:06:49.670  a4000002 a4000002 
26.05.2021 18:06:49.673  a5000002 a5000002 
26.05.2021 18:06:49.763  a4000002 a5000002 
26.05.2021 18:06:49.778  a5000002 a5000002 
26.05.2021 18:06:49.781  a4000002 a5000002 
26.05.2021 18:06:49.784  a4000002 a4000002 
26.05.2021 18:06:49.796  a4000002 a5000002 
26.05.2021 18:06:49.799  a4000002 a4000002 
26.05.2021 18:06:49.952  a4000002 a5000002 
26.05.2021 18:06:49.958  a4000002 a4000002 
26.05.2021 18:06:49.961  a4000002 a5000002 
26.05.2021 18:06:50.195  a4000002 a4000002 
26.05.2021 18:06:50.591  a4000002 a5000002 
26.05.2021 18:06:50.606  a4000002 a4000002 
26.05.2021 18:06:50.609  a4000002 a5000002 
26.05.2021 18:06:50.675  a4000002 a4000002 
26.05.2021 18:06:50.678  a4000002 a5000002 
26.05.2021 18:06:50.681  a4000002 a4000002 
26.05.2021 18:06:50.834  a5000002 a4000002 
26.05.2021 18:06:50.840  a4000002 a4000002 
26.05.2021 18:06:50.843  a5000002 a4000002 
26.05.2021 18:06:50.915  a4000002 a4000002 
26.05.2021 18:06:50.930  a5000002 a4000002 
26.05.2021 18:06:50.933  a4000002 a4000002 
26.05.2021 18:06:51.113  a5000002 a5000002 
26.05.2021 18:06:51.203  a4000002 a5000002 
26.05.2021 18:06:51.218  a5000002 a5000002 
26.05.2021 18:06:51.221  a4000002 a5000002 
26.05.2021 18:06:51.224  a4000002 a4000002 
26.05.2021 18:06:51.236  a4000002 a5000002 
26.05.2021 18:06:51.239  a4000002 a4000002 
26.05.2021 18:06:51.323  a5000002 a5000002 
26.05.2021 18:06:51.326  a4000002 a4000002 
26.05.2021 18:06:51.329  a5000002 a5000002 
26.05.2021 18:06:51.419  a4000002 a5000002 
26.05.2021 18:06:51.434  a5000002 a5000002 
26.05.2021 18:06:51.437  a4000002 a5000002 
26.05.2021 18:06:51.440  a4000002 a4000002 
26.05.2021 18:06:51.452  a4000002 a5000002 
26.05.2021 18:06:51.455  a4000002 a4000002 
26.05.2021 18:06:51.548  a5000002 a5000002 
26.05.2021 18:06:51.560  a4000002 a4000002 
26.05.2021 18:06:51.563  a5000002 a5000002 
26.05.2021 18:06:51.653  a4000002 a5000002 
26.05.2021 18:06:51.668  a5000002 a5000002 
26.05.2021 18:06:51.671  a4000002 a5000002 
26.05.2021 18:06:51.674  a4000002 a4000002 
26.05.2021 18:06:51.686  a4000002 a5000002 
26.05.2021 18:06:51.689  a4000002 a4000002 
26.05.2021 18:06:51.773  a5000002 a5000002 
26.05.2021 18:06:51.776  a4000002 a4000002 
26.05.2021 18:06:51.779  a5000002 a5000002 
26.05.2021 18:06:51.869  a4000002 a5000002 
26.05.2021 18:06:51.884  a5000002 a5000002 
26.05.2021 18:06:51.887  a4000002 a5000002 
26.05.2021 18:06:51.890  a4000002 a4000002 
26.05.2021 18:06:51.902  a4000002 a5000002 
26.05.2021 18:06:51.905  a4000002 a4000002 
26.05.2021 18:06:54.815  a4000002 a5000002 
26.05.2021 18:06:54.818  a4000002 a4000002 
26.05.2021 18:06:54.821  a4000002 a5000002 
26.05.2021 18:06:54.875  a4000002 a4000002 
26.05.2021 18:06:54.890  a4000002 a5000002 
26.05.2021 18:06:54.893  a4000002 a4000002 
26.05.2021 18:06:54.938  a4000003 a4000003 
26.05.2021 18:06:54.941  a4000003 ac000003 
26.05.2021 18:06:54.944  a4000002 a4000002 
26.05.2021 18:06:54.947  a4000003 ac000003 
26.05.2021 18:06:54.974  a4000002 a4000002 
26.05.2021 18:06:54.980  a4000003 ac000003 
26.05.2021 18:06:54.983  a4000002 a4000002 
26.05.2021 18:06:55.079  a4000002 ac000002 
26.05.2021 18:06:55.088  a4000002 a4000002 
26.05.2021 18:06:55.091  a4000002 ac000002 
26.05.2021 18:06:55.118  a4000002 a4000002 
26.05.2021 18:06:55.124  a4000002 ac000002 
26.05.2021 18:06:55.127  a4000002 a4000002 
26.05.2021 18:06:55.226  a4000003 a4000003 
26.05.2021 18:06:55.232  a4000002 a4000002 
26.05.2021 18:06:55.235  a4000003 ac000003 
26.05.2021 18:06:55.262  a4000003 a4000003 
26.05.2021 18:06:55.268  a4000003 ac000003 
26.05.2021 18:06:55.271  a4000003 a4000003 
26.05.2021 18:06:55.379  a5000003 a5000003 
26.05.2021 18:06:55.394  a4000003 a4000003 
26.05.2021 18:06:55.397  a5000003 a5000003 
26.05.2021 18:06:55.487  a4000003 a5000003 
26.05.2021 18:06:55.502  a5000003 a5000003 
26.05.2021 18:06:55.505  a4000003 a5000003 
26.05.2021 18:06:55.508  a4000003 a4000003 
26.05.2021 18:06:55.520  a4000003 a5000003 
26.05.2021 18:06:55.523  a4000003 a4000003 
26.05.2021 18:06:55.601  a5000003 a5000003 
26.05.2021 18:06:55.610  a4000003 a4000003 
26.05.2021 18:06:55.613  a5000003 a5000003 
26.05.2021 18:06:55.703  a4000003 a5000003 
26.05.2021 18:06:55.718  a5000003 a5000003 
26.05.2021 18:06:55.721  a4000003 a5000003 
26.05.2021 18:06:55.724  a4000003 a4000003 
26.05.2021 18:06:55.736  a4000003 a5000003 
26.05.2021 18:06:55.739  a4000003 a4000003 
26.05.2021 18:27:24.867  a4000002 a4000002 
26.05.2021 18:27:24.876  a4000002 ac000002 
26.05.2021 18:27:24.879  a4000003 a4000003 
26.05.2021 18:27:24.882  a4000002 ac000002 
26.05.2021 18:27:24.909  a4000002 a4000002 
26.05.2021 18:27:24.915  a4000002 ac000002 
26.05.2021 18:27:24.918  a4000002 a4000002 

Servicedata V1.0 PLC:\DEBUG\SlaveStateA.service.trace created 26.05.2021 19:29:27 (local time)
hostname: hu, Software: 606421 04, built: 08.10.2014 08:59
-----------------------------------------------------------------------------------------------
                     ms  Virtual BusModule state(s)
26.05.2021 19:09:45.814  24000000 2c000000 
26.05.2021 19:09:45.832  00000000 00000000 
26.05.2021 19:09:45.835  24000000 2c000000 
26.05.2021 19:09:45.973  24000001 2c000000 
26.05.2021 19:09:45.979  24000000 2c000000 
26.05.2021 19:09:45.982  24000001 2c000000 
26.05.2021 19:09:45.985  24000001 2c000001 
26.05.2021 19:09:46.000  24000001 2c000000 
26.05.2021 19:09:46.003  24000001 2c000001 
26.05.2021 19:09:46.114  24000001 24000001 
26.05.2021 19:09:46.126  24000001 2c000001 
26.05.2021 19:09:46.129  24000001 24000001 
26.05.2021 19:10:08.545  24000002 24000002 
26.05.2021 19:10:08.548  a4000002 a4000002 
26.05.2021 19:10:08.554  24000001 24000001 
26.05.2021 19:10:08.557  a4000002 a4000002 
26.05.2021 19:10:08.791  a4000002 a5000002 
26.05.2021 19:10:08.848  a4000002 a4000002 
26.05.2021 19:10:08.860  a4000002 a5000002 
26.05.2021 19:10:08.863  a4000002 a4000002 
26.05.2021 19:10:08.989  a5000002 a5000002 
26.05.2021 19:10:09.004  a4000002 a4000002 
26.05.2021 19:10:09.007  a5000002 a5000002 
26.05.2021 19:10:09.085  a4000002 a5000002 
26.05.2021 19:10:09.094  a5000002 a5000002 
26.05.2021 19:10:09.097  a4000002 a5000002 
26.05.2021 19:10:09.106  a4000002 a4000002 
26.05.2021 19:10:09.112  a4000002 a5000002 
26.05.2021 19:10:09.115  a4000002 a4000002 
26.05.2021 19:10:12.196  a5000002 a5000002 
26.05.2021 19:10:12.208  a4000002 a4000002 
26.05.2021 19:10:12.211  a5000002 a5000002 
26.05.2021 19:10:12.289  a4000002 a5000002 
26.05.2021 19:10:12.298  a5000002 a5000002 
26.05.2021 19:10:12.301  a4000002 a5000002 
26.05.2021 19:10:12.310  a4000002 a4000002 
26.05.2021 19:10:12.316  a4000002 a5000002 
26.05.2021 19:10:12.319  a4000002 a4000002 
26.05.2021 19:10:12.400  a5000002 a5000002 
26.05.2021 19:10:12.406  a4000002 a4000002 
26.05.2021 19:10:12.409  a5000002 a5000002 
26.05.2021 19:10:12.508  a4000002 a5000002 
26.05.2021 19:10:12.514  a5000002 a5000002 
26.05.2021 19:10:12.517  a4000002 a5000002 
26.05.2021 19:10:12.529  a4000002 a4000002 
26.05.2021 19:10:12.532  a4000002 a5000002 
26.05.2021 19:10:12.535  a4000002 a4000002 
26.05.2021 19:10:12.619  a5000002 a5000002 
26.05.2021 19:10:12.622  a4000002 a4000002 
26.05.2021 19:10:12.625  a5000002 a5000002 
26.05.2021 19:10:12.703  a4000002 a5000002 
26.05.2021 19:10:12.712  a5000002 a5000002 
26.05.2021 19:10:12.715  a4000002 a5000002 
26.05.2021 19:10:12.724  a4000002 a4000002 
26.05.2021 19:10:12.730  a4000002 a5000002 
26.05.2021 19:10:12.733  a4000002 a4000002 
26.05.2021 19:10:12.847  a5000002 a5000002 
26.05.2021 19:10:12.856  a4000002 a4000002 
26.05.2021 19:10:12.859  a5000002 a5000002 
26.05.2021 19:10:13.042  a4000002 a5000002 
26.05.2021 19:10:13.054  a5000002 a5000002 
26.05.2021 19:10:13.057  a4000002 a5000002 
26.05.2021 19:10:13.063  a4000002 a4000002 
26.05.2021 19:10:13.072  a4000002 a5000002 
26.05.2021 19:10:13.075  a4000002 a4000002 
26.05.2021 19:10:13.168  a5000002 a5000002 
26.05.2021 19:10:13.180  a4000002 a4000002 
26.05.2021 19:10:13.183  a5000002 a5000002 
26.05.2021 19:10:13.291  a4000002 a5000002 
26.05.2021 19:10:13.309  a4000002 a4000002 
26.05.2021 19:10:13.420  a5000002 a5000002 
26.05.2021 19:10:13.432  a4000002 a4000002 
26.05.2021 19:10:13.435  a5000002 a5000002 
26.05.2021 19:10:13.537  a4000002 a5000002 
26.05.2021 19:10:13.540  a5000002 a5000002 
26.05.2021 19:10:13.543  a4000002 a5000002 
26.05.2021 19:10:13.561  a4000002 a4000002 
26.05.2021 19:10:13.651  a5000002 a5000002 
26.05.2021 19:10:13.666  a4000002 a4000002 
26.05.2021 19:10:13.669  a5000002 a5000002 
26.05.2021 19:10:13.759  a4000002 a5000002 
26.05.2021 19:10:13.774  a5000002 a5000002 
26.05.2021 19:10:13.777  a4000002 a5000002 
26.05.2021 19:10:13.780  a4000002 a4000002 
26.05.2021 19:10:13.792  a4000002 a5000002 
26.05.2021 19:10:13.795  a4000002 a4000002 
26.05.2021 19:10:13.885  a4000002 a5000002 
26.05.2021 19:10:13.891  a5000002 a5000002 
26.05.2021 19:10:13.900  a4000002 a5000002 
26.05.2021 19:10:13.903  a5000002 a5000002 
26.05.2021 19:10:13.963  a4000002 a5000002 
26.05.2021 19:10:13.972  a5000002 a5000002 
26.05.2021 19:10:13.975  a4000002 a5000002 
26.05.2021 19:10:13.984  a4000002 a4000002 
26.05.2021 19:10:13.990  a4000002 a5000002 
26.05.2021 19:10:13.993  a4000002 a4000002 
26.05.2021 19:10:14.068  a5000002 a5000002 
26.05.2021 19:10:14.080  a4000002 a4000002 
26.05.2021 19:10:14.083  a5000002 a5000002 
26.05.2021 19:10:15.004  a4000002 a5000002 
26.05.2021 19:10:15.016  a5000002 a5000002 
26.05.2021 19:10:15.019  a4000002 a5000002 
26.05.2021 19:10:15.028  a4000002 a4000002 
26.05.2021 19:10:15.034  a4000002 a5000002 
26.05.2021 19:10:15.037  a4000002 a4000002 
26.05.2021 19:10:15.121  a5000002 a5000002 
26.05.2021 19:10:15.124  a4000002 a4000002 
26.05.2021 19:10:15.127  a5000002 a5000002 
26.05.2021 19:10:15.217  a4000002 a5000002 
26.05.2021 19:10:15.232  a5000002 a5000002 
26.05.2021 19:10:15.235  a4000002 a5000002 
26.05.2021 19:10:15.238  a4000002 a4000002 
26.05.2021 19:10:15.250  a4000002 a5000002 
26.05.2021 19:10:15.253  a4000002 a4000002 
26.05.2021 19:10:15.349  a5000002 a5000002 
26.05.2021 19:10:15.358  a4000002 a4000002 
26.05.2021 19:10:15.361  a5000002 a5000002 
26.05.2021 19:10:15.640  a4000002 a5000002 
26.05.2021 19:10:15.646  a5000002 a5000002 
26.05.2021 19:10:15.649  a4000002 a5000002 
26.05.2021 19:10:15.661  a4000002 a4000002 
26.05.2021 19:10:15.664  a4000002 a5000002 
26.05.2021 19:10:15.667  a4000002 a4000002 
26.05.2021 19:10:15.757  a5000002 a5000002 
26.05.2021 19:10:15.847  a4000002 a5000002 
26.05.2021 19:10:15.862  a5000002 a5000002 
26.05.2021 19:10:15.865  a4000002 a5000002 
26.05.2021 19:10:15.868  a4000002 a4000002 
26.05.2021 19:10:15.880  a4000002 a5000002 
26.05.2021 19:10:15.883  a4000002 a4000002 
26.05.2021 19:10:15.925  a5000002 a4000002 
26.05.2021 19:10:15.934  a4000002 a4000002 
26.05.2021 19:10:15.937  a5000002 a4000002 
26.05.2021 19:10:15.976  a4000002 a4000002 
26.05.2021 19:10:15.988  a5000002 a4000002 
26.05.2021 19:10:15.991  a4000002 a4000002 
26.05.2021 19:10:16.153  a4000002 a5000002 
26.05.2021 19:10:16.198  a4000002 a4000002 
26.05.2021 19:10:16.204  a4000002 a5000002 
26.05.2021 19:10:16.207  a4000002 a4000002 
26.05.2021 19:10:16.267  a4000002 a5000002 
26.05.2021 19:10:16.276  a4000002 a4000002 
26.05.2021 19:10:16.279  a4000002 a5000002 
26.05.2021 19:10:16.333  a4000002 a4000002 
26.05.2021 19:10:16.348  a4000002 a5000002 
26.05.2021 19:10:16.351  a4000002 a4000002 
26.05.2021 19:10:16.411  a5000002 a5000002 
26.05.2021 19:10:16.420  a4000002 a4000002 
26.05.2021 19:10:16.423  a5000002 a5000002 
26.05.2021 19:10:16.495  a4000002 a5000002 
26.05.2021 19:10:16.513  a4000002 a4000002 
26.05.2021 19:10:16.528  a4000002 a5000002 
26.05.2021 19:10:16.531  a4000002 a4000002 
26.05.2021 19:10:16.621  a5000002 a5000002 
26.05.2021 19:10:16.636  a4000002 a4000002 
26.05.2021 19:10:16.639  a5000002 a5000002 
26.05.2021 19:10:16.729  a4000002 a5000002 
26.05.2021 19:10:16.744  a5000002 a5000002 
26.05.2021 19:10:16.747  a4000002 a5000002 
26.05.2021 19:10:16.750  a4000002 a4000002 
26.05.2021 19:10:16.762  a4000002 a5000002 
26.05.2021 19:10:16.765  a4000002 a4000002 
26.05.2021 19:10:16.849  a5000002 a5000002 
26.05.2021 19:10:16.852  a4000002 a4000002 
26.05.2021 19:10:16.855  a5000002 a5000002 
26.05.2021 19:10:16.945  a4000002 a5000002 
26.05.2021 19:10:16.960  a5000002 a5000002 
26.05.2021 19:10:16.963  a4000002 a5000002 
26.05.2021 19:10:16.966  a4000002 a4000002 
26.05.2021 19:10:16.978  a4000002 a5000002 
26.05.2021 19:10:16.981  a4000002 a4000002 
26.05.2021 19:10:17.077  a5000002 a5000002 
26.05.2021 19:10:17.086  a4000002 a4000002 
26.05.2021 19:10:17.089  a5000002 a5000002 
26.05.2021 19:10:17.179  a4000002 a5000002 
26.05.2021 19:10:17.194  a5000002 a5000002 
26.05.2021 19:10:17.197  a4000002 a5000002 
26.05.2021 19:10:17.200  a4000002 a4000002 
26.05.2021 19:10:17.212  a4000002 a5000002 
26.05.2021 19:10:17.215  a4000002 a4000002 
26.05.2021 19:10:17.299  a5000002 a5000002 
26.05.2021 19:10:17.302  a4000002 a4000002 
26.05.2021 19:10:17.305  a5000002 a5000002 
26.05.2021 19:10:17.395  a4000002 a5000002 
26.05.2021 19:10:17.410  a5000002 a5000002 
26.05.2021 19:10:17.413  a4000002 a5000002 
26.05.2021 19:10:17.416  a4000002 a4000002 
26.05.2021 19:10:17.428  a4000002 a5000002 
26.05.2021 19:10:17.431  a4000002 a4000002 
26.05.2021 19:10:17.575  a4000002 a5000002 
26.05.2021 19:10:17.590  a4000002 a4000002 
26.05.2021 19:10:17.593  a4000002 a5000002 
26.05.2021 19:10:17.647  a4000002 a4000002 
26.05.2021 19:10:17.662  a4000002 a5000002 
26.05.2021 19:10:17.665  a4000002 a4000002 
26.05.2021 19:10:18.061  a4000002 a5000002 
26.05.2021 19:10:18.076  a4000002 a4000002 
26.05.2021 19:10:18.079  a4000002 a5000002 
26.05.2021 19:10:18.223  a4000002 a4000002 
26.05.2021 19:10:18.370  a5000002 a4000002 
26.05.2021 19:10:18.382  a4000002 a4000002 
26.05.2021 19:10:18.385  a5000002 a4000002 
26.05.2021 19:10:18.448  a4000002 a4000002 
26.05.2021 19:10:18.454  a5000002 a4000002 
26.05.2021 19:10:18.457  a4000002 a4000002 
26.05.2021 19:10:18.646  a5000002 a5000002 
26.05.2021 19:10:18.652  a4000002 a4000002 
26.05.2021 19:10:18.655  a5000002 a5000002 
26.05.2021 19:10:18.745  a4000002 a5000002 
26.05.2021 19:10:18.760  a5000002 a5000002 
26.05.2021 19:10:18.763  a4000002 a5000002 
26.05.2021 19:10:18.766  a4000002 a4000002 
26.05.2021 19:10:18.778  a4000002 a5000002 
26.05.2021 19:10:18.781  a4000002 a4000002 
26.05.2021 19:10:18.865  a5000002 a5000002 
26.05.2021 19:10:18.868  a4000002 a4000002 
26.05.2021 19:10:18.871  a5000002 a5000002 
26.05.2021 19:10:18.961  a4000002 a5000002 
26.05.2021 19:10:18.976  a5000002 a5000002 
26.05.2021 19:10:18.979  a4000002 a5000002 
26.05.2021 19:10:18.982  a4000002 a4000002 
26.05.2021 19:10:18.994  a4000002 a5000002 
26.05.2021 19:10:18.997  a4000002 a4000002 
26.05.2021 19:10:19.093  a5000002 a5000002 
26.05.2021 19:10:19.102  a4000002 a4000002 
26.05.2021 19:10:19.105  a5000002 a5000002 
26.05.2021 19:10:19.195  a4000002 a5000002 
26.05.2021 19:10:19.210  a5000002 a5000002 
26.05.2021 19:10:19.213  a4000002 a5000002 
26.05.2021 19:10:19.216  a4000002 a4000002 
26.05.2021 19:10:19.228  a4000002 a5000002 
26.05.2021 19:10:19.231  a4000002 a4000002 
26.05.2021 19:10:19.315  a5000002 a5000002 
26.05.2021 19:10:19.318  a4000002 a4000002 
26.05.2021 19:10:19.321  a5000002 a5000002 
26.05.2021 19:10:19.411  a4000002 a5000002 
26.05.2021 19:10:19.426  a5000002 a5000002 
26.05.2021 19:10:19.429  a4000002 a5000002 
26.05.2021 19:10:19.432  a4000002 a4000002 
26.05.2021 19:10:19.444  a4000002 a5000002 
26.05.2021 19:10:19.447  a4000002 a4000002 
26.05.2021 19:10:22.351  a4000002 a5000002 
26.05.2021 19:10:22.360  a4000002 a4000002 
26.05.2021 19:10:22.363  a4000002 a5000002 
26.05.2021 19:10:22.417  a4000002 a4000002 
26.05.2021 19:10:22.432  a4000002 a5000002 
26.05.2021 19:10:22.435  a4000002 a4000002 
26.05.2021 19:10:22.480  a4000003 a4000003 
26.05.2021 19:10:22.483  a4000003 ac000003 
26.05.2021 19:10:22.486  a4000002 a4000002 
26.05.2021 19:10:22.489  a4000003 ac000003 
26.05.2021 19:10:22.516  a4000002 a4000002 
26.05.2021 19:10:22.522  a4000003 ac000003 
26.05.2021 19:10:22.525  a4000002 a4000002 
26.05.2021 19:10:22.621  a4000002 ac000002 
26.05.2021 19:10:22.630  a4000002 a4000002 
26.05.2021 19:10:22.633  a4000002 ac000002 
26.05.2021 19:10:22.660  a4000002 a4000002 
26.05.2021 19:10:22.666  a4000002 ac000002 
26.05.2021 19:10:22.669  a4000002 a4000002 
26.05.2021 19:10:22.768  a4000003 a4000003 
26.05.2021 19:10:22.774  a4000002 a4000002 
26.05.2021 19:10:22.777  a4000003 ac000003 
26.05.2021 19:10:22.804  a4000003 a4000003 
26.05.2021 19:10:22.810  a4000003 ac000003 
26.05.2021 19:10:22.813  a4000003 a4000003 
26.05.2021 19:10:23.107  a5000003 a5000003 
26.05.2021 19:10:23.116  a4000003 a4000003 
26.05.2021 19:10:23.119  a5000003 a5000003 
26.05.2021 19:10:23.209  a4000003 a5000003 
26.05.2021 19:10:23.224  a5000003 a5000003 
26.05.2021 19:10:23.227  a4000003 a5000003 
26.05.2021 19:10:23.230  a4000003 a4000003 
26.05.2021 19:10:23.242  a4000003 a5000003 
26.05.2021 19:10:23.245  a4000003 a4000003 
26.05.2021 19:10:23.323  a5000003 a5000003 
26.05.2021 19:10:23.332  a4000003 a4000003 
26.05.2021 19:10:23.335  a5000003 a5000003 
26.05.2021 19:10:23.425  a4000003 a5000003 
26.05.2021 19:10:23.440  a5000003 a5000003 
26.05.2021 19:10:23.443  a4000003 a5000003 
26.05.2021 19:10:23.446  a4000003 a4000003 
26.05.2021 19:10:23.458  a4000003 a5000003 
26.05.2021 19:10:23.461  a4000003 a4000003 
26.05.2021 19:14:48.787  a4000002 a4000002 
26.05.2021 19:14:48.796  a4000002 ac000002 
26.05.2021 19:14:48.799  a4000003 a4000003 
26.05.2021 19:14:48.802  a4000002 ac000002 
26.05.2021 19:14:48.829  a4000002 a4000002 
26.05.2021 19:14:48.835  a4000002 ac000002 
26.05.2021 19:14:48.838  a4000002 a4000002 
26.05.2021 19:15:15.956  a4000003 a4000003 
26.05.2021 19:15:15.959  a4000003 ac000003 
26.05.2021 19:15:15.962  a4000002 a4000002 
26.05.2021 19:15:15.965  a4000003 ac000003 
26.05.2021 19:15:15.992  a4000003 a4000003 
26.05.2021 19:15:15.998  a4000003 ac000003 
26.05.2021 19:15:16.001  a4000003 a4000003 
26.05.2021 19:18:59.047  a4000002 a4000002 
26.05.2021 19:18:59.053  a4000002 ac000002 
26.05.2021 19:18:59.056  a4000003 a4000003 
26.05.2021 19:18:59.059  a4000002 ac000002 
26.05.2021 19:18:59.086  a4000002 a4000002 
26.05.2021 19:18:59.092  a4000002 ac000002 
26.05.2021 19:18:59.095  a4000002 a4000002 
26.05.2021 19:19:07.402  a4000003 a4000003 
26.05.2021 19:19:07.405  a4000003 ac000003 
26.05.2021 19:19:07.408  a4000002 a4000002 
26.05.2021 19:19:07.411  a4000003 ac000003 
26.05.2021 19:19:07.438  a4000003 a4000003 
26.05.2021 19:19:07.444  a4000003 ac000003 
26.05.2021 19:19:07.447  a4000003 a4000003 
26.05.2021 19:28:44.947  a4000002 a4000002 
26.05.2021 19:28:44.953  a4000002 ac000002 
26.05.2021 19:28:44.962  a4000002 a4000002 
26.05.2021 19:28:44.965  a4000002 ac000002 
26.05.2021 19:28:44.992  a4000002 a4000002 
26.05.2021 19:28:44.998  a4000002 ac000002 
26.05.2021 19:28:45.001  a4000002 a4000002 

Servicedata V1.0 PLC:\DEBUG\SlaveStateA.service.trace created 27.05.2021 09:40:09 (local time)
hostname: hu, Software: 606421 04, built: 08.10.2014 08:59
-----------------------------------------------------------------------------------------------
                     ms  Virtual BusModule state(s)
27.05.2021 09:07:27.312  24000000 2c000000 
27.05.2021 09:07:27.327  00000000 00000000 
27.05.2021 09:07:27.330  24000000 2c000000 
27.05.2021 09:07:27.471  24000001 2c000000 
27.05.2021 09:07:27.474  24000000 2c000000 
27.05.2021 09:07:27.477  24000001 2c000000 
27.05.2021 09:07:27.480  24000001 2c000001 
27.05.2021 09:07:27.495  24000001 2c000000 
27.05.2021 09:07:27.498  24000001 2c000001 
27.05.2021 09:07:27.609  24000001 24000001 
27.05.2021 09:07:27.621  24000001 2c000001 
27.05.2021 09:07:27.624  24000001 24000001 
27.05.2021 09:07:48.553  24000002 24000002 
27.05.2021 09:07:48.556  a4000002 a4000002 
27.05.2021 09:07:48.562  24000001 24000001 
27.05.2021 09:07:48.565  a4000002 a4000002 
27.05.2021 09:07:48.817  a4000002 a5000002 
27.05.2021 09:07:48.832  a4000002 a4000002 
27.05.2021 09:07:48.835  a4000002 a5000002 
27.05.2021 09:07:48.889  a4000002 a4000002 
27.05.2021 09:07:48.904  a4000002 a5000002 
27.05.2021 09:07:48.907  a4000002 a4000002 
27.05.2021 09:07:49.021  a5000002 a5000002 
27.05.2021 09:07:49.030  a4000002 a4000002 
27.05.2021 09:07:49.033  a5000002 a5000002 
27.05.2021 09:07:49.111  a4000002 a5000002 
27.05.2021 09:07:49.120  a5000002 a5000002 
27.05.2021 09:07:49.123  a4000002 a5000002 
27.05.2021 09:07:49.132  a4000002 a4000002 
27.05.2021 09:07:49.138  a4000002 a5000002 
27.05.2021 09:07:49.141  a4000002 a4000002 
27.05.2021 09:07:52.222  a5000002 a5000002 
27.05.2021 09:07:52.234  a4000002 a4000002 
27.05.2021 09:07:52.237  a5000002 a5000002 
27.05.2021 09:07:52.315  a4000002 a5000002 
27.05.2021 09:07:52.324  a5000002 a5000002 
27.05.2021 09:07:52.327  a4000002 a5000002 
27.05.2021 09:07:52.336  a4000002 a4000002 
27.05.2021 09:07:52.342  a4000002 a5000002 
27.05.2021 09:07:52.345  a4000002 a4000002 
27.05.2021 09:07:52.429  a5000002 a5000002 
27.05.2021 09:07:52.432  a4000002 a4000002 
27.05.2021 09:07:52.435  a5000002 a5000002 
27.05.2021 09:07:52.537  a4000002 a5000002 
27.05.2021 09:07:52.540  a5000002 a5000002 
27.05.2021 09:07:52.543  a4000002 a5000002 
27.05.2021 09:07:52.561  a4000002 a4000002 
27.05.2021 09:07:52.651  a5000002 a5000002 
27.05.2021 09:07:52.729  a4000002 a5000002 
27.05.2021 09:07:52.738  a5000002 a5000002 
27.05.2021 09:07:52.741  a4000002 a5000002 
27.05.2021 09:07:52.750  a4000002 a4000002 
27.05.2021 09:07:52.756  a4000002 a5000002 
27.05.2021 09:07:52.759  a4000002 a4000002 
27.05.2021 09:07:52.873  a5000002 a5000002 
27.05.2021 09:07:52.882  a4000002 a4000002 
27.05.2021 09:07:52.885  a5000002 a5000002 
27.05.2021 09:07:53.065  a4000002 a5000002 
27.05.2021 09:07:53.083  a4000002 a4000002 
27.05.2021 09:07:53.185  a5000002 a5000002 
27.05.2021 09:07:53.188  a4000002 a4000002 
27.05.2021 09:07:53.191  a5000002 a5000002 
27.05.2021 09:07:53.299  a4000002 a5000002 
27.05.2021 09:07:53.317  a4000002 a4000002 
27.05.2021 09:07:53.428  a5000002 a5000002 
27.05.2021 09:07:53.440  a4000002 a4000002 
27.05.2021 09:07:53.443  a5000002 a5000002 
27.05.2021 09:07:53.545  a4000002 a5000002 
27.05.2021 09:07:53.548  a5000002 a5000002 
27.05.2021 09:07:53.551  a4000002 a5000002 
27.05.2021 09:07:53.569  a4000002 a4000002 
27.05.2021 09:07:53.659  a5000002 a5000002 
27.05.2021 09:07:53.674  a4000002 a4000002 
27.05.2021 09:07:53.677  a5000002 a5000002 
27.05.2021 09:07:53.767  a4000002 a5000002 
27.05.2021 09:07:53.782  a5000002 a5000002 
27.05.2021 09:07:53.785  a4000002 a5000002 
27.05.2021 09:07:53.788  a4000002 a4000002 
27.05.2021 09:07:53.800  a4000002 a5000002 
27.05.2021 09:07:53.803  a4000002 a4000002 
27.05.2021 09:07:53.893  a4000002 a5000002 
27.05.2021 09:07:53.899  a5000002 a5000002 
27.05.2021 09:07:53.908  a4000002 a4000002 
27.05.2021 09:07:53.911  a5000002 a5000002 
27.05.2021 09:07:54.001  a4000002 a5000002 
27.05.2021 09:07:54.016  a5000002 a5000002 
27.05.2021 09:07:54.019  a4000002 a5000002 
27.05.2021 09:07:54.022  a4000002 a4000002 
27.05.2021 09:07:54.034  a4000002 a5000002 
27.05.2021 09:07:54.037  a4000002 a4000002 
27.05.2021 09:07:54.109  a5000002 a5000002 
27.05.2021 09:07:55.030  a4000002 a5000002 
27.05.2021 09:07:55.042  a5000002 a5000002 
27.05.2021 09:07:55.045  a4000002 a5000002 
27.05.2021 09:07:55.054  a4000002 a4000002 
27.05.2021 09:07:55.060  a4000002 a5000002 
27.05.2021 09:07:55.063  a4000002 a4000002 
27.05.2021 09:07:55.147  a5000002 a5000002 
27.05.2021 09:07:55.150  a4000002 a4000002 
27.05.2021 09:07:55.153  a5000002 a5000002 
27.05.2021 09:07:55.243  a4000002 a5000002 
27.05.2021 09:07:55.258  a5000002 a5000002 
27.05.2021 09:07:55.261  a4000002 a5000002 
27.05.2021 09:07:55.264  a4000002 a4000002 
27.05.2021 09:07:55.276  a4000002 a5000002 
27.05.2021 09:07:55.279  a4000002 a4000002 
27.05.2021 09:07:55.378  a5000002 a5000002 
27.05.2021 09:07:55.384  a4000002 a4000002 
27.05.2021 09:07:55.387  a5000002 a5000002 
27.05.2021 09:07:55.669  a4000002 a5000002 
27.05.2021 09:07:55.672  a5000002 a5000002 
27.05.2021 09:07:55.675  a4000002 a5000002 
27.05.2021 09:07:55.693  a4000002 a4000002 
27.05.2021 09:07:55.783  a5000002 a5000002 
27.05.2021 09:07:55.798  a4000002 a4000002 
27.05.2021 09:07:55.801  a5000002 a5000002 
27.05.2021 09:07:55.891  a4000002 a5000002 
27.05.2021 09:07:55.906  a5000002 a5000002 
27.05.2021 09:07:55.909  a4000002 a5000002 
27.05.2021 09:07:55.912  a4000002 a4000002 
27.05.2021 09:07:55.924  a4000002 a5000002 
27.05.2021 09:07:55.927  a4000002 a4000002 
27.05.2021 09:07:55.969  a5000002 a4000002 
27.05.2021 09:07:55.978  a4000002 a4000002 
27.05.2021 09:07:55.981  a5000002 a4000002 
27.05.2021 09:07:56.020  a4000002 a4000002 
27.05.2021 09:07:56.032  a5000002 a4000002 
27.05.2021 09:07:56.035  a4000002 a4000002 
27.05.2021 09:07:56.179  a4000002 a5000002 
27.05.2021 09:07:56.194  a4000002 a4000002 
27.05.2021 09:07:56.197  a4000002 a5000002 
27.05.2021 09:07:56.257  a4000002 a4000002 
27.05.2021 09:07:56.266  a4000002 a5000002 
27.05.2021 09:07:56.269  a4000002 a4000002 
27.05.2021 09:07:56.326  a4000002 a5000002 
27.05.2021 09:07:56.338  a4000002 a4000002 
27.05.2021 09:07:56.341  a4000002 a5000002 
27.05.2021 09:07:56.395  a4000002 a4000002 
27.05.2021 09:07:56.410  a4000002 a5000002 
27.05.2021 09:07:56.413  a4000002 a4000002 
27.05.2021 09:07:56.473  a5000002 a5000002 
27.05.2021 09:07:56.482  a4000002 a4000002 
27.05.2021 09:07:56.485  a5000002 a5000002 
27.05.2021 09:07:56.557  a4000002 a5000002 
27.05.2021 09:07:56.575  a4000002 a4000002 
27.05.2021 09:07:56.590  a4000002 a5000002 
27.05.2021 09:07:56.593  a4000002 a4000002 
27.05.2021 09:07:56.686  a5000002 a5000002 
27.05.2021 09:07:56.698  a4000002 a4000002 
27.05.2021 09:07:56.701  a5000002 a5000002 
27.05.2021 09:07:56.791  a4000002 a5000002 
27.05.2021 09:07:56.806  a5000002 a5000002 
27.05.2021 09:07:56.809  a4000002 a5000002 
27.05.2021 09:07:56.812  a4000002 a4000002 
27.05.2021 09:07:56.824  a4000002 a5000002 
27.05.2021 09:07:56.827  a4000002 a4000002 
27.05.2021 09:07:56.911  a5000002 a5000002 
27.05.2021 09:07:56.914  a4000002 a4000002 
27.05.2021 09:07:56.917  a5000002 a5000002 
27.05.2021 09:07:57.187  a4000002 a5000002 
27.05.2021 09:07:57.205  a4000002 a4000002 
27.05.2021 09:07:57.220  a4000002 a5000002 
27.05.2021 09:07:57.223  a4000002 a4000002 
27.05.2021 09:07:57.316  a5000002 a5000002 
27.05.2021 09:07:57.328  a4000002 a4000002 
27.05.2021 09:07:57.331  a5000002 a5000002 
27.05.2021 09:07:57.421  a4000002 a5000002 
27.05.2021 09:07:57.436  a5000002 a5000002 
27.05.2021 09:07:57.439  a4000002 a5000002 
27.05.2021 09:07:57.442  a4000002 a4000002 
27.05.2021 09:07:57.454  a4000002 a5000002 
27.05.2021 09:07:57.457  a4000002 a4000002 
27.05.2021 09:07:57.541  a5000002 a5000002 
27.05.2021 09:07:57.544  a4000002 a4000002 
27.05.2021 09:07:57.547  a5000002 a5000002 
27.05.2021 09:07:57.637  a4000002 a5000002 
27.05.2021 09:07:57.652  a5000002 a5000002 
27.05.2021 09:07:57.655  a4000002 a5000002 
27.05.2021 09:07:57.658  a4000002 a4000002 
27.05.2021 09:07:57.670  a4000002 a5000002 
27.05.2021 09:07:57.673  a4000002 a4000002 
27.05.2021 09:07:58.024  a4000002 a5000002 
27.05.2021 09:07:58.030  a4000002 a4000002 
27.05.2021 09:07:58.033  a4000002 a5000002 
27.05.2021 09:07:58.087  a4000002 a4000002 
27.05.2021 09:07:58.102  a4000002 a5000002 
27.05.2021 09:07:58.105  a4000002 a4000002 
27.05.2021 09:07:58.333  a4000002 a5000002 
27.05.2021 09:07:58.336  a4000002 a4000002 
27.05.2021 09:07:58.339  a4000002 a5000002 
27.05.2021 09:07:58.405  a4000002 a4000002 
27.05.2021 09:07:58.408  a4000002 a5000002 
27.05.2021 09:07:58.411  a4000002 a4000002 
27.05.2021 09:07:58.549  a5000002 a4000002 
27.05.2021 09:07:58.552  a4000002 a4000002 
27.05.2021 09:07:58.555  a5000002 a4000002 
27.05.2021 09:07:58.627  a4000002 a4000002 
27.05.2021 09:07:58.642  a5000002 a4000002 
27.05.2021 09:07:58.645  a4000002 a4000002 
27.05.2021 09:07:58.825  a5000002 a5000002 
27.05.2021 09:07:58.840  a4000002 a4000002 
27.05.2021 09:07:58.843  a5000002 a5000002 
27.05.2021 09:07:58.933  a4000002 a5000002 
27.05.2021 09:07:58.948  a5000002 a5000002 
27.05.2021 09:07:58.951  a4000002 a5000002 
27.05.2021 09:07:58.954  a4000002 a4000002 
27.05.2021 09:07:58.966  a4000002 a5000002 
27.05.2021 09:07:58.969  a4000002 a4000002 
27.05.2021 09:07:59.053  a5000002 a5000002 
27.05.2021 09:07:59.056  a4000002 a4000002 
27.05.2021 09:07:59.059  a5000002 a5000002 
27.05.2021 09:07:59.152  a4000002 a5000002 
27.05.2021 09:07:59.164  a5000002 a5000002 
27.05.2021 09:07:59.167  a4000002 a5000002 
27.05.2021 09:07:59.170  a4000002 a4000002 
27.05.2021 09:07:59.182  a4000002 a5000002 
27.05.2021 09:07:59.185  a4000002 a4000002 
27.05.2021 09:07:59.278  a5000002 a5000002 
27.05.2021 09:07:59.290  a4000002 a4000002 
27.05.2021 09:07:59.293  a5000002 a5000002 
27.05.2021 09:07:59.383  a4000002 a5000002 
27.05.2021 09:07:59.398  a5000002 a5000002 
27.05.2021 09:07:59.401  a4000002 a5000002 
27.05.2021 09:07:59.404  a4000002 a4000002 
27.05.2021 09:07:59.416  a4000002 a5000002 
27.05.2021 09:07:59.419  a4000002 a4000002 
27.05.2021 09:07:59.503  a5000002 a5000002 
27.05.2021 09:07:59.506  a4000002 a4000002 
27.05.2021 09:07:59.509  a5000002 a5000002 
27.05.2021 09:07:59.599  a4000002 a5000002 
27.05.2021 09:07:59.614  a5000002 a5000002 
27.05.2021 09:07:59.617  a4000002 a5000002 
27.05.2021 09:07:59.620  a4000002 a4000002 
27.05.2021 09:07:59.632  a4000002 a5000002 
27.05.2021 09:07:59.635  a4000002 a4000002 
27.05.2021 09:08:02.500  a4000002 a5000002 
27.05.2021 09:08:02.512  a4000002 a4000002 
27.05.2021 09:08:02.515  a4000002 a5000002 
27.05.2021 09:08:02.569  a4000002 a4000002 
27.05.2021 09:08:02.584  a4000002 a5000002 
27.05.2021 09:08:02.587  a4000002 a4000002 
27.05.2021 09:08:09.508  a4000003 a4000003 
27.05.2021 09:08:09.511  a4000003 ac000003 
27.05.2021 09:08:09.514  a4000002 a4000002 
27.05.2021 09:08:09.517  a4000003 ac000003 
27.05.2021 09:08:09.529  a4000002 ac000002 
27.05.2021 09:08:09.532  a4000003 ac000003 
27.05.2021 09:08:09.535  a4000002 ac000002 
27.05.2021 09:08:09.544  a4000002 a4000002 
27.05.2021 09:08:09.550  a4000002 ac000002 
27.05.2021 09:08:09.553  a4000002 a4000002 
27.05.2021 09:08:09.634  a4000002 ac000002 
27.05.2021 09:08:09.640  a4000002 a4000002 
27.05.2021 09:08:09.643  a4000002 ac000002 
27.05.2021 09:08:09.670  a4000002 a4000002 
27.05.2021 09:08:09.676  a4000002 ac000002 
27.05.2021 09:08:09.679  a4000002 a4000002 
27.05.2021 09:08:09.778  a4000003 a4000003 
27.05.2021 09:08:09.784  a4000002 a4000002 
27.05.2021 09:08:09.787  a4000003 ac000003 
27.05.2021 09:08:09.814  a4000003 a4000003 
27.05.2021 09:08:09.820  a4000003 ac000003 
27.05.2021 09:08:09.823  a4000003 a4000003 
27.05.2021 09:08:09.931  a5000003 a5000003 
27.05.2021 09:08:09.946  a4000003 a4000003 
27.05.2021 09:08:09.949  a5000003 a5000003 
27.05.2021 09:08:10.039  a4000003 a5000003 
27.05.2021 09:08:10.054  a5000003 a5000003 
27.05.2021 09:08:10.057  a4000003 a5000003 
27.05.2021 09:08:10.060  a4000003 a4000003 
27.05.2021 09:08:10.072  a4000003 a5000003 
27.05.2021 09:08:10.075  a4000003 a4000003 
27.05.2021 09:08:10.153  a5000003 a5000003 
27.05.2021 09:08:10.162  a4000003 a4000003 
27.05.2021 09:08:10.165  a5000003 a5000003 
27.05.2021 09:08:10.255  a4000003 a5000003 
27.05.2021 09:08:10.270  a5000003 a5000003 
27.05.2021 09:08:10.273  a4000003 a5000003 
27.05.2021 09:08:10.276  a4000003 a4000003 
27.05.2021 09:08:10.288  a4000003 a5000003 
27.05.2021 09:08:10.291  a4000003 a4000003 
27.05.2021 09:08:42.676  a4000002 a4000002 
27.05.2021 09:08:42.682  a4000002 ac000002 
27.05.2021 09:08:42.688  a4000003 a4000003 
27.05.2021 09:08:42.691  a4000002 ac000002 
27.05.2021 09:08:42.718  a4000002 a4000002 
27.05.2021 09:08:42.724  a4000002 ac000002 
27.05.2021 09:08:42.727  a4000002 a4000002 
27.05.2021 09:18:04.828  a4000003 a4000003 
27.05.2021 09:18:04.831  a4000003 ac000003 
27.05.2021 09:18:04.834  a4000002 a4000002 
27.05.2021 09:18:04.837  a4000003 ac000003 
27.05.2021 09:18:04.864  a4000003 a4000003 
27.05.2021 09:18:04.870  a4000003 ac000003 
27.05.2021 09:18:04.873  a4000003 a4000003 
27.05.2021 09:18:24.304  a4000002 a4000002 
27.05.2021 09:18:24.310  a4000003 a4000003 
27.05.2021 09:18:24.313  a4000002 ac000002 
27.05.2021 09:18:24.328  a4000002 a4000002 
27.05.2021 09:18:24.331  a4000002 ac000002 
27.05.2021 09:18:24.358  a4000002 a4000002 
27.05.2021 09:18:24.364  a4000002 ac000002 
27.05.2021 09:18:24.367  a4000002 a4000002 
27.05.2021 09:24:23.714  a4000003 a4000003 
27.05.2021 09:24:23.717  a4000003 ac000003 
27.05.2021 09:24:23.720  a4000002 a4000002 
27.05.2021 09:24:23.723  a4000003 ac000003 
27.05.2021 09:24:23.750  a4000003 a4000003 
27.05.2021 09:24:23.756  a4000003 ac000003 
27.05.2021 09:24:23.759  a4000003 a4000003 
27.05.2021 09:24:55.188  a4000002 a4000002 
27.05.2021 09:24:55.197  a4000002 ac000002 
27.05.2021 09:24:55.203  a4000003 a4000003 
27.05.2021 09:24:55.206  a4000002 ac000002 
27.05.2021 09:24:55.232  a4000002 a4000002 
27.05.2021 09:24:55.239  a4000002 ac000002 
27.05.2021 09:24:55.242  a4000002 a4000002 
27.05.2021 09:35:06.789  a4000003 a4000003 
27.05.2021 09:35:06.792  a4000003 ac000003 
27.05.2021 09:35:06.795  a4000002 a4000002 
27.05.2021 09:35:06.798  a4000003 ac000003 
27.05.2021 09:35:06.825  a4000003 a4000003 
27.05.2021 09:35:06.831  a4000003 ac000003 
27.05.2021 09:35:06.834  a4000003 a4000003 

Servicedata V1.0 PLC:\DEBUG\SlaveStateA.service.trace created 27.05.2021 16:05:48 (local time)
hostname: hu, Software: 606421 04, built: 08.10.2014 08:59
-----------------------------------------------------------------------------------------------
                     ms  Virtual BusModule state(s)
27.05.2021 16:03:09.810  24000000 2c000000 
27.05.2021 16:03:09.819  00000000 00000000 
27.05.2021 16:03:09.822  24000000 2c000000 
27.05.2021 16:03:09.969  24000001 2c000000 
27.05.2021 16:03:09.978  24000001 2c000001 
27.05.2021 16:03:09.987  24000001 2c000000 
27.05.2021 16:03:09.990  24000001 2c000001 
27.05.2021 16:03:10.107  24000001 24000001 
27.05.2021 16:03:10.113  24000001 2c000001 
27.05.2021 16:03:10.116  24000001 24000001 
27.05.2021 16:03:23.424  24000002 24000002 
27.05.2021 16:03:23.427  a4000002 a4000002 
27.05.2021 16:03:23.433  24000001 24000001 
27.05.2021 16:03:23.436  a4000002 a4000002 
27.05.2021 16:03:23.679  a4000002 a5000002 
27.05.2021 16:03:23.685  a4000002 a4000002 
27.05.2021 16:03:23.688  a4000002 a5000002 
27.05.2021 16:03:23.742  a4000002 a4000002 
27.05.2021 16:03:23.757  a4000002 a5000002 
27.05.2021 16:03:23.760  a4000002 a4000002 
27.05.2021 16:03:23.874  a5000002 a5000002 
27.05.2021 16:03:23.883  a4000002 a4000002 
27.05.2021 16:03:23.886  a5000002 a5000002 
27.05.2021 16:03:23.964  a4000002 a5000002 
27.05.2021 16:03:23.973  a5000002 a5000002 
27.05.2021 16:03:23.976  a4000002 a5000002 
27.05.2021 16:03:23.985  a4000002 a4000002 
27.05.2021 16:03:23.991  a4000002 a5000002 
27.05.2021 16:03:23.994  a4000002 a4000002 
27.05.2021 16:03:27.075  a5000002 a5000002 
27.05.2021 16:03:27.087  a4000002 a4000002 
27.05.2021 16:03:27.090  a5000002 a5000002 
27.05.2021 16:03:27.168  a4000002 a5000002 
27.05.2021 16:03:27.177  a5000002 a5000002 
27.05.2021 16:03:27.180  a4000002 a5000002 
27.05.2021 16:03:27.189  a4000002 a4000002 
27.05.2021 16:03:27.195  a4000002 a5000002 
27.05.2021 16:03:27.198  a4000002 a4000002 
27.05.2021 16:03:27.291  a5000002 a5000002 
27.05.2021 16:03:27.303  a4000002 a4000002 
27.05.2021 16:03:27.306  a5000002 a5000002 
27.05.2021 16:03:27.399  a4000002 a5000002 
27.05.2021 16:03:27.411  a5000002 a5000002 
27.05.2021 16:03:27.414  a4000002 a5000002 
27.05.2021 16:03:27.420  a4000002 a4000002 
27.05.2021 16:03:27.429  a4000002 a5000002 
27.05.2021 16:03:27.432  a4000002 a4000002 
27.05.2021 16:03:27.510  a5000002 a5000002 
27.05.2021 16:03:27.519  a4000002 a4000002 
27.05.2021 16:03:27.522  a5000002 a5000002 
27.05.2021 16:03:27.600  a4000002 a5000002 
27.05.2021 16:03:27.609  a5000002 a5000002 
27.05.2021 16:03:27.612  a4000002 a5000002 
27.05.2021 16:03:27.621  a4000002 a4000002 
27.05.2021 16:03:27.627  a4000002 a5000002 
27.05.2021 16:03:27.630  a4000002 a4000002 
27.05.2021 16:03:27.837  a5000002 a5000002 
27.05.2021 16:03:27.843  a4000002 a4000002 
27.05.2021 16:03:27.846  a5000002 a5000002 
27.05.2021 16:03:28.020  a4000002 a5000002 
27.05.2021 16:03:28.023  a5000002 a5000002 
27.05.2021 16:03:28.026  a4000002 a5000002 
27.05.2021 16:03:28.044  a4000002 a4000002 
27.05.2021 16:03:28.146  a5000002 a5000002 
27.05.2021 16:03:28.149  a4000002 a4000002 
27.05.2021 16:03:28.152  a5000002 a5000002 
27.05.2021 16:03:28.260  a4000002 a5000002 
27.05.2021 16:03:28.275  a5000002 a5000002 
27.05.2021 16:03:28.278  a4000002 a5000002 
27.05.2021 16:03:28.281  a4000002 a4000002 
27.05.2021 16:03:28.293  a4000002 a5000002 
27.05.2021 16:03:28.296  a4000002 a4000002 
27.05.2021 16:03:28.395  a5000002 a5000002 
27.05.2021 16:03:28.401  a4000002 a4000002 
27.05.2021 16:03:28.404  a5000002 a5000002 
27.05.2021 16:03:28.512  a4000002 a5000002 
27.05.2021 16:03:28.530  a4000002 a4000002 
27.05.2021 16:03:28.620  a5000002 a5000002 
27.05.2021 16:03:28.635  a4000002 a4000002 
27.05.2021 16:03:28.638  a5000002 a5000002 
27.05.2021 16:03:28.728  a4000002 a5000002 
27.05.2021 16:03:28.743  a5000002 a5000002 
27.05.2021 16:03:28.746  a4000002 a5000002 
27.05.2021 16:03:28.749  a4000002 a4000002 
27.05.2021 16:03:28.761  a4000002 a5000002 
27.05.2021 16:03:28.764  a4000002 a4000002 
27.05.2021 16:03:28.854  a4000002 a5000002 
27.05.2021 16:03:28.860  a5000002 a5000002 
27.05.2021 16:03:28.869  a4000002 a5000002 
27.05.2021 16:03:28.872  a5000002 a5000002 
27.05.2021 16:03:28.932  a4000002 a5000002 
27.05.2021 16:03:28.941  a5000002 a5000002 
27.05.2021 16:03:28.944  a4000002 a5000002 
27.05.2021 16:03:28.953  a4000002 a4000002 
27.05.2021 16:03:28.959  a4000002 a5000002 
27.05.2021 16:03:28.962  a4000002 a4000002 
27.05.2021 16:03:29.037  a5000002 a5000002 
27.05.2021 16:03:29.049  a4000002 a4000002 
27.05.2021 16:03:29.052  a5000002 a5000002 
27.05.2021 16:03:29.976  a4000002 a5000002 
27.05.2021 16:03:29.985  a5000002 a5000002 
27.05.2021 16:03:29.988  a4000002 a5000002 
27.05.2021 16:03:29.997  a4000002 a4000002 
27.05.2021 16:03:30.003  a4000002 a5000002 
27.05.2021 16:03:30.006  a4000002 a4000002 
27.05.2021 16:03:30.090  a5000002 a5000002 
27.05.2021 16:03:30.093  a4000002 a4000002 
27.05.2021 16:03:30.096  a5000002 a5000002 
27.05.2021 16:03:30.186  a4000002 a5000002 
27.05.2021 16:03:30.201  a5000002 a5000002 
27.05.2021 16:03:30.204  a4000002 a5000002 
27.05.2021 16:03:30.207  a4000002 a4000002 
27.05.2021 16:03:30.219  a4000002 a5000002 
27.05.2021 16:03:30.222  a4000002 a4000002 
27.05.2021 16:03:30.330  a5000002 a5000002 
27.05.2021 16:03:30.345  a4000002 a4000002 
27.05.2021 16:03:30.348  a5000002 a5000002 
27.05.2021 16:03:30.621  a4000002 a5000002 
27.05.2021 16:03:30.633  a5000002 a5000002 
27.05.2021 16:03:30.636  a4000002 a5000002 
27.05.2021 16:03:30.642  a4000002 a4000002 
27.05.2021 16:03:30.651  a4000002 a5000002 
27.05.2021 16:03:30.654  a4000002 a4000002 
27.05.2021 16:03:30.735  a5000002 a5000002 
27.05.2021 16:03:30.741  a4000002 a4000002 
27.05.2021 16:03:30.744  a5000002 a5000002 
27.05.2021 16:03:30.834  a4000002 a5000002 
27.05.2021 16:03:30.849  a5000002 a5000002 
27.05.2021 16:03:30.852  a4000002 a5000002 
27.05.2021 16:03:30.855  a4000002 a4000002 
27.05.2021 16:03:30.867  a4000002 a5000002 
27.05.2021 16:03:30.870  a4000002 a4000002 
27.05.2021 16:03:30.912  a5000002 a4000002 
27.05.2021 16:03:30.921  a4000002 a4000002 
27.05.2021 16:03:30.924  a5000002 a4000002 
27.05.2021 16:03:30.963  a4000002 a4000002 
27.05.2021 16:03:30.975  a5000002 a4000002 
27.05.2021 16:03:30.978  a4000002 a4000002 
27.05.2021 16:03:31.131  a4000002 a5000002 
27.05.2021 16:03:31.137  a4000002 a4000002 
27.05.2021 16:03:31.140  a4000002 a5000002 
27.05.2021 16:03:31.212  a4000002 a4000002 
27.05.2021 16:03:31.278  a4000002 a5000002 
27.05.2021 16:03:31.281  a4000002 a4000002 
27.05.2021 16:03:31.284  a4000002 a5000002 
27.05.2021 16:03:31.338  a4000002 a4000002 
27.05.2021 16:03:31.353  a4000002 a5000002 
27.05.2021 16:03:31.356  a4000002 a4000002 
27.05.2021 16:03:31.419  a5000002 a5000002 
27.05.2021 16:03:31.425  a4000002 a4000002 
27.05.2021 16:03:31.428  a5000002 a5000002 
27.05.2021 16:03:31.500  a4000002 a5000002 
27.05.2021 16:03:31.518  a4000002 a4000002 
27.05.2021 16:03:31.533  a4000002 a5000002 
27.05.2021 16:03:31.536  a4000002 a4000002 
27.05.2021 16:03:31.629  a5000002 a5000002 
27.05.2021 16:03:31.641  a4000002 a4000002 
27.05.2021 16:03:31.644  a5000002 a5000002 
27.05.2021 16:03:31.734  a4000002 a5000002 
27.05.2021 16:03:31.749  a5000002 a5000002 
27.05.2021 16:03:31.752  a4000002 a5000002 
27.05.2021 16:03:31.755  a4000002 a4000002 
27.05.2021 16:03:31.767  a4000002 a5000002 
27.05.2021 16:03:31.770  a4000002 a4000002 
27.05.2021 16:03:31.854  a5000002 a5000002 
27.05.2021 16:03:31.857  a4000002 a4000002 
27.05.2021 16:03:31.860  a5000002 a5000002 
27.05.2021 16:03:31.950  a4000002 a5000002 
27.05.2021 16:03:31.965  a5000002 a5000002 
27.05.2021 16:03:31.968  a4000002 a5000002 
27.05.2021 16:03:31.971  a4000002 a4000002 
27.05.2021 16:03:31.983  a4000002 a5000002 
27.05.2021 16:03:31.986  a4000002 a4000002 
27.05.2021 16:03:32.082  a5000002 a5000002 
27.05.2021 16:03:32.091  a4000002 a4000002 
27.05.2021 16:03:32.094  a5000002 a5000002 
27.05.2021 16:03:32.184  a4000002 a5000002 
27.05.2021 16:03:32.199  a5000002 a5000002 
27.05.2021 16:03:32.202  a4000002 a5000002 
27.05.2021 16:03:32.205  a4000002 a4000002 
27.05.2021 16:03:32.217  a4000002 a5000002 
27.05.2021 16:03:32.220  a4000002 a4000002 
27.05.2021 16:03:32.304  a5000002 a5000002 
27.05.2021 16:03:32.307  a4000002 a4000002 
27.05.2021 16:03:32.310  a5000002 a5000002 
27.05.2021 16:03:32.400  a4000002 a5000002 
27.05.2021 16:03:32.415  a5000002 a5000002 
27.05.2021 16:03:32.418  a4000002 a5000002 
27.05.2021 16:03:32.421  a4000002 a4000002 
27.05.2021 16:03:32.433  a4000002 a5000002 
27.05.2021 16:03:32.436  a4000002 a4000002 
27.05.2021 16:03:32.589  a4000002 a5000002 
27.05.2021 16:03:32.595  a4000002 a4000002 
27.05.2021 16:03:32.598  a4000002 a5000002 
27.05.2021 16:03:32.652  a4000002 a4000002 
27.05.2021 16:03:32.667  a4000002 a5000002 
27.05.2021 16:03:32.670  a4000002 a4000002 
27.05.2021 16:03:32.928  a4000002 a5000002 
27.05.2021 16:03:32.937  a4000002 a4000002 
27.05.2021 16:03:32.940  a4000002 a5000002 
27.05.2021 16:03:33.006  a4000002 a4000002 
27.05.2021 16:03:33.009  a4000002 a5000002 
27.05.2021 16:03:33.012  a4000002 a4000002 
27.05.2021 16:03:33.141  a5000002 a4000002 
27.05.2021 16:03:33.153  a4000002 a4000002 
27.05.2021 16:03:33.156  a5000002 a4000002 
27.05.2021 16:03:33.219  a4000002 a4000002 
27.05.2021 16:03:33.225  a5000002 a4000002 
27.05.2021 16:03:33.228  a4000002 a4000002 
27.05.2021 16:03:33.417  a5000002 a5000002 
27.05.2021 16:03:33.423  a4000002 a4000002 
27.05.2021 16:03:33.426  a5000002 a5000002 
27.05.2021 16:03:33.516  a4000002 a5000002 
27.05.2021 16:03:33.531  a5000002 a5000002 
27.05.2021 16:03:33.534  a4000002 a5000002 
27.05.2021 16:03:33.537  a4000002 a4000002 
27.05.2021 16:03:33.549  a4000002 a5000002 
27.05.2021 16:03:33.552  a4000002 a4000002 
27.05.2021 16:03:33.636  a5000002 a5000002 
27.05.2021 16:03:33.639  a4000002 a4000002 
27.05.2021 16:03:33.642  a5000002 a5000002 
27.05.2021 16:03:33.732  a4000002 a5000002 
27.05.2021 16:03:33.747  a5000002 a5000002 
27.05.2021 16:03:33.750  a4000002 a5000002 
27.05.2021 16:03:33.753  a4000002 a4000002 
27.05.2021 16:03:33.765  a4000002 a5000002 
27.05.2021 16:03:33.768  a4000002 a4000002 
27.05.2021 16:03:33.861  a5000002 a5000002 
27.05.2021 16:03:33.873  a4000002 a4000002 
27.05.2021 16:03:33.876  a5000002 a5000002 
27.05.2021 16:03:33.966  a4000002 a5000002 
27.05.2021 16:03:33.981  a5000002 a5000002 
27.05.2021 16:03:33.984  a4000002 a5000002 
27.05.2021 16:03:33.987  a4000002 a4000002 
27.05.2021 16:03:33.999  a4000002 a5000002 
27.05.2021 16:03:34.002  a4000002 a4000002 
27.05.2021 16:03:34.086  a5000002 a5000002 
27.05.2021 16:03:34.089  a4000002 a4000002 
27.05.2021 16:03:34.092  a5000002 a5000002 
27.05.2021 16:03:34.182  a4000002 a5000002 
27.05.2021 16:03:34.197  a5000002 a5000002 
27.05.2021 16:03:34.200  a4000002 a5000002 
27.05.2021 16:03:34.203  a4000002 a4000002 
27.05.2021 16:03:34.215  a4000002 a5000002 
27.05.2021 16:03:34.218  a4000002 a4000002 
27.05.2021 16:03:37.212  a4000002 a5000002 
27.05.2021 16:03:37.221  a4000002 a4000002 
27.05.2021 16:03:37.224  a4000002 a5000002 
27.05.2021 16:03:37.278  a4000002 a4000002 
27.05.2021 16:03:37.293  a4000002 a5000002 
27.05.2021 16:03:37.296  a4000002 a4000002 
27.05.2021 16:04:06.736  a4000003 a4000003 
27.05.2021 16:04:06.739  a4000003 ac000003 
27.05.2021 16:04:06.742  a4000002 a4000002 
27.05.2021 16:04:06.745  a4000003 ac000003 
27.05.2021 16:04:06.757  a4000002 ac000002 
27.05.2021 16:04:06.760  a4000003 ac000003 
27.05.2021 16:04:06.763  a4000002 ac000002 
27.05.2021 16:04:06.772  a4000002 a4000002 
27.05.2021 16:04:06.778  a4000002 ac000002 
27.05.2021 16:04:06.781  a4000002 a4000002 
27.05.2021 16:04:06.862  a4000002 ac000002 
27.05.2021 16:04:06.868  a4000002 a4000002 
27.05.2021 16:04:06.871  a4000002 ac000002 
27.05.2021 16:04:06.898  a4000002 a4000002 
27.05.2021 16:04:06.904  a4000002 ac000002 
27.05.2021 16:04:06.907  a4000002 a4000002 
27.05.2021 16:04:07.024  a4000003 a4000003 
27.05.2021 16:04:07.030  a4000002 a4000002 
27.05.2021 16:04:07.033  a4000003 ac000003 
27.05.2021 16:04:07.060  a4000003 a4000003 
27.05.2021 16:04:07.066  a4000003 ac000003 
27.05.2021 16:04:07.069  a4000003 a4000003 
27.05.2021 16:04:07.171  a5000003 a5000003 
27.05.2021 16:04:07.174  a4000003 a4000003 
27.05.2021 16:04:07.177  a5000003 a5000003 
27.05.2021 16:04:07.267  a4000003 a5000003 
27.05.2021 16:04:07.282  a5000003 a5000003 
27.05.2021 16:04:07.285  a4000003 a5000003 
27.05.2021 16:04:07.288  a4000003 a4000003 
27.05.2021 16:04:07.300  a4000003 a5000003 
27.05.2021 16:04:07.303  a4000003 a4000003 
27.05.2021 16:04:07.381  a5000003 a5000003 
27.05.2021 16:04:07.390  a4000003 a4000003 
27.05.2021 16:04:07.393  a5000003 a5000003 
27.05.2021 16:04:07.483  a4000003 a5000003 
27.05.2021 16:04:07.498  a5000003 a5000003 
27.05.2021 16:04:07.501  a4000003 a5000003 
27.05.2021 16:04:07.504  a4000003 a4000003 
27.05.2021 16:04:07.516  a4000003 a5000003 
27.05.2021 16:04:07.519  a4000003 a4000003 
27.05.2021 16:05:48.200  a4000001 a4000001 
27.05.2021 16:05:48.203  24000001 24800001 
27.05.2021 16:05:48.209  a4000003 a4000003 
27.05.2021 16:05:48.212  24000001 24800001 
27.05.2021 16:05:48.218  24000001 24000001 
27.05.2021 16:05:48.227  24000001 24800001 
27.05.2021 16:05:48.230  24000001 24000001 

Servicedata V1.0 PLC:\DEBUG\SlaveStateA.service.trace created 27.05.2021 16:28:27 (local time)
hostname: hu, Software: 606421 04, built: 08.10.2014 08:59
-----------------------------------------------------------------------------------------------
                     ms  Virtual BusModule state(s)
27.05.2021 16:07:22.527  24000000 2c000000 
27.05.2021 16:07:22.542  00000000 00000000 
27.05.2021 16:07:22.545  24000000 2c000000 
27.05.2021 16:07:22.683  24000001 2c000000 
27.05.2021 16:07:22.689  24000000 2c000000 
27.05.2021 16:07:22.692  24000001 2c000000 
27.05.2021 16:07:22.695  24000001 2c000001 
27.05.2021 16:07:22.710  24000001 2c000000 
27.05.2021 16:07:22.713  24000001 2c000001 
27.05.2021 16:07:22.824  24000001 24000001 
27.05.2021 16:07:22.836  24000001 2c000001 
27.05.2021 16:07:22.839  24000001 24000001 
27.05.2021 16:07:59.821  24000002 24000002 
27.05.2021 16:07:59.824  a4000002 a4000002 
27.05.2021 16:07:59.830  24000001 24000001 
27.05.2021 16:07:59.833  a4000002 a4000002 
27.05.2021 16:08:00.235  a4000002 a5000002 
27.05.2021 16:08:00.244  a4000002 a4000002 
27.05.2021 16:08:00.247  a4000002 a5000002 
27.05.2021 16:08:00.301  a4000002 a4000002 
27.05.2021 16:08:00.316  a4000002 a5000002 
27.05.2021 16:08:00.319  a4000002 a4000002 
27.05.2021 16:08:00.439  a5000002 a5000002 
27.05.2021 16:08:00.442  a4000002 a4000002 
27.05.2021 16:08:00.445  a5000002 a5000002 
27.05.2021 16:08:00.523  a4000002 a5000002 
27.05.2021 16:08:00.532  a5000002 a5000002 
27.05.2021 16:08:00.535  a4000002 a5000002 
27.05.2021 16:08:00.544  a4000002 a4000002 
27.05.2021 16:08:00.550  a4000002 a5000002 
27.05.2021 16:08:00.553  a4000002 a4000002 
27.05.2021 16:08:03.634  a5000002 a5000002 
27.05.2021 16:08:03.646  a4000002 a4000002 
27.05.2021 16:08:03.649  a5000002 a5000002 
27.05.2021 16:08:03.727  a4000002 a5000002 
27.05.2021 16:08:03.736  a5000002 a5000002 
27.05.2021 16:08:03.739  a4000002 a5000002 
27.05.2021 16:08:03.748  a4000002 a4000002 
27.05.2021 16:08:03.754  a4000002 a5000002 
27.05.2021 16:08:03.757  a4000002 a4000002 
27.05.2021 16:08:03.847  a5000002 a5000002 
27.05.2021 16:08:03.862  a4000002 a4000002 
27.05.2021 16:08:03.865  a5000002 a5000002 
27.05.2021 16:08:03.955  a4000002 a5000002 
27.05.2021 16:08:03.970  a5000002 a5000002 
27.05.2021 16:08:03.973  a4000002 a5000002 
27.05.2021 16:08:03.976  a4000002 a4000002 
27.05.2021 16:08:03.988  a4000002 a5000002 
27.05.2021 16:08:03.991  a4000002 a4000002 
27.05.2021 16:08:04.066  a5000002 a5000002 
27.05.2021 16:08:04.078  a4000002 a4000002 
27.05.2021 16:08:04.081  a5000002 a5000002 
27.05.2021 16:08:04.159  a4000002 a5000002 
27.05.2021 16:08:04.168  a5000002 a5000002 
27.05.2021 16:08:04.171  a4000002 a5000002 
27.05.2021 16:08:04.180  a4000002 a4000002 
27.05.2021 16:08:04.186  a4000002 a5000002 
27.05.2021 16:08:04.189  a4000002 a4000002 
27.05.2021 16:08:04.282  a5000002 a5000002 
27.05.2021 16:08:04.294  a4000002 a4000002 
27.05.2021 16:08:04.297  a5000002 a5000002 
27.05.2021 16:08:04.375  a4000002 a5000002 
27.05.2021 16:08:04.384  a5000002 a5000002 
27.05.2021 16:08:04.387  a4000002 a5000002 
27.05.2021 16:08:04.396  a4000002 a4000002 
27.05.2021 16:08:04.402  a4000002 a5000002 
27.05.2021 16:08:04.405  a4000002 a4000002 
27.05.2021 16:08:04.501  a5000002 a5000002 
27.05.2021 16:08:04.510  a4000002 a4000002 
27.05.2021 16:08:04.513  a5000002 a5000002 
27.05.2021 16:08:04.615  a4000002 a5000002 
27.05.2021 16:08:04.618  a5000002 a5000002 
27.05.2021 16:08:04.621  a4000002 a5000002 
27.05.2021 16:08:04.639  a4000002 a4000002 
27.05.2021 16:08:04.753  a5000002 a5000002 
27.05.2021 16:08:04.762  a4000002 a4000002 
27.05.2021 16:08:04.765  a5000002 a5000002 
27.05.2021 16:08:04.873  a4000002 a5000002 
27.05.2021 16:08:04.891  a4000002 a4000002 
27.05.2021 16:08:04.999  a5000002 a5000002 
27.05.2021 16:08:05.089  a4000002 a5000002 
27.05.2021 16:08:05.104  a5000002 a5000002 
27.05.2021 16:08:05.107  a4000002 a5000002 
27.05.2021 16:08:05.110  a4000002 a4000002 
27.05.2021 16:08:05.122  a4000002 a5000002 
27.05.2021 16:08:05.125  a4000002 a4000002 
27.05.2021 16:08:05.215  a4000002 a5000002 
27.05.2021 16:08:05.221  a5000002 a5000002 
27.05.2021 16:08:05.230  a4000002 a4000002 
27.05.2021 16:08:05.233  a5000002 a5000002 
27.05.2021 16:08:05.323  a4000002 a5000002 
27.05.2021 16:08:05.338  a5000002 a5000002 
27.05.2021 16:08:05.341  a4000002 a5000002 
27.05.2021 16:08:05.344  a4000002 a4000002 
27.05.2021 16:08:05.356  a4000002 a5000002 
27.05.2021 16:08:05.359  a4000002 a4000002 
27.05.2021 16:08:05.431  a5000002 a5000002 
27.05.2021 16:08:06.355  a4000002 a5000002 
27.05.2021 16:08:06.364  a5000002 a5000002 
27.05.2021 16:08:06.367  a4000002 a5000002 
27.05.2021 16:08:06.376  a4000002 a4000002 
27.05.2021 16:08:06.382  a4000002 a5000002 
27.05.2021 16:08:06.385  a4000002 a4000002 
27.05.2021 16:08:06.466  a5000002 a5000002 
27.05.2021 16:08:06.472  a4000002 a4000002 
27.05.2021 16:08:06.475  a5000002 a5000002 
27.05.2021 16:08:06.565  a4000002 a5000002 
27.05.2021 16:08:06.580  a5000002 a5000002 
27.05.2021 16:08:06.583  a4000002 a5000002 
27.05.2021 16:08:06.586  a4000002 a4000002 
27.05.2021 16:08:06.598  a4000002 a5000002 
27.05.2021 16:08:06.601  a4000002 a4000002 
27.05.2021 16:08:06.709  a5000002 a5000002 
27.05.2021 16:08:06.997  a4000002 a5000002 
27.05.2021 16:08:07.012  a5000002 a5000002 
27.05.2021 16:08:07.015  a4000002 a5000002 
27.05.2021 16:08:07.018  a4000002 a4000002 
27.05.2021 16:08:07.030  a4000002 a5000002 
27.05.2021 16:08:07.033  a4000002 a4000002 
27.05.2021 16:08:07.108  a5000002 a5000002 
27.05.2021 16:08:07.120  a4000002 a4000002 
27.05.2021 16:08:07.123  a5000002 a5000002 
27.05.2021 16:08:07.213  a4000002 a5000002 
27.05.2021 16:08:07.228  a5000002 a5000002 
27.05.2021 16:08:07.231  a4000002 a5000002 
27.05.2021 16:08:07.234  a4000002 a4000002 
27.05.2021 16:08:07.246  a4000002 a5000002 
27.05.2021 16:08:07.249  a4000002 a4000002 
27.05.2021 16:08:07.291  a5000002 a4000002 
27.05.2021 16:08:07.300  a4000002 a4000002 
27.05.2021 16:08:07.303  a5000002 a4000002 
27.05.2021 16:08:07.339  a4000002 a4000002 
27.05.2021 16:08:07.354  a5000002 a4000002 
27.05.2021 16:08:07.357  a4000002 a4000002 
27.05.2021 16:08:07.507  a4000002 a5000002 
27.05.2021 16:08:07.516  a4000002 a4000002 
27.05.2021 16:08:07.519  a4000002 a5000002 
27.05.2021 16:08:07.585  a4000002 a4000002 
27.05.2021 16:08:07.588  a4000002 a5000002 
27.05.2021 16:08:07.591  a4000002 a4000002 
27.05.2021 16:08:07.654  a4000002 a5000002 
27.05.2021 16:08:07.660  a4000002 a4000002 
27.05.2021 16:08:07.663  a4000002 a5000002 
27.05.2021 16:08:07.717  a4000002 a4000002 
27.05.2021 16:08:07.732  a4000002 a5000002 
27.05.2021 16:08:07.735  a4000002 a4000002 
27.05.2021 16:08:07.795  a5000002 a5000002 
27.05.2021 16:08:07.804  a4000002 a4000002 
27.05.2021 16:08:07.807  a5000002 a5000002 
27.05.2021 16:08:07.879  a4000002 a5000002 
27.05.2021 16:08:07.897  a4000002 a4000002 
27.05.2021 16:08:07.912  a4000002 a5000002 
27.05.2021 16:08:07.915  a4000002 a4000002 
27.05.2021 16:08:08.005  a5000002 a5000002 
27.05.2021 16:08:08.020  a4000002 a4000002 
27.05.2021 16:08:08.023  a5000002 a5000002 
27.05.2021 16:08:08.113  a4000002 a5000002 
27.05.2021 16:08:08.128  a5000002 a5000002 
27.05.2021 16:08:08.131  a4000002 a5000002 
27.05.2021 16:08:08.134  a4000002 a4000002 
27.05.2021 16:08:08.146  a4000002 a5000002 
27.05.2021 16:08:08.149  a4000002 a4000002 
27.05.2021 16:08:08.233  a5000002 a5000002 
27.05.2021 16:08:08.236  a4000002 a4000002 
27.05.2021 16:08:08.239  a5000002 a5000002 
27.05.2021 16:08:08.329  a4000002 a5000002 
27.05.2021 16:08:08.344  a5000002 a5000002 
27.05.2021 16:08:08.347  a4000002 a5000002 
27.05.2021 16:08:08.350  a4000002 a4000002 
27.05.2021 16:08:08.362  a4000002 a5000002 
27.05.2021 16:08:08.365  a4000002 a4000002 
27.05.2021 16:08:08.620  a5000002 a5000002 
27.05.2021 16:08:08.632  a4000002 a4000002 
27.05.2021 16:08:08.635  a5000002 a5000002 
27.05.2021 16:08:08.725  a4000002 a5000002 
27.05.2021 16:08:08.740  a5000002 a5000002 
27.05.2021 16:08:08.743  a4000002 a5000002 
27.05.2021 16:08:08.746  a4000002 a4000002 
27.05.2021 16:08:08.758  a4000002 a5000002 
27.05.2021 16:08:08.761  a4000002 a4000002 
27.05.2021 16:08:08.845  a5000002 a5000002 
27.05.2021 16:08:08.848  a4000002 a4000002 
27.05.2021 16:08:08.851  a5000002 a5000002 
27.05.2021 16:08:08.941  a4000002 a5000002 
27.05.2021 16:08:08.956  a5000002 a5000002 
27.05.2021 16:08:08.959  a4000002 a5000002 
27.05.2021 16:08:08.962  a4000002 a4000002 
27.05.2021 16:08:08.974  a4000002 a5000002 
27.05.2021 16:08:08.977  a4000002 a4000002 
27.05.2021 16:08:09.145  a4000002 a5000002 
27.05.2021 16:08:09.154  a4000002 a4000002 
27.05.2021 16:08:09.157  a4000002 a5000002 
27.05.2021 16:08:09.211  a4000002 a4000002 
27.05.2021 16:08:09.226  a4000002 a5000002 
27.05.2021 16:08:09.229  a4000002 a4000002 
27.05.2021 16:08:09.454  a4000002 a5000002 
27.05.2021 16:08:09.460  a4000002 a4000002 
27.05.2021 16:08:09.463  a4000002 a5000002 
27.05.2021 16:08:09.529  a4000002 a4000002 
27.05.2021 16:08:09.532  a4000002 a5000002 
27.05.2021 16:08:09.535  a4000002 a4000002 
27.05.2021 16:08:09.667  a5000002 a4000002 
27.05.2021 16:08:09.676  a4000002 a4000002 
27.05.2021 16:08:09.679  a5000002 a4000002 
27.05.2021 16:08:09.745  a4000002 a4000002 
27.05.2021 16:08:09.748  a5000002 a4000002 
27.05.2021 16:08:09.751  a4000002 a4000002 
27.05.2021 16:08:09.952  a5000002 a5000002 
27.05.2021 16:08:09.964  a4000002 a4000002 
27.05.2021 16:08:09.967  a5000002 a5000002 
27.05.2021 16:08:10.057  a4000002 a5000002 
27.05.2021 16:08:10.072  a5000002 a5000002 
27.05.2021 16:08:10.075  a4000002 a5000002 
27.05.2021 16:08:10.078  a4000002 a4000002 
27.05.2021 16:08:10.090  a4000002 a5000002 
27.05.2021 16:08:10.093  a4000002 a4000002 
27.05.2021 16:08:10.183  a5000002 a5000002 
27.05.2021 16:08:10.198  a4000002 a4000002 
27.05.2021 16:08:10.201  a5000002 a5000002 
27.05.2021 16:08:10.291  a4000002 a5000002 
27.05.2021 16:08:10.306  a5000002 a5000002 
27.05.2021 16:08:10.309  a4000002 a5000002 
27.05.2021 16:08:10.312  a4000002 a4000002 
27.05.2021 16:08:10.324  a4000002 a5000002 
27.05.2021 16:08:10.327  a4000002 a4000002 
27.05.2021 16:08:10.420  a5000002 a5000002 
27.05.2021 16:08:10.432  a4000002 a4000002 
27.05.2021 16:08:10.435  a5000002 a5000002 
27.05.2021 16:08:10.525  a4000002 a5000002 
27.05.2021 16:08:10.540  a5000002 a5000002 
27.05.2021 16:08:10.543  a4000002 a5000002 
27.05.2021 16:08:10.546  a4000002 a4000002 
27.05.2021 16:08:10.558  a4000002 a5000002 
27.05.2021 16:08:10.561  a4000002 a4000002 
27.05.2021 16:08:10.645  a5000002 a5000002 
27.05.2021 16:08:10.648  a4000002 a4000002 
27.05.2021 16:08:10.651  a5000002 a5000002 
27.05.2021 16:08:10.744  a4000002 a5000002 
27.05.2021 16:08:10.756  a5000002 a5000002 
27.05.2021 16:08:10.759  a4000002 a5000002 
27.05.2021 16:08:10.762  a4000002 a4000002 
27.05.2021 16:08:10.774  a4000002 a5000002 
27.05.2021 16:08:10.777  a4000002 a4000002 
27.05.2021 16:08:13.948  a4000002 a5000002 
27.05.2021 16:08:13.960  a4000002 a4000002 
27.05.2021 16:08:13.963  a4000002 a5000002 
27.05.2021 16:08:14.017  a4000002 a4000002 
27.05.2021 16:08:14.032  a4000002 a5000002 
27.05.2021 16:08:14.035  a4000002 a4000002 
27.05.2021 16:08:17.266  a4000003 a4000003 
27.05.2021 16:08:17.269  a4000003 ac000003 
27.05.2021 16:08:17.272  a4000002 a4000002 
27.05.2021 16:08:17.275  a4000003 ac000003 
27.05.2021 16:08:17.296  a4000002 ac000002 
27.05.2021 16:08:17.302  a4000002 a4000002 
27.05.2021 16:08:17.308  a4000003 ac000003 
27.05.2021 16:08:17.311  a4000002 a4000002 
27.05.2021 16:08:17.401  a4000002 ac000002 
27.05.2021 16:08:17.416  a4000002 a4000002 
27.05.2021 16:08:17.419  a4000002 ac000002 
27.05.2021 16:08:17.446  a4000002 a4000002 
27.05.2021 16:08:17.452  a4000002 ac000002 
27.05.2021 16:08:17.455  a4000002 a4000002 
27.05.2021 16:08:17.536  a4000003 a4000003 
27.05.2021 16:08:17.542  a4000002 a4000002 
27.05.2021 16:08:17.545  a4000003 ac000003 
27.05.2021 16:08:17.572  a4000003 a4000003 
27.05.2021 16:08:17.578  a4000003 ac000003 
27.05.2021 16:08:17.581  a4000003 a4000003 
27.05.2021 16:08:17.683  a5000003 a5000003 
27.05.2021 16:08:17.686  a4000003 a4000003 
27.05.2021 16:08:17.689  a5000003 a5000003 
27.05.2021 16:08:17.779  a4000003 a5000003 
27.05.2021 16:08:17.794  a5000003 a5000003 
27.05.2021 16:08:17.797  a4000003 a5000003 
27.05.2021 16:08:17.800  a4000003 a4000003 
27.05.2021 16:08:17.812  a4000003 a5000003 
27.05.2021 16:08:17.815  a4000003 a4000003 
27.05.2021 16:08:17.893  a5000003 a5000003 
27.05.2021 16:08:17.902  a4000003 a4000003 
27.05.2021 16:08:17.905  a5000003 a5000003 
27.05.2021 16:08:17.995  a4000003 a5000003 
27.05.2021 16:08:18.010  a5000003 a5000003 
27.05.2021 16:08:18.013  a4000003 a5000003 
27.05.2021 16:08:18.016  a4000003 a4000003 
27.05.2021 16:08:18.028  a4000003 a5000003 
27.05.2021 16:08:18.031  a4000003 a4000003 
27.05.2021 16:28:10.118  a4000002 a4000002 
27.05.2021 16:28:10.124  a4000002 ac000002 
27.05.2021 16:28:10.127  a4000003 a4000003 
27.05.2021 16:28:10.130  a4000002 ac000002 
27.05.2021 16:28:10.157  a4000002 a4000002 
27.05.2021 16:28:10.163  a4000002 ac000002 
27.05.2021 16:28:10.166  a4000002 a4000002 

Servicedata V1.0 PLC:\DEBUG\SlaveStateA.service.trace created 27.05.2021 16:36:43 (local time)
hostname: hu, Software: 606421 04, built: 08.10.2014 08:59
-----------------------------------------------------------------------------------------------
                     ms  Virtual BusModule state(s)
27.05.2021 16:29:06.072  24000000 2c000000 
27.05.2021 16:29:06.225  24000001 2c000000 
27.05.2021 16:29:06.237  24000000 2c000000 
27.05.2021 16:29:06.240  24000001 2c000001 
27.05.2021 16:29:06.366  24000001 24000001 
27.05.2021 16:29:06.384  24000001 2c000001 
27.05.2021 16:29:06.387  24000001 24000001 
27.05.2021 16:29:17.664  24000002 24000002 
27.05.2021 16:29:17.667  a4000002 a4000002 
27.05.2021 16:29:17.673  24000001 24000001 
27.05.2021 16:29:17.676  a4000002 a4000002 
27.05.2021 16:29:17.910  a4000002 a5000002 
27.05.2021 16:29:17.970  a4000002 a4000002 
27.05.2021 16:29:17.979  a4000002 a5000002 
27.05.2021 16:29:17.982  a4000002 a4000002 
27.05.2021 16:29:18.102  a5000002 a5000002 
27.05.2021 16:29:18.105  a4000002 a4000002 
27.05.2021 16:29:18.108  a5000002 a5000002 
27.05.2021 16:29:18.186  a4000002 a5000002 
27.05.2021 16:29:18.195  a5000002 a5000002 
27.05.2021 16:29:18.198  a4000002 a5000002 
27.05.2021 16:29:18.207  a4000002 a4000002 
27.05.2021 16:29:18.213  a4000002 a5000002 
27.05.2021 16:29:18.216  a4000002 a4000002 
27.05.2021 16:29:21.297  a5000002 a5000002 
27.05.2021 16:29:21.309  a4000002 a4000002 
27.05.2021 16:29:21.312  a5000002 a5000002 
27.05.2021 16:29:21.390  a4000002 a5000002 
27.05.2021 16:29:21.399  a5000002 a5000002 
27.05.2021 16:29:21.402  a4000002 a5000002 
27.05.2021 16:29:21.411  a4000002 a4000002 
27.05.2021 16:29:21.417  a4000002 a5000002 
27.05.2021 16:29:21.420  a4000002 a4000002 
27.05.2021 16:29:21.516  a5000002 a5000002 
27.05.2021 16:29:21.525  a4000002 a4000002 
27.05.2021 16:29:21.528  a5000002 a5000002 
27.05.2021 16:29:21.627  a4000002 a5000002 
27.05.2021 16:29:21.633  a5000002 a5000002 
27.05.2021 16:29:21.636  a4000002 a5000002 
27.05.2021 16:29:21.645  a4000002 a4000002 
27.05.2021 16:29:21.651  a4000002 a5000002 
27.05.2021 16:29:21.654  a4000002 a4000002 
27.05.2021 16:29:21.744  a5000002 a5000002 
27.05.2021 16:29:21.825  a4000002 a5000002 
27.05.2021 16:29:21.831  a5000002 a5000002 
27.05.2021 16:29:21.834  a4000002 a5000002 
27.05.2021 16:29:21.843  a4000002 a4000002 
27.05.2021 16:29:21.849  a4000002 a5000002 
27.05.2021 16:29:21.852  a4000002 a4000002 
27.05.2021 16:29:21.945  a5000002 a5000002 
27.05.2021 16:29:21.957  a4000002 a4000002 
27.05.2021 16:29:21.960  a5000002 a5000002 
27.05.2021 16:29:22.161  a4000002 a5000002 
27.05.2021 16:29:22.173  a5000002 a5000002 
27.05.2021 16:29:22.176  a4000002 a5000002 
27.05.2021 16:29:22.182  a4000002 a4000002 
27.05.2021 16:29:22.191  a4000002 a5000002 
27.05.2021 16:29:22.194  a4000002 a4000002 
27.05.2021 16:29:22.287  a5000002 a5000002 
27.05.2021 16:29:22.299  a4000002 a4000002 
27.05.2021 16:29:22.302  a5000002 a5000002 
27.05.2021 16:29:22.404  a4000002 a5000002 
27.05.2021 16:29:22.407  a5000002 a5000002 
27.05.2021 16:29:22.410  a4000002 a5000002 
27.05.2021 16:29:22.428  a4000002 a4000002 
27.05.2021 16:29:22.542  a5000002 a5000002 
27.05.2021 16:29:22.551  a4000002 a4000002 
27.05.2021 16:29:22.554  a5000002 a5000002 
27.05.2021 16:29:22.656  a4000002 a5000002 
27.05.2021 16:29:22.659  a5000002 a5000002 
27.05.2021 16:29:22.662  a4000002 a5000002 
27.05.2021 16:29:22.680  a4000002 a4000002 
27.05.2021 16:29:22.771  a5000002 a5000002 
27.05.2021 16:29:22.785  a4000002 a4000002 
27.05.2021 16:29:22.788  a5000002 a5000002 
27.05.2021 16:29:22.878  a4000002 a5000002 
27.05.2021 16:29:22.893  a5000002 a5000002 
27.05.2021 16:29:22.896  a4000002 a5000002 
27.05.2021 16:29:22.899  a4000002 a4000002 
27.05.2021 16:29:22.911  a4000002 a5000002 
27.05.2021 16:29:22.914  a4000002 a4000002 
27.05.2021 16:29:23.004  a4000002 a5000002 
27.05.2021 16:29:23.010  a5000002 a5000002 
27.05.2021 16:29:23.019  a4000002 a4000002 
27.05.2021 16:29:23.022  a5000002 a5000002 
27.05.2021 16:29:23.112  a4000002 a5000002 
27.05.2021 16:29:23.127  a5000002 a5000002 
27.05.2021 16:29:23.130  a4000002 a5000002 
27.05.2021 16:29:23.133  a4000002 a4000002 
27.05.2021 16:29:23.145  a4000002 a5000002 
27.05.2021 16:29:23.148  a4000002 a4000002 
27.05.2021 16:29:23.220  a5000002 a5000002 
27.05.2021 16:29:24.144  a4000002 a5000002 
27.05.2021 16:29:24.153  a5000002 a5000002 
27.05.2021 16:29:24.156  a4000002 a5000002 
27.05.2021 16:29:24.165  a4000002 a4000002 
27.05.2021 16:29:24.172  a4000002 a5000002 
27.05.2021 16:29:24.174  a4000002 a4000002 
27.05.2021 16:29:24.258  a5000002 a5000002 
27.05.2021 16:29:24.262  a4000002 a4000002 
27.05.2021 16:29:24.264  a5000002 a5000002 
27.05.2021 16:29:24.354  a4000002 a5000002 
27.05.2021 16:29:24.369  a5000002 a5000002 
27.05.2021 16:29:24.372  a4000002 a5000002 
27.05.2021 16:29:24.375  a4000002 a4000002 
27.05.2021 16:29:24.387  a4000002 a5000002 
27.05.2021 16:29:24.390  a4000002 a4000002 
27.05.2021 16:29:24.499  a5000002 a5000002 
27.05.2021 16:29:24.759  a4000002 a5000002 
27.05.2021 16:29:24.765  a5000002 a5000002 
27.05.2021 16:29:24.768  a4000002 a5000002 
27.05.2021 16:29:24.777  a4000002 a4000002 
27.05.2021 16:29:24.784  a4000002 a5000002 
27.05.2021 16:29:24.786  a4000002 a4000002 
27.05.2021 16:29:24.876  a5000002 a5000002 
27.05.2021 16:29:24.891  a4000002 a4000002 
27.05.2021 16:29:24.895  a5000002 a5000002 
27.05.2021 16:29:24.984  a4000002 a5000002 
27.05.2021 16:29:24.999  a5000002 a5000002 
27.05.2021 16:29:25.002  a4000002 a5000002 
27.05.2021 16:29:25.005  a4000002 a4000002 
27.05.2021 16:29:25.017  a4000002 a5000002 
27.05.2021 16:29:25.020  a4000002 a4000002 
27.05.2021 16:29:25.065  a5000002 a4000002 
27.05.2021 16:29:25.071  a4000002 a4000002 
27.05.2021 16:29:25.075  a5000002 a4000002 
27.05.2021 16:29:25.113  a4000002 a4000002 
27.05.2021 16:29:25.125  a5000002 a4000002 
27.05.2021 16:29:25.128  a4000002 a4000002 
27.05.2021 16:29:25.296  a4000002 a5000002 
27.05.2021 16:29:25.305  a4000002 a4000002 
27.05.2021 16:29:25.309  a4000002 a5000002 
27.05.2021 16:29:25.374  a4000002 a4000002 
27.05.2021 16:29:25.377  a4000002 a5000002 
27.05.2021 16:29:25.381  a4000002 a4000002 
27.05.2021 16:29:25.443  a4000002 a5000002 
27.05.2021 16:29:25.449  a4000002 a4000002 
27.05.2021 16:29:25.453  a4000002 a5000002 
27.05.2021 16:29:25.506  a4000002 a4000002 
27.05.2021 16:29:25.521  a4000002 a5000002 
27.05.2021 16:29:25.524  a4000002 a4000002 
27.05.2021 16:29:25.584  a5000002 a5000002 
27.05.2021 16:29:25.593  a4000002 a4000002 
27.05.2021 16:29:25.597  a5000002 a5000002 
27.05.2021 16:29:25.669  a4000002 a5000002 
27.05.2021 16:29:25.686  a4000002 a4000002 
27.05.2021 16:29:25.701  a4000002 a5000002 
27.05.2021 16:29:25.704  a4000002 a4000002 
27.05.2021 16:29:25.797  a5000002 a5000002 
27.05.2021 16:29:25.809  a4000002 a4000002 
27.05.2021 16:29:25.813  a5000002 a5000002 
27.05.2021 16:29:25.902  a4000002 a5000002 
27.05.2021 16:29:25.917  a5000002 a5000002 
27.05.2021 16:29:25.921  a4000002 a5000002 
27.05.2021 16:29:25.924  a4000002 a4000002 
27.05.2021 16:29:25.935  a4000002 a5000002 
27.05.2021 16:29:25.938  a4000002 a4000002 
27.05.2021 16:29:26.022  a5000002 a5000002 
27.05.2021 16:29:26.025  a4000002 a4000002 
27.05.2021 16:29:26.029  a5000002 a5000002 
27.05.2021 16:29:26.119  a4000002 a5000002 
27.05.2021 16:29:26.133  a5000002 a5000002 
27.05.2021 16:29:26.136  a4000002 a5000002 
27.05.2021 16:29:26.140  a4000002 a4000002 
27.05.2021 16:29:26.151  a4000002 a5000002 
27.05.2021 16:29:26.154  a4000002 a4000002 
27.05.2021 16:29:26.250  a5000002 a5000002 
27.05.2021 16:29:26.259  a4000002 a4000002 
27.05.2021 16:29:26.263  a5000002 a5000002 
27.05.2021 16:29:26.352  a4000002 a5000002 
27.05.2021 16:29:26.367  a5000002 a5000002 
27.05.2021 16:29:26.370  a4000002 a5000002 
27.05.2021 16:29:26.374  a4000002 a4000002 
27.05.2021 16:29:26.385  a4000002 a5000002 
27.05.2021 16:29:26.388  a4000002 a4000002 
27.05.2021 16:29:26.472  a5000002 a5000002 
27.05.2021 16:29:26.475  a4000002 a4000002 
27.05.2021 16:29:26.479  a5000002 a5000002 
27.05.2021 16:29:26.569  a4000002 a5000002 
27.05.2021 16:29:26.583  a5000002 a5000002 
27.05.2021 16:29:26.587  a4000002 a5000002 
27.05.2021 16:29:26.590  a4000002 a4000002 
27.05.2021 16:29:26.601  a4000002 a5000002 
27.05.2021 16:29:26.604  a4000002 a4000002 
27.05.2021 16:29:26.754  a4000002 a5000002 
27.05.2021 16:29:26.763  a4000002 a4000002 
27.05.2021 16:29:26.767  a4000002 a5000002 
27.05.2021 16:29:26.820  a4000002 a4000002 
27.05.2021 16:29:26.835  a4000002 a5000002 
27.05.2021 16:29:26.839  a4000002 a4000002 
27.05.2021 16:29:27.289  a4000002 a5000002 
27.05.2021 16:29:27.354  a4000002 a4000002 
27.05.2021 16:29:27.358  a4000002 a5000002 
27.05.2021 16:29:27.361  a4000002 a4000002 
27.05.2021 16:29:27.517  a5000002 a4000002 
27.05.2021 16:29:27.520  a4000002 a4000002 
27.05.2021 16:29:27.523  a5000002 a4000002 
27.05.2021 16:29:27.598  a4000002 a4000002 
27.05.2021 16:29:27.610  a5000002 a4000002 
27.05.2021 16:29:27.613  a4000002 a4000002 
27.05.2021 16:29:27.793  a5000002 a5000002 
27.05.2021 16:29:27.808  a4000002 a4000002 
27.05.2021 16:29:27.811  a5000002 a5000002 
27.05.2021 16:29:27.901  a4000002 a5000002 
27.05.2021 16:29:27.916  a5000002 a5000002 
27.05.2021 16:29:27.919  a4000002 a5000002 
27.05.2021 16:29:27.922  a4000002 a4000002 
27.05.2021 16:29:27.934  a4000002 a5000002 
27.05.2021 16:29:27.937  a4000002 a4000002 
27.05.2021 16:29:28.021  a5000002 a5000002 
27.05.2021 16:29:28.024  a4000002 a4000002 
27.05.2021 16:29:28.027  a5000002 a5000002 
27.05.2021 16:29:28.117  a4000002 a5000002 
27.05.2021 16:29:28.132  a5000002 a5000002 
27.05.2021 16:29:28.135  a4000002 a5000002 
27.05.2021 16:29:28.138  a4000002 a4000002 
27.05.2021 16:29:28.150  a4000002 a5000002 
27.05.2021 16:29:28.153  a4000002 a4000002 
27.05.2021 16:29:28.246  a5000002 a5000002 
27.05.2021 16:29:28.258  a4000002 a4000002 
27.05.2021 16:29:28.261  a5000002 a5000002 
27.05.2021 16:29:28.351  a4000002 a5000002 
27.05.2021 16:29:28.366  a5000002 a5000002 
27.05.2021 16:29:28.369  a4000002 a5000002 
27.05.2021 16:29:28.372  a4000002 a4000002 
27.05.2021 16:29:28.384  a4000002 a5000002 
27.05.2021 16:29:28.387  a4000002 a4000002 
27.05.2021 16:29:28.471  a5000002 a5000002 
27.05.2021 16:29:28.474  a4000002 a4000002 
27.05.2021 16:29:28.477  a5000002 a5000002 
27.05.2021 16:29:28.567  a4000002 a5000002 
27.05.2021 16:29:28.582  a5000002 a5000002 
27.05.2021 16:29:28.585  a4000002 a5000002 
27.05.2021 16:29:28.588  a4000002 a4000002 
27.05.2021 16:29:28.600  a4000002 a5000002 
27.05.2021 16:29:28.603  a4000002 a4000002 
27.05.2021 16:29:31.501  a4000002 a5000002 
27.05.2021 16:29:31.555  a4000002 a4000002 
27.05.2021 16:29:31.570  a4000002 a5000002 
27.05.2021 16:29:31.573  a4000002 a4000002 
27.05.2021 16:29:50.482  a4000003 a4000003 
27.05.2021 16:29:50.485  a4000003 ac000003 
27.05.2021 16:29:50.488  a4000002 a4000002 
27.05.2021 16:29:50.491  a4000003 ac000003 
27.05.2021 16:29:50.515  a4000002 ac000002 
27.05.2021 16:29:50.518  a4000002 a4000002 
27.05.2021 16:29:50.524  a4000003 ac000003 
27.05.2021 16:29:50.527  a4000002 a4000002 
27.05.2021 16:29:50.620  a4000002 ac000002 
27.05.2021 16:29:50.632  a4000002 a4000002 
27.05.2021 16:29:50.635  a4000002 ac000002 
27.05.2021 16:29:50.662  a4000002 a4000002 
27.05.2021 16:29:50.668  a4000002 ac000002 
27.05.2021 16:29:50.671  a4000002 a4000002 
27.05.2021 16:29:50.770  a4000003 a4000003 
27.05.2021 16:29:50.776  a4000002 a4000002 
27.05.2021 16:29:50.779  a4000003 ac000003 
27.05.2021 16:29:50.806  a4000003 a4000003 
27.05.2021 16:29:50.812  a4000003 ac000003 
27.05.2021 16:29:50.815  a4000003 a4000003 
27.05.2021 16:29:50.923  a5000003 a5000003 
27.05.2021 16:29:50.938  a4000003 a4000003 
27.05.2021 16:29:50.941  a5000003 a5000003 
27.05.2021 16:29:51.031  a4000003 a5000003 
27.05.2021 16:29:51.046  a5000003 a5000003 
27.05.2021 16:29:51.049  a4000003 a5000003 
27.05.2021 16:29:51.052  a4000003 a4000003 
27.05.2021 16:29:51.064  a4000003 a5000003 
27.05.2021 16:29:51.067  a4000003 a4000003 
27.05.2021 16:29:51.145  a5000003 a5000003 
27.05.2021 16:29:51.154  a4000003 a4000003 
27.05.2021 16:29:51.157  a5000003 a5000003 
27.05.2021 16:29:51.250  a4000003 a5000003 
27.05.2021 16:29:51.262  a5000003 a5000003 
27.05.2021 16:29:51.265  a4000003 a5000003 
27.05.2021 16:29:51.268  a4000003 a4000003 
27.05.2021 16:29:51.280  a4000003 a5000003 
27.05.2021 16:29:51.283  a4000003 a4000003 

Servicedata V1.0 PLC:\DEBUG\SlaveStateA.service.trace created 27.05.2021 17:24:57 (local time)
hostname: hu, Software: 606421 04, built: 08.10.2014 08:59
-----------------------------------------------------------------------------------------------
                     ms  Virtual BusModule state(s)
27.05.2021 16:47:45.073  24000000 2c000000 
27.05.2021 16:47:45.085  00000000 00000000 
27.05.2021 16:47:45.088  24000000 2c000000 
27.05.2021 16:47:45.235  24000001 2c000000 
27.05.2021 16:47:45.244  24000001 2c000001 
27.05.2021 16:47:45.253  24000001 2c000000 
27.05.2021 16:47:45.256  24000001 2c000001 
27.05.2021 16:47:45.373  24000001 24000001 
27.05.2021 16:47:45.379  24000001 2c000001 
27.05.2021 16:47:45.382  24000001 24000001 
27.05.2021 16:48:17.713  24000002 24000002 
27.05.2021 16:48:17.716  a4000002 a4000002 
27.05.2021 16:48:17.722  24000001 24000001 
27.05.2021 16:48:17.725  a4000002 a4000002 
27.05.2021 16:48:17.959  a4000002 a5000002 
27.05.2021 16:48:18.016  a4000002 a4000002 
27.05.2021 16:48:18.028  a4000002 a5000002 
27.05.2021 16:48:18.031  a4000002 a4000002 
27.05.2021 16:48:18.151  a5000002 a5000002 
27.05.2021 16:48:18.154  a4000002 a4000002 
27.05.2021 16:48:18.157  a5000002 a5000002 
27.05.2021 16:48:18.238  a4000002 a5000002 
27.05.2021 16:48:18.244  a5000002 a5000002 
27.05.2021 16:48:18.247  a4000002 a5000002 
27.05.2021 16:48:18.256  a4000002 a4000002 
27.05.2021 16:48:18.262  a4000002 a5000002 
27.05.2021 16:48:18.265  a4000002 a4000002 
27.05.2021 16:48:21.346  a5000002 a5000002 
27.05.2021 16:48:21.358  a4000002 a4000002 
27.05.2021 16:48:21.361  a5000002 a5000002 
27.05.2021 16:48:21.442  a4000002 a5000002 
27.05.2021 16:48:21.448  a5000002 a5000002 
27.05.2021 16:48:21.451  a4000002 a5000002 
27.05.2021 16:48:21.460  a4000002 a4000002 
27.05.2021 16:48:21.466  a4000002 a5000002 
27.05.2021 16:48:21.469  a4000002 a4000002 
27.05.2021 16:48:21.568  a5000002 a5000002 
27.05.2021 16:48:21.574  a4000002 a4000002 
27.05.2021 16:48:21.577  a5000002 a5000002 
27.05.2021 16:48:21.676  a4000002 a5000002 
27.05.2021 16:48:21.682  a5000002 a5000002 
27.05.2021 16:48:21.685  a4000002 a5000002 
27.05.2021 16:48:21.697  a4000002 a4000002 
27.05.2021 16:48:21.700  a4000002 a5000002 
27.05.2021 16:48:21.703  a4000002 a4000002 
27.05.2021 16:48:21.787  a5000002 a5000002 
27.05.2021 16:48:21.790  a4000002 a4000002 
27.05.2021 16:48:21.793  a5000002 a5000002 
27.05.2021 16:48:21.871  a4000002 a5000002 
27.05.2021 16:48:21.880  a5000002 a5000002 
27.05.2021 16:48:21.883  a4000002 a5000002 
27.05.2021 16:48:21.892  a4000002 a4000002 
27.05.2021 16:48:21.898  a4000002 a5000002 
27.05.2021 16:48:21.901  a4000002 a4000002 
27.05.2021 16:48:22.009  a5000002 a5000002 
27.05.2021 16:48:22.189  a4000002 a5000002 
27.05.2021 16:48:22.204  a5000002 a5000002 
27.05.2021 16:48:22.207  a4000002 a5000002 
27.05.2021 16:48:22.210  a4000002 a4000002 
27.05.2021 16:48:22.222  a4000002 a5000002 
27.05.2021 16:48:22.225  a4000002 a4000002 
27.05.2021 16:48:22.315  a5000002 a5000002 
27.05.2021 16:48:22.330  a4000002 a4000002 
27.05.2021 16:48:22.333  a5000002 a5000002 
27.05.2021 16:48:22.435  a4000002 a5000002 
27.05.2021 16:48:22.438  a5000002 a5000002 
27.05.2021 16:48:22.441  a4000002 a5000002 
27.05.2021 16:48:22.459  a4000002 a4000002 
27.05.2021 16:48:22.573  a5000002 a5000002 
27.05.2021 16:48:22.582  a4000002 a4000002 
27.05.2021 16:48:22.585  a5000002 a5000002 
27.05.2021 16:48:22.687  a4000002 a5000002 
27.05.2021 16:48:22.690  a5000002 a5000002 
27.05.2021 16:48:22.693  a4000002 a5000002 
27.05.2021 16:48:22.711  a4000002 a4000002 
27.05.2021 16:48:22.801  a5000002 a5000002 
27.05.2021 16:48:22.816  a4000002 a4000002 
27.05.2021 16:48:22.819  a5000002 a5000002 
27.05.2021 16:48:22.909  a4000002 a5000002 
27.05.2021 16:48:22.924  a5000002 a5000002 
27.05.2021 16:48:22.927  a4000002 a5000002 
27.05.2021 16:48:22.930  a4000002 a4000002 
27.05.2021 16:48:22.942  a4000002 a5000002 
27.05.2021 16:48:22.945  a4000002 a4000002 
27.05.2021 16:48:23.035  a4000002 a5000002 
27.05.2021 16:48:23.041  a5000002 a5000002 
27.05.2021 16:48:23.050  a4000002 a4000002 
27.05.2021 16:48:23.053  a5000002 a5000002 
27.05.2021 16:48:23.143  a4000002 a5000002 
27.05.2021 16:48:23.158  a5000002 a5000002 
27.05.2021 16:48:23.161  a4000002 a5000002 
27.05.2021 16:48:23.164  a4000002 a4000002 
27.05.2021 16:48:23.176  a4000002 a5000002 
27.05.2021 16:48:23.179  a4000002 a4000002 
27.05.2021 16:48:23.251  a5000002 a5000002 
27.05.2021 16:48:23.266  a4000002 a4000002 
27.05.2021 16:48:23.269  a5000002 a5000002 
27.05.2021 16:48:24.190  a4000002 a5000002 
27.05.2021 16:48:24.202  a5000002 a5000002 
27.05.2021 16:48:24.205  a4000002 a5000002 
27.05.2021 16:48:24.214  a4000002 a4000002 
27.05.2021 16:48:24.220  a4000002 a5000002 
27.05.2021 16:48:24.223  a4000002 a4000002 
27.05.2021 16:48:24.313  a5000002 a5000002 
27.05.2021 16:48:24.406  a4000002 a5000002 
27.05.2021 16:48:24.418  a5000002 a5000002 
27.05.2021 16:48:24.421  a4000002 a5000002 
27.05.2021 16:48:24.424  a4000002 a4000002 
27.05.2021 16:48:24.436  a4000002 a5000002 
27.05.2021 16:48:24.439  a4000002 a4000002 
27.05.2021 16:48:24.547  a5000002 a5000002 
27.05.2021 16:48:24.562  a4000002 a4000002 
27.05.2021 16:48:24.565  a5000002 a5000002 
27.05.2021 16:48:24.838  a4000002 a5000002 
27.05.2021 16:48:24.850  a5000002 a5000002 
27.05.2021 16:48:24.853  a4000002 a5000002 
27.05.2021 16:48:24.859  a4000002 a4000002 
27.05.2021 16:48:24.868  a4000002 a5000002 
27.05.2021 16:48:24.871  a4000002 a4000002 
27.05.2021 16:48:24.949  a5000002 a5000002 
27.05.2021 16:48:24.958  a4000002 a4000002 
27.05.2021 16:48:24.961  a5000002 a5000002 
27.05.2021 16:48:25.051  a4000002 a5000002 
27.05.2021 16:48:25.066  a5000002 a5000002 
27.05.2021 16:48:25.069  a4000002 a5000002 
27.05.2021 16:48:25.072  a4000002 a4000002 
27.05.2021 16:48:25.084  a4000002 a5000002 
27.05.2021 16:48:25.087  a4000002 a4000002 
27.05.2021 16:48:25.129  a5000002 a4000002 
27.05.2021 16:48:25.138  a4000002 a4000002 
27.05.2021 16:48:25.141  a5000002 a4000002 
27.05.2021 16:48:25.177  a4000002 a4000002 
27.05.2021 16:48:25.192  a5000002 a4000002 
27.05.2021 16:48:25.195  a4000002 a4000002 
27.05.2021 16:48:25.348  a4000002 a5000002 
27.05.2021 16:48:25.354  a4000002 a4000002 
27.05.2021 16:48:25.357  a4000002 a5000002 
27.05.2021 16:48:25.429  a4000002 a4000002 
27.05.2021 16:48:25.495  a4000002 a5000002 
27.05.2021 16:48:25.498  a4000002 a4000002 
27.05.2021 16:48:25.501  a4000002 a5000002 
27.05.2021 16:48:25.555  a4000002 a4000002 
27.05.2021 16:48:25.570  a4000002 a5000002 
27.05.2021 16:48:25.573  a4000002 a4000002 
27.05.2021 16:48:25.636  a5000002 a5000002 
27.05.2021 16:48:25.642  a4000002 a4000002 
27.05.2021 16:48:25.645  a5000002 a5000002 
27.05.2021 16:48:25.711  a4000002 a5000002 
27.05.2021 16:48:25.714  a5000002 a5000002 
27.05.2021 16:48:25.717  a4000002 a5000002 
27.05.2021 16:48:25.735  a4000002 a4000002 
27.05.2021 16:48:25.750  a4000002 a5000002 
27.05.2021 16:48:25.753  a4000002 a4000002 
27.05.2021 16:48:25.849  a5000002 a5000002 
27.05.2021 16:48:25.858  a4000002 a4000002 
27.05.2021 16:48:25.861  a5000002 a5000002 
27.05.2021 16:48:25.951  a4000002 a5000002 
27.05.2021 16:48:25.966  a5000002 a5000002 
27.05.2021 16:48:25.969  a4000002 a5000002 
27.05.2021 16:48:25.972  a4000002 a4000002 
27.05.2021 16:48:25.984  a4000002 a5000002 
27.05.2021 16:48:25.987  a4000002 a4000002 
27.05.2021 16:48:26.071  a5000002 a5000002 
27.05.2021 16:48:26.074  a4000002 a4000002 
27.05.2021 16:48:26.077  a5000002 a5000002 
27.05.2021 16:48:26.167  a4000002 a5000002 
27.05.2021 16:48:26.182  a5000002 a5000002 
27.05.2021 16:48:26.185  a4000002 a5000002 
27.05.2021 16:48:26.188  a4000002 a4000002 
27.05.2021 16:48:26.200  a4000002 a5000002 
27.05.2021 16:48:26.203  a4000002 a4000002 
27.05.2021 16:48:26.458  a5000002 a5000002 
27.05.2021 16:48:26.470  a4000002 a4000002 
27.05.2021 16:48:26.473  a5000002 a5000002 
27.05.2021 16:48:26.563  a4000002 a5000002 
27.05.2021 16:48:26.578  a5000002 a5000002 
27.05.2021 16:48:26.581  a4000002 a5000002 
27.05.2021 16:48:26.584  a4000002 a4000002 
27.05.2021 16:48:26.596  a4000002 a5000002 
27.05.2021 16:48:26.599  a4000002 a4000002 
27.05.2021 16:48:26.683  a5000002 a5000002 
27.05.2021 16:48:26.686  a4000002 a4000002 
27.05.2021 16:48:26.689  a5000002 a5000002 
27.05.2021 16:48:26.779  a4000002 a5000002 
27.05.2021 16:48:26.794  a5000002 a5000002 
27.05.2021 16:48:26.797  a4000002 a5000002 
27.05.2021 16:48:26.800  a4000002 a4000002 
27.05.2021 16:48:26.812  a4000002 a5000002 
27.05.2021 16:48:26.815  a4000002 a4000002 
27.05.2021 16:48:27.004  a4000002 a5000002 
27.05.2021 16:48:27.010  a4000002 a4000002 
27.05.2021 16:48:27.013  a4000002 a5000002 
27.05.2021 16:48:27.067  a4000002 a4000002 
27.05.2021 16:48:27.082  a4000002 a5000002 
27.05.2021 16:48:27.085  a4000002 a4000002 
27.05.2021 16:48:27.295  a4000002 a5000002 
27.05.2021 16:48:27.298  a4000002 a4000002 
27.05.2021 16:48:27.301  a4000002 a5000002 
27.05.2021 16:48:27.367  a4000002 a4000002 
27.05.2021 16:48:27.370  a4000002 a5000002 
27.05.2021 16:48:27.373  a4000002 a4000002 
27.05.2021 16:48:27.508  a5000002 a4000002 
27.05.2021 16:48:27.514  a4000002 a4000002 
27.05.2021 16:48:27.517  a5000002 a4000002 
27.05.2021 16:48:27.589  a4000002 a4000002 
27.05.2021 16:48:27.787  a5000002 a5000002 
27.05.2021 16:48:27.877  a4000002 a5000002 
27.05.2021 16:48:27.892  a5000002 a5000002 
27.05.2021 16:48:27.895  a4000002 a5000002 
27.05.2021 16:48:27.898  a4000002 a4000002 
27.05.2021 16:48:27.910  a4000002 a5000002 
27.05.2021 16:48:27.913  a4000002 a4000002 
27.05.2021 16:48:27.997  a5000002 a5000002 
27.05.2021 16:48:28.000  a4000002 a4000002 
27.05.2021 16:48:28.003  a5000002 a5000002 
27.05.2021 16:48:28.093  a4000002 a5000002 
27.05.2021 16:48:28.108  a5000002 a5000002 
27.05.2021 16:48:28.111  a4000002 a5000002 
27.05.2021 16:48:28.114  a4000002 a4000002 
27.05.2021 16:48:28.126  a4000002 a5000002 
27.05.2021 16:48:28.129  a4000002 a4000002 
27.05.2021 16:48:28.222  a5000002 a5000002 
27.05.2021 16:48:28.234  a4000002 a4000002 
27.05.2021 16:48:28.237  a5000002 a5000002 
27.05.2021 16:48:28.327  a4000002 a5000002 
27.05.2021 16:48:28.342  a5000002 a5000002 
27.05.2021 16:48:28.345  a4000002 a5000002 
27.05.2021 16:48:28.348  a4000002 a4000002 
27.05.2021 16:48:28.360  a4000002 a5000002 
27.05.2021 16:48:28.363  a4000002 a4000002 
27.05.2021 16:48:28.447  a5000002 a5000002 
27.05.2021 16:48:28.450  a4000002 a4000002 
27.05.2021 16:48:28.453  a5000002 a5000002 
27.05.2021 16:48:28.543  a4000002 a5000002 
27.05.2021 16:48:28.558  a5000002 a5000002 
27.05.2021 16:48:28.561  a4000002 a5000002 
27.05.2021 16:48:28.564  a4000002 a4000002 
27.05.2021 16:48:28.576  a4000002 a5000002 
27.05.2021 16:48:28.579  a4000002 a4000002 
27.05.2021 16:48:31.639  a4000002 a5000002 
27.05.2021 16:48:31.654  a4000002 a4000002 
27.05.2021 16:48:31.657  a4000002 a5000002 
27.05.2021 16:48:31.711  a4000002 a4000002 
27.05.2021 16:48:31.726  a4000002 a5000002 
27.05.2021 16:48:31.729  a4000002 a4000002 
27.05.2021 16:48:50.135  a4000003 a4000003 
27.05.2021 16:48:50.141  a4000002 a4000002 
27.05.2021 16:48:50.144  a4000003 ac000003 
27.05.2021 16:48:50.171  a4000002 a4000002 
27.05.2021 16:48:50.177  a4000003 ac000003 
27.05.2021 16:48:50.180  a4000002 a4000002 
27.05.2021 16:48:50.273  a4000002 ac000002 
27.05.2021 16:48:50.285  a4000002 a4000002 
27.05.2021 16:48:50.288  a4000002 ac000002 
27.05.2021 16:48:50.315  a4000002 a4000002 
27.05.2021 16:48:50.321  a4000002 ac000002 
27.05.2021 16:48:50.324  a4000002 a4000002 
27.05.2021 16:48:50.426  a4000003 a4000003 
27.05.2021 16:48:50.429  a4000002 a4000002 
27.05.2021 16:48:50.432  a4000003 ac000003 
27.05.2021 16:48:50.459  a4000003 a4000003 
27.05.2021 16:48:50.465  a4000003 ac000003 
27.05.2021 16:48:50.468  a4000003 a4000003 
27.05.2021 16:48:50.570  a5000003 a5000003 
27.05.2021 16:48:50.573  a4000003 a4000003 
27.05.2021 16:48:50.576  a5000003 a5000003 
27.05.2021 16:48:50.666  a4000003 a5000003 
27.05.2021 16:48:50.681  a5000003 a5000003 
27.05.2021 16:48:50.684  a4000003 a5000003 
27.05.2021 16:48:50.687  a4000003 a4000003 
27.05.2021 16:48:50.699  a4000003 a5000003 
27.05.2021 16:48:50.702  a4000003 a4000003 
27.05.2021 16:48:50.780  a5000003 a5000003 
27.05.2021 16:48:50.789  a4000003 a4000003 
27.05.2021 16:48:50.792  a5000003 a5000003 
27.05.2021 16:48:50.885  a4000003 a5000003 
27.05.2021 16:48:50.897  a5000003 a5000003 
27.05.2021 16:48:50.900  a4000003 a5000003 
27.05.2021 16:48:50.903  a4000003 a4000003 
27.05.2021 16:48:50.915  a4000003 a5000003 
27.05.2021 16:48:50.918  a4000003 a4000003 
27.05.2021 16:50:52.905  a4000002 a4000002 
27.05.2021 16:50:52.914  a4000002 ac000002 
27.05.2021 16:50:52.920  a4000003 a4000003 
27.05.2021 16:50:52.923  a4000002 ac000002 
27.05.2021 16:50:52.950  a4000002 a4000002 
27.05.2021 16:50:52.956  a4000002 ac000002 
27.05.2021 16:50:52.959  a4000002 a4000002 
27.05.2021 16:56:50.398  a4000003 a4000003 
27.05.2021 16:56:50.401  a4000003 ac000003 
27.05.2021 16:56:50.404  a4000002 a4000002 
27.05.2021 16:56:50.407  a4000003 ac000003 
27.05.2021 16:56:50.434  a4000003 a4000003 
27.05.2021 16:56:50.440  a4000003 ac000003 
27.05.2021 16:56:50.443  a4000003 a4000003 
27.05.2021 17:24:41.540  a4000002 a4000002 
27.05.2021 17:24:41.543  a4000003 a4000003 
27.05.2021 17:24:41.546  a4000002 a4000002 
27.05.2021 17:24:41.549  a4000002 ac000002 
27.05.2021 17:24:41.561  a4000002 a4000002 
27.05.2021 17:24:41.564  a4000002 ac000002 
27.05.2021 17:24:41.591  a4000002 a4000002 
27.05.2021 17:24:41.597  a4000002 ac000002 
27.05.2021 17:24:41.600  a4000002 a4000002 

Servicedata V1.0 PLC:\DEBUG\SlaveStateA.service.trace created 27.05.2021 18:34:52 (local time)
hostname: hu, Software: 606421 04, built: 08.10.2014 08:59
-----------------------------------------------------------------------------------------------
                     ms  Virtual BusModule state(s)
27.05.2021 17:45:08.627  24000000 2c000000 
27.05.2021 17:45:08.783  24000001 2c000000 
27.05.2021 17:45:08.792  24000000 2c000000 
27.05.2021 17:45:08.795  24000001 2c000001 
27.05.2021 17:45:08.921  24000001 24000001 
27.05.2021 17:45:08.939  24000001 2c000001 
27.05.2021 17:45:08.942  24000001 24000001 
27.05.2021 17:45:19.622  24000002 24000002 
27.05.2021 17:45:19.625  a4000002 a4000002 
27.05.2021 17:45:19.631  24000001 24000001 
27.05.2021 17:45:19.634  a4000002 a4000002 
27.05.2021 17:45:19.886  a4000002 a5000002 
27.05.2021 17:45:19.943  a4000002 a4000002 
27.05.2021 17:45:19.955  a4000002 a5000002 
27.05.2021 17:45:19.958  a4000002 a4000002 
27.05.2021 17:45:20.084  a5000002 a5000002 
27.05.2021 17:45:20.099  a4000002 a4000002 
27.05.2021 17:45:20.102  a5000002 a5000002 
27.05.2021 17:45:20.180  a4000002 a5000002 
27.05.2021 17:45:20.189  a5000002 a5000002 
27.05.2021 17:45:20.192  a4000002 a5000002 
27.05.2021 17:45:20.201  a4000002 a4000002 
27.05.2021 17:45:20.207  a4000002 a5000002 
27.05.2021 17:45:20.210  a4000002 a4000002 
27.05.2021 17:45:23.291  a5000002 a5000002 
27.05.2021 17:45:23.303  a4000002 a4000002 
27.05.2021 17:45:23.306  a5000002 a5000002 
27.05.2021 17:45:23.384  a4000002 a5000002 
27.05.2021 17:45:23.393  a5000002 a5000002 
27.05.2021 17:45:23.396  a4000002 a5000002 
27.05.2021 17:45:23.405  a4000002 a4000002 
27.05.2021 17:45:23.411  a4000002 a5000002 
27.05.2021 17:45:23.414  a4000002 a4000002 
27.05.2021 17:45:23.495  a5000002 a5000002 
27.05.2021 17:45:23.501  a4000002 a4000002 
27.05.2021 17:45:23.504  a5000002 a5000002 
27.05.2021 17:45:23.603  a4000002 a5000002 
27.05.2021 17:45:23.609  a5000002 a5000002 
27.05.2021 17:45:23.612  a4000002 a5000002 
27.05.2021 17:45:23.624  a4000002 a4000002 
27.05.2021 17:45:23.627  a4000002 a5000002 
27.05.2021 17:45:23.630  a4000002 a4000002 
27.05.2021 17:45:23.714  a5000002 a5000002 
27.05.2021 17:45:23.717  a4000002 a4000002 
27.05.2021 17:45:23.720  a5000002 a5000002 
27.05.2021 17:45:23.798  a4000002 a5000002 
27.05.2021 17:45:23.807  a5000002 a5000002 
27.05.2021 17:45:23.810  a4000002 a5000002 
27.05.2021 17:45:23.819  a4000002 a4000002 
27.05.2021 17:45:23.825  a4000002 a5000002 
27.05.2021 17:45:23.828  a4000002 a4000002 
27.05.2021 17:45:23.945  a5000002 a5000002 
27.05.2021 17:45:23.951  a4000002 a4000002 
27.05.2021 17:45:23.954  a5000002 a5000002 
27.05.2021 17:45:24.032  a4000002 a5000002 
27.05.2021 17:45:24.041  a5000002 a5000002 
27.05.2021 17:45:24.044  a4000002 a5000002 
27.05.2021 17:45:24.053  a4000002 a4000002 
27.05.2021 17:45:24.059  a4000002 a5000002 
27.05.2021 17:45:24.062  a4000002 a4000002 
27.05.2021 17:45:24.158  a5000002 a5000002 
27.05.2021 17:45:24.167  a4000002 a4000002 
27.05.2021 17:45:24.170  a5000002 a5000002 
27.05.2021 17:45:24.281  a4000002 a5000002 
27.05.2021 17:45:24.293  a5000002 a5000002 
27.05.2021 17:45:24.296  a4000002 a5000002 
27.05.2021 17:45:24.299  a4000002 a4000002 
27.05.2021 17:45:24.311  a4000002 a5000002 
27.05.2021 17:45:24.314  a4000002 a4000002 
27.05.2021 17:45:24.413  a5000002 a5000002 
27.05.2021 17:45:24.419  a4000002 a4000002 
27.05.2021 17:45:24.422  a5000002 a5000002 
27.05.2021 17:45:24.530  a4000002 a5000002 
27.05.2021 17:45:24.548  a4000002 a4000002 
27.05.2021 17:45:24.638  a5000002 a5000002 
27.05.2021 17:45:24.653  a4000002 a4000002 
27.05.2021 17:45:24.656  a5000002 a5000002 
27.05.2021 17:45:24.746  a4000002 a5000002 
27.05.2021 17:45:24.761  a5000002 a5000002 
27.05.2021 17:45:24.764  a4000002 a5000002 
27.05.2021 17:45:24.767  a4000002 a4000002 
27.05.2021 17:45:24.779  a4000002 a5000002 
27.05.2021 17:45:24.782  a4000002 a4000002 
27.05.2021 17:45:24.872  a4000002 a5000002 
27.05.2021 17:45:24.878  a5000002 a5000002 
27.05.2021 17:45:24.887  a4000002 a4000002 
27.05.2021 17:45:24.890  a5000002 a5000002 
27.05.2021 17:45:24.980  a4000002 a5000002 
27.05.2021 17:45:24.995  a5000002 a5000002 
27.05.2021 17:45:24.998  a4000002 a5000002 
27.05.2021 17:45:25.001  a4000002 a4000002 
27.05.2021 17:45:25.013  a4000002 a5000002 
27.05.2021 17:45:25.016  a4000002 a4000002 
27.05.2021 17:45:25.088  a5000002 a5000002 
27.05.2021 17:45:26.012  a4000002 a5000002 
27.05.2021 17:45:26.021  a5000002 a5000002 
27.05.2021 17:45:26.024  a4000002 a5000002 
27.05.2021 17:45:26.033  a4000002 a4000002 
27.05.2021 17:45:26.039  a4000002 a5000002 
27.05.2021 17:45:26.042  a4000002 a4000002 
27.05.2021 17:45:26.126  a5000002 a5000002 
27.05.2021 17:45:26.129  a4000002 a4000002 
27.05.2021 17:45:26.132  a5000002 a5000002 
27.05.2021 17:45:26.222  a4000002 a5000002 
27.05.2021 17:45:26.237  a5000002 a5000002 
27.05.2021 17:45:26.240  a4000002 a5000002 
27.05.2021 17:45:26.243  a4000002 a4000002 
27.05.2021 17:45:26.255  a4000002 a5000002 
27.05.2021 17:45:26.258  a4000002 a4000002 
27.05.2021 17:45:26.354  a5000002 a5000002 
27.05.2021 17:45:26.363  a4000002 a4000002 
27.05.2021 17:45:26.366  a5000002 a5000002 
27.05.2021 17:45:26.645  a4000002 a5000002 
27.05.2021 17:45:26.651  a5000002 a5000002 
27.05.2021 17:45:26.654  a4000002 a5000002 
27.05.2021 17:45:26.666  a4000002 a4000002 
27.05.2021 17:45:26.669  a4000002 a5000002 
27.05.2021 17:45:26.672  a4000002 a4000002 
27.05.2021 17:45:26.762  a5000002 a5000002 
27.05.2021 17:45:26.855  a4000002 a5000002 
27.05.2021 17:45:26.867  a5000002 a5000002 
27.05.2021 17:45:26.870  a4000002 a5000002 
27.05.2021 17:45:26.876  a4000002 a4000002 
27.05.2021 17:45:26.885  a4000002 a5000002 
27.05.2021 17:45:26.888  a4000002 a4000002 
27.05.2021 17:45:26.933  a5000002 a4000002 
27.05.2021 17:45:26.939  a4000002 a4000002 
27.05.2021 17:45:26.942  a5000002 a4000002 
27.05.2021 17:45:26.981  a4000002 a4000002 
27.05.2021 17:45:26.993  a5000002 a4000002 
27.05.2021 17:45:26.996  a4000002 a4000002 
27.05.2021 17:45:27.158  a4000002 a5000002 
27.05.2021 17:45:27.203  a4000002 a4000002 
27.05.2021 17:45:27.209  a4000002 a5000002 
27.05.2021 17:45:27.212  a4000002 a4000002 
27.05.2021 17:45:27.272  a4000002 a5000002 
27.05.2021 17:45:27.281  a4000002 a4000002 
27.05.2021 17:45:27.284  a4000002 a5000002 
27.05.2021 17:45:27.338  a4000002 a4000002 
27.05.2021 17:45:27.353  a4000002 a5000002 
27.05.2021 17:45:27.356  a4000002 a4000002 
27.05.2021 17:45:27.419  a5000002 a5000002 
27.05.2021 17:45:27.425  a4000002 a4000002 
27.05.2021 17:45:27.428  a5000002 a5000002 
27.05.2021 17:45:27.500  a4000002 a5000002 
27.05.2021 17:45:27.518  a4000002 a4000002 
27.05.2021 17:45:27.533  a4000002 a5000002 
27.05.2021 17:45:27.536  a4000002 a4000002 
27.05.2021 17:45:27.629  a5000002 a5000002 
27.05.2021 17:45:27.641  a4000002 a4000002 
27.05.2021 17:45:27.644  a5000002 a5000002 
27.05.2021 17:45:27.734  a4000002 a5000002 
27.05.2021 17:45:27.749  a5000002 a5000002 
27.05.2021 17:45:27.752  a4000002 a5000002 
27.05.2021 17:45:27.755  a4000002 a4000002 
27.05.2021 17:45:27.767  a4000002 a5000002 
27.05.2021 17:45:27.770  a4000002 a4000002 
27.05.2021 17:45:27.854  a5000002 a5000002 
27.05.2021 17:45:27.857  a4000002 a4000002 
27.05.2021 17:45:27.860  a5000002 a5000002 
27.05.2021 17:45:27.950  a4000002 a5000002 
27.05.2021 17:45:27.965  a5000002 a5000002 
27.05.2021 17:45:27.968  a4000002 a5000002 
27.05.2021 17:45:27.971  a4000002 a4000002 
27.05.2021 17:45:27.983  a4000002 a5000002 
27.05.2021 17:45:27.986  a4000002 a4000002 
27.05.2021 17:45:28.082  a5000002 a5000002 
27.05.2021 17:45:28.091  a4000002 a4000002 
27.05.2021 17:45:28.094  a5000002 a5000002 
27.05.2021 17:45:28.184  a4000002 a5000002 
27.05.2021 17:45:28.199  a5000002 a5000002 
27.05.2021 17:45:28.202  a4000002 a5000002 
27.05.2021 17:45:28.205  a4000002 a4000002 
27.05.2021 17:45:28.217  a4000002 a5000002 
27.05.2021 17:45:28.220  a4000002 a4000002 
27.05.2021 17:45:28.304  a5000002 a5000002 
27.05.2021 17:45:28.307  a4000002 a4000002 
27.05.2021 17:45:28.310  a5000002 a5000002 
27.05.2021 17:45:28.400  a4000002 a5000002 
27.05.2021 17:45:28.415  a5000002 a5000002 
27.05.2021 17:45:28.418  a4000002 a5000002 
27.05.2021 17:45:28.421  a4000002 a4000002 
27.05.2021 17:45:28.433  a4000002 a5000002 
27.05.2021 17:45:28.436  a4000002 a4000002 
27.05.2021 17:45:28.583  a4000002 a5000002 
27.05.2021 17:45:28.595  a4000002 a4000002 
27.05.2021 17:45:28.598  a4000002 a5000002 
27.05.2021 17:45:28.652  a4000002 a4000002 
27.05.2021 17:45:28.667  a4000002 a5000002 
27.05.2021 17:45:28.670  a4000002 a4000002 
27.05.2021 17:45:28.892  a4000002 a5000002 
27.05.2021 17:45:28.901  a4000002 a4000002 
27.05.2021 17:45:28.904  a4000002 a5000002 
27.05.2021 17:45:28.982  a4000002 a4000002 
27.05.2021 17:45:28.991  a4000002 a5000002 
27.05.2021 17:45:28.994  a4000002 a4000002 
27.05.2021 17:45:29.138  a5000002 a4000002 
27.05.2021 17:45:29.213  a4000002 a4000002 
27.05.2021 17:45:29.225  a5000002 a4000002 
27.05.2021 17:45:29.228  a4000002 a4000002 
27.05.2021 17:45:29.411  a5000002 a5000002 
27.05.2021 17:45:29.423  a4000002 a4000002 
27.05.2021 17:45:29.426  a5000002 a5000002 
27.05.2021 17:45:29.516  a4000002 a5000002 
27.05.2021 17:45:29.531  a5000002 a5000002 
27.05.2021 17:45:29.534  a4000002 a5000002 
27.05.2021 17:45:29.537  a4000002 a4000002 
27.05.2021 17:45:29.549  a4000002 a5000002 
27.05.2021 17:45:29.552  a4000002 a4000002 
27.05.2021 17:45:29.636  a5000002 a5000002 
27.05.2021 17:45:29.639  a4000002 a4000002 
27.05.2021 17:45:29.642  a5000002 a5000002 
27.05.2021 17:45:29.732  a4000002 a5000002 
27.05.2021 17:45:29.747  a5000002 a5000002 
27.05.2021 17:45:29.750  a4000002 a5000002 
27.05.2021 17:45:29.753  a4000002 a4000002 
27.05.2021 17:45:29.765  a4000002 a5000002 
27.05.2021 17:45:29.768  a4000002 a4000002 
27.05.2021 17:45:29.861  a5000002 a5000002 
27.05.2021 17:45:29.873  a4000002 a4000002 
27.05.2021 17:45:29.876  a5000002 a5000002 
27.05.2021 17:45:29.966  a4000002 a5000002 
27.05.2021 17:45:29.981  a5000002 a5000002 
27.05.2021 17:45:29.984  a4000002 a5000002 
27.05.2021 17:45:29.987  a4000002 a4000002 
27.05.2021 17:45:29.999  a4000002 a5000002 
27.05.2021 17:45:30.002  a4000002 a4000002 
27.05.2021 17:45:30.086  a5000002 a5000002 
27.05.2021 17:45:30.089  a4000002 a4000002 
27.05.2021 17:45:30.092  a5000002 a5000002 
27.05.2021 17:45:30.185  a4000002 a5000002 
27.05.2021 17:45:30.197  a5000002 a5000002 
27.05.2021 17:45:30.200  a4000002 a5000002 
27.05.2021 17:45:30.203  a4000002 a4000002 
27.05.2021 17:45:30.215  a4000002 a5000002 
27.05.2021 17:45:30.218  a4000002 a4000002 
27.05.2021 17:45:33.146  a4000002 a5000002 
27.05.2021 17:45:33.149  a4000002 a4000002 
27.05.2021 17:45:33.152  a4000002 a5000002 
27.05.2021 17:45:33.206  a4000002 a4000002 
27.05.2021 17:45:33.221  a4000002 a5000002 
27.05.2021 17:45:33.224  a4000002 a4000002 
27.05.2021 17:45:33.269  a4000003 a4000003 
27.05.2021 17:45:33.272  a4000003 ac000003 
27.05.2021 17:45:33.275  a4000002 a4000002 
27.05.2021 17:45:33.278  a4000003 ac000003 
27.05.2021 17:45:33.305  a4000002 a4000002 
27.05.2021 17:45:33.311  a4000003 ac000003 
27.05.2021 17:45:33.314  a4000002 a4000002 
27.05.2021 17:45:33.410  a4000002 ac000002 
27.05.2021 17:45:33.419  a4000002 a4000002 
27.05.2021 17:45:33.422  a4000002 ac000002 
27.05.2021 17:45:33.449  a4000002 a4000002 
27.05.2021 17:45:33.455  a4000002 ac000002 
27.05.2021 17:45:33.458  a4000002 a4000002 
27.05.2021 17:45:34.223  a4000003 a4000003 
27.05.2021 17:45:34.226  a4000003 ac000003 
27.05.2021 17:45:34.229  a4000002 a4000002 
27.05.2021 17:45:34.232  a4000003 ac000003 
27.05.2021 17:45:34.259  a4000003 a4000003 
27.05.2021 17:45:34.265  a4000003 ac000003 
27.05.2021 17:45:34.268  a4000003 a4000003 
27.05.2021 17:45:34.442  a5000003 a5000003 
27.05.2021 17:45:34.445  a4000003 a4000003 
27.05.2021 17:45:34.448  a5000003 a5000003 
27.05.2021 17:45:34.538  a4000003 a5000003 
27.05.2021 17:45:34.553  a5000003 a5000003 
27.05.2021 17:45:34.556  a4000003 a5000003 
27.05.2021 17:45:34.559  a4000003 a4000003 
27.05.2021 17:45:34.571  a4000003 a5000003 
27.05.2021 17:45:34.574  a4000003 a4000003 
27.05.2021 17:45:34.652  a5000003 a5000003 
27.05.2021 17:45:34.661  a4000003 a4000003 
27.05.2021 17:45:34.664  a5000003 a5000003 
27.05.2021 17:45:34.754  a4000003 a5000003 
27.05.2021 17:45:34.769  a5000003 a5000003 
27.05.2021 17:45:34.772  a4000003 a5000003 
27.05.2021 17:45:34.775  a4000003 a4000003 
27.05.2021 17:45:34.787  a4000003 a5000003 
27.05.2021 17:45:34.790  a4000003 a4000003 

Servicedata V1.0 PLC:\DEBUG\SlaveStateA.service.trace created 27.05.2021 18:56:10 (local time)
hostname: hu, Software: 606421 04, built: 08.10.2014 08:59
-----------------------------------------------------------------------------------------------
                     ms  Virtual BusModule state(s)
27.05.2021 18:35:31.417  24000000 2c000000 
27.05.2021 18:35:31.420  00000000 00000000 
27.05.2021 18:35:31.423  24000000 2c000000 
27.05.2021 18:35:31.576  24000001 2c000000 
27.05.2021 18:35:31.585  24000001 2c000001 
27.05.2021 18:35:31.588  24000000 2c000000 
27.05.2021 18:35:31.591  24000001 2c000001 
27.05.2021 18:35:31.717  24000001 24000001 
27.05.2021 18:35:58.804  24000002 24000002 
27.05.2021 18:35:58.807  a4000002 a4000002 
27.05.2021 18:35:58.813  24000001 24000001 
27.05.2021 18:35:58.816  a4000002 a4000002 
27.05.2021 18:35:59.035  a4000002 a5000002 
27.05.2021 18:35:59.047  a4000002 a4000002 
27.05.2021 18:35:59.050  a4000002 a5000002 
27.05.2021 18:35:59.104  a4000002 a4000002 
27.05.2021 18:35:59.119  a4000002 a5000002 
27.05.2021 18:35:59.122  a4000002 a4000002 
27.05.2021 18:35:59.236  a5000002 a5000002 
27.05.2021 18:35:59.245  a4000002 a4000002 
27.05.2021 18:35:59.248  a5000002 a5000002 
27.05.2021 18:35:59.326  a4000002 a5000002 
27.05.2021 18:35:59.335  a5000002 a5000002 
27.05.2021 18:35:59.338  a4000002 a5000002 
27.05.2021 18:35:59.347  a4000002 a4000002 
27.05.2021 18:35:59.353  a4000002 a5000002 
27.05.2021 18:35:59.356  a4000002 a4000002 
27.05.2021 18:36:02.437  a5000002 a5000002 
27.05.2021 18:36:02.449  a4000002 a4000002 
27.05.2021 18:36:02.452  a5000002 a5000002 
27.05.2021 18:36:02.530  a4000002 a5000002 
27.05.2021 18:36:02.539  a5000002 a5000002 
27.05.2021 18:36:02.542  a4000002 a5000002 
27.05.2021 18:36:02.551  a4000002 a4000002 
27.05.2021 18:36:02.557  a4000002 a5000002 
27.05.2021 18:36:02.560  a4000002 a4000002 
27.05.2021 18:36:02.650  a5000002 a5000002 
27.05.2021 18:36:02.758  a4000002 a5000002 
27.05.2021 18:36:02.776  a4000002 a4000002 
27.05.2021 18:36:02.791  a4000002 a5000002 
27.05.2021 18:36:02.794  a4000002 a4000002 
27.05.2021 18:36:02.866  a5000002 a5000002 
27.05.2021 18:36:02.881  a4000002 a4000002 
27.05.2021 18:36:02.884  a5000002 a5000002 
27.05.2021 18:36:02.962  a4000002 a5000002 
27.05.2021 18:36:02.971  a5000002 a5000002 
27.05.2021 18:36:02.974  a4000002 a5000002 
27.05.2021 18:36:02.983  a4000002 a4000002 
27.05.2021 18:36:02.989  a4000002 a5000002 
27.05.2021 18:36:02.992  a4000002 a4000002 
27.05.2021 18:36:03.085  a5000002 a5000002 
27.05.2021 18:36:03.097  a4000002 a4000002 
27.05.2021 18:36:03.100  a5000002 a5000002 
27.05.2021 18:36:03.316  a4000002 a5000002 
27.05.2021 18:36:03.334  a4000002 a4000002 
27.05.2021 18:36:03.349  a4000002 a5000002 
27.05.2021 18:36:03.352  a4000002 a4000002 
27.05.2021 18:36:03.436  a5000002 a5000002 
27.05.2021 18:36:03.439  a4000002 a4000002 
27.05.2021 18:36:03.442  a5000002 a5000002 
27.05.2021 18:36:03.544  a4000002 a5000002 
27.05.2021 18:36:03.547  a5000002 a5000002 
27.05.2021 18:36:03.550  a4000002 a5000002 
27.05.2021 18:36:03.568  a4000002 a4000002 
27.05.2021 18:36:03.682  a5000002 a5000002 
27.05.2021 18:36:03.691  a4000002 a4000002 
27.05.2021 18:36:03.694  a5000002 a5000002 
27.05.2021 18:36:03.796  a4000002 a5000002 
27.05.2021 18:36:03.799  a5000002 a5000002 
27.05.2021 18:36:03.802  a4000002 a5000002 
27.05.2021 18:36:03.820  a4000002 a4000002 
27.05.2021 18:36:03.910  a5000002 a5000002 
27.05.2021 18:36:03.925  a4000002 a4000002 
27.05.2021 18:36:03.928  a5000002 a5000002 
27.05.2021 18:36:04.018  a4000002 a5000002 
27.05.2021 18:36:04.033  a5000002 a5000002 
27.05.2021 18:36:04.036  a4000002 a5000002 
27.05.2021 18:36:04.039  a4000002 a4000002 
27.05.2021 18:36:04.051  a4000002 a5000002 
27.05.2021 18:36:04.054  a4000002 a4000002 
27.05.2021 18:36:04.144  a4000002 a5000002 
27.05.2021 18:36:04.150  a5000002 a5000002 
27.05.2021 18:36:04.159  a4000002 a5000002 
27.05.2021 18:36:04.162  a5000002 a5000002 
27.05.2021 18:36:04.222  a4000002 a5000002 
27.05.2021 18:36:04.231  a5000002 a5000002 
27.05.2021 18:36:04.234  a4000002 a5000002 
27.05.2021 18:36:04.243  a4000002 a4000002 
27.05.2021 18:36:04.249  a4000002 a5000002 
27.05.2021 18:36:04.252  a4000002 a4000002 
27.05.2021 18:36:04.330  a5000002 a5000002 
27.05.2021 18:36:04.339  a4000002 a4000002 
27.05.2021 18:36:04.342  a5000002 a5000002 
27.05.2021 18:36:05.263  a4000002 a5000002 
27.05.2021 18:36:05.275  a5000002 a5000002 
27.05.2021 18:36:05.278  a4000002 a5000002 
27.05.2021 18:36:05.287  a4000002 a4000002 
27.05.2021 18:36:05.293  a4000002 a5000002 
27.05.2021 18:36:05.296  a4000002 a4000002 
27.05.2021 18:36:05.377  a5000002 a5000002 
27.05.2021 18:36:05.383  a4000002 a4000002 
27.05.2021 18:36:05.386  a5000002 a5000002 
27.05.2021 18:36:05.476  a4000002 a5000002 
27.05.2021 18:36:05.491  a5000002 a5000002 
27.05.2021 18:36:05.494  a4000002 a5000002 
27.05.2021 18:36:05.497  a4000002 a4000002 
27.05.2021 18:36:05.509  a4000002 a5000002 
27.05.2021 18:36:05.512  a4000002 a4000002 
27.05.2021 18:36:05.596  a5000002 a5000002 
27.05.2021 18:36:05.599  a4000002 a4000002 
27.05.2021 18:36:05.602  a5000002 a5000002 
27.05.2021 18:36:05.890  a4000002 a5000002 
27.05.2021 18:36:05.908  a4000002 a4000002 
27.05.2021 18:36:05.923  a4000002 a5000002 
27.05.2021 18:36:05.926  a4000002 a4000002 
27.05.2021 18:36:05.998  a5000002 a5000002 
27.05.2021 18:36:06.013  a4000002 a4000002 
27.05.2021 18:36:06.016  a5000002 a5000002 
27.05.2021 18:36:06.109  a4000002 a5000002 
27.05.2021 18:36:06.121  a5000002 a5000002 
27.05.2021 18:36:06.124  a4000002 a5000002 
27.05.2021 18:36:06.127  a4000002 a4000002 
27.05.2021 18:36:06.139  a4000002 a5000002 
27.05.2021 18:36:06.142  a4000002 a4000002 
27.05.2021 18:36:06.184  a5000002 a4000002 
27.05.2021 18:36:06.193  a4000002 a4000002 
27.05.2021 18:36:06.196  a5000002 a4000002 
27.05.2021 18:36:06.235  a4000002 a4000002 
27.05.2021 18:36:06.247  a5000002 a4000002 
27.05.2021 18:36:06.250  a4000002 a4000002 
27.05.2021 18:36:06.397  a4000002 a5000002 
27.05.2021 18:36:06.409  a4000002 a4000002 
27.05.2021 18:36:06.412  a4000002 a5000002 
27.05.2021 18:36:06.475  a4000002 a4000002 
27.05.2021 18:36:06.481  a4000002 a5000002 
27.05.2021 18:36:06.484  a4000002 a4000002 
27.05.2021 18:36:06.544  a4000002 a5000002 
27.05.2021 18:36:06.553  a4000002 a4000002 
27.05.2021 18:36:06.556  a4000002 a5000002 
27.05.2021 18:36:06.610  a4000002 a4000002 
27.05.2021 18:36:06.625  a4000002 a5000002 
27.05.2021 18:36:06.628  a4000002 a4000002 
27.05.2021 18:36:06.688  a5000002 a5000002 
27.05.2021 18:36:06.697  a4000002 a4000002 
27.05.2021 18:36:06.700  a5000002 a5000002 
27.05.2021 18:36:06.772  a4000002 a5000002 
27.05.2021 18:36:06.790  a4000002 a4000002 
27.05.2021 18:36:06.805  a4000002 a5000002 
27.05.2021 18:36:06.808  a4000002 a4000002 
27.05.2021 18:36:06.898  a5000002 a5000002 
27.05.2021 18:36:06.913  a4000002 a4000002 
27.05.2021 18:36:06.916  a5000002 a5000002 
27.05.2021 18:36:07.006  a4000002 a5000002 
27.05.2021 18:36:07.021  a5000002 a5000002 
27.05.2021 18:36:07.024  a4000002 a5000002 
27.05.2021 18:36:07.027  a4000002 a4000002 
27.05.2021 18:36:07.039  a4000002 a5000002 
27.05.2021 18:36:07.042  a4000002 a4000002 
27.05.2021 18:36:07.126  a5000002 a5000002 
27.05.2021 18:36:07.129  a4000002 a4000002 
27.05.2021 18:36:07.132  a5000002 a5000002 
27.05.2021 18:36:07.222  a4000002 a5000002 
27.05.2021 18:36:07.237  a5000002 a5000002 
27.05.2021 18:36:07.240  a4000002 a5000002 
27.05.2021 18:36:07.243  a4000002 a4000002 
27.05.2021 18:36:07.255  a4000002 a5000002 
27.05.2021 18:36:07.258  a4000002 a4000002 
27.05.2021 18:36:07.354  a5000002 a5000002 
27.05.2021 18:36:07.363  a4000002 a4000002 
27.05.2021 18:36:07.366  a5000002 a5000002 
27.05.2021 18:36:07.456  a4000002 a5000002 
27.05.2021 18:36:07.471  a5000002 a5000002 
27.05.2021 18:36:07.474  a4000002 a5000002 
27.05.2021 18:36:07.477  a4000002 a4000002 
27.05.2021 18:36:07.489  a4000002 a5000002 
27.05.2021 18:36:07.492  a4000002 a4000002 
27.05.2021 18:36:07.576  a5000002 a5000002 
27.05.2021 18:36:07.579  a4000002 a4000002 
27.05.2021 18:36:07.582  a5000002 a5000002 
27.05.2021 18:36:07.672  a4000002 a5000002 
27.05.2021 18:36:07.687  a5000002 a5000002 
27.05.2021 18:36:07.690  a4000002 a5000002 
27.05.2021 18:36:07.693  a4000002 a4000002 
27.05.2021 18:36:07.705  a4000002 a5000002 
27.05.2021 18:36:07.708  a4000002 a4000002 
27.05.2021 18:36:07.873  a4000002 a5000002 
27.05.2021 18:36:07.885  a4000002 a4000002 
27.05.2021 18:36:07.888  a4000002 a5000002 
27.05.2021 18:36:07.942  a4000002 a4000002 
27.05.2021 18:36:07.957  a4000002 a5000002 
27.05.2021 18:36:07.960  a4000002 a4000002 
27.05.2021 18:36:08.347  a4000002 a5000002 
27.05.2021 18:36:08.353  a4000002 a4000002 
27.05.2021 18:36:08.356  a4000002 a5000002 
27.05.2021 18:36:08.422  a4000002 a4000002 
27.05.2021 18:36:08.425  a4000002 a5000002 
27.05.2021 18:36:08.428  a4000002 a4000002 
27.05.2021 18:36:08.557  a5000002 a4000002 
27.05.2021 18:36:08.569  a4000002 a4000002 
27.05.2021 18:36:08.572  a5000002 a4000002 
27.05.2021 18:36:08.635  a4000002 a4000002 
27.05.2021 18:36:08.641  a5000002 a4000002 
27.05.2021 18:36:08.644  a4000002 a4000002 
27.05.2021 18:36:08.833  a5000002 a5000002 
27.05.2021 18:36:08.839  a4000002 a4000002 
27.05.2021 18:36:08.842  a5000002 a5000002 
27.05.2021 18:36:08.932  a4000002 a5000002 
27.05.2021 18:36:08.947  a5000002 a5000002 
27.05.2021 18:36:08.950  a4000002 a5000002 
27.05.2021 18:36:08.953  a4000002 a4000002 
27.05.2021 18:36:08.965  a4000002 a5000002 
27.05.2021 18:36:08.968  a4000002 a4000002 
27.05.2021 18:36:09.052  a5000002 a5000002 
27.05.2021 18:36:09.055  a4000002 a4000002 
27.05.2021 18:36:09.058  a5000002 a5000002 
27.05.2021 18:36:09.151  a4000002 a5000002 
27.05.2021 18:36:09.163  a5000002 a5000002 
27.05.2021 18:36:09.166  a4000002 a5000002 
27.05.2021 18:36:09.169  a4000002 a4000002 
27.05.2021 18:36:09.181  a4000002 a5000002 
27.05.2021 18:36:09.184  a4000002 a4000002 
27.05.2021 18:36:09.280  a5000002 a5000002 
27.05.2021 18:36:09.289  a4000002 a4000002 
27.05.2021 18:36:09.292  a5000002 a5000002 
27.05.2021 18:36:09.382  a4000002 a5000002 
27.05.2021 18:36:09.397  a5000002 a5000002 
27.05.2021 18:36:09.400  a4000002 a5000002 
27.05.2021 18:36:09.403  a4000002 a4000002 
27.05.2021 18:36:09.415  a4000002 a5000002 
27.05.2021 18:36:09.418  a4000002 a4000002 
27.05.2021 18:36:09.502  a5000002 a5000002 
27.05.2021 18:36:09.505  a4000002 a4000002 
27.05.2021 18:36:09.508  a5000002 a5000002 
27.05.2021 18:36:09.598  a4000002 a5000002 
27.05.2021 18:36:09.613  a5000002 a5000002 
27.05.2021 18:36:09.616  a4000002 a5000002 
27.05.2021 18:36:09.619  a4000002 a4000002 
27.05.2021 18:36:09.631  a4000002 a5000002 
27.05.2021 18:36:09.634  a4000002 a4000002 
27.05.2021 18:36:12.718  a4000002 a5000002 
27.05.2021 18:36:12.727  a4000002 a4000002 
27.05.2021 18:36:12.730  a4000002 a5000002 
27.05.2021 18:36:12.784  a4000002 a4000002 
27.05.2021 18:36:12.799  a4000002 a5000002 
27.05.2021 18:36:12.802  a4000002 a4000002 
27.05.2021 18:36:15.655  a4000003 a4000003 
27.05.2021 18:36:15.658  a4000003 ac000003 
27.05.2021 18:36:15.661  a4000002 a4000002 
27.05.2021 18:36:15.664  a4000003 ac000003 
27.05.2021 18:36:15.685  a4000002 ac000002 
27.05.2021 18:36:15.691  a4000002 a4000002 
27.05.2021 18:36:15.697  a4000003 ac000003 
27.05.2021 18:36:15.700  a4000002 a4000002 
27.05.2021 18:36:15.790  a4000002 ac000002 
27.05.2021 18:36:15.805  a4000002 a4000002 
27.05.2021 18:36:15.808  a4000002 ac000002 
27.05.2021 18:36:15.835  a4000002 a4000002 
27.05.2021 18:36:15.841  a4000002 ac000002 
27.05.2021 18:36:15.844  a4000002 a4000002 
27.05.2021 18:36:15.925  a4000003 a4000003 
27.05.2021 18:36:15.931  a4000002 a4000002 
27.05.2021 18:36:15.934  a4000003 ac000003 
27.05.2021 18:36:15.961  a4000003 a4000003 
27.05.2021 18:36:15.967  a4000003 ac000003 
27.05.2021 18:36:15.970  a4000003 a4000003 
27.05.2021 18:36:16.078  a5000003 a5000003 
27.05.2021 18:36:16.093  a4000003 a4000003 
27.05.2021 18:36:16.096  a5000003 a5000003 
27.05.2021 18:36:16.186  a4000003 a5000003 
27.05.2021 18:36:16.201  a5000003 a5000003 
27.05.2021 18:36:16.204  a4000003 a5000003 
27.05.2021 18:36:16.207  a4000003 a4000003 
27.05.2021 18:36:16.219  a4000003 a5000003 
27.05.2021 18:36:16.222  a4000003 a4000003 
27.05.2021 18:36:16.300  a5000003 a5000003 
27.05.2021 18:36:16.309  a4000003 a4000003 
27.05.2021 18:36:16.312  a5000003 a5000003 
27.05.2021 18:36:16.402  a4000003 a5000003 
27.05.2021 18:36:16.417  a5000003 a5000003 
27.05.2021 18:36:16.420  a4000003 a5000003 
27.05.2021 18:36:16.423  a4000003 a4000003 
27.05.2021 18:36:16.435  a4000003 a5000003 
27.05.2021 18:36:16.438  a4000003 a4000003 
27.05.2021 18:40:43.027  a4000002 a4000002 
27.05.2021 18:40:43.036  a4000003 a4000003 
27.05.2021 18:40:43.039  a4000002 ac000002 
27.05.2021 18:40:43.066  a4000002 a4000002 
27.05.2021 18:40:43.072  a4000002 ac000002 
27.05.2021 18:40:43.075  a4000002 a4000002 
27.05.2021 18:43:21.666  a4000003 a4000003 
27.05.2021 18:43:21.669  a4000003 ac000003 
27.05.2021 18:43:21.672  a4000002 a4000002 
27.05.2021 18:43:21.675  a4000003 ac000003 
27.05.2021 18:43:21.702  a4000003 a4000003 
27.05.2021 18:43:21.708  a4000003 ac000003 
27.05.2021 18:43:21.711  a4000003 a4000003 
27.05.2021 18:45:07.120  a4000002 a4000002 
27.05.2021 18:45:07.129  a4000002 ac000002 
27.05.2021 18:45:07.135  a4000003 a4000003 
27.05.2021 18:45:07.138  a4000002 ac000002 
27.05.2021 18:45:07.165  a4000002 a4000002 
27.05.2021 18:45:07.171  a4000002 ac000002 
27.05.2021 18:45:07.174  a4000002 a4000002 
27.05.2021 18:48:38.218  a4000003 a4000003 
27.05.2021 18:48:38.221  a4000003 ac000003 
27.05.2021 18:48:38.224  a4000002 a4000002 
27.05.2021 18:48:38.227  a4000003 ac000003 
27.05.2021 18:48:38.254  a4000003 a4000003 
27.05.2021 18:48:38.260  a4000003 ac000003 
27.05.2021 18:48:38.263  a4000003 a4000003 
27.05.2021 18:50:54.956  a4000002 a4000002 
27.05.2021 18:50:54.962  a4000002 ac000002 
27.05.2021 18:50:54.971  a4000003 a4000003 
27.05.2021 18:50:54.974  a4000002 ac000002 
27.05.2021 18:50:55.001  a4000002 a4000002 
27.05.2021 18:50:55.007  a4000002 ac000002 
27.05.2021 18:50:55.010  a4000002 a4000002 
27.05.2021 18:51:49.722  a4000003 a4000003 
27.05.2021 18:51:49.725  a4000003 ac000003 
27.05.2021 18:51:49.728  a4000002 a4000002 
27.05.2021 18:51:49.731  a4000003 ac000003 
27.05.2021 18:51:49.758  a4000003 a4000003 
27.05.2021 18:51:49.764  a4000003 ac000003 
27.05.2021 18:51:49.767  a4000003 a4000003 
27.05.2021 18:55:49.710  a4000002 a4000002 
27.05.2021 18:55:49.715  a4000002 ac000002 
27.05.2021 18:55:49.725  a4000002 a4000002 
27.05.2021 18:55:49.728  a4000002 ac000002 
27.05.2021 18:55:49.755  a4000002 a4000002 
27.05.2021 18:55:49.760  a4000002 ac000002 
27.05.2021 18:55:49.764  a4000002 a4000002 

Servicedata V1.0 PLC:\DEBUG\SlaveStateA.service.trace created 28.05.2021 12:02:27 (local time)
hostname: hu, Software: 606421 04, built: 08.10.2014 08:59
-----------------------------------------------------------------------------------------------
                     ms  Virtual BusModule state(s)
28.05.2021 11:50:41.871  24000000 2c000000 
28.05.2021 11:50:41.886  00000000 00000000 
28.05.2021 11:50:41.889  24000000 2c000000 
28.05.2021 11:50:42.030  24000001 2c000000 
28.05.2021 11:50:42.033  24000000 2c000000 
28.05.2021 11:50:42.036  24000001 2c000000 
28.05.2021 11:50:42.039  24000001 2c000001 
28.05.2021 11:50:42.054  24000001 2c000000 
28.05.2021 11:50:42.057  24000001 2c000001 
28.05.2021 11:50:42.168  24000001 24000001 
28.05.2021 11:50:42.180  24000001 2c000001 
28.05.2021 11:50:42.183  24000001 24000001 
28.05.2021 11:57:03.427  24000002 24000002 
28.05.2021 11:57:03.430  a4000002 a4000002 
28.05.2021 11:57:03.436  24000001 24000001 
28.05.2021 11:57:03.439  a4000002 a4000002 
28.05.2021 11:57:03.655  a4000002 a5000002 
28.05.2021 11:57:03.670  a4000002 a4000002 
28.05.2021 11:57:03.673  a4000002 a5000002 
28.05.2021 11:57:03.727  a4000002 a4000002 
28.05.2021 11:57:03.742  a4000002 a5000002 
28.05.2021 11:57:03.745  a4000002 a4000002 
28.05.2021 11:57:03.859  a5000002 a5000002 
28.05.2021 11:57:03.868  a4000002 a4000002 
28.05.2021 11:57:03.871  a5000002 a5000002 
28.05.2021 11:57:03.949  a4000002 a5000002 
28.05.2021 11:57:03.958  a5000002 a5000002 
28.05.2021 11:57:03.961  a4000002 a5000002 
28.05.2021 11:57:03.973  a4000002 a4000002 
28.05.2021 11:57:03.976  a4000002 a5000002 
28.05.2021 11:57:03.979  a4000002 a4000002 
28.05.2021 11:57:07.060  a5000002 a5000002 
28.05.2021 11:57:07.072  a4000002 a4000002 
28.05.2021 11:57:07.075  a5000002 a5000002 
28.05.2021 11:57:07.153  a4000002 a5000002 
28.05.2021 11:57:07.162  a5000002 a5000002 
28.05.2021 11:57:07.165  a4000002 a5000002 
28.05.2021 11:57:07.177  a4000002 a4000002 
28.05.2021 11:57:07.180  a4000002 a5000002 
28.05.2021 11:57:07.183  a4000002 a4000002 
28.05.2021 11:57:07.267  a5000002 a5000002 
28.05.2021 11:57:07.270  a4000002 a4000002 
28.05.2021 11:57:07.273  a5000002 a5000002 
28.05.2021 11:57:07.375  a4000002 a5000002 
28.05.2021 11:57:07.378  a5000002 a5000002 
28.05.2021 11:57:07.381  a4000002 a5000002 
28.05.2021 11:57:07.399  a4000002 a4000002 
28.05.2021 11:57:07.489  a5000002 a5000002 
28.05.2021 11:57:07.567  a4000002 a5000002 
28.05.2021 11:57:07.576  a5000002 a5000002 
28.05.2021 11:57:07.579  a4000002 a5000002 
28.05.2021 11:57:07.591  a4000002 a4000002 
28.05.2021 11:57:07.594  a4000002 a5000002 
28.05.2021 11:57:07.597  a4000002 a4000002 
28.05.2021 11:57:07.690  a5000002 a5000002 
28.05.2021 11:57:07.702  a4000002 a4000002 
28.05.2021 11:57:07.705  a5000002 a5000002 
28.05.2021 11:57:07.921  a4000002 a5000002 
28.05.2021 11:57:07.936  a5000002 a5000002 
28.05.2021 11:57:07.939  a4000002 a5000002 
28.05.2021 11:57:07.942  a4000002 a4000002 
28.05.2021 11:57:07.954  a4000002 a5000002 
28.05.2021 11:57:07.957  a4000002 a4000002 
28.05.2021 11:57:08.047  a5000002 a5000002 
28.05.2021 11:57:08.062  a4000002 a4000002 
28.05.2021 11:57:08.065  a5000002 a5000002 
28.05.2021 11:57:08.173  a4000002 a5000002 
28.05.2021 11:57:08.188  a5000002 a5000002 
28.05.2021 11:57:08.191  a4000002 a5000002 
28.05.2021 11:57:08.194  a4000002 a4000002 
28.05.2021 11:57:08.206  a4000002 a5000002 
28.05.2021 11:57:08.209  a4000002 a4000002 
28.05.2021 11:57:08.308  a5000002 a5000002 
28.05.2021 11:57:08.314  a4000002 a4000002 
28.05.2021 11:57:08.317  a5000002 a5000002 
28.05.2021 11:57:08.419  a4000002 a5000002 
28.05.2021 11:57:08.422  a5000002 a5000002 
28.05.2021 11:57:08.425  a4000002 a5000002 
28.05.2021 11:57:08.443  a4000002 a4000002 
28.05.2021 11:57:08.533  a5000002 a5000002 
28.05.2021 11:57:08.548  a4000002 a4000002 
28.05.2021 11:57:08.551  a5000002 a5000002 
28.05.2021 11:57:08.641  a4000002 a5000002 
28.05.2021 11:57:08.656  a5000002 a5000002 
28.05.2021 11:57:08.659  a4000002 a5000002 
28.05.2021 11:57:08.662  a4000002 a4000002 
28.05.2021 11:57:08.674  a4000002 a5000002 
28.05.2021 11:57:08.677  a4000002 a4000002 
28.05.2021 11:57:08.767  a4000002 a5000002 
28.05.2021 11:57:08.773  a5000002 a5000002 
28.05.2021 11:57:08.782  a4000002 a4000002 
28.05.2021 11:57:08.785  a5000002 a5000002 
28.05.2021 11:57:08.875  a4000002 a5000002 
28.05.2021 11:57:08.890  a5000002 a5000002 
28.05.2021 11:57:08.893  a4000002 a5000002 
28.05.2021 11:57:08.896  a4000002 a4000002 
28.05.2021 11:57:08.908  a4000002 a5000002 
28.05.2021 11:57:08.911  a4000002 a4000002 
28.05.2021 11:57:08.983  a5000002 a5000002 
28.05.2021 11:57:09.904  a4000002 a5000002 
28.05.2021 11:57:09.916  a5000002 a5000002 
28.05.2021 11:57:09.919  a4000002 a5000002 
28.05.2021 11:57:09.928  a4000002 a4000002 
28.05.2021 11:57:09.934  a4000002 a5000002 
28.05.2021 11:57:09.937  a4000002 a4000002 
28.05.2021 11:57:10.018  a5000002 a5000002 
28.05.2021 11:57:10.024  a4000002 a4000002 
28.05.2021 11:57:10.027  a5000002 a5000002 
28.05.2021 11:57:10.117  a4000002 a5000002 
28.05.2021 11:57:10.132  a5000002 a5000002 
28.05.2021 11:57:10.135  a4000002 a5000002 
28.05.2021 11:57:10.138  a4000002 a4000002 
28.05.2021 11:57:10.150  a4000002 a5000002 
28.05.2021 11:57:10.153  a4000002 a4000002 
28.05.2021 11:57:10.246  a5000002 a5000002 
28.05.2021 11:57:10.258  a4000002 a4000002 
28.05.2021 11:57:10.261  a5000002 a5000002 
28.05.2021 11:57:10.507  a4000002 a5000002 
28.05.2021 11:57:10.510  a5000002 a5000002 
28.05.2021 11:57:10.513  a4000002 a5000002 
28.05.2021 11:57:10.531  a4000002 a4000002 
28.05.2021 11:57:10.621  a5000002 a5000002 
28.05.2021 11:57:10.636  a4000002 a4000002 
28.05.2021 11:57:10.639  a5000002 a5000002 
28.05.2021 11:57:10.729  a4000002 a5000002 
28.05.2021 11:57:10.744  a5000002 a5000002 
28.05.2021 11:57:10.747  a4000002 a5000002 
28.05.2021 11:57:10.750  a4000002 a4000002 
28.05.2021 11:57:10.762  a4000002 a5000002 
28.05.2021 11:57:10.765  a4000002 a4000002 
28.05.2021 11:57:10.810  a5000002 a4000002 
28.05.2021 11:57:10.816  a4000002 a4000002 
28.05.2021 11:57:10.819  a5000002 a4000002 
28.05.2021 11:57:10.855  a4000002 a4000002 
28.05.2021 11:57:11.017  a4000002 a5000002 
28.05.2021 11:57:11.032  a4000002 a4000002 
28.05.2021 11:57:11.035  a4000002 a5000002 
28.05.2021 11:57:11.095  a4000002 a4000002 
28.05.2021 11:57:11.104  a4000002 a5000002 
28.05.2021 11:57:11.107  a4000002 a4000002 
28.05.2021 11:57:11.164  a4000002 a5000002 
28.05.2021 11:57:11.176  a4000002 a4000002 
28.05.2021 11:57:11.179  a4000002 a5000002 
28.05.2021 11:57:11.233  a4000002 a4000002 
28.05.2021 11:57:11.248  a4000002 a5000002 
28.05.2021 11:57:11.251  a4000002 a4000002 
28.05.2021 11:57:11.314  a5000002 a5000002 
28.05.2021 11:57:11.320  a4000002 a4000002 
28.05.2021 11:57:11.323  a5000002 a5000002 
28.05.2021 11:57:11.395  a4000002 a5000002 
28.05.2021 11:57:11.413  a4000002 a4000002 
28.05.2021 11:57:11.428  a4000002 a5000002 
28.05.2021 11:57:11.431  a4000002 a4000002 
28.05.2021 11:57:11.524  a5000002 a5000002 
28.05.2021 11:57:11.536  a4000002 a4000002 
28.05.2021 11:57:11.539  a5000002 a5000002 
28.05.2021 11:57:11.791  a4000002 a5000002 
28.05.2021 11:57:11.809  a4000002 a4000002 
28.05.2021 11:57:11.824  a4000002 a5000002 
28.05.2021 11:57:11.827  a4000002 a4000002 
28.05.2021 11:57:11.908  a5000002 a5000002 
28.05.2021 11:57:11.914  a4000002 a4000002 
28.05.2021 11:57:11.917  a5000002 a5000002 
28.05.2021 11:57:12.007  a4000002 a5000002 
28.05.2021 11:57:12.022  a5000002 a5000002 
28.05.2021 11:57:12.025  a4000002 a5000002 
28.05.2021 11:57:12.028  a4000002 a4000002 
28.05.2021 11:57:12.040  a4000002 a5000002 
28.05.2021 11:57:12.043  a4000002 a4000002 
28.05.2021 11:57:12.139  a5000002 a5000002 
28.05.2021 11:57:12.148  a4000002 a4000002 
28.05.2021 11:57:12.151  a5000002 a5000002 
28.05.2021 11:57:12.241  a4000002 a5000002 
28.05.2021 11:57:12.256  a5000002 a5000002 
28.05.2021 11:57:12.259  a4000002 a5000002 
28.05.2021 11:57:12.262  a4000002 a4000002 
28.05.2021 11:57:12.274  a4000002 a5000002 
28.05.2021 11:57:12.277  a4000002 a4000002 
28.05.2021 11:57:12.361  a5000002 a5000002 
28.05.2021 11:57:12.364  a4000002 a4000002 
28.05.2021 11:57:12.367  a5000002 a5000002 
28.05.2021 11:57:12.460  a4000002 a5000002 
28.05.2021 11:57:12.472  a5000002 a5000002 
28.05.2021 11:57:12.475  a4000002 a5000002 
28.05.2021 11:57:12.478  a4000002 a4000002 
28.05.2021 11:57:12.490  a4000002 a5000002 
28.05.2021 11:57:12.493  a4000002 a4000002 
28.05.2021 11:57:12.655  a4000002 a5000002 
28.05.2021 11:57:12.670  a4000002 a4000002 
28.05.2021 11:57:12.673  a4000002 a5000002 
28.05.2021 11:57:12.733  a4000002 a4000002 
28.05.2021 11:57:12.742  a4000002 a5000002 
28.05.2021 11:57:12.745  a4000002 a4000002 
28.05.2021 11:57:13.114  a4000002 a5000002 
28.05.2021 11:57:13.120  a4000002 a4000002 
28.05.2021 11:57:13.123  a4000002 a5000002 
28.05.2021 11:57:13.189  a4000002 a4000002 
28.05.2021 11:57:13.192  a4000002 a5000002 
28.05.2021 11:57:13.195  a4000002 a4000002 
28.05.2021 11:57:13.327  a5000002 a4000002 
28.05.2021 11:57:13.336  a4000002 a4000002 
28.05.2021 11:57:13.339  a5000002 a4000002 
28.05.2021 11:57:13.405  a4000002 a4000002 
28.05.2021 11:57:13.408  a5000002 a4000002 
28.05.2021 11:57:13.411  a4000002 a4000002 
28.05.2021 11:57:13.603  a5000002 a5000002 
28.05.2021 11:57:13.606  a4000002 a4000002 
28.05.2021 11:57:13.609  a5000002 a5000002 
28.05.2021 11:57:13.699  a4000002 a5000002 
28.05.2021 11:57:13.714  a5000002 a5000002 
28.05.2021 11:57:13.717  a4000002 a5000002 
28.05.2021 11:57:13.720  a4000002 a4000002 
28.05.2021 11:57:13.732  a4000002 a5000002 
28.05.2021 11:57:13.735  a4000002 a4000002 
28.05.2021 11:57:13.819  a5000002 a5000002 
28.05.2021 11:57:13.822  a4000002 a4000002 
28.05.2021 11:57:13.825  a5000002 a5000002 
28.05.2021 11:57:13.915  a4000002 a5000002 
28.05.2021 11:57:13.930  a5000002 a5000002 
28.05.2021 11:57:13.933  a4000002 a5000002 
28.05.2021 11:57:13.936  a4000002 a4000002 
28.05.2021 11:57:13.948  a4000002 a5000002 
28.05.2021 11:57:13.951  a4000002 a4000002 
28.05.2021 11:57:14.044  a5000002 a5000002 
28.05.2021 11:57:14.056  a4000002 a4000002 
28.05.2021 11:57:14.059  a5000002 a5000002 
28.05.2021 11:57:14.149  a4000002 a5000002 
28.05.2021 11:57:14.164  a5000002 a5000002 
28.05.2021 11:57:14.167  a4000002 a5000002 
28.05.2021 11:57:14.170  a4000002 a4000002 
28.05.2021 11:57:14.182  a4000002 a5000002 
28.05.2021 11:57:14.185  a4000002 a4000002 
28.05.2021 11:57:14.269  a5000002 a5000002 
28.05.2021 11:57:14.272  a4000002 a4000002 
28.05.2021 11:57:14.275  a5000002 a5000002 
28.05.2021 11:57:14.365  a4000002 a5000002 
28.05.2021 11:57:14.380  a5000002 a5000002 
28.05.2021 11:57:14.383  a4000002 a5000002 
28.05.2021 11:57:14.386  a4000002 a4000002 
28.05.2021 11:57:14.398  a4000002 a5000002 
28.05.2021 11:57:14.401  a4000002 a4000002 
28.05.2021 11:57:17.608  a4000002 a5000002 
28.05.2021 11:57:17.620  a4000002 a4000002 
28.05.2021 11:57:17.623  a4000002 a5000002 
28.05.2021 11:57:17.677  a4000002 a4000002 
28.05.2021 11:57:17.692  a4000002 a5000002 
28.05.2021 11:57:17.695  a4000002 a4000002 
28.05.2021 11:57:30.772  a4000003 a4000003 
28.05.2021 11:57:30.775  a4000003 ac000003 
28.05.2021 11:57:30.778  a4000002 a4000002 
28.05.2021 11:57:30.782  a4000003 ac000003 
28.05.2021 11:57:30.799  a4000002 ac000002 
28.05.2021 11:57:30.808  a4000002 a4000002 
28.05.2021 11:57:30.814  a4000002 ac000002 
28.05.2021 11:57:30.817  a4000002 a4000002 
28.05.2021 11:57:30.901  a4000002 ac000002 
28.05.2021 11:57:30.904  a4000002 a4000002 
28.05.2021 11:57:30.908  a4000002 ac000002 
28.05.2021 11:57:30.934  a4000002 a4000002 
28.05.2021 11:57:30.940  a4000002 ac000002 
28.05.2021 11:57:30.943  a4000002 a4000002 
28.05.2021 11:57:31.060  a4000003 a4000003 
28.05.2021 11:57:31.063  a4000003 ac000003 
28.05.2021 11:57:31.067  a4000002 a4000002 
28.05.2021 11:57:31.070  a4000003 ac000003 
28.05.2021 11:57:31.096  a4000003 a4000003 
28.05.2021 11:57:31.102  a4000003 ac000003 
28.05.2021 11:57:31.105  a4000003 a4000003 
28.05.2021 11:57:31.214  a5000003 a5000003 
28.05.2021 11:57:31.228  a4000003 a4000003 
28.05.2021 11:57:31.232  a5000003 a5000003 
28.05.2021 11:57:31.322  a4000003 a5000003 
28.05.2021 11:57:31.336  a5000003 a5000003 
28.05.2021 11:57:31.340  a4000003 a5000003 
28.05.2021 11:57:31.343  a4000003 a4000003 
28.05.2021 11:57:31.355  a4000003 a5000003 
28.05.2021 11:57:31.357  a4000003 a4000003 
28.05.2021 11:57:31.435  a5000003 a5000003 
28.05.2021 11:57:31.444  a4000003 a4000003 
28.05.2021 11:57:31.448  a5000003 a5000003 
28.05.2021 11:57:31.538  a4000003 a5000003 
28.05.2021 11:57:31.553  a5000003 a5000003 
28.05.2021 11:57:31.556  a4000003 a5000003 
28.05.2021 11:57:31.559  a4000003 a4000003 
28.05.2021 11:57:31.571  a4000003 a5000003 
28.05.2021 11:57:31.574  a4000003 a4000003 

Servicedata V1.0 PLC:\DEBUG\SlaveStateA.service.trace created 01.06.2021 14:18:01 (local time)
hostname: hu, Software: 606421 04, built: 08.10.2014 08:59
-----------------------------------------------------------------------------------------------
                     ms  Virtual BusModule state(s)
01.06.2021 13:29:38.230  24000000 2c000000 
01.06.2021 13:29:38.386  24000001 2c000000 
01.06.2021 13:29:38.395  24000000 2c000000 
01.06.2021 13:29:38.398  24000001 2c000001 
01.06.2021 13:29:38.416  24000001 2c000000 
01.06.2021 13:29:38.419  24000001 2c000001 
01.06.2021 13:29:38.527  24000001 24000001 
01.06.2021 13:29:38.542  24000001 2c000001 
01.06.2021 13:29:38.545  24000001 24000001 
01.06.2021 13:30:16.981  24000002 24000002 
01.06.2021 13:30:16.984  a4000002 a4000002 
01.06.2021 13:30:16.990  24000001 24000001 
01.06.2021 13:30:16.994  a4000002 a4000002 
01.06.2021 13:30:17.221  a4000002 a5000002 
01.06.2021 13:30:17.224  a4000002 a4000002 
01.06.2021 13:30:17.228  a4000002 a5000002 
01.06.2021 13:30:17.282  a4000002 a4000002 
01.06.2021 13:30:17.296  a4000002 a5000002 
01.06.2021 13:30:17.300  a4000002 a4000002 
01.06.2021 13:30:17.426  a5000002 a5000002 
01.06.2021 13:30:17.504  a4000002 a5000002 
01.06.2021 13:30:17.512  a5000002 a5000002 
01.06.2021 13:30:17.515  a4000002 a5000002 
01.06.2021 13:30:17.525  a4000002 a4000002 
01.06.2021 13:30:17.530  a4000002 a5000002 
01.06.2021 13:30:17.534  a4000002 a4000002 
01.06.2021 13:30:20.615  a5000002 a5000002 
01.06.2021 13:30:20.627  a4000002 a4000002 
01.06.2021 13:30:20.630  a5000002 a5000002 
01.06.2021 13:30:20.708  a4000002 a5000002 
01.06.2021 13:30:20.717  a5000002 a5000002 
01.06.2021 13:30:20.720  a4000002 a5000002 
01.06.2021 13:30:20.729  a4000002 a4000002 
01.06.2021 13:30:20.735  a4000002 a5000002 
01.06.2021 13:30:20.738  a4000002 a4000002 
01.06.2021 13:30:20.834  a5000002 a5000002 
01.06.2021 13:30:20.843  a4000002 a4000002 
01.06.2021 13:30:20.846  a5000002 a5000002 
01.06.2021 13:30:20.942  a4000002 a5000002 
01.06.2021 13:30:20.951  a5000002 a5000002 
01.06.2021 13:30:20.954  a4000002 a5000002 
01.06.2021 13:30:20.963  a4000002 a4000002 
01.06.2021 13:30:20.969  a4000002 a5000002 
01.06.2021 13:30:20.972  a4000002 a4000002 
01.06.2021 13:30:21.053  a5000002 a5000002 
01.06.2021 13:30:21.059  a4000002 a4000002 
01.06.2021 13:30:21.062  a5000002 a5000002 
01.06.2021 13:30:21.140  a4000002 a5000002 
01.06.2021 13:30:21.149  a5000002 a5000002 
01.06.2021 13:30:21.152  a4000002 a5000002 
01.06.2021 13:30:21.161  a4000002 a4000002 
01.06.2021 13:30:21.167  a4000002 a5000002 
01.06.2021 13:30:21.170  a4000002 a4000002 
01.06.2021 13:30:21.263  a5000002 a5000002 
01.06.2021 13:30:21.275  a4000002 a4000002 
01.06.2021 13:30:21.278  a5000002 a5000002 
01.06.2021 13:30:21.452  a4000002 a5000002 
01.06.2021 13:30:21.455  a5000002 a5000002 
01.06.2021 13:30:21.458  a4000002 a5000002 
01.06.2021 13:30:21.476  a4000002 a4000002 
01.06.2021 13:30:21.578  a5000002 a5000002 
01.06.2021 13:30:21.581  a4000002 a4000002 
01.06.2021 13:30:21.584  a5000002 a5000002 
01.06.2021 13:30:21.686  a4000002 a5000002 
01.06.2021 13:30:21.689  a5000002 a5000002 
01.06.2021 13:30:21.692  a4000002 a5000002 
01.06.2021 13:30:21.710  a4000002 a4000002 
01.06.2021 13:30:21.824  a5000002 a5000002 
01.06.2021 13:30:21.833  a4000002 a4000002 
01.06.2021 13:30:21.836  a5000002 a5000002 
01.06.2021 13:30:21.938  a4000002 a5000002 
01.06.2021 13:30:21.941  a5000002 a5000002 
01.06.2021 13:30:21.944  a4000002 a5000002 
01.06.2021 13:30:21.962  a4000002 a4000002 
01.06.2021 13:30:22.052  a5000002 a5000002 
01.06.2021 13:30:22.067  a4000002 a4000002 
01.06.2021 13:30:22.070  a5000002 a5000002 
01.06.2021 13:30:22.160  a4000002 a5000002 
01.06.2021 13:30:22.175  a5000002 a5000002 
01.06.2021 13:30:22.178  a4000002 a5000002 
01.06.2021 13:30:22.181  a4000002 a4000002 
01.06.2021 13:30:22.193  a4000002 a5000002 
01.06.2021 13:30:22.196  a4000002 a4000002 
01.06.2021 13:30:22.286  a4000002 a5000002 
01.06.2021 13:30:22.292  a5000002 a5000002 
01.06.2021 13:30:22.301  a4000002 a4000002 
01.06.2021 13:30:22.304  a5000002 a5000002 
01.06.2021 13:30:22.394  a4000002 a5000002 
01.06.2021 13:30:22.409  a5000002 a5000002 
01.06.2021 13:30:22.412  a4000002 a5000002 
01.06.2021 13:30:22.415  a4000002 a4000002 
01.06.2021 13:30:22.427  a4000002 a5000002 
01.06.2021 13:30:22.430  a4000002 a4000002 
01.06.2021 13:30:22.502  a5000002 a5000002 
01.06.2021 13:30:23.423  a4000002 a5000002 
01.06.2021 13:30:23.435  a5000002 a5000002 
01.06.2021 13:30:23.438  a4000002 a5000002 
01.06.2021 13:30:23.447  a4000002 a4000002 
01.06.2021 13:30:23.453  a4000002 a5000002 
01.06.2021 13:30:23.456  a4000002 a4000002 
01.06.2021 13:30:23.537  a5000002 a5000002 
01.06.2021 13:30:23.543  a4000002 a4000002 
01.06.2021 13:30:23.546  a5000002 a5000002 
01.06.2021 13:30:23.636  a4000002 a5000002 
01.06.2021 13:30:23.651  a5000002 a5000002 
01.06.2021 13:30:23.654  a4000002 a5000002 
01.06.2021 13:30:23.657  a4000002 a4000002 
01.06.2021 13:30:23.669  a4000002 a5000002 
01.06.2021 13:30:23.672  a4000002 a4000002 
01.06.2021 13:30:23.753  a5000002 a5000002 
01.06.2021 13:30:23.759  a4000002 a4000002 
01.06.2021 13:30:23.762  a5000002 a5000002 
01.06.2021 13:30:24.014  a4000002 a5000002 
01.06.2021 13:30:24.029  a5000002 a5000002 
01.06.2021 13:30:24.032  a4000002 a5000002 
01.06.2021 13:30:24.035  a4000002 a4000002 
01.06.2021 13:30:24.047  a4000002 a5000002 
01.06.2021 13:30:24.050  a4000002 a4000002 
01.06.2021 13:30:24.125  a5000002 a5000002 
01.06.2021 13:30:24.137  a4000002 a4000002 
01.06.2021 13:30:24.140  a5000002 a5000002 
01.06.2021 13:30:24.230  a4000002 a5000002 
01.06.2021 13:30:24.245  a5000002 a5000002 
01.06.2021 13:30:24.248  a4000002 a5000002 
01.06.2021 13:30:24.251  a4000002 a4000002 
01.06.2021 13:30:24.263  a4000002 a5000002 
01.06.2021 13:30:24.266  a4000002 a4000002 
01.06.2021 13:30:24.308  a5000002 a4000002 
01.06.2021 13:30:24.317  a4000002 a4000002 
01.06.2021 13:30:24.320  a5000002 a4000002 
01.06.2021 13:30:24.356  a4000002 a4000002 
01.06.2021 13:30:24.371  a5000002 a4000002 
01.06.2021 13:30:24.374  a4000002 a4000002 
01.06.2021 13:30:24.524  a4000002 a5000002 
01.06.2021 13:30:24.533  a4000002 a4000002 
01.06.2021 13:30:24.536  a4000002 a5000002 
01.06.2021 13:30:24.602  a4000002 a4000002 
01.06.2021 13:30:24.605  a4000002 a5000002 
01.06.2021 13:30:24.608  a4000002 a4000002 
01.06.2021 13:30:24.671  a4000002 a5000002 
01.06.2021 13:30:24.677  a4000002 a4000002 
01.06.2021 13:30:24.680  a4000002 a5000002 
01.06.2021 13:30:24.734  a4000002 a4000002 
01.06.2021 13:30:24.749  a4000002 a5000002 
01.06.2021 13:30:24.752  a4000002 a4000002 
01.06.2021 13:30:24.818  a5000002 a5000002 
01.06.2021 13:30:24.821  a4000002 a4000002 
01.06.2021 13:30:24.824  a5000002 a5000002 
01.06.2021 13:30:24.890  a4000002 a5000002 
01.06.2021 13:30:24.893  a5000002 a5000002 
01.06.2021 13:30:24.896  a4000002 a5000002 
01.06.2021 13:30:24.914  a4000002 a4000002 
01.06.2021 13:30:24.929  a4000002 a5000002 
01.06.2021 13:30:24.932  a4000002 a4000002 
01.06.2021 13:30:25.022  a5000002 a5000002 
01.06.2021 13:30:25.037  a4000002 a4000002 
01.06.2021 13:30:25.040  a5000002 a5000002 
01.06.2021 13:30:25.130  a4000002 a5000002 
01.06.2021 13:30:25.145  a5000002 a5000002 
01.06.2021 13:30:25.148  a4000002 a5000002 
01.06.2021 13:30:25.151  a4000002 a4000002 
01.06.2021 13:30:25.163  a4000002 a5000002 
01.06.2021 13:30:25.166  a4000002 a4000002 
01.06.2021 13:30:25.250  a5000002 a5000002 
01.06.2021 13:30:25.253  a4000002 a4000002 
01.06.2021 13:30:25.256  a5000002 a5000002 
01.06.2021 13:30:25.346  a4000002 a5000002 
01.06.2021 13:30:25.361  a5000002 a5000002 
01.06.2021 13:30:25.364  a4000002 a5000002 
01.06.2021 13:30:25.367  a4000002 a4000002 
01.06.2021 13:30:25.379  a4000002 a5000002 
01.06.2021 13:30:25.382  a4000002 a4000002 
01.06.2021 13:30:25.478  a5000002 a5000002 
01.06.2021 13:30:25.487  a4000002 a4000002 
01.06.2021 13:30:25.490  a5000002 a5000002 
01.06.2021 13:30:25.580  a4000002 a5000002 
01.06.2021 13:30:25.595  a5000002 a5000002 
01.06.2021 13:30:25.598  a4000002 a5000002 
01.06.2021 13:30:25.601  a4000002 a4000002 
01.06.2021 13:30:25.613  a4000002 a5000002 
01.06.2021 13:30:25.616  a4000002 a4000002 
01.06.2021 13:30:25.700  a5000002 a5000002 
01.06.2021 13:30:25.703  a4000002 a4000002 
01.06.2021 13:30:25.706  a5000002 a5000002 
01.06.2021 13:30:25.796  a4000002 a5000002 
01.06.2021 13:30:25.811  a5000002 a5000002 
01.06.2021 13:30:25.814  a4000002 a5000002 
01.06.2021 13:30:25.817  a4000002 a4000002 
01.06.2021 13:30:25.829  a4000002 a5000002 
01.06.2021 13:30:25.832  a4000002 a4000002 
01.06.2021 13:30:25.982  a4000002 a5000002 
01.06.2021 13:30:25.991  a4000002 a4000002 
01.06.2021 13:30:25.994  a4000002 a5000002 
01.06.2021 13:30:26.048  a4000002 a4000002 
01.06.2021 13:30:26.063  a4000002 a5000002 
01.06.2021 13:30:26.066  a4000002 a4000002 
01.06.2021 13:30:26.456  a4000002 a5000002 
01.06.2021 13:30:26.459  a4000002 a4000002 
01.06.2021 13:30:26.462  a4000002 a5000002 
01.06.2021 13:30:26.528  a4000002 a4000002 
01.06.2021 13:30:26.531  a4000002 a5000002 
01.06.2021 13:30:26.534  a4000002 a4000002 
01.06.2021 13:30:26.684  a5000002 a4000002 
01.06.2021 13:30:26.693  a4000002 a4000002 
01.06.2021 13:30:26.696  a5000002 a4000002 
01.06.2021 13:30:26.762  a4000002 a4000002 
01.06.2021 13:30:26.765  a5000002 a4000002 
01.06.2021 13:30:26.768  a4000002 a4000002 
01.06.2021 13:30:26.960  a5000002 a5000002 
01.06.2021 13:30:26.963  a4000002 a4000002 
01.06.2021 13:30:26.966  a5000002 a5000002 
01.06.2021 13:30:27.056  a4000002 a5000002 
01.06.2021 13:30:27.071  a5000002 a5000002 
01.06.2021 13:30:27.074  a4000002 a5000002 
01.06.2021 13:30:27.077  a4000002 a4000002 
01.06.2021 13:30:27.089  a4000002 a5000002 
01.06.2021 13:30:27.092  a4000002 a4000002 
01.06.2021 13:30:27.176  a5000002 a5000002 
01.06.2021 13:30:27.179  a4000002 a4000002 
01.06.2021 13:30:27.182  a5000002 a5000002 
01.06.2021 13:30:27.272  a4000002 a5000002 
01.06.2021 13:30:27.287  a5000002 a5000002 
01.06.2021 13:30:27.290  a4000002 a5000002 
01.06.2021 13:30:27.293  a4000002 a4000002 
01.06.2021 13:30:27.305  a4000002 a5000002 
01.06.2021 13:30:27.308  a4000002 a4000002 
01.06.2021 13:30:27.401  a5000002 a5000002 
01.06.2021 13:30:27.413  a4000002 a4000002 
01.06.2021 13:30:27.416  a5000002 a5000002 
01.06.2021 13:30:27.506  a4000002 a5000002 
01.06.2021 13:30:27.521  a5000002 a5000002 
01.06.2021 13:30:27.524  a4000002 a5000002 
01.06.2021 13:30:27.527  a4000002 a4000002 
01.06.2021 13:30:27.539  a4000002 a5000002 
01.06.2021 13:30:27.542  a4000002 a4000002 
01.06.2021 13:30:27.626  a5000002 a5000002 
01.06.2021 13:30:27.629  a4000002 a4000002 
01.06.2021 13:30:27.632  a5000002 a5000002 
01.06.2021 13:30:27.722  a4000002 a5000002 
01.06.2021 13:30:27.737  a5000002 a5000002 
01.06.2021 13:30:27.740  a4000002 a5000002 
01.06.2021 13:30:27.743  a4000002 a4000002 
01.06.2021 13:30:27.755  a4000002 a5000002 
01.06.2021 13:30:27.758  a4000002 a4000002 
01.06.2021 13:30:30.908  a4000002 a5000002 
01.06.2021 13:30:30.962  a4000002 a4000002 
01.06.2021 13:30:30.977  a4000002 a5000002 
01.06.2021 13:30:30.980  a4000002 a4000002 
01.06.2021 13:30:33.473  a4000003 a4000003 
01.06.2021 13:30:33.476  a4000003 ac000003 
01.06.2021 13:30:33.479  a4000002 a4000002 
01.06.2021 13:30:33.482  a4000003 ac000003 
01.06.2021 13:30:33.503  a4000002 ac000002 
01.06.2021 13:30:33.509  a4000002 a4000002 
01.06.2021 13:30:33.515  a4000003 ac000003 
01.06.2021 13:30:33.518  a4000002 a4000002 
01.06.2021 13:30:33.608  a4000002 ac000002 
01.06.2021 13:30:33.623  a4000002 a4000002 
01.06.2021 13:30:33.626  a4000002 ac000002 
01.06.2021 13:30:33.653  a4000002 a4000002 
01.06.2021 13:30:33.659  a4000002 ac000002 
01.06.2021 13:30:33.662  a4000002 a4000002 
01.06.2021 13:30:33.743  a4000003 a4000003 
01.06.2021 13:30:33.749  a4000002 a4000002 
01.06.2021 13:30:33.752  a4000003 ac000003 
01.06.2021 13:30:33.779  a4000003 a4000003 
01.06.2021 13:30:33.785  a4000003 ac000003 
01.06.2021 13:30:33.788  a4000003 a4000003 
01.06.2021 13:30:33.890  a5000003 a5000003 
01.06.2021 13:30:33.893  a4000003 a4000003 
01.06.2021 13:30:33.896  a5000003 a5000003 
01.06.2021 13:30:33.986  a4000003 a5000003 
01.06.2021 13:30:34.001  a5000003 a5000003 
01.06.2021 13:30:34.004  a4000003 a5000003 
01.06.2021 13:30:34.007  a4000003 a4000003 
01.06.2021 13:30:34.019  a4000003 a5000003 
01.06.2021 13:30:34.022  a4000003 a4000003 
01.06.2021 13:30:34.100  a5000003 a5000003 
01.06.2021 13:30:34.109  a4000003 a4000003 
01.06.2021 13:30:34.112  a5000003 a5000003 
01.06.2021 13:30:34.202  a4000003 a5000003 
01.06.2021 13:30:34.217  a5000003 a5000003 
01.06.2021 13:30:34.220  a4000003 a5000003 
01.06.2021 13:30:34.223  a4000003 a4000003 
01.06.2021 13:30:34.235  a4000003 a5000003 
01.06.2021 13:30:34.238  a4000003 a4000003 
01.06.2021 14:18:01.406  a4000001 a4000001 
01.06.2021 14:18:01.409  24000001 24800001 
01.06.2021 14:18:01.415  a4000003 a4000003 
01.06.2021 14:18:01.418  24000001 24800001 
01.06.2021 14:18:01.424  24000001 24000001 
01.06.2021 14:18:01.433  24000001 24800001 
01.06.2021 14:18:01.436  24000001 24000001 

Servicedata V1.0 PLC:\DEBUG\SlaveStateA.service.trace created 03.06.2021 11:37:44 (local time)
hostname: hu, Software: 606421 04, built: 08.10.2014 08:59
-----------------------------------------------------------------------------------------------
                     ms  Virtual BusModule state(s)
03.06.2021 11:23:32.831  24000000 2c000000 
03.06.2021 11:23:32.849  00000000 00000000 
03.06.2021 11:23:32.852  24000000 2c000000 
03.06.2021 11:23:32.987  24000001 2c000000 
03.06.2021 11:23:32.996  24000000 2c000000 
03.06.2021 11:23:32.999  24000001 2c000001 
03.06.2021 11:23:33.017  24000001 2c000000 
03.06.2021 11:23:33.020  24000001 2c000001 
03.06.2021 11:23:33.128  24000001 24000001 
03.06.2021 11:23:33.143  24000001 2c000001 
03.06.2021 11:23:33.146  24000001 24000001 
03.06.2021 11:23:44.615  24000002 24000002 
03.06.2021 11:23:44.618  a4000002 a4000002 
03.06.2021 11:23:44.624  24000001 24000001 
03.06.2021 11:23:44.627  a4000002 a4000002 
03.06.2021 11:23:44.861  a4000002 a5000002 
03.06.2021 11:23:44.876  a4000002 a4000002 
03.06.2021 11:23:44.879  a4000002 a5000002 
03.06.2021 11:23:44.933  a4000002 a4000002 
03.06.2021 11:23:44.948  a4000002 a5000002 
03.06.2021 11:23:44.951  a4000002 a4000002 
03.06.2021 11:23:45.065  a5000002 a5000002 
03.06.2021 11:23:45.074  a4000002 a4000002 
03.06.2021 11:23:45.077  a5000002 a5000002 
03.06.2021 11:23:45.155  a4000002 a5000002 
03.06.2021 11:23:45.164  a5000002 a5000002 
03.06.2021 11:23:45.167  a4000002 a5000002 
03.06.2021 11:23:45.176  a4000002 a4000002 
03.06.2021 11:23:45.182  a4000002 a5000002 
03.06.2021 11:23:45.185  a4000002 a4000002 
03.06.2021 11:23:48.266  a5000002 a5000002 
03.06.2021 11:23:48.278  a4000002 a4000002 
03.06.2021 11:23:48.281  a5000002 a5000002 
03.06.2021 11:23:48.359  a4000002 a5000002 
03.06.2021 11:23:48.368  a5000002 a5000002 
03.06.2021 11:23:48.371  a4000002 a5000002 
03.06.2021 11:23:48.380  a4000002 a4000002 
03.06.2021 11:23:48.386  a4000002 a5000002 
03.06.2021 11:23:48.389  a4000002 a4000002 
03.06.2021 11:23:48.473  a5000002 a5000002 
03.06.2021 11:23:48.476  a4000002 a4000002 
03.06.2021 11:23:48.479  a5000002 a5000002 
03.06.2021 11:23:48.581  a4000002 a5000002 
03.06.2021 11:23:48.584  a5000002 a5000002 
03.06.2021 11:23:48.587  a4000002 a5000002 
03.06.2021 11:23:48.605  a4000002 a4000002 
03.06.2021 11:23:48.695  a5000002 a5000002 
03.06.2021 11:23:48.773  a4000002 a5000002 
03.06.2021 11:23:48.782  a5000002 a5000002 
03.06.2021 11:23:48.785  a4000002 a5000002 
03.06.2021 11:23:48.794  a4000002 a4000002 
03.06.2021 11:23:48.800  a4000002 a5000002 
03.06.2021 11:23:48.803  a4000002 a4000002 
03.06.2021 11:23:48.896  a5000002 a5000002 
03.06.2021 11:23:48.908  a4000002 a4000002 
03.06.2021 11:23:48.911  a5000002 a5000002 
03.06.2021 11:23:49.094  a4000002 a5000002 
03.06.2021 11:23:49.106  a5000002 a5000002 
03.06.2021 11:23:49.109  a4000002 a5000002 
03.06.2021 11:23:49.115  a4000002 a4000002 
03.06.2021 11:23:49.124  a4000002 a5000002 
03.06.2021 11:23:49.127  a4000002 a4000002 
03.06.2021 11:23:49.220  a5000002 a5000002 
03.06.2021 11:23:49.232  a4000002 a4000002 
03.06.2021 11:23:49.235  a5000002 a5000002 
03.06.2021 11:23:49.343  a4000002 a5000002 
03.06.2021 11:23:49.358  a5000002 a5000002 
03.06.2021 11:23:49.361  a4000002 a5000002 
03.06.2021 11:23:49.364  a4000002 a4000002 
03.06.2021 11:23:49.376  a4000002 a5000002 
03.06.2021 11:23:49.379  a4000002 a4000002 
03.06.2021 11:23:49.478  a5000002 a5000002 
03.06.2021 11:23:49.484  a4000002 a4000002 
03.06.2021 11:23:49.487  a5000002 a5000002 
03.06.2021 11:23:49.589  a4000002 a5000002 
03.06.2021 11:23:49.592  a5000002 a5000002 
03.06.2021 11:23:49.595  a4000002 a5000002 
03.06.2021 11:23:49.613  a4000002 a4000002 
03.06.2021 11:23:49.706  a5000002 a5000002 
03.06.2021 11:23:49.718  a4000002 a4000002 
03.06.2021 11:23:49.721  a5000002 a5000002 
03.06.2021 11:23:49.814  a4000002 a5000002 
03.06.2021 11:23:49.826  a5000002 a5000002 
03.06.2021 11:23:49.829  a4000002 a5000002 
03.06.2021 11:23:49.832  a4000002 a4000002 
03.06.2021 11:23:49.844  a4000002 a5000002 
03.06.2021 11:23:49.847  a4000002 a4000002 
03.06.2021 11:23:49.940  a4000002 a5000002 
03.06.2021 11:23:49.946  a5000002 a5000002 
03.06.2021 11:23:49.952  a4000002 a4000002 
03.06.2021 11:23:49.955  a5000002 a5000002 
03.06.2021 11:23:50.045  a4000002 a5000002 
03.06.2021 11:23:50.060  a5000002 a5000002 
03.06.2021 11:23:50.063  a4000002 a5000002 
03.06.2021 11:23:50.066  a4000002 a4000002 
03.06.2021 11:23:50.078  a4000002 a5000002 
03.06.2021 11:23:50.081  a4000002 a4000002 
03.06.2021 11:23:50.153  a5000002 a5000002 
03.06.2021 11:23:51.095  a4000002 a5000002 
03.06.2021 11:23:51.104  a5000002 a5000002 
03.06.2021 11:23:51.107  a4000002 a5000002 
03.06.2021 11:23:51.116  a4000002 a4000002 
03.06.2021 11:23:51.122  a4000002 a5000002 
03.06.2021 11:23:51.125  a4000002 a4000002 
03.06.2021 11:23:51.209  a5000002 a5000002 
03.06.2021 11:23:51.212  a4000002 a4000002 
03.06.2021 11:23:51.215  a5000002 a5000002 
03.06.2021 11:23:51.305  a4000002 a5000002 
03.06.2021 11:23:51.320  a5000002 a5000002 
03.06.2021 11:23:51.323  a4000002 a5000002 
03.06.2021 11:23:51.326  a4000002 a4000002 
03.06.2021 11:23:51.338  a4000002 a5000002 
03.06.2021 11:23:51.341  a4000002 a4000002 
03.06.2021 11:23:51.422  a5000002 a5000002 
03.06.2021 11:23:51.428  a4000002 a4000002 
03.06.2021 11:23:51.431  a5000002 a5000002 
03.06.2021 11:23:51.713  a4000002 a5000002 
03.06.2021 11:23:51.716  a5000002 a5000002 
03.06.2021 11:23:51.719  a4000002 a5000002 
03.06.2021 11:23:51.737  a4000002 a4000002 
03.06.2021 11:23:51.827  a5000002 a5000002 
03.06.2021 11:23:51.842  a4000002 a4000002 
03.06.2021 11:23:51.845  a5000002 a5000002 
03.06.2021 11:23:51.935  a4000002 a5000002 
03.06.2021 11:23:51.950  a5000002 a5000002 
03.06.2021 11:23:51.953  a4000002 a5000002 
03.06.2021 11:23:51.956  a4000002 a4000002 
03.06.2021 11:23:51.968  a4000002 a5000002 
03.06.2021 11:23:51.971  a4000002 a4000002 
03.06.2021 11:23:52.013  a5000002 a4000002 
03.06.2021 11:23:52.022  a4000002 a4000002 
03.06.2021 11:23:52.025  a5000002 a4000002 
03.06.2021 11:23:52.064  a4000002 a4000002 
03.06.2021 11:23:52.076  a5000002 a4000002 
03.06.2021 11:23:52.079  a4000002 a4000002 
03.06.2021 11:23:52.223  a4000002 a5000002 
03.06.2021 11:23:52.238  a4000002 a4000002 
03.06.2021 11:23:52.241  a4000002 a5000002 
03.06.2021 11:23:52.301  a4000002 a4000002 
03.06.2021 11:23:52.310  a4000002 a5000002 
03.06.2021 11:23:52.313  a4000002 a4000002 
03.06.2021 11:23:52.370  a4000002 a5000002 
03.06.2021 11:23:52.382  a4000002 a4000002 
03.06.2021 11:23:52.385  a4000002 a5000002 
03.06.2021 11:23:52.439  a4000002 a4000002 
03.06.2021 11:23:52.454  a4000002 a5000002 
03.06.2021 11:23:52.457  a4000002 a4000002 
03.06.2021 11:23:52.520  a5000002 a5000002 
03.06.2021 11:23:52.526  a4000002 a4000002 
03.06.2021 11:23:52.529  a5000002 a5000002 
03.06.2021 11:23:52.601  a4000002 a5000002 
03.06.2021 11:23:52.619  a4000002 a4000002 
03.06.2021 11:23:52.634  a4000002 a5000002 
03.06.2021 11:23:52.637  a4000002 a4000002 
03.06.2021 11:23:52.730  a5000002 a5000002 
03.06.2021 11:23:52.742  a4000002 a4000002 
03.06.2021 11:23:52.745  a5000002 a5000002 
03.06.2021 11:23:52.835  a4000002 a5000002 
03.06.2021 11:23:52.850  a5000002 a5000002 
03.06.2021 11:23:52.853  a4000002 a5000002 
03.06.2021 11:23:52.856  a4000002 a4000002 
03.06.2021 11:23:52.868  a4000002 a5000002 
03.06.2021 11:23:52.871  a4000002 a4000002 
03.06.2021 11:23:52.955  a5000002 a5000002 
03.06.2021 11:23:52.958  a4000002 a4000002 
03.06.2021 11:23:52.961  a5000002 a5000002 
03.06.2021 11:23:53.051  a4000002 a5000002 
03.06.2021 11:23:53.066  a5000002 a5000002 
03.06.2021 11:23:53.069  a4000002 a5000002 
03.06.2021 11:23:53.072  a4000002 a4000002 
03.06.2021 11:23:53.084  a4000002 a5000002 
03.06.2021 11:23:53.087  a4000002 a4000002 
03.06.2021 11:23:53.183  a5000002 a5000002 
03.06.2021 11:23:53.192  a4000002 a4000002 
03.06.2021 11:23:53.195  a5000002 a5000002 
03.06.2021 11:23:53.285  a4000002 a5000002 
03.06.2021 11:23:53.300  a5000002 a5000002 
03.06.2021 11:23:53.303  a4000002 a5000002 
03.06.2021 11:23:53.306  a4000002 a4000002 
03.06.2021 11:23:53.318  a4000002 a5000002 
03.06.2021 11:23:53.321  a4000002 a4000002 
03.06.2021 11:23:53.405  a5000002 a5000002 
03.06.2021 11:23:53.408  a4000002 a4000002 
03.06.2021 11:23:53.411  a5000002 a5000002 
03.06.2021 11:23:53.501  a4000002 a5000002 
03.06.2021 11:23:53.516  a5000002 a5000002 
03.06.2021 11:23:53.519  a4000002 a5000002 
03.06.2021 11:23:53.522  a4000002 a4000002 
03.06.2021 11:23:53.534  a4000002 a5000002 
03.06.2021 11:23:53.537  a4000002 a4000002 
03.06.2021 11:23:53.711  a4000002 a5000002 
03.06.2021 11:23:53.714  a4000002 a4000002 
03.06.2021 11:23:53.717  a4000002 a5000002 
03.06.2021 11:23:53.771  a4000002 a4000002 
03.06.2021 11:23:53.786  a4000002 a5000002 
03.06.2021 11:23:53.789  a4000002 a4000002 
03.06.2021 11:23:54.203  a4000002 a5000002 
03.06.2021 11:23:54.314  a4000002 a4000002 
03.06.2021 11:23:54.326  a4000002 a5000002 
03.06.2021 11:23:54.329  a4000002 a4000002 
03.06.2021 11:23:54.473  a5000002 a4000002 
03.06.2021 11:23:54.488  a4000002 a4000002 
03.06.2021 11:23:54.491  a5000002 a4000002 
03.06.2021 11:23:54.551  a4000002 a4000002 
03.06.2021 11:23:54.560  a5000002 a4000002 
03.06.2021 11:23:54.563  a4000002 a4000002 
03.06.2021 11:23:54.749  a5000002 a5000002 
03.06.2021 11:23:54.758  a4000002 a4000002 
03.06.2021 11:23:54.761  a5000002 a5000002 
03.06.2021 11:23:54.851  a4000002 a5000002 
03.06.2021 11:23:54.866  a5000002 a5000002 
03.06.2021 11:23:54.869  a4000002 a5000002 
03.06.2021 11:23:54.872  a4000002 a4000002 
03.06.2021 11:23:54.884  a4000002 a5000002 
03.06.2021 11:23:54.887  a4000002 a4000002 
03.06.2021 11:23:54.971  a5000002 a5000002 
03.06.2021 11:23:54.974  a4000002 a4000002 
03.06.2021 11:23:54.977  a5000002 a5000002 
03.06.2021 11:23:55.067  a4000002 a5000002 
03.06.2021 11:23:55.082  a5000002 a5000002 
03.06.2021 11:23:55.085  a4000002 a5000002 
03.06.2021 11:23:55.088  a4000002 a4000002 
03.06.2021 11:23:55.100  a4000002 a5000002 
03.06.2021 11:23:55.103  a4000002 a4000002 
03.06.2021 11:23:55.196  a5000002 a5000002 
03.06.2021 11:23:55.208  a4000002 a4000002 
03.06.2021 11:23:55.211  a5000002 a5000002 
03.06.2021 11:23:55.301  a4000002 a5000002 
03.06.2021 11:23:55.316  a5000002 a5000002 
03.06.2021 11:23:55.319  a4000002 a5000002 
03.06.2021 11:23:55.322  a4000002 a4000002 
03.06.2021 11:23:55.334  a4000002 a5000002 
03.06.2021 11:23:55.337  a4000002 a4000002 
03.06.2021 11:23:55.421  a5000002 a5000002 
03.06.2021 11:23:55.424  a4000002 a4000002 
03.06.2021 11:23:55.427  a5000002 a5000002 
03.06.2021 11:23:55.520  a4000002 a5000002 
03.06.2021 11:23:55.532  a5000002 a5000002 
03.06.2021 11:23:55.535  a4000002 a5000002 
03.06.2021 11:23:55.538  a4000002 a4000002 
03.06.2021 11:23:55.550  a4000002 a5000002 
03.06.2021 11:23:55.553  a4000002 a4000002 
03.06.2021 11:23:58.667  a4000002 a5000002 
03.06.2021 11:23:58.721  a4000002 a4000002 
03.06.2021 11:23:58.736  a4000002 a5000002 
03.06.2021 11:23:58.739  a4000002 a4000002 
03.06.2021 11:23:58.784  a4000003 a4000003 
03.06.2021 11:23:58.787  a4000003 ac000003 
03.06.2021 11:23:58.790  a4000002 a4000002 
03.06.2021 11:23:58.793  a4000003 ac000003 
03.06.2021 11:23:58.820  a4000002 a4000002 
03.06.2021 11:23:58.826  a4000003 ac000003 
03.06.2021 11:23:58.829  a4000002 a4000002 
03.06.2021 11:23:58.925  a4000002 ac000002 
03.06.2021 11:23:58.934  a4000002 a4000002 
03.06.2021 11:23:58.937  a4000002 ac000002 
03.06.2021 11:23:58.964  a4000002 a4000002 
03.06.2021 11:23:58.970  a4000002 ac000002 
03.06.2021 11:23:58.973  a4000002 a4000002 
03.06.2021 11:23:59.072  a4000003 a4000003 
03.06.2021 11:23:59.078  a4000002 a4000002 
03.06.2021 11:23:59.081  a4000003 ac000003 
03.06.2021 11:23:59.108  a4000003 a4000003 
03.06.2021 11:23:59.114  a4000003 ac000003 
03.06.2021 11:23:59.117  a4000003 a4000003 
03.06.2021 11:23:59.327  a5000003 a5000003 
03.06.2021 11:23:59.330  a4000003 a4000003 
03.06.2021 11:23:59.333  a5000003 a5000003 
03.06.2021 11:23:59.423  a4000003 a5000003 
03.06.2021 11:23:59.438  a5000003 a5000003 
03.06.2021 11:23:59.441  a4000003 a5000003 
03.06.2021 11:23:59.444  a4000003 a4000003 
03.06.2021 11:23:59.456  a4000003 a5000003 
03.06.2021 11:23:59.459  a4000003 a4000003 
03.06.2021 11:23:59.537  a5000003 a5000003 
03.06.2021 11:23:59.546  a4000003 a4000003 
03.06.2021 11:23:59.549  a5000003 a5000003 
03.06.2021 11:23:59.639  a4000003 a5000003 
03.06.2021 11:23:59.654  a5000003 a5000003 
03.06.2021 11:23:59.657  a4000003 a5000003 
03.06.2021 11:23:59.660  a4000003 a4000003 
03.06.2021 11:23:59.672  a4000003 a5000003 
03.06.2021 11:23:59.675  a4000003 a4000003 
03.06.2021 11:37:44.215  a4000001 a4000001 
03.06.2021 11:37:44.218  24000001 24800001 
03.06.2021 11:37:44.224  a4000003 a4000003 
03.06.2021 11:37:44.227  24000001 24800001 
03.06.2021 11:37:44.233  24000001 24000001 
03.06.2021 11:37:44.242  24000001 24800001 
03.06.2021 11:37:44.245  24000001 24000001 

Servicedata V1.0 PLC:\DEBUG\SlaveStateA.service.trace created 03.06.2021 11:48:39 (local time)
hostname: hu, Software: 606421 04, built: 08.10.2014 08:59
-----------------------------------------------------------------------------------------------
                     ms  Virtual BusModule state(s)
03.06.2021 11:39:47.652  24000000 2c000000 
03.06.2021 11:39:47.664  00000000 00000000 
03.06.2021 11:39:47.667  24000000 2c000000 
03.06.2021 11:39:47.808  24000001 2c000000 
03.06.2021 11:39:47.811  24000000 2c000000 
03.06.2021 11:39:47.814  24000001 2c000000 
03.06.2021 11:39:47.820  24000001 2c000001 
03.06.2021 11:39:47.832  24000001 2c000000 
03.06.2021 11:39:47.835  24000001 2c000001 
03.06.2021 11:39:48.072  24000001 24000001 
03.06.2021 11:39:48.084  24000001 2c000001 
03.06.2021 11:39:48.087  24000001 24000001 
03.06.2021 11:40:09.801  24000002 24000002 
03.06.2021 11:40:09.804  a4000002 a4000002 
03.06.2021 11:40:09.810  24000001 24000001 
03.06.2021 11:40:09.813  a4000002 a4000002 
03.06.2021 11:40:10.053  a4000002 a5000002 
03.06.2021 11:40:10.062  a4000002 a4000002 
03.06.2021 11:40:10.065  a4000002 a5000002 
03.06.2021 11:40:10.119  a4000002 a4000002 
03.06.2021 11:40:10.134  a4000002 a5000002 
03.06.2021 11:40:10.137  a4000002 a4000002 
03.06.2021 11:40:10.251  a5000002 a5000002 
03.06.2021 11:40:10.260  a4000002 a4000002 
03.06.2021 11:40:10.263  a5000002 a5000002 
03.06.2021 11:40:10.341  a4000002 a5000002 
03.06.2021 11:40:10.350  a5000002 a5000002 
03.06.2021 11:40:10.353  a4000002 a5000002 
03.06.2021 11:40:10.362  a4000002 a4000002 
03.06.2021 11:40:10.368  a4000002 a5000002 
03.06.2021 11:40:10.371  a4000002 a4000002 
03.06.2021 11:40:13.452  a5000002 a5000002 
03.06.2021 11:40:13.464  a4000002 a4000002 
03.06.2021 11:40:13.467  a5000002 a5000002 
03.06.2021 11:40:13.545  a4000002 a5000002 
03.06.2021 11:40:13.554  a5000002 a5000002 
03.06.2021 11:40:13.557  a4000002 a5000002 
03.06.2021 11:40:13.566  a4000002 a4000002 
03.06.2021 11:40:13.572  a4000002 a5000002 
03.06.2021 11:40:13.575  a4000002 a4000002 
03.06.2021 11:40:13.665  a5000002 a5000002 
03.06.2021 11:40:13.680  a4000002 a4000002 
03.06.2021 11:40:13.683  a5000002 a5000002 
03.06.2021 11:40:13.776  a4000002 a5000002 
03.06.2021 11:40:13.788  a5000002 a5000002 
03.06.2021 11:40:13.791  a4000002 a5000002 
03.06.2021 11:40:13.794  a4000002 a4000002 
03.06.2021 11:40:13.806  a4000002 a5000002 
03.06.2021 11:40:13.809  a4000002 a4000002 
03.06.2021 11:40:13.890  a5000002 a5000002 
03.06.2021 11:40:13.896  a4000002 a4000002 
03.06.2021 11:40:13.899  a5000002 a5000002 
03.06.2021 11:40:13.977  a4000002 a5000002 
03.06.2021 11:40:13.986  a5000002 a5000002 
03.06.2021 11:40:13.989  a4000002 a5000002 
03.06.2021 11:40:13.998  a4000002 a4000002 
03.06.2021 11:40:14.004  a4000002 a5000002 
03.06.2021 11:40:14.007  a4000002 a4000002 
03.06.2021 11:40:14.160  a5000002 a5000002 
03.06.2021 11:40:14.166  a4000002 a4000002 
03.06.2021 11:40:14.169  a5000002 a5000002 
03.06.2021 11:40:14.349  a4000002 a5000002 
03.06.2021 11:40:14.367  a4000002 a4000002 
03.06.2021 11:40:14.382  a4000002 a5000002 
03.06.2021 11:40:14.385  a4000002 a4000002 
03.06.2021 11:40:14.475  a5000002 a5000002 
03.06.2021 11:40:14.577  a4000002 a5000002 
03.06.2021 11:40:14.580  a5000002 a5000002 
03.06.2021 11:40:14.583  a4000002 a5000002 
03.06.2021 11:40:14.601  a4000002 a4000002 
03.06.2021 11:40:14.715  a5000002 a5000002 
03.06.2021 11:40:14.724  a4000002 a4000002 
03.06.2021 11:40:14.727  a5000002 a5000002 
03.06.2021 11:40:14.829  a4000002 a5000002 
03.06.2021 11:40:14.832  a5000002 a5000002 
03.06.2021 11:40:14.835  a4000002 a5000002 
03.06.2021 11:40:14.853  a4000002 a4000002 
03.06.2021 11:40:14.943  a5000002 a5000002 
03.06.2021 11:40:14.958  a4000002 a4000002 
03.06.2021 11:40:14.961  a5000002 a5000002 
03.06.2021 11:40:15.051  a4000002 a5000002 
03.06.2021 11:40:15.066  a5000002 a5000002 
03.06.2021 11:40:15.069  a4000002 a5000002 
03.06.2021 11:40:15.072  a4000002 a4000002 
03.06.2021 11:40:15.084  a4000002 a5000002 
03.06.2021 11:40:15.087  a4000002 a4000002 
03.06.2021 11:40:15.177  a4000002 a5000002 
03.06.2021 11:40:15.183  a5000002 a5000002 
03.06.2021 11:40:15.192  a4000002 a4000002 
03.06.2021 11:40:15.195  a5000002 a5000002 
03.06.2021 11:40:15.285  a4000002 a5000002 
03.06.2021 11:40:15.300  a5000002 a5000002 
03.06.2021 11:40:15.303  a4000002 a5000002 
03.06.2021 11:40:15.306  a4000002 a4000002 
03.06.2021 11:40:15.318  a4000002 a5000002 
03.06.2021 11:40:15.321  a4000002 a4000002 
03.06.2021 11:40:15.393  a5000002 a5000002 
03.06.2021 11:40:15.408  a4000002 a4000002 
03.06.2021 11:40:15.411  a5000002 a5000002 
03.06.2021 11:40:16.332  a4000002 a5000002 
03.06.2021 11:40:16.344  a5000002 a5000002 
03.06.2021 11:40:16.347  a4000002 a5000002 
03.06.2021 11:40:16.356  a4000002 a4000002 
03.06.2021 11:40:16.362  a4000002 a5000002 
03.06.2021 11:40:16.365  a4000002 a4000002 
03.06.2021 11:40:16.449  a5000002 a5000002 
03.06.2021 11:40:16.452  a4000002 a4000002 
03.06.2021 11:40:16.455  a5000002 a5000002 
03.06.2021 11:40:16.545  a4000002 a5000002 
03.06.2021 11:40:16.560  a5000002 a5000002 
03.06.2021 11:40:16.563  a4000002 a5000002 
03.06.2021 11:40:16.566  a4000002 a4000002 
03.06.2021 11:40:16.578  a4000002 a5000002 
03.06.2021 11:40:16.581  a4000002 a4000002 
03.06.2021 11:40:16.674  a5000002 a5000002 
03.06.2021 11:40:16.686  a4000002 a4000002 
03.06.2021 11:40:16.689  a5000002 a5000002 
03.06.2021 11:40:16.965  a4000002 a5000002 
03.06.2021 11:40:16.974  a5000002 a5000002 
03.06.2021 11:40:16.977  a4000002 a5000002 
03.06.2021 11:40:16.986  a4000002 a4000002 
03.06.2021 11:40:16.992  a4000002 a5000002 
03.06.2021 11:40:16.995  a4000002 a4000002 
03.06.2021 11:40:17.079  a5000002 a5000002 
03.06.2021 11:40:17.082  a4000002 a4000002 
03.06.2021 11:40:17.085  a5000002 a5000002 
03.06.2021 11:40:17.175  a4000002 a5000002 
03.06.2021 11:40:17.190  a5000002 a5000002 
03.06.2021 11:40:17.193  a4000002 a5000002 
03.06.2021 11:40:17.196  a4000002 a4000002 
03.06.2021 11:40:17.208  a4000002 a5000002 
03.06.2021 11:40:17.211  a4000002 a4000002 
03.06.2021 11:40:17.253  a5000002 a4000002 
03.06.2021 11:40:17.262  a4000002 a4000002 
03.06.2021 11:40:17.265  a5000002 a4000002 
03.06.2021 11:40:17.304  a4000002 a4000002 
03.06.2021 11:40:17.316  a5000002 a4000002 
03.06.2021 11:40:17.319  a4000002 a4000002 
03.06.2021 11:40:17.475  a4000002 a5000002 
03.06.2021 11:40:17.478  a4000002 a4000002 
03.06.2021 11:40:17.481  a4000002 a5000002 
03.06.2021 11:40:17.523  a4000002 a4000002 
03.06.2021 11:40:17.532  a4000002 a5000002 
03.06.2021 11:40:17.535  a4000002 a4000002 
03.06.2021 11:40:17.592  a4000002 a5000002 
03.06.2021 11:40:17.604  a4000002 a4000002 
03.06.2021 11:40:17.607  a4000002 a5000002 
03.06.2021 11:40:17.661  a4000002 a4000002 
03.06.2021 11:40:17.676  a4000002 a5000002 
03.06.2021 11:40:17.679  a4000002 a4000002 
03.06.2021 11:40:17.742  a5000002 a5000002 
03.06.2021 11:40:17.748  a4000002 a4000002 
03.06.2021 11:40:17.751  a5000002 a5000002 
03.06.2021 11:40:17.823  a4000002 a5000002 
03.06.2021 11:40:17.841  a4000002 a4000002 
03.06.2021 11:40:17.856  a4000002 a5000002 
03.06.2021 11:40:17.859  a4000002 a4000002 
03.06.2021 11:40:17.952  a5000002 a5000002 
03.06.2021 11:40:17.964  a4000002 a4000002 
03.06.2021 11:40:17.967  a5000002 a5000002 
03.06.2021 11:40:18.057  a4000002 a5000002 
03.06.2021 11:40:18.072  a5000002 a5000002 
03.06.2021 11:40:18.075  a4000002 a5000002 
03.06.2021 11:40:18.078  a4000002 a4000002 
03.06.2021 11:40:18.090  a4000002 a5000002 
03.06.2021 11:40:18.093  a4000002 a4000002 
03.06.2021 11:40:18.177  a5000002 a5000002 
03.06.2021 11:40:18.180  a4000002 a4000002 
03.06.2021 11:40:18.183  a5000002 a5000002 
03.06.2021 11:40:18.273  a4000002 a5000002 
03.06.2021 11:40:18.288  a5000002 a5000002 
03.06.2021 11:40:18.291  a4000002 a5000002 
03.06.2021 11:40:18.294  a4000002 a4000002 
03.06.2021 11:40:18.306  a4000002 a5000002 
03.06.2021 11:40:18.309  a4000002 a4000002 
03.06.2021 11:40:18.543  a5000002 a5000002 
03.06.2021 11:40:18.558  a4000002 a4000002 
03.06.2021 11:40:18.561  a5000002 a5000002 
03.06.2021 11:40:18.651  a4000002 a5000002 
03.06.2021 11:40:18.666  a5000002 a5000002 
03.06.2021 11:40:18.669  a4000002 a5000002 
03.06.2021 11:40:18.672  a4000002 a4000002 
03.06.2021 11:40:18.684  a4000002 a5000002 
03.06.2021 11:40:18.687  a4000002 a4000002 
03.06.2021 11:40:18.771  a5000002 a5000002 
03.06.2021 11:40:18.774  a4000002 a4000002 
03.06.2021 11:40:18.777  a5000002 a5000002 
03.06.2021 11:40:18.867  a4000002 a5000002 
03.06.2021 11:40:18.882  a5000002 a5000002 
03.06.2021 11:40:18.885  a4000002 a5000002 
03.06.2021 11:40:18.888  a4000002 a4000002 
03.06.2021 11:40:18.900  a4000002 a5000002 
03.06.2021 11:40:18.903  a4000002 a4000002 
03.06.2021 11:40:19.050  a4000002 a5000002 
03.06.2021 11:40:19.062  a4000002 a4000002 
03.06.2021 11:40:19.065  a4000002 a5000002 
03.06.2021 11:40:19.128  a4000002 a4000002 
03.06.2021 11:40:19.134  a4000002 a5000002 
03.06.2021 11:40:19.137  a4000002 a4000002 
03.06.2021 11:40:19.515  a4000002 a5000002 
03.06.2021 11:40:19.581  a4000002 a4000002 
03.06.2021 11:40:19.584  a4000002 a5000002 
03.06.2021 11:40:19.587  a4000002 a4000002 
03.06.2021 11:40:19.725  a5000002 a4000002 
03.06.2021 11:40:19.728  a4000002 a4000002 
03.06.2021 11:40:19.731  a5000002 a4000002 
03.06.2021 11:40:19.806  a4000002 a4000002 
03.06.2021 11:40:19.818  a5000002 a4000002 
03.06.2021 11:40:19.821  a4000002 a4000002 
03.06.2021 11:40:20.001  a5000002 a5000002 
03.06.2021 11:40:20.016  a4000002 a4000002 
03.06.2021 11:40:20.019  a5000002 a5000002 
03.06.2021 11:40:20.109  a4000002 a5000002 
03.06.2021 11:40:20.124  a5000002 a5000002 
03.06.2021 11:40:20.127  a4000002 a5000002 
03.06.2021 11:40:20.130  a4000002 a4000002 
03.06.2021 11:40:20.142  a4000002 a5000002 
03.06.2021 11:40:20.145  a4000002 a4000002 
03.06.2021 11:40:20.229  a5000002 a5000002 
03.06.2021 11:40:20.232  a4000002 a4000002 
03.06.2021 11:40:20.235  a5000002 a5000002 
03.06.2021 11:40:20.325  a4000002 a5000002 
03.06.2021 11:40:20.340  a5000002 a5000002 
03.06.2021 11:40:20.343  a4000002 a5000002 
03.06.2021 11:40:20.346  a4000002 a4000002 
03.06.2021 11:40:20.358  a4000002 a5000002 
03.06.2021 11:40:20.361  a4000002 a4000002 
03.06.2021 11:40:20.454  a5000002 a5000002 
03.06.2021 11:40:20.466  a4000002 a4000002 
03.06.2021 11:40:20.469  a5000002 a5000002 
03.06.2021 11:40:20.559  a4000002 a5000002 
03.06.2021 11:40:20.574  a5000002 a5000002 
03.06.2021 11:40:20.577  a4000002 a5000002 
03.06.2021 11:40:20.580  a4000002 a4000002 
03.06.2021 11:40:20.592  a4000002 a5000002 
03.06.2021 11:40:20.595  a4000002 a4000002 
03.06.2021 11:40:20.679  a5000002 a5000002 
03.06.2021 11:40:20.682  a4000002 a4000002 
03.06.2021 11:40:20.685  a5000002 a5000002 
03.06.2021 11:40:20.775  a4000002 a5000002 
03.06.2021 11:40:20.790  a5000002 a5000002 
03.06.2021 11:40:20.793  a4000002 a5000002 
03.06.2021 11:40:20.796  a4000002 a4000002 
03.06.2021 11:40:20.808  a4000002 a5000002 
03.06.2021 11:40:20.811  a4000002 a4000002 
03.06.2021 11:40:23.946  a4000002 a5000002 
03.06.2021 11:40:23.958  a4000002 a4000002 
03.06.2021 11:40:23.961  a4000002 a5000002 
03.06.2021 11:40:24.015  a4000002 a4000002 
03.06.2021 11:40:24.030  a4000002 a5000002 
03.06.2021 11:40:24.033  a4000002 a4000002 
03.06.2021 11:40:24.078  a4000003 a4000003 
03.06.2021 11:40:24.081  a4000003 ac000003 
03.06.2021 11:40:24.084  a4000002 a4000002 
03.06.2021 11:40:24.087  a4000003 ac000003 
03.06.2021 11:40:24.114  a4000002 a4000002 
03.06.2021 11:40:24.120  a4000003 ac000003 
03.06.2021 11:40:24.123  a4000002 a4000002 
03.06.2021 11:40:24.219  a4000002 ac000002 
03.06.2021 11:40:24.228  a4000002 a4000002 
03.06.2021 11:40:24.231  a4000002 ac000002 
03.06.2021 11:40:24.258  a4000002 a4000002 
03.06.2021 11:40:24.264  a4000002 ac000002 
03.06.2021 11:40:24.267  a4000002 a4000002 
03.06.2021 11:40:24.366  a4000003 a4000003 
03.06.2021 11:40:24.372  a4000002 a4000002 
03.06.2021 11:40:24.375  a4000003 ac000003 
03.06.2021 11:40:24.402  a4000003 a4000003 
03.06.2021 11:40:24.408  a4000003 ac000003 
03.06.2021 11:40:24.411  a4000003 a4000003 
03.06.2021 11:40:24.519  a5000003 a5000003 
03.06.2021 11:40:24.534  a4000003 a4000003 
03.06.2021 11:40:24.537  a5000003 a5000003 
03.06.2021 11:40:24.627  a4000003 a5000003 
03.06.2021 11:40:24.642  a5000003 a5000003 
03.06.2021 11:40:24.645  a4000003 a5000003 
03.06.2021 11:40:24.648  a4000003 a4000003 
03.06.2021 11:40:24.660  a4000003 a5000003 
03.06.2021 11:40:24.663  a4000003 a4000003 
03.06.2021 11:40:24.741  a5000003 a5000003 
03.06.2021 11:40:24.750  a4000003 a4000003 
03.06.2021 11:40:24.753  a5000003 a5000003 
03.06.2021 11:40:24.843  a4000003 a5000003 
03.06.2021 11:40:24.858  a5000003 a5000003 
03.06.2021 11:40:24.861  a4000003 a5000003 
03.06.2021 11:40:24.864  a4000003 a4000003 
03.06.2021 11:40:24.876  a4000003 a5000003 
03.06.2021 11:40:24.879  a4000003 a4000003 
03.06.2021 11:48:39.189  a4000001 a4000001 
03.06.2021 11:48:39.192  24000001 24800001 
03.06.2021 11:48:39.198  a4000003 a4000003 
03.06.2021 11:48:39.201  24000001 24800001 
03.06.2021 11:48:39.207  24000001 24000001 
03.06.2021 11:48:39.216  24000001 24800001 
03.06.2021 11:48:39.219  24000001 24000001 

Servicedata V1.0 PLC:\DEBUG\SlaveStateA.service.trace created 03.06.2021 18:48:43 (local time)
hostname: hu, Software: 606421 04, built: 08.10.2014 08:59
-----------------------------------------------------------------------------------------------
                     ms  Virtual BusModule state(s)
03.06.2021 18:45:33.760  24000000 2c000000 
03.06.2021 18:45:33.778  00000000 00000000 
03.06.2021 18:45:33.781  24000000 2c000000 
03.06.2021 18:45:33.919  24000001 2c000000 
03.06.2021 18:45:33.925  24000000 2c000000 
03.06.2021 18:45:33.928  24000001 2c000001 
03.06.2021 18:45:33.946  24000001 2c000000 
03.06.2021 18:45:33.949  24000001 2c000001 
03.06.2021 18:45:34.057  24000001 24000001 
03.06.2021 18:45:34.072  24000001 2c000001 
03.06.2021 18:45:34.075  24000001 24000001 
03.06.2021 18:46:29.180  24000002 24000002 
03.06.2021 18:46:29.183  a4000002 a4000002 
03.06.2021 18:46:29.189  24000001 24000001 
03.06.2021 18:46:29.192  a4000002 a4000002 
03.06.2021 18:46:29.588  a4000002 a5000002 
03.06.2021 18:46:29.645  a4000002 a4000002 
03.06.2021 18:46:29.657  a4000002 a5000002 
03.06.2021 18:46:29.660  a4000002 a4000002 
03.06.2021 18:46:29.786  a5000002 a5000002 
03.06.2021 18:46:29.801  a4000002 a4000002 
03.06.2021 18:46:29.804  a5000002 a5000002 
03.06.2021 18:46:29.882  a4000002 a5000002 
03.06.2021 18:46:29.891  a5000002 a5000002 
03.06.2021 18:46:29.894  a4000002 a5000002 
03.06.2021 18:46:29.903  a4000002 a4000002 
03.06.2021 18:46:29.909  a4000002 a5000002 
03.06.2021 18:46:29.912  a4000002 a4000002 
03.06.2021 18:46:32.993  a5000002 a5000002 
03.06.2021 18:46:33.005  a4000002 a4000002 
03.06.2021 18:46:33.008  a5000002 a5000002 
03.06.2021 18:46:33.086  a4000002 a5000002 
03.06.2021 18:46:33.095  a5000002 a5000002 
03.06.2021 18:46:33.098  a4000002 a5000002 
03.06.2021 18:46:33.107  a4000002 a4000002 
03.06.2021 18:46:33.113  a4000002 a5000002 
03.06.2021 18:46:33.116  a4000002 a4000002 
03.06.2021 18:46:33.197  a5000002 a5000002 
03.06.2021 18:46:33.203  a4000002 a4000002 
03.06.2021 18:46:33.206  a5000002 a5000002 
03.06.2021 18:46:33.305  a4000002 a5000002 
03.06.2021 18:46:33.311  a5000002 a5000002 
03.06.2021 18:46:33.314  a4000002 a5000002 
03.06.2021 18:46:33.326  a4000002 a4000002 
03.06.2021 18:46:33.329  a4000002 a5000002 
03.06.2021 18:46:33.332  a4000002 a4000002 
03.06.2021 18:46:33.416  a5000002 a5000002 
03.06.2021 18:46:33.419  a4000002 a4000002 
03.06.2021 18:46:33.422  a5000002 a5000002 
03.06.2021 18:46:33.500  a4000002 a5000002 
03.06.2021 18:46:33.509  a5000002 a5000002 
03.06.2021 18:46:33.512  a4000002 a5000002 
03.06.2021 18:46:33.521  a4000002 a4000002 
03.06.2021 18:46:33.527  a4000002 a5000002 
03.06.2021 18:46:33.530  a4000002 a4000002 
03.06.2021 18:46:33.623  a5000002 a5000002 
03.06.2021 18:46:33.635  a4000002 a4000002 
03.06.2021 18:46:33.638  a5000002 a5000002 
03.06.2021 18:46:33.716  a4000002 a5000002 
03.06.2021 18:46:33.725  a5000002 a5000002 
03.06.2021 18:46:33.728  a4000002 a5000002 
03.06.2021 18:46:33.737  a4000002 a4000002 
03.06.2021 18:46:33.743  a4000002 a5000002 
03.06.2021 18:46:33.746  a4000002 a4000002 
03.06.2021 18:46:33.842  a5000002 a5000002 
03.06.2021 18:46:33.851  a4000002 a4000002 
03.06.2021 18:46:33.854  a5000002 a5000002 
03.06.2021 18:46:33.962  a4000002 a5000002 
03.06.2021 18:46:33.980  a4000002 a4000002 
03.06.2021 18:46:34.094  a5000002 a5000002 
03.06.2021 18:46:34.103  a4000002 a4000002 
03.06.2021 18:46:34.106  a5000002 a5000002 
03.06.2021 18:46:34.208  a4000002 a5000002 
03.06.2021 18:46:34.211  a5000002 a5000002 
03.06.2021 18:46:34.214  a4000002 a5000002 
03.06.2021 18:46:34.232  a4000002 a4000002 
03.06.2021 18:46:34.322  a5000002 a5000002 
03.06.2021 18:46:34.337  a4000002 a4000002 
03.06.2021 18:46:34.340  a5000002 a5000002 
03.06.2021 18:46:34.448  a4000002 a5000002 
03.06.2021 18:46:34.466  a4000002 a4000002 
03.06.2021 18:46:34.481  a4000002 a5000002 
03.06.2021 18:46:34.484  a4000002 a4000002 
03.06.2021 18:46:34.682  a4000002 a5000002 
03.06.2021 18:46:34.688  a5000002 a5000002 
03.06.2021 18:46:34.697  a4000002 a5000002 
03.06.2021 18:46:34.700  a5000002 a5000002 
03.06.2021 18:46:34.760  a4000002 a5000002 
03.06.2021 18:46:34.769  a5000002 a5000002 
03.06.2021 18:46:34.772  a4000002 a5000002 
03.06.2021 18:46:34.781  a4000002 a4000002 
03.06.2021 18:46:34.787  a4000002 a5000002 
03.06.2021 18:46:34.790  a4000002 a4000002 
03.06.2021 18:46:34.868  a5000002 a5000002 
03.06.2021 18:46:34.877  a4000002 a4000002 
03.06.2021 18:46:34.880  a5000002 a5000002 
03.06.2021 18:46:35.801  a4000002 a5000002 
03.06.2021 18:46:35.813  a5000002 a5000002 
03.06.2021 18:46:35.816  a4000002 a5000002 
03.06.2021 18:46:35.825  a4000002 a4000002 
03.06.2021 18:46:35.831  a4000002 a5000002 
03.06.2021 18:46:35.834  a4000002 a4000002 
03.06.2021 18:46:35.915  a5000002 a5000002 
03.06.2021 18:46:35.921  a4000002 a4000002 
03.06.2021 18:46:35.924  a5000002 a5000002 
03.06.2021 18:46:36.014  a4000002 a5000002 
03.06.2021 18:46:36.029  a5000002 a5000002 
03.06.2021 18:46:36.032  a4000002 a5000002 
03.06.2021 18:46:36.035  a4000002 a4000002 
03.06.2021 18:46:36.047  a4000002 a5000002 
03.06.2021 18:46:36.050  a4000002 a4000002 
03.06.2021 18:46:36.146  a5000002 a5000002 
03.06.2021 18:46:36.155  a4000002 a4000002 
03.06.2021 18:46:36.158  a5000002 a5000002 
03.06.2021 18:46:36.437  a4000002 a5000002 
03.06.2021 18:46:36.443  a5000002 a5000002 
03.06.2021 18:46:36.446  a4000002 a5000002 
03.06.2021 18:46:36.458  a4000002 a4000002 
03.06.2021 18:46:36.461  a4000002 a5000002 
03.06.2021 18:46:36.464  a4000002 a4000002 
03.06.2021 18:46:36.548  a5000002 a5000002 
03.06.2021 18:46:36.551  a4000002 a4000002 
03.06.2021 18:46:36.554  a5000002 a5000002 
03.06.2021 18:46:36.644  a4000002 a5000002 
03.06.2021 18:46:36.659  a5000002 a5000002 
03.06.2021 18:46:36.662  a4000002 a5000002 
03.06.2021 18:46:36.665  a4000002 a4000002 
03.06.2021 18:46:36.677  a4000002 a5000002 
03.06.2021 18:46:36.680  a4000002 a4000002 
03.06.2021 18:46:36.722  a5000002 a4000002 
03.06.2021 18:46:36.731  a4000002 a4000002 
03.06.2021 18:46:36.734  a5000002 a4000002 
03.06.2021 18:46:36.773  a4000002 a4000002 
03.06.2021 18:46:36.785  a5000002 a4000002 
03.06.2021 18:46:36.788  a4000002 a4000002 
03.06.2021 18:46:36.950  a4000002 a5000002 
03.06.2021 18:46:36.995  a4000002 a4000002 
03.06.2021 18:46:37.001  a4000002 a5000002 
03.06.2021 18:46:37.004  a4000002 a4000002 
03.06.2021 18:46:37.064  a4000002 a5000002 
03.06.2021 18:46:37.073  a4000002 a4000002 
03.06.2021 18:46:37.076  a4000002 a5000002 
03.06.2021 18:46:37.130  a4000002 a4000002 
03.06.2021 18:46:37.145  a4000002 a5000002 
03.06.2021 18:46:37.148  a4000002 a4000002 
03.06.2021 18:46:37.208  a5000002 a5000002 
03.06.2021 18:46:37.217  a4000002 a4000002 
03.06.2021 18:46:37.220  a5000002 a5000002 
03.06.2021 18:46:37.286  a4000002 a5000002 
03.06.2021 18:46:37.289  a5000002 a5000002 
03.06.2021 18:46:37.292  a4000002 a5000002 
03.06.2021 18:46:37.310  a4000002 a4000002 
03.06.2021 18:46:37.325  a4000002 a5000002 
03.06.2021 18:46:37.328  a4000002 a4000002 
03.06.2021 18:46:37.418  a5000002 a5000002 
03.06.2021 18:46:37.433  a4000002 a4000002 
03.06.2021 18:46:37.436  a5000002 a5000002 
03.06.2021 18:46:37.526  a4000002 a5000002 
03.06.2021 18:46:37.541  a5000002 a5000002 
03.06.2021 18:46:37.544  a4000002 a5000002 
03.06.2021 18:46:37.547  a4000002 a4000002 
03.06.2021 18:46:37.559  a4000002 a5000002 
03.06.2021 18:46:37.562  a4000002 a4000002 
03.06.2021 18:46:37.796  a5000002 a5000002 
03.06.2021 18:46:37.886  a4000002 a5000002 
03.06.2021 18:46:37.901  a5000002 a5000002 
03.06.2021 18:46:37.904  a4000002 a5000002 
03.06.2021 18:46:37.907  a4000002 a4000002 
03.06.2021 18:46:37.919  a4000002 a5000002 
03.06.2021 18:46:37.922  a4000002 a4000002 
03.06.2021 18:46:38.018  a5000002 a5000002 
03.06.2021 18:46:38.027  a4000002 a4000002 
03.06.2021 18:46:38.030  a5000002 a5000002 
03.06.2021 18:46:38.120  a4000002 a5000002 
03.06.2021 18:46:38.135  a5000002 a5000002 
03.06.2021 18:46:38.138  a4000002 a5000002 
03.06.2021 18:46:38.141  a4000002 a4000002 
03.06.2021 18:46:38.153  a4000002 a5000002 
03.06.2021 18:46:38.156  a4000002 a4000002 
03.06.2021 18:46:38.240  a5000002 a5000002 
03.06.2021 18:46:38.243  a4000002 a4000002 
03.06.2021 18:46:38.246  a5000002 a5000002 
03.06.2021 18:46:38.336  a4000002 a5000002 
03.06.2021 18:46:38.351  a5000002 a5000002 
03.06.2021 18:46:38.354  a4000002 a5000002 
03.06.2021 18:46:38.357  a4000002 a4000002 
03.06.2021 18:46:38.369  a4000002 a5000002 
03.06.2021 18:46:38.372  a4000002 a4000002 
03.06.2021 18:46:38.525  a4000002 a5000002 
03.06.2021 18:46:38.531  a4000002 a4000002 
03.06.2021 18:46:38.534  a4000002 a5000002 
03.06.2021 18:46:38.588  a4000002 a4000002 
03.06.2021 18:46:38.603  a4000002 a5000002 
03.06.2021 18:46:38.606  a4000002 a4000002 
03.06.2021 18:46:38.834  a4000002 a5000002 
03.06.2021 18:46:38.837  a4000002 a4000002 
03.06.2021 18:46:38.840  a4000002 a5000002 
03.06.2021 18:46:38.906  a4000002 a4000002 
03.06.2021 18:46:38.909  a4000002 a5000002 
03.06.2021 18:46:38.912  a4000002 a4000002 
03.06.2021 18:46:39.047  a5000002 a4000002 
03.06.2021 18:46:39.053  a4000002 a4000002 
03.06.2021 18:46:39.056  a5000002 a4000002 
03.06.2021 18:46:39.128  a4000002 a4000002 
03.06.2021 18:46:39.326  a5000002 a5000002 
03.06.2021 18:46:39.425  a4000002 a5000002 
03.06.2021 18:46:39.431  a5000002 a5000002 
03.06.2021 18:46:39.434  a4000002 a5000002 
03.06.2021 18:46:39.446  a4000002 a4000002 
03.06.2021 18:46:39.449  a4000002 a5000002 
03.06.2021 18:46:39.452  a4000002 a4000002 
03.06.2021 18:46:39.680  a5000002 a5000002 
03.06.2021 18:46:39.683  a4000002 a4000002 
03.06.2021 18:46:39.686  a5000002 a5000002 
03.06.2021 18:46:39.776  a4000002 a5000002 
03.06.2021 18:46:39.791  a5000002 a5000002 
03.06.2021 18:46:39.794  a4000002 a5000002 
03.06.2021 18:46:39.797  a4000002 a4000002 
03.06.2021 18:46:39.809  a4000002 a5000002 
03.06.2021 18:46:39.812  a4000002 a4000002 
03.06.2021 18:46:39.908  a5000002 a5000002 
03.06.2021 18:46:39.917  a4000002 a4000002 
03.06.2021 18:46:39.920  a5000002 a5000002 
03.06.2021 18:46:40.010  a4000002 a5000002 
03.06.2021 18:46:40.025  a5000002 a5000002 
03.06.2021 18:46:40.028  a4000002 a5000002 
03.06.2021 18:46:40.031  a4000002 a4000002 
03.06.2021 18:46:40.043  a4000002 a5000002 
03.06.2021 18:46:40.046  a4000002 a4000002 
03.06.2021 18:46:40.130  a5000002 a5000002 
03.06.2021 18:46:40.133  a4000002 a4000002 
03.06.2021 18:46:40.136  a5000002 a5000002 
03.06.2021 18:46:40.226  a4000002 a5000002 
03.06.2021 18:46:40.241  a5000002 a5000002 
03.06.2021 18:46:40.244  a4000002 a5000002 
03.06.2021 18:46:40.247  a4000002 a4000002 
03.06.2021 18:46:40.259  a4000002 a5000002 
03.06.2021 18:46:40.262  a4000002 a4000002 
03.06.2021 18:46:43.268  a4000002 a5000002 
03.06.2021 18:46:43.283  a4000002 a4000002 
03.06.2021 18:46:43.286  a4000002 a5000002 
03.06.2021 18:46:43.340  a4000002 a4000002 
03.06.2021 18:46:43.355  a4000002 a5000002 
03.06.2021 18:46:43.358  a4000002 a4000002 
03.06.2021 18:46:43.403  a4000003 a4000003 
03.06.2021 18:46:43.406  a4000003 ac000003 
03.06.2021 18:46:43.409  a4000002 a4000002 
03.06.2021 18:46:43.412  a4000003 ac000003 
03.06.2021 18:46:43.439  a4000002 a4000002 
03.06.2021 18:46:43.445  a4000003 ac000003 
03.06.2021 18:46:43.448  a4000002 a4000002 
03.06.2021 18:46:43.544  a4000002 ac000002 
03.06.2021 18:46:43.553  a4000002 a4000002 
03.06.2021 18:46:43.556  a4000002 ac000002 
03.06.2021 18:46:43.583  a4000002 a4000002 
03.06.2021 18:46:43.589  a4000002 ac000002 
03.06.2021 18:46:43.592  a4000002 a4000002 
03.06.2021 18:46:43.691  a4000003 a4000003 
03.06.2021 18:46:43.697  a4000002 a4000002 
03.06.2021 18:46:43.700  a4000003 ac000003 
03.06.2021 18:46:43.727  a4000003 a4000003 
03.06.2021 18:46:43.733  a4000003 ac000003 
03.06.2021 18:46:43.736  a4000003 a4000003 
03.06.2021 18:46:43.838  a5000003 a5000003 
03.06.2021 18:46:43.841  a4000003 a4000003 
03.06.2021 18:46:43.844  a5000003 a5000003 
03.06.2021 18:46:43.934  a4000003 a5000003 
03.06.2021 18:46:43.949  a5000003 a5000003 
03.06.2021 18:46:43.952  a4000003 a5000003 
03.06.2021 18:46:43.955  a4000003 a4000003 
03.06.2021 18:46:43.967  a4000003 a5000003 
03.06.2021 18:46:43.970  a4000003 a4000003 
03.06.2021 18:46:44.048  a5000003 a5000003 
03.06.2021 18:46:44.057  a4000003 a4000003 
03.06.2021 18:46:44.060  a5000003 a5000003 
03.06.2021 18:46:44.150  a4000003 a5000003 
03.06.2021 18:46:44.165  a5000003 a5000003 
03.06.2021 18:46:44.168  a4000003 a5000003 
03.06.2021 18:46:44.171  a4000003 a4000003 
03.06.2021 18:46:44.183  a4000003 a5000003 
03.06.2021 18:46:44.186  a4000003 a4000003 
03.06.2021 18:48:09.654  a4000002 a4000002 
03.06.2021 18:48:09.663  a4000002 ac000002 
03.06.2021 18:48:09.666  a4000003 a4000003 
03.06.2021 18:48:09.669  a4000002 ac000002 
03.06.2021 18:48:09.696  a4000002 a4000002 
03.06.2021 18:48:09.702  a4000002 ac000002 
03.06.2021 18:48:09.705  a4000002 a4000002 
03.06.2021 18:48:42.507  a4000001 a4000001 
03.06.2021 18:48:42.510  24000001 24800001 
03.06.2021 18:48:42.516  a4000002 a4000002 
03.06.2021 18:48:42.519  24000001 24800001 
03.06.2021 18:48:42.525  24000001 24000001 
03.06.2021 18:48:42.534  24000001 24800001 
03.06.2021 18:48:42.537  24000001 24000001 

Servicedata V1.0 PLC:\DEBUG\SlaveStateA.service.trace created 03.06.2021 20:29:55 (local time)
hostname: hu, Software: 606421 04, built: 08.10.2014 08:59
-----------------------------------------------------------------------------------------------
                     ms  Virtual BusModule state(s)
03.06.2021 19:18:41.167  24000000 2c000000 
03.06.2021 19:18:41.179  00000000 00000000 
03.06.2021 19:18:41.182  24000000 2c000000 
03.06.2021 19:18:41.323  24000001 2c000000 
03.06.2021 19:18:41.326  24000000 2c000000 
03.06.2021 19:18:41.329  24000001 2c000000 
03.06.2021 19:18:41.335  24000001 2c000001 
03.06.2021 19:18:41.347  24000001 2c000000 
03.06.2021 19:18:41.350  24000001 2c000001 
03.06.2021 19:18:41.464  24000001 24000001 
03.06.2021 19:18:41.473  24000001 2c000001 
03.06.2021 19:18:41.476  24000001 24000001 
03.06.2021 19:19:30.728  24000002 24000002 
03.06.2021 19:19:30.731  a4000002 a4000002 
03.06.2021 19:19:30.737  24000001 24000001 
03.06.2021 19:19:30.740  a4000002 a4000002 
03.06.2021 19:19:30.974  a4000002 a5000002 
03.06.2021 19:19:30.989  a4000002 a4000002 
03.06.2021 19:19:30.992  a4000002 a5000002 
03.06.2021 19:19:31.046  a4000002 a4000002 
03.06.2021 19:19:31.061  a4000002 a5000002 
03.06.2021 19:19:31.064  a4000002 a4000002 
03.06.2021 19:19:31.178  a5000002 a5000002 
03.06.2021 19:19:31.187  a4000002 a4000002 
03.06.2021 19:19:31.190  a5000002 a5000002 
03.06.2021 19:19:31.268  a4000002 a5000002 
03.06.2021 19:19:31.277  a5000002 a5000002 
03.06.2021 19:19:31.280  a4000002 a5000002 
03.06.2021 19:19:31.289  a4000002 a4000002 
03.06.2021 19:19:31.295  a4000002 a5000002 
03.06.2021 19:19:31.298  a4000002 a4000002 
03.06.2021 19:19:34.379  a5000002 a5000002 
03.06.2021 19:19:34.391  a4000002 a4000002 
03.06.2021 19:19:34.394  a5000002 a5000002 
03.06.2021 19:19:34.472  a4000002 a5000002 
03.06.2021 19:19:34.481  a5000002 a5000002 
03.06.2021 19:19:34.484  a4000002 a5000002 
03.06.2021 19:19:34.493  a4000002 a4000002 
03.06.2021 19:19:34.499  a4000002 a5000002 
03.06.2021 19:19:34.502  a4000002 a4000002 
03.06.2021 19:19:34.586  a5000002 a5000002 
03.06.2021 19:19:34.589  a4000002 a4000002 
03.06.2021 19:19:34.592  a5000002 a5000002 
03.06.2021 19:19:34.694  a4000002 a5000002 
03.06.2021 19:19:34.697  a5000002 a5000002 
03.06.2021 19:19:34.700  a4000002 a5000002 
03.06.2021 19:19:34.718  a4000002 a4000002 
03.06.2021 19:19:34.808  a5000002 a5000002 
03.06.2021 19:19:34.886  a4000002 a5000002 
03.06.2021 19:19:34.895  a5000002 a5000002 
03.06.2021 19:19:34.898  a4000002 a5000002 
03.06.2021 19:19:34.907  a4000002 a4000002 
03.06.2021 19:19:34.913  a4000002 a5000002 
03.06.2021 19:19:34.916  a4000002 a4000002 
03.06.2021 19:19:35.030  a5000002 a5000002 
03.06.2021 19:19:35.039  a4000002 a4000002 
03.06.2021 19:19:35.042  a5000002 a5000002 
03.06.2021 19:19:35.216  a4000002 a5000002 
03.06.2021 19:19:35.219  a5000002 a5000002 
03.06.2021 19:19:35.222  a4000002 a5000002 
03.06.2021 19:19:35.240  a4000002 a4000002 
03.06.2021 19:19:35.342  a5000002 a5000002 
03.06.2021 19:19:35.345  a4000002 a4000002 
03.06.2021 19:19:35.348  a5000002 a5000002 
03.06.2021 19:19:35.450  a4000002 a5000002 
03.06.2021 19:19:35.453  a5000002 a5000002 
03.06.2021 19:19:35.456  a4000002 a5000002 
03.06.2021 19:19:35.474  a4000002 a4000002 
03.06.2021 19:19:35.585  a5000002 a5000002 
03.06.2021 19:19:35.597  a4000002 a4000002 
03.06.2021 19:19:35.600  a5000002 a5000002 
03.06.2021 19:19:35.702  a4000002 a5000002 
03.06.2021 19:19:35.705  a5000002 a5000002 
03.06.2021 19:19:35.708  a4000002 a5000002 
03.06.2021 19:19:35.726  a4000002 a4000002 
03.06.2021 19:19:35.816  a5000002 a5000002 
03.06.2021 19:19:35.831  a4000002 a4000002 
03.06.2021 19:19:35.834  a5000002 a5000002 
03.06.2021 19:19:35.924  a4000002 a5000002 
03.06.2021 19:19:35.939  a5000002 a5000002 
03.06.2021 19:19:35.942  a4000002 a5000002 
03.06.2021 19:19:35.945  a4000002 a4000002 
03.06.2021 19:19:35.957  a4000002 a5000002 
03.06.2021 19:19:35.960  a4000002 a4000002 
03.06.2021 19:19:36.050  a4000002 a5000002 
03.06.2021 19:19:36.056  a5000002 a5000002 
03.06.2021 19:19:36.065  a4000002 a5000002 
03.06.2021 19:19:36.068  a5000002 a5000002 
03.06.2021 19:19:36.128  a4000002 a5000002 
03.06.2021 19:19:36.137  a5000002 a5000002 
03.06.2021 19:19:36.140  a4000002 a5000002 
03.06.2021 19:19:36.149  a4000002 a4000002 
03.06.2021 19:19:36.155  a4000002 a5000002 
03.06.2021 19:19:36.158  a4000002 a4000002 
03.06.2021 19:19:36.233  a5000002 a5000002 
03.06.2021 19:19:36.245  a4000002 a4000002 
03.06.2021 19:19:36.248  a5000002 a5000002 
03.06.2021 19:19:37.169  a4000002 a5000002 
03.06.2021 19:19:37.181  a5000002 a5000002 
03.06.2021 19:19:37.184  a4000002 a5000002 
03.06.2021 19:19:37.193  a4000002 a4000002 
03.06.2021 19:19:37.199  a4000002 a5000002 
03.06.2021 19:19:37.202  a4000002 a4000002 
03.06.2021 19:19:37.286  a5000002 a5000002 
03.06.2021 19:19:37.289  a4000002 a4000002 
03.06.2021 19:19:37.292  a5000002 a5000002 
03.06.2021 19:19:37.382  a4000002 a5000002 
03.06.2021 19:19:37.397  a5000002 a5000002 
03.06.2021 19:19:37.400  a4000002 a5000002 
03.06.2021 19:19:37.403  a4000002 a4000002 
03.06.2021 19:19:37.415  a4000002 a5000002 
03.06.2021 19:19:37.418  a4000002 a4000002 
03.06.2021 19:19:37.508  a5000002 a5000002 
03.06.2021 19:19:37.796  a4000002 a5000002 
03.06.2021 19:19:37.811  a5000002 a5000002 
03.06.2021 19:19:37.814  a4000002 a5000002 
03.06.2021 19:19:37.817  a4000002 a4000002 
03.06.2021 19:19:37.829  a4000002 a5000002 
03.06.2021 19:19:37.832  a4000002 a4000002 
03.06.2021 19:19:37.907  a5000002 a5000002 
03.06.2021 19:19:37.919  a4000002 a4000002 
03.06.2021 19:19:37.922  a5000002 a5000002 
03.06.2021 19:19:38.012  a4000002 a5000002 
03.06.2021 19:19:38.027  a5000002 a5000002 
03.06.2021 19:19:38.030  a4000002 a5000002 
03.06.2021 19:19:38.033  a4000002 a4000002 
03.06.2021 19:19:38.045  a4000002 a5000002 
03.06.2021 19:19:38.048  a4000002 a4000002 
03.06.2021 19:19:38.090  a5000002 a4000002 
03.06.2021 19:19:38.099  a4000002 a4000002 
03.06.2021 19:19:38.102  a5000002 a4000002 
03.06.2021 19:19:38.138  a4000002 a4000002 
03.06.2021 19:19:38.153  a5000002 a4000002 
03.06.2021 19:19:38.156  a4000002 a4000002 
03.06.2021 19:19:38.306  a4000002 a5000002 
03.06.2021 19:19:38.315  a4000002 a4000002 
03.06.2021 19:19:38.318  a4000002 a5000002 
03.06.2021 19:19:38.384  a4000002 a4000002 
03.06.2021 19:19:38.387  a4000002 a5000002 
03.06.2021 19:19:38.390  a4000002 a4000002 
03.06.2021 19:19:38.453  a4000002 a5000002 
03.06.2021 19:19:38.459  a4000002 a4000002 
03.06.2021 19:19:38.462  a4000002 a5000002 
03.06.2021 19:19:38.516  a4000002 a4000002 
03.06.2021 19:19:38.531  a4000002 a5000002 
03.06.2021 19:19:38.534  a4000002 a4000002 
03.06.2021 19:19:38.600  a5000002 a5000002 
03.06.2021 19:19:38.603  a4000002 a4000002 
03.06.2021 19:19:38.606  a5000002 a5000002 
03.06.2021 19:19:38.672  a4000002 a5000002 
03.06.2021 19:19:38.675  a5000002 a5000002 
03.06.2021 19:19:38.678  a4000002 a5000002 
03.06.2021 19:19:38.696  a4000002 a4000002 
03.06.2021 19:19:38.711  a4000002 a5000002 
03.06.2021 19:19:38.714  a4000002 a4000002 
03.06.2021 19:19:38.804  a5000002 a5000002 
03.06.2021 19:19:38.819  a4000002 a4000002 
03.06.2021 19:19:38.822  a5000002 a5000002 
03.06.2021 19:19:38.912  a4000002 a5000002 
03.06.2021 19:19:38.927  a5000002 a5000002 
03.06.2021 19:19:38.930  a4000002 a5000002 
03.06.2021 19:19:38.933  a4000002 a4000002 
03.06.2021 19:19:38.945  a4000002 a5000002 
03.06.2021 19:19:38.948  a4000002 a4000002 
03.06.2021 19:19:39.032  a5000002 a5000002 
03.06.2021 19:19:39.035  a4000002 a4000002 
03.06.2021 19:19:39.038  a5000002 a5000002 
03.06.2021 19:19:39.128  a4000002 a5000002 
03.06.2021 19:19:39.143  a5000002 a5000002 
03.06.2021 19:19:39.146  a4000002 a5000002 
03.06.2021 19:19:39.149  a4000002 a4000002 
03.06.2021 19:19:39.161  a4000002 a5000002 
03.06.2021 19:19:39.164  a4000002 a4000002 
03.06.2021 19:19:39.260  a5000002 a5000002 
03.06.2021 19:19:39.269  a4000002 a4000002 
03.06.2021 19:19:39.272  a5000002 a5000002 
03.06.2021 19:19:39.362  a4000002 a5000002 
03.06.2021 19:19:39.377  a5000002 a5000002 
03.06.2021 19:19:39.380  a4000002 a5000002 
03.06.2021 19:19:39.383  a4000002 a4000002 
03.06.2021 19:19:39.395  a4000002 a5000002 
03.06.2021 19:19:39.398  a4000002 a4000002 
03.06.2021 19:19:39.482  a5000002 a5000002 
03.06.2021 19:19:39.485  a4000002 a4000002 
03.06.2021 19:19:39.488  a5000002 a5000002 
03.06.2021 19:19:39.578  a4000002 a5000002 
03.06.2021 19:19:39.593  a5000002 a5000002 
03.06.2021 19:19:39.596  a4000002 a5000002 
03.06.2021 19:19:39.599  a4000002 a4000002 
03.06.2021 19:19:39.611  a4000002 a5000002 
03.06.2021 19:19:39.614  a4000002 a4000002 
03.06.2021 19:19:39.764  a4000002 a5000002 
03.06.2021 19:19:39.773  a4000002 a4000002 
03.06.2021 19:19:39.776  a4000002 a5000002 
03.06.2021 19:19:39.830  a4000002 a4000002 
03.06.2021 19:19:39.845  a4000002 a5000002 
03.06.2021 19:19:39.848  a4000002 a4000002 
03.06.2021 19:19:40.082  a4000002 a5000002 
03.06.2021 19:19:40.220  a4000002 a4000002 
03.06.2021 19:19:40.223  a4000002 a5000002 
03.06.2021 19:19:40.226  a4000002 a4000002 
03.06.2021 19:19:40.376  a5000002 a4000002 
03.06.2021 19:19:40.385  a4000002 a4000002 
03.06.2021 19:19:40.388  a5000002 a4000002 
03.06.2021 19:19:40.454  a4000002 a4000002 
03.06.2021 19:19:40.457  a5000002 a4000002 
03.06.2021 19:19:40.460  a4000002 a4000002 
03.06.2021 19:19:40.652  a5000002 a5000002 
03.06.2021 19:19:40.655  a4000002 a4000002 
03.06.2021 19:19:40.658  a5000002 a5000002 
03.06.2021 19:19:40.748  a4000002 a5000002 
03.06.2021 19:19:40.763  a5000002 a5000002 
03.06.2021 19:19:40.766  a4000002 a5000002 
03.06.2021 19:19:40.769  a4000002 a4000002 
03.06.2021 19:19:40.781  a4000002 a5000002 
03.06.2021 19:19:40.784  a4000002 a4000002 
03.06.2021 19:19:40.868  a5000002 a5000002 
03.06.2021 19:19:40.871  a4000002 a4000002 
03.06.2021 19:19:40.874  a5000002 a5000002 
03.06.2021 19:19:40.964  a4000002 a5000002 
03.06.2021 19:19:40.979  a5000002 a5000002 
03.06.2021 19:19:40.982  a4000002 a5000002 
03.06.2021 19:19:40.985  a4000002 a4000002 
03.06.2021 19:19:40.997  a4000002 a5000002 
03.06.2021 19:19:41.000  a4000002 a4000002 
03.06.2021 19:19:41.093  a5000002 a5000002 
03.06.2021 19:19:41.105  a4000002 a4000002 
03.06.2021 19:19:41.108  a5000002 a5000002 
03.06.2021 19:19:41.198  a4000002 a5000002 
03.06.2021 19:19:41.213  a5000002 a5000002 
03.06.2021 19:19:41.216  a4000002 a5000002 
03.06.2021 19:19:41.219  a4000002 a4000002 
03.06.2021 19:19:41.231  a4000002 a5000002 
03.06.2021 19:19:41.234  a4000002 a4000002 
03.06.2021 19:19:41.318  a5000002 a5000002 
03.06.2021 19:19:41.321  a4000002 a4000002 
03.06.2021 19:19:41.324  a5000002 a5000002 
03.06.2021 19:19:41.414  a4000002 a5000002 
03.06.2021 19:19:41.429  a5000002 a5000002 
03.06.2021 19:19:41.432  a4000002 a5000002 
03.06.2021 19:19:41.435  a4000002 a4000002 
03.06.2021 19:19:41.447  a4000002 a5000002 
03.06.2021 19:19:41.450  a4000002 a4000002 
03.06.2021 19:19:44.600  a4000002 a5000002 
03.06.2021 19:19:44.654  a4000002 a4000002 
03.06.2021 19:19:44.669  a4000002 a5000002 
03.06.2021 19:19:44.672  a4000002 a4000002 
03.06.2021 19:19:48.371  a4000003 a4000003 
03.06.2021 19:19:48.377  a4000002 a4000002 
03.06.2021 19:19:48.380  a4000003 ac000003 
03.06.2021 19:19:48.398  a4000002 ac000002 
03.06.2021 19:19:48.407  a4000002 a4000002 
03.06.2021 19:19:48.413  a4000002 ac000002 
03.06.2021 19:19:48.416  a4000002 a4000002 
03.06.2021 19:19:48.500  a4000002 ac000002 
03.06.2021 19:19:48.503  a4000002 a4000002 
03.06.2021 19:19:48.506  a4000002 ac000002 
03.06.2021 19:19:48.533  a4000002 a4000002 
03.06.2021 19:19:48.539  a4000002 ac000002 
03.06.2021 19:19:48.542  a4000002 a4000002 
03.06.2021 19:19:48.659  a4000003 a4000003 
03.06.2021 19:19:48.665  a4000002 a4000002 
03.06.2021 19:19:48.668  a4000003 ac000003 
03.06.2021 19:19:48.695  a4000003 a4000003 
03.06.2021 19:19:48.701  a4000003 ac000003 
03.06.2021 19:19:48.704  a4000003 a4000003 
03.06.2021 19:19:48.806  a5000003 a5000003 
03.06.2021 19:19:48.809  a4000003 a4000003 
03.06.2021 19:19:48.812  a5000003 a5000003 
03.06.2021 19:19:48.905  a4000003 a5000003 
03.06.2021 19:19:48.917  a5000003 a5000003 
03.06.2021 19:19:48.920  a4000003 a5000003 
03.06.2021 19:19:48.923  a4000003 a4000003 
03.06.2021 19:19:48.935  a4000003 a5000003 
03.06.2021 19:19:48.938  a4000003 a4000003 
03.06.2021 19:19:49.016  a5000003 a5000003 
03.06.2021 19:19:49.025  a4000003 a4000003 
03.06.2021 19:19:49.028  a5000003 a5000003 
03.06.2021 19:19:49.118  a4000003 a5000003 
03.06.2021 19:19:49.133  a5000003 a5000003 
03.06.2021 19:19:49.136  a4000003 a5000003 
03.06.2021 19:19:49.139  a4000003 a4000003 
03.06.2021 19:19:49.151  a4000003 a5000003 
03.06.2021 19:19:49.154  a4000003 a4000003 
03.06.2021 19:21:29.373  a4000002 a4000002 
03.06.2021 19:21:29.376  a4000003 a4000003 
03.06.2021 19:21:29.379  a4000002 a4000002 
03.06.2021 19:21:29.382  a4000002 ac000002 
03.06.2021 19:21:29.394  a4000002 a4000002 
03.06.2021 19:21:29.397  a4000002 ac000002 
03.06.2021 19:21:29.424  a4000002 a4000002 
03.06.2021 19:21:29.430  a4000002 ac000002 
03.06.2021 19:21:29.433  a4000002 a4000002 
03.06.2021 19:38:20.891  a4000003 a4000003 
03.06.2021 19:38:20.897  a4000002 a4000002 
03.06.2021 19:38:20.900  a4000003 ac000003 
03.06.2021 19:38:20.927  a4000003 a4000003 
03.06.2021 19:38:20.933  a4000003 ac000003 
03.06.2021 19:38:20.936  a4000003 a4000003 
03.06.2021 19:39:36.147  a4000002 a4000002 
03.06.2021 19:39:36.156  a4000003 a4000003 
03.06.2021 19:39:36.159  a4000002 ac000002 
03.06.2021 19:39:36.186  a4000002 a4000002 
03.06.2021 19:39:36.192  a4000002 ac000002 
03.06.2021 19:39:36.195  a4000002 a4000002 
03.06.2021 20:04:14.397  a4000003 a4000003 
03.06.2021 20:04:14.400  a4000003 ac000003 
03.06.2021 20:04:14.403  a4000002 a4000002 
03.06.2021 20:04:14.406  a4000003 ac000003 
03.06.2021 20:04:14.433  a4000003 a4000003 
03.06.2021 20:04:14.439  a4000003 ac000003 
03.06.2021 20:04:14.442  a4000003 a4000003 
03.06.2021 20:08:58.936  a4000002 a4000002 
03.06.2021 20:08:58.941  a4000002 ac000002 
03.06.2021 20:08:58.950  a4000002 a4000002 
03.06.2021 20:08:58.953  a4000002 ac000002 
03.06.2021 20:08:58.980  a4000002 a4000002 
03.06.2021 20:08:58.986  a4000002 ac000002 
03.06.2021 20:08:58.989  a4000002 a4000002 
03.06.2021 20:27:57.475  a4000003 a4000003 
03.06.2021 20:27:57.478  a4000003 ac000003 
03.06.2021 20:27:57.481  a4000002 a4000002 
03.06.2021 20:27:57.484  a4000003 ac000003 
03.06.2021 20:27:57.511  a4000003 a4000003 
03.06.2021 20:27:57.517  a4000003 ac000003 
03.06.2021 20:27:57.520  a4000003 a4000003 
03.06.2021 20:28:20.263  a4000002 a4000002 
03.06.2021 20:28:20.269  a4000003 a4000003 
03.06.2021 20:28:20.272  a4000002 a4000002 
03.06.2021 20:28:20.275  a4000002 ac000002 
03.06.2021 20:28:20.287  a4000002 a4000002 
03.06.2021 20:28:20.290  a4000002 ac000002 
03.06.2021 20:28:20.317  a4000002 a4000002 
03.06.2021 20:28:20.323  a4000002 ac000002 
03.06.2021 20:28:20.326  a4000002 a4000002 
03.06.2021 20:28:41.917  a4000003 a4000003 
03.06.2021 20:28:41.920  a4000003 ac000003 
03.06.2021 20:28:41.923  a4000002 a4000002 
03.06.2021 20:28:41.926  a4000003 ac000003 
03.06.2021 20:28:41.953  a4000003 a4000003 
03.06.2021 20:28:41.959  a4000003 ac000003 
03.06.2021 20:28:41.962  a4000003 a4000003 
03.06.2021 20:29:12.166  a4000002 a4000002 
03.06.2021 20:29:12.178  a4000002 ac000002 
03.06.2021 20:29:12.181  a4000003 a4000003 
03.06.2021 20:29:12.184  a4000002 ac000002 
03.06.2021 20:29:12.211  a4000002 a4000002 
03.06.2021 20:29:12.217  a4000002 ac000002 
03.06.2021 20:29:12.220  a4000002 a4000002 

Servicedata V1.0 PLC:\DEBUG\SlaveStateA.service.trace created 03.06.2021 21:38:07 (local time)
hostname: hu, Software: 606421 04, built: 08.10.2014 08:59
-----------------------------------------------------------------------------------------------
                     ms  Virtual BusModule state(s)
03.06.2021 20:30:34.355  24000000 2c000000 
03.06.2021 20:30:34.511  24000001 2c000000 
03.06.2021 20:30:34.520  24000000 2c000000 
03.06.2021 20:30:34.523  24000001 2c000001 
03.06.2021 20:30:34.649  24000001 24000001 
03.06.2021 20:30:34.667  24000001 2c000001 
03.06.2021 20:30:34.670  24000001 24000001 
03.06.2021 20:30:52.095  24000002 24000002 
03.06.2021 20:30:52.098  a4000002 a4000002 
03.06.2021 20:30:52.104  24000001 24000001 
03.06.2021 20:30:52.107  a4000002 a4000002 
03.06.2021 20:30:52.347  a4000002 a5000002 
03.06.2021 20:30:52.356  a4000002 a4000002 
03.06.2021 20:30:52.359  a4000002 a5000002 
03.06.2021 20:30:52.413  a4000002 a4000002 
03.06.2021 20:30:52.428  a4000002 a5000002 
03.06.2021 20:30:52.431  a4000002 a4000002 
03.06.2021 20:30:52.545  a5000002 a5000002 
03.06.2021 20:30:52.554  a4000002 a4000002 
03.06.2021 20:30:52.557  a5000002 a5000002 
03.06.2021 20:30:52.635  a4000002 a5000002 
03.06.2021 20:30:52.644  a5000002 a5000002 
03.06.2021 20:30:52.647  a4000002 a5000002 
03.06.2021 20:30:52.656  a4000002 a4000002 
03.06.2021 20:30:52.662  a4000002 a5000002 
03.06.2021 20:30:52.665  a4000002 a4000002 
03.06.2021 20:30:55.746  a5000002 a5000002 
03.06.2021 20:30:55.758  a4000002 a4000002 
03.06.2021 20:30:55.761  a5000002 a5000002 
03.06.2021 20:30:55.839  a4000002 a5000002 
03.06.2021 20:30:55.848  a5000002 a5000002 
03.06.2021 20:30:55.851  a4000002 a5000002 
03.06.2021 20:30:55.860  a4000002 a4000002 
03.06.2021 20:30:55.866  a4000002 a5000002 
03.06.2021 20:30:55.869  a4000002 a4000002 
03.06.2021 20:30:55.959  a5000002 a5000002 
03.06.2021 20:30:55.974  a4000002 a4000002 
03.06.2021 20:30:55.977  a5000002 a5000002 
03.06.2021 20:30:56.067  a4000002 a5000002 
03.06.2021 20:30:56.082  a5000002 a5000002 
03.06.2021 20:30:56.085  a4000002 a5000002 
03.06.2021 20:30:56.088  a4000002 a4000002 
03.06.2021 20:30:56.100  a4000002 a5000002 
03.06.2021 20:30:56.103  a4000002 a4000002 
03.06.2021 20:30:56.178  a5000002 a5000002 
03.06.2021 20:30:56.190  a4000002 a4000002 
03.06.2021 20:30:56.193  a5000002 a5000002 
03.06.2021 20:30:56.271  a4000002 a5000002 
03.06.2021 20:30:56.280  a5000002 a5000002 
03.06.2021 20:30:56.283  a4000002 a5000002 
03.06.2021 20:30:56.292  a4000002 a4000002 
03.06.2021 20:30:56.298  a4000002 a5000002 
03.06.2021 20:30:56.301  a4000002 a4000002 
03.06.2021 20:30:56.418  a5000002 a5000002 
03.06.2021 20:30:56.424  a4000002 a4000002 
03.06.2021 20:30:56.427  a5000002 a5000002 
03.06.2021 20:30:56.505  a4000002 a5000002 
03.06.2021 20:30:56.514  a5000002 a5000002 
03.06.2021 20:30:56.517  a4000002 a5000002 
03.06.2021 20:30:56.526  a4000002 a4000002 
03.06.2021 20:30:56.532  a4000002 a5000002 
03.06.2021 20:30:56.535  a4000002 a4000002 
03.06.2021 20:30:56.631  a5000002 a5000002 
03.06.2021 20:30:56.640  a4000002 a4000002 
03.06.2021 20:30:56.643  a5000002 a5000002 
03.06.2021 20:30:56.751  a4000002 a5000002 
03.06.2021 20:30:56.766  a5000002 a5000002 
03.06.2021 20:30:56.769  a4000002 a5000002 
03.06.2021 20:30:56.772  a4000002 a4000002 
03.06.2021 20:30:56.784  a4000002 a5000002 
03.06.2021 20:30:56.787  a4000002 a4000002 
03.06.2021 20:30:56.886  a5000002 a5000002 
03.06.2021 20:30:56.892  a4000002 a4000002 
03.06.2021 20:30:56.895  a5000002 a5000002 
03.06.2021 20:30:56.997  a4000002 a5000002 
03.06.2021 20:30:57.000  a5000002 a5000002 
03.06.2021 20:30:57.003  a4000002 a5000002 
03.06.2021 20:30:57.021  a4000002 a4000002 
03.06.2021 20:30:57.111  a5000002 a5000002 
03.06.2021 20:30:57.126  a4000002 a4000002 
03.06.2021 20:30:57.129  a5000002 a5000002 
03.06.2021 20:30:57.219  a4000002 a5000002 
03.06.2021 20:30:57.234  a5000002 a5000002 
03.06.2021 20:30:57.237  a4000002 a5000002 
03.06.2021 20:30:57.240  a4000002 a4000002 
03.06.2021 20:30:57.252  a4000002 a5000002 
03.06.2021 20:30:57.255  a4000002 a4000002 
03.06.2021 20:30:57.345  a4000002 a5000002 
03.06.2021 20:30:57.351  a5000002 a5000002 
03.06.2021 20:30:57.360  a4000002 a4000002 
03.06.2021 20:30:57.363  a5000002 a5000002 
03.06.2021 20:30:57.453  a4000002 a5000002 
03.06.2021 20:30:57.468  a5000002 a5000002 
03.06.2021 20:30:57.471  a4000002 a5000002 
03.06.2021 20:30:57.474  a4000002 a4000002 
03.06.2021 20:30:57.486  a4000002 a5000002 
03.06.2021 20:30:57.489  a4000002 a4000002 
03.06.2021 20:30:57.561  a5000002 a5000002 
03.06.2021 20:30:58.482  a4000002 a5000002 
03.06.2021 20:30:58.494  a5000002 a5000002 
03.06.2021 20:30:58.497  a4000002 a5000002 
03.06.2021 20:30:58.506  a4000002 a4000002 
03.06.2021 20:30:58.512  a4000002 a5000002 
03.06.2021 20:30:58.515  a4000002 a4000002 
03.06.2021 20:30:58.599  a5000002 a5000002 
03.06.2021 20:30:58.602  a4000002 a4000002 
03.06.2021 20:30:58.605  a5000002 a5000002 
03.06.2021 20:30:58.695  a4000002 a5000002 
03.06.2021 20:30:58.710  a5000002 a5000002 
03.06.2021 20:30:58.713  a4000002 a5000002 
03.06.2021 20:30:58.716  a4000002 a4000002 
03.06.2021 20:30:58.728  a4000002 a5000002 
03.06.2021 20:30:58.731  a4000002 a4000002 
03.06.2021 20:30:58.821  a5000002 a5000002 
03.06.2021 20:30:59.109  a4000002 a5000002 
03.06.2021 20:30:59.124  a5000002 a5000002 
03.06.2021 20:30:59.127  a4000002 a5000002 
03.06.2021 20:30:59.130  a4000002 a4000002 
03.06.2021 20:30:59.142  a4000002 a5000002 
03.06.2021 20:30:59.145  a4000002 a4000002 
03.06.2021 20:30:59.223  a5000002 a5000002 
03.06.2021 20:30:59.232  a4000002 a4000002 
03.06.2021 20:30:59.235  a5000002 a5000002 
03.06.2021 20:30:59.325  a4000002 a5000002 
03.06.2021 20:30:59.340  a5000002 a5000002 
03.06.2021 20:30:59.343  a4000002 a5000002 
03.06.2021 20:30:59.346  a4000002 a4000002 
03.06.2021 20:30:59.358  a4000002 a5000002 
03.06.2021 20:30:59.361  a4000002 a4000002 
03.06.2021 20:30:59.403  a5000002 a4000002 
03.06.2021 20:30:59.412  a4000002 a4000002 
03.06.2021 20:30:59.415  a5000002 a4000002 
03.06.2021 20:30:59.454  a4000002 a4000002 
03.06.2021 20:30:59.466  a5000002 a4000002 
03.06.2021 20:30:59.469  a4000002 a4000002 
03.06.2021 20:30:59.619  a4000002 a5000002 
03.06.2021 20:30:59.628  a4000002 a4000002 
03.06.2021 20:30:59.631  a4000002 a5000002 
03.06.2021 20:30:59.697  a4000002 a4000002 
03.06.2021 20:30:59.700  a4000002 a5000002 
03.06.2021 20:30:59.703  a4000002 a4000002 
03.06.2021 20:30:59.766  a4000002 a5000002 
03.06.2021 20:30:59.772  a4000002 a4000002 
03.06.2021 20:30:59.775  a4000002 a5000002 
03.06.2021 20:30:59.829  a4000002 a4000002 
03.06.2021 20:30:59.844  a4000002 a5000002 
03.06.2021 20:30:59.847  a4000002 a4000002 
03.06.2021 20:30:59.910  a5000002 a5000002 
03.06.2021 20:30:59.916  a4000002 a4000002 
03.06.2021 20:30:59.919  a5000002 a5000002 
03.06.2021 20:30:59.991  a4000002 a5000002 
03.06.2021 20:31:00.009  a4000002 a4000002 
03.06.2021 20:31:00.024  a4000002 a5000002 
03.06.2021 20:31:00.027  a4000002 a4000002 
03.06.2021 20:31:00.120  a5000002 a5000002 
03.06.2021 20:31:00.132  a4000002 a4000002 
03.06.2021 20:31:00.135  a5000002 a5000002 
03.06.2021 20:31:00.225  a4000002 a5000002 
03.06.2021 20:31:00.240  a5000002 a5000002 
03.06.2021 20:31:00.243  a4000002 a5000002 
03.06.2021 20:31:00.246  a4000002 a4000002 
03.06.2021 20:31:00.258  a4000002 a5000002 
03.06.2021 20:31:00.261  a4000002 a4000002 
03.06.2021 20:31:00.345  a5000002 a5000002 
03.06.2021 20:31:00.348  a4000002 a4000002 
03.06.2021 20:31:00.351  a5000002 a5000002 
03.06.2021 20:31:00.441  a4000002 a5000002 
03.06.2021 20:31:00.456  a5000002 a5000002 
03.06.2021 20:31:00.459  a4000002 a5000002 
03.06.2021 20:31:00.462  a4000002 a4000002 
03.06.2021 20:31:00.474  a4000002 a5000002 
03.06.2021 20:31:00.477  a4000002 a4000002 
03.06.2021 20:31:00.573  a5000002 a5000002 
03.06.2021 20:31:00.582  a4000002 a4000002 
03.06.2021 20:31:00.585  a5000002 a5000002 
03.06.2021 20:31:00.675  a4000002 a5000002 
03.06.2021 20:31:00.690  a5000002 a5000002 
03.06.2021 20:31:00.693  a4000002 a5000002 
03.06.2021 20:31:00.696  a4000002 a4000002 
03.06.2021 20:31:00.708  a4000002 a5000002 
03.06.2021 20:31:00.711  a4000002 a4000002 
03.06.2021 20:31:00.795  a5000002 a5000002 
03.06.2021 20:31:00.798  a4000002 a4000002 
03.06.2021 20:31:00.801  a5000002 a5000002 
03.06.2021 20:31:00.891  a4000002 a5000002 
03.06.2021 20:31:00.906  a5000002 a5000002 
03.06.2021 20:31:00.909  a4000002 a5000002 
03.06.2021 20:31:00.912  a4000002 a4000002 
03.06.2021 20:31:00.924  a4000002 a5000002 
03.06.2021 20:31:00.927  a4000002 a4000002 
03.06.2021 20:31:01.077  a4000002 a5000002 
03.06.2021 20:31:01.086  a4000002 a4000002 
03.06.2021 20:31:01.089  a4000002 a5000002 
03.06.2021 20:31:01.143  a4000002 a4000002 
03.06.2021 20:31:01.158  a4000002 a5000002 
03.06.2021 20:31:01.161  a4000002 a4000002 
03.06.2021 20:31:01.386  a4000002 a5000002 
03.06.2021 20:31:01.392  a4000002 a4000002 
03.06.2021 20:31:01.395  a4000002 a5000002 
03.06.2021 20:31:01.602  a4000002 a4000002 
03.06.2021 20:31:01.608  a4000002 a5000002 
03.06.2021 20:31:01.611  a4000002 a4000002 
03.06.2021 20:31:01.749  a5000002 a4000002 
03.06.2021 20:31:01.752  a4000002 a4000002 
03.06.2021 20:31:01.755  a5000002 a4000002 
03.06.2021 20:31:01.830  a4000002 a4000002 
03.06.2021 20:31:01.842  a5000002 a4000002 
03.06.2021 20:31:01.845  a4000002 a4000002 
03.06.2021 20:31:02.025  a5000002 a5000002 
03.06.2021 20:31:02.040  a4000002 a4000002 
03.06.2021 20:31:02.043  a5000002 a5000002 
03.06.2021 20:31:02.133  a4000002 a5000002 
03.06.2021 20:31:02.148  a5000002 a5000002 
03.06.2021 20:31:02.151  a4000002 a5000002 
03.06.2021 20:31:02.154  a4000002 a4000002 
03.06.2021 20:31:02.166  a4000002 a5000002 
03.06.2021 20:31:02.169  a4000002 a4000002 
03.06.2021 20:31:02.253  a5000002 a5000002 
03.06.2021 20:31:02.256  a4000002 a4000002 
03.06.2021 20:31:02.259  a5000002 a5000002 
03.06.2021 20:31:02.349  a4000002 a5000002 
03.06.2021 20:31:02.364  a5000002 a5000002 
03.06.2021 20:31:02.367  a4000002 a5000002 
03.06.2021 20:31:02.370  a4000002 a4000002 
03.06.2021 20:31:02.382  a4000002 a5000002 
03.06.2021 20:31:02.385  a4000002 a4000002 
03.06.2021 20:31:02.478  a5000002 a5000002 
03.06.2021 20:31:02.490  a4000002 a4000002 
03.06.2021 20:31:02.493  a5000002 a5000002 
03.06.2021 20:31:02.583  a4000002 a5000002 
03.06.2021 20:31:02.598  a5000002 a5000002 
03.06.2021 20:31:02.601  a4000002 a5000002 
03.06.2021 20:31:02.604  a4000002 a4000002 
03.06.2021 20:31:02.616  a4000002 a5000002 
03.06.2021 20:31:02.619  a4000002 a4000002 
03.06.2021 20:31:02.703  a5000002 a5000002 
03.06.2021 20:31:02.706  a4000002 a4000002 
03.06.2021 20:31:02.709  a5000002 a5000002 
03.06.2021 20:31:02.799  a4000002 a5000002 
03.06.2021 20:31:02.814  a5000002 a5000002 
03.06.2021 20:31:02.817  a4000002 a5000002 
03.06.2021 20:31:02.820  a4000002 a4000002 
03.06.2021 20:31:02.832  a4000002 a5000002 
03.06.2021 20:31:02.835  a4000002 a4000002 
03.06.2021 20:31:05.937  a4000002 a5000002 
03.06.2021 20:31:05.946  a4000002 a4000002 
03.06.2021 20:31:05.949  a4000002 a5000002 
03.06.2021 20:31:06.003  a4000002 a4000002 
03.06.2021 20:31:06.018  a4000002 a5000002 
03.06.2021 20:31:06.021  a4000002 a4000002 
03.06.2021 20:31:29.232  a4000003 a4000003 
03.06.2021 20:31:29.235  a4000003 ac000003 
03.06.2021 20:31:29.238  a4000002 a4000002 
03.06.2021 20:31:29.241  a4000003 ac000003 
03.06.2021 20:31:29.262  a4000002 ac000002 
03.06.2021 20:31:29.268  a4000002 a4000002 
03.06.2021 20:31:29.274  a4000003 ac000003 
03.06.2021 20:31:29.277  a4000002 a4000002 
03.06.2021 20:31:29.367  a4000002 ac000002 
03.06.2021 20:31:29.382  a4000002 a4000002 
03.06.2021 20:31:29.385  a4000002 ac000002 
03.06.2021 20:31:29.412  a4000002 a4000002 
03.06.2021 20:31:29.418  a4000002 ac000002 
03.06.2021 20:31:29.421  a4000002 a4000002 
03.06.2021 20:31:29.502  a4000003 a4000003 
03.06.2021 20:31:29.508  a4000002 a4000002 
03.06.2021 20:31:29.511  a4000003 ac000003 
03.06.2021 20:31:29.538  a4000003 a4000003 
03.06.2021 20:31:29.544  a4000003 ac000003 
03.06.2021 20:31:29.547  a4000003 a4000003 
03.06.2021 20:31:29.649  a5000003 a5000003 
03.06.2021 20:31:29.652  a4000003 a4000003 
03.06.2021 20:31:29.655  a5000003 a5000003 
03.06.2021 20:31:29.745  a4000003 a5000003 
03.06.2021 20:31:29.760  a5000003 a5000003 
03.06.2021 20:31:29.763  a4000003 a5000003 
03.06.2021 20:31:29.766  a4000003 a4000003 
03.06.2021 20:31:29.778  a4000003 a5000003 
03.06.2021 20:31:29.781  a4000003 a4000003 
03.06.2021 20:31:29.859  a5000003 a5000003 
03.06.2021 20:31:29.868  a4000003 a4000003 
03.06.2021 20:31:29.871  a5000003 a5000003 
03.06.2021 20:31:29.961  a4000003 a5000003 
03.06.2021 20:31:29.976  a5000003 a5000003 
03.06.2021 20:31:29.979  a4000003 a5000003 
03.06.2021 20:31:29.982  a4000003 a4000003 
03.06.2021 20:31:29.994  a4000003 a5000003 
03.06.2021 20:31:29.997  a4000003 a4000003 
03.06.2021 20:52:37.043  a4000002 a4000002 
03.06.2021 20:52:37.046  a4000003 a4000003 
03.06.2021 20:52:37.049  a4000002 a4000002 
03.06.2021 20:52:37.052  a4000002 ac000002 
03.06.2021 20:52:37.064  a4000002 a4000002 
03.06.2021 20:52:37.067  a4000002 ac000002 
03.06.2021 20:52:37.094  a4000002 a4000002 
03.06.2021 20:52:37.100  a4000002 ac000002 
03.06.2021 20:52:37.103  a4000002 a4000002 
03.06.2021 20:58:35.171  a4000003 a4000003 
03.06.2021 20:58:35.174  a4000003 ac000003 
03.06.2021 20:58:35.177  a4000002 a4000002 
03.06.2021 20:58:35.181  a4000003 ac000003 
03.06.2021 20:58:35.208  a4000003 a4000003 
03.06.2021 20:58:35.213  a4000003 ac000003 
03.06.2021 20:58:35.217  a4000003 a4000003 
03.06.2021 21:16:33.131  a4000002 a4000002 
03.06.2021 21:16:33.137  a4000003 a4000003 
03.06.2021 21:16:33.140  a4000002 ac000002 
03.06.2021 21:16:33.155  a4000002 a4000002 
03.06.2021 21:16:33.158  a4000002 ac000002 
03.06.2021 21:16:33.185  a4000002 a4000002 
03.06.2021 21:16:33.191  a4000002 ac000002 
03.06.2021 21:16:33.194  a4000002 a4000002 
03.06.2021 21:16:42.437  a4000003 a4000003 
03.06.2021 21:16:42.440  a4000003 ac000003 
03.06.2021 21:16:42.443  a4000002 a4000002 
03.06.2021 21:16:42.446  a4000003 ac000003 
03.06.2021 21:16:42.473  a4000003 a4000003 
03.06.2021 21:16:42.479  a4000003 ac000003 
03.06.2021 21:16:42.482  a4000003 a4000003 
03.06.2021 21:24:56.860  a4000002 a4000002 
03.06.2021 21:24:56.869  a4000002 ac000002 
03.06.2021 21:24:56.872  a4000003 a4000003 
03.06.2021 21:24:56.876  a4000002 ac000002 
03.06.2021 21:24:56.902  a4000002 a4000002 
03.06.2021 21:24:56.908  a4000002 ac000002 
03.06.2021 21:24:56.911  a4000002 a4000002 
03.06.2021 21:38:06.820  a4000001 a4000001 
03.06.2021 21:38:06.823  24000001 24800001 
03.06.2021 21:38:06.829  a4000002 a4000002 
03.06.2021 21:38:06.832  24000001 24800001 
03.06.2021 21:38:06.838  24000001 24000001 
03.06.2021 21:38:06.847  24000001 24800001 
03.06.2021 21:38:06.850  24000001 24000001 

Servicedata V1.0 PLC:\DEBUG\SlaveStateA.service.trace created 03.06.2021 22:50:53 (local time)
hostname: hu, Software: 606421 04, built: 08.10.2014 08:59
-----------------------------------------------------------------------------------------------
                     ms  Virtual BusModule state(s)
03.06.2021 22:18:59.344  24000000 2c000000 
03.06.2021 22:18:59.356  00000000 00000000 
03.06.2021 22:18:59.359  24000000 2c000000 
03.06.2021 22:18:59.506  24000001 2c000000 
03.06.2021 22:18:59.512  24000001 2c000001 
03.06.2021 22:18:59.524  24000001 2c000000 
03.06.2021 22:18:59.527  24000001 2c000001 
03.06.2021 22:18:59.641  24000001 24000001 
03.06.2021 22:18:59.650  24000001 2c000001 
03.06.2021 22:18:59.653  24000001 24000001 
03.06.2021 22:19:39.512  24000002 24000002 
03.06.2021 22:19:39.514  a4000002 a4000002 
03.06.2021 22:19:39.521  24000001 24000001 
03.06.2021 22:19:39.524  a4000002 a4000002 
03.06.2021 22:19:39.751  a4000002 a5000002 
03.06.2021 22:19:39.755  a4000002 a4000002 
03.06.2021 22:19:39.758  a4000002 a5000002 
03.06.2021 22:19:39.812  a4000002 a4000002 
03.06.2021 22:19:39.827  a4000002 a5000002 
03.06.2021 22:19:39.830  a4000002 a4000002 
03.06.2021 22:19:39.946  a5000002 a5000002 
03.06.2021 22:19:39.953  a4000002 a4000002 
03.06.2021 22:19:39.956  a5000002 a5000002 
03.06.2021 22:19:40.034  a4000002 a5000002 
03.06.2021 22:19:40.043  a5000002 a5000002 
03.06.2021 22:19:40.046  a4000002 a5000002 
03.06.2021 22:19:40.055  a4000002 a4000002 
03.06.2021 22:19:40.061  a4000002 a5000002 
03.06.2021 22:19:40.064  a4000002 a4000002 
03.06.2021 22:19:43.145  a5000002 a5000002 
03.06.2021 22:19:43.157  a4000002 a4000002 
03.06.2021 22:19:43.160  a5000002 a5000002 
03.06.2021 22:19:43.238  a4000002 a5000002 
03.06.2021 22:19:43.247  a5000002 a5000002 
03.06.2021 22:19:43.250  a4000002 a5000002 
03.06.2021 22:19:43.259  a4000002 a4000002 
03.06.2021 22:19:43.265  a4000002 a5000002 
03.06.2021 22:19:43.268  a4000002 a4000002 
03.06.2021 22:19:43.364  a5000002 a5000002 
03.06.2021 22:19:43.373  a4000002 a4000002 
03.06.2021 22:19:43.376  a5000002 a5000002 
03.06.2021 22:19:43.472  a4000002 a5000002 
03.06.2021 22:19:43.481  a5000002 a5000002 
03.06.2021 22:19:43.484  a4000002 a5000002 
03.06.2021 22:19:43.493  a4000002 a4000002 
03.06.2021 22:19:43.499  a4000002 a5000002 
03.06.2021 22:19:43.502  a4000002 a4000002 
03.06.2021 22:19:43.583  a5000002 a5000002 
03.06.2021 22:19:43.589  a4000002 a4000002 
03.06.2021 22:19:43.592  a5000002 a5000002 
03.06.2021 22:19:43.670  a4000002 a5000002 
03.06.2021 22:19:43.679  a5000002 a5000002 
03.06.2021 22:19:43.682  a4000002 a5000002 
03.06.2021 22:19:43.691  a4000002 a4000002 
03.06.2021 22:19:43.697  a4000002 a5000002 
03.06.2021 22:19:43.700  a4000002 a4000002 
03.06.2021 22:19:43.793  a5000002 a5000002 
03.06.2021 22:19:43.805  a4000002 a4000002 
03.06.2021 22:19:43.808  a5000002 a5000002 
03.06.2021 22:19:43.886  a4000002 a5000002 
03.06.2021 22:19:43.895  a5000002 a5000002 
03.06.2021 22:19:43.898  a4000002 a5000002 
03.06.2021 22:19:43.907  a4000002 a4000002 
03.06.2021 22:19:43.913  a4000002 a5000002 
03.06.2021 22:19:43.916  a4000002 a4000002 
03.06.2021 22:19:44.012  a5000002 a5000002 
03.06.2021 22:19:44.021  a4000002 a4000002 
03.06.2021 22:19:44.024  a5000002 a5000002 
03.06.2021 22:19:44.126  a4000002 a5000002 
03.06.2021 22:19:44.129  a5000002 a5000002 
03.06.2021 22:19:44.132  a4000002 a5000002 
03.06.2021 22:19:44.150  a4000002 a4000002 
03.06.2021 22:19:44.264  a5000002 a5000002 
03.06.2021 22:19:44.273  a4000002 a4000002 
03.06.2021 22:19:44.276  a5000002 a5000002 
03.06.2021 22:19:44.378  a4000002 a5000002 
03.06.2021 22:19:44.381  a5000002 a5000002 
03.06.2021 22:19:44.384  a4000002 a5000002 
03.06.2021 22:19:44.402  a4000002 a4000002 
03.06.2021 22:19:44.492  a5000002 a5000002 
03.06.2021 22:19:44.507  a4000002 a4000002 
03.06.2021 22:19:44.510  a5000002 a5000002 
03.06.2021 22:19:44.612  a4000002 a5000002 
03.06.2021 22:19:44.615  a5000002 a5000002 
03.06.2021 22:19:44.618  a4000002 a5000002 
03.06.2021 22:19:44.636  a4000002 a4000002 
03.06.2021 22:19:44.873  a4000002 a5000002 
03.06.2021 22:19:44.879  a5000002 a5000002 
03.06.2021 22:19:44.885  a4000002 a4000002 
03.06.2021 22:19:44.888  a5000002 a5000002 
03.06.2021 22:19:44.981  a4000002 a5000002 
03.06.2021 22:19:44.993  a5000002 a5000002 
03.06.2021 22:19:44.996  a4000002 a5000002 
03.06.2021 22:19:44.999  a4000002 a4000002 
03.06.2021 22:19:45.011  a4000002 a5000002 
03.06.2021 22:19:45.014  a4000002 a4000002 
03.06.2021 22:19:45.086  a5000002 a5000002 
03.06.2021 22:19:45.101  a4000002 a4000002 
03.06.2021 22:19:45.104  a5000002 a5000002 
03.06.2021 22:19:46.025  a4000002 a5000002 
03.06.2021 22:19:46.037  a5000002 a5000002 
03.06.2021 22:19:46.040  a4000002 a5000002 
03.06.2021 22:19:46.049  a4000002 a4000002 
03.06.2021 22:19:46.055  a4000002 a5000002 
03.06.2021 22:19:46.058  a4000002 a4000002 
03.06.2021 22:19:46.139  a5000002 a5000002 
03.06.2021 22:19:46.145  a4000002 a4000002 
03.06.2021 22:19:46.148  a5000002 a5000002 
03.06.2021 22:19:46.238  a4000002 a5000002 
03.06.2021 22:19:46.253  a5000002 a5000002 
03.06.2021 22:19:46.256  a4000002 a5000002 
03.06.2021 22:19:46.259  a4000002 a4000002 
03.06.2021 22:19:46.271  a4000002 a5000002 
03.06.2021 22:19:46.274  a4000002 a4000002 
03.06.2021 22:19:46.373  a5000002 a5000002 
03.06.2021 22:19:46.379  a4000002 a4000002 
03.06.2021 22:19:46.382  a5000002 a5000002 
03.06.2021 22:19:46.664  a4000002 a5000002 
03.06.2021 22:19:46.667  a5000002 a5000002 
03.06.2021 22:19:46.670  a4000002 a5000002 
03.06.2021 22:19:46.688  a4000002 a4000002 
03.06.2021 22:19:46.778  a5000002 a5000002 
03.06.2021 22:19:46.868  a4000002 a5000002 
03.06.2021 22:19:46.883  a5000002 a5000002 
03.06.2021 22:19:46.886  a4000002 a5000002 
03.06.2021 22:19:46.889  a4000002 a4000002 
03.06.2021 22:19:46.901  a4000002 a5000002 
03.06.2021 22:19:46.904  a4000002 a4000002 
03.06.2021 22:19:46.946  a5000002 a4000002 
03.06.2021 22:19:46.955  a4000002 a4000002 
03.06.2021 22:19:46.958  a5000002 a4000002 
03.06.2021 22:19:46.994  a4000002 a4000002 
03.06.2021 22:19:47.009  a5000002 a4000002 
03.06.2021 22:19:47.012  a4000002 a4000002 
03.06.2021 22:19:47.174  a4000002 a5000002 
03.06.2021 22:19:47.189  a4000002 a4000002 
03.06.2021 22:19:47.192  a4000002 a5000002 
03.06.2021 22:19:47.252  a4000002 a4000002 
03.06.2021 22:19:47.261  a4000002 a5000002 
03.06.2021 22:19:47.264  a4000002 a4000002 
03.06.2021 22:19:47.321  a4000002 a5000002 
03.06.2021 22:19:47.333  a4000002 a4000002 
03.06.2021 22:19:47.336  a4000002 a5000002 
03.06.2021 22:19:47.390  a4000002 a4000002 
03.06.2021 22:19:47.405  a4000002 a5000002 
03.06.2021 22:19:47.408  a4000002 a4000002 
03.06.2021 22:19:47.468  a5000002 a5000002 
03.06.2021 22:19:47.477  a4000002 a4000002 
03.06.2021 22:19:47.480  a5000002 a5000002 
03.06.2021 22:19:47.546  a4000002 a5000002 
03.06.2021 22:19:47.549  a5000002 a5000002 
03.06.2021 22:19:47.552  a4000002 a5000002 
03.06.2021 22:19:47.570  a4000002 a4000002 
03.06.2021 22:19:47.585  a4000002 a5000002 
03.06.2021 22:19:47.588  a4000002 a4000002 
03.06.2021 22:19:47.678  a5000002 a5000002 
03.06.2021 22:19:47.693  a4000002 a4000002 
03.06.2021 22:19:47.696  a5000002 a5000002 
03.06.2021 22:19:47.786  a4000002 a5000002 
03.06.2021 22:19:47.801  a5000002 a5000002 
03.06.2021 22:19:47.804  a4000002 a5000002 
03.06.2021 22:19:47.807  a4000002 a4000002 
03.06.2021 22:19:47.819  a4000002 a5000002 
03.06.2021 22:19:47.822  a4000002 a4000002 
03.06.2021 22:19:47.906  a5000002 a5000002 
03.06.2021 22:19:47.909  a4000002 a4000002 
03.06.2021 22:19:47.912  a5000002 a5000002 
03.06.2021 22:19:48.005  a4000002 a5000002 
03.06.2021 22:19:48.017  a5000002 a5000002 
03.06.2021 22:19:48.020  a4000002 a5000002 
03.06.2021 22:19:48.023  a4000002 a4000002 
03.06.2021 22:19:48.035  a4000002 a5000002 
03.06.2021 22:19:48.038  a4000002 a4000002 
03.06.2021 22:19:48.137  a5000002 a5000002 
03.06.2021 22:19:48.143  a4000002 a4000002 
03.06.2021 22:19:48.146  a5000002 a5000002 
03.06.2021 22:19:48.236  a4000002 a5000002 
03.06.2021 22:19:48.251  a5000002 a5000002 
03.06.2021 22:19:48.254  a4000002 a5000002 
03.06.2021 22:19:48.257  a4000002 a4000002 
03.06.2021 22:19:48.269  a4000002 a5000002 
03.06.2021 22:19:48.272  a4000002 a4000002 
03.06.2021 22:19:48.356  a5000002 a5000002 
03.06.2021 22:19:48.359  a4000002 a4000002 
03.06.2021 22:19:48.362  a5000002 a5000002 
03.06.2021 22:19:48.452  a4000002 a5000002 
03.06.2021 22:19:48.467  a5000002 a5000002 
03.06.2021 22:19:48.470  a4000002 a5000002 
03.06.2021 22:19:48.473  a4000002 a4000002 
03.06.2021 22:19:48.485  a4000002 a5000002 
03.06.2021 22:19:48.488  a4000002 a4000002 
03.06.2021 22:19:48.662  a4000002 a5000002 
03.06.2021 22:19:48.665  a4000002 a4000002 
03.06.2021 22:19:48.668  a4000002 a5000002 
03.06.2021 22:19:48.722  a4000002 a4000002 
03.06.2021 22:19:48.737  a4000002 a5000002 
03.06.2021 22:19:48.740  a4000002 a4000002 
03.06.2021 22:19:48.974  a4000002 a5000002 
03.06.2021 22:19:49.040  a4000002 a4000002 
03.06.2021 22:19:49.043  a4000002 a5000002 
03.06.2021 22:19:49.046  a4000002 a4000002 
03.06.2021 22:19:49.184  a5000002 a4000002 
03.06.2021 22:19:49.187  a4000002 a4000002 
03.06.2021 22:19:49.190  a5000002 a4000002 
03.06.2021 22:19:49.262  a4000002 a4000002 
03.06.2021 22:19:49.277  a5000002 a4000002 
03.06.2021 22:19:49.280  a4000002 a4000002 
03.06.2021 22:19:49.463  a5000002 a5000002 
03.06.2021 22:19:49.475  a4000002 a4000002 
03.06.2021 22:19:49.478  a5000002 a5000002 
03.06.2021 22:19:49.568  a4000002 a5000002 
03.06.2021 22:19:49.583  a5000002 a5000002 
03.06.2021 22:19:49.586  a4000002 a5000002 
03.06.2021 22:19:49.589  a4000002 a4000002 
03.06.2021 22:19:49.601  a4000002 a5000002 
03.06.2021 22:19:49.604  a4000002 a4000002 
03.06.2021 22:19:49.874  a5000002 a5000002 
03.06.2021 22:19:49.964  a4000002 a5000002 
03.06.2021 22:19:49.979  a5000002 a5000002 
03.06.2021 22:19:49.982  a4000002 a5000002 
03.06.2021 22:19:49.985  a4000002 a4000002 
03.06.2021 22:19:49.997  a4000002 a5000002 
03.06.2021 22:19:50.000  a4000002 a4000002 
03.06.2021 22:19:50.093  a5000002 a5000002 
03.06.2021 22:19:50.105  a4000002 a4000002 
03.06.2021 22:19:50.108  a5000002 a5000002 
03.06.2021 22:19:50.198  a4000002 a5000002 
03.06.2021 22:19:50.213  a5000002 a5000002 
03.06.2021 22:19:50.216  a4000002 a5000002 
03.06.2021 22:19:50.219  a4000002 a4000002 
03.06.2021 22:19:50.231  a4000002 a5000002 
03.06.2021 22:19:50.234  a4000002 a4000002 
03.06.2021 22:19:50.318  a5000002 a5000002 
03.06.2021 22:19:50.321  a4000002 a4000002 
03.06.2021 22:19:50.324  a5000002 a5000002 
03.06.2021 22:19:50.414  a4000002 a5000002 
03.06.2021 22:19:50.429  a5000002 a5000002 
03.06.2021 22:19:50.432  a4000002 a5000002 
03.06.2021 22:19:50.435  a4000002 a4000002 
03.06.2021 22:19:50.447  a4000002 a5000002 
03.06.2021 22:19:50.450  a4000002 a4000002 
03.06.2021 22:19:53.465  a4000002 a5000002 
03.06.2021 22:19:53.471  a4000002 a4000002 
03.06.2021 22:19:53.474  a4000002 a5000002 
03.06.2021 22:19:53.528  a4000002 a4000002 
03.06.2021 22:19:53.543  a4000002 a5000002 
03.06.2021 22:19:53.546  a4000002 a4000002 
03.06.2021 22:21:29.262  a4000003 a4000003 
03.06.2021 22:21:29.265  a4000003 ac000003 
03.06.2021 22:21:29.268  a4000002 a4000002 
03.06.2021 22:21:29.271  a4000003 ac000003 
03.06.2021 22:21:29.289  a4000002 ac000002 
03.06.2021 22:21:29.298  a4000002 a4000002 
03.06.2021 22:21:29.304  a4000002 ac000002 
03.06.2021 22:21:29.307  a4000002 a4000002 
03.06.2021 22:21:29.391  a4000002 ac000002 
03.06.2021 22:21:29.394  a4000002 a4000002 
03.06.2021 22:21:29.397  a4000002 ac000002 
03.06.2021 22:21:29.424  a4000002 a4000002 
03.06.2021 22:21:29.430  a4000002 ac000002 
03.06.2021 22:21:29.433  a4000002 a4000002 
03.06.2021 22:21:29.550  a4000003 a4000003 
03.06.2021 22:21:29.556  a4000002 a4000002 
03.06.2021 22:21:29.559  a4000003 ac000003 
03.06.2021 22:21:29.586  a4000003 a4000003 
03.06.2021 22:21:29.592  a4000003 ac000003 
03.06.2021 22:21:29.595  a4000003 a4000003 
03.06.2021 22:21:29.703  a5000003 a5000003 
03.06.2021 22:21:29.718  a4000003 a4000003 
03.06.2021 22:21:29.721  a5000003 a5000003 
03.06.2021 22:21:29.811  a4000003 a5000003 
03.06.2021 22:21:29.826  a5000003 a5000003 
03.06.2021 22:21:29.829  a4000003 a5000003 
03.06.2021 22:21:29.832  a4000003 a4000003 
03.06.2021 22:21:29.844  a4000003 a5000003 
03.06.2021 22:21:29.847  a4000003 a4000003 
03.06.2021 22:21:29.925  a5000003 a5000003 
03.06.2021 22:21:29.934  a4000003 a4000003 
03.06.2021 22:21:29.937  a5000003 a5000003 
03.06.2021 22:21:30.027  a4000003 a5000003 
03.06.2021 22:21:30.042  a5000003 a5000003 
03.06.2021 22:21:30.045  a4000003 a5000003 
03.06.2021 22:21:30.048  a4000003 a4000003 
03.06.2021 22:21:30.060  a4000003 a5000003 
03.06.2021 22:21:30.063  a4000003 a4000003 
03.06.2021 22:50:53.259  a4000001 a4000001 
03.06.2021 22:50:53.263  24000001 24800001 
03.06.2021 22:50:53.268  a4000003 a4000003 
03.06.2021 22:50:53.271  24000001 24800001 
03.06.2021 22:50:53.277  24000001 24000001 
03.06.2021 22:50:53.286  24000001 24800001 
03.06.2021 22:50:53.289  24000001 24000001 

Servicedata V1.0 PLC:\DEBUG\SlaveStateA.service.trace created 04.06.2021 01:18:43 (local time)
hostname: hu, Software: 606421 04, built: 08.10.2014 08:59
-----------------------------------------------------------------------------------------------
                     ms  Virtual BusModule state(s)
03.06.2021 22:56:12.914  24000000 2c000000 
03.06.2021 22:56:12.932  00000000 00000000 
03.06.2021 22:56:12.935  24000000 2c000000 
03.06.2021 22:56:13.070  24000001 2c000000 
03.06.2021 22:56:13.079  24000000 2c000000 
03.06.2021 22:56:13.082  24000001 2c000001 
03.06.2021 22:56:13.100  24000001 2c000000 
03.06.2021 22:56:13.103  24000001 2c000001 
03.06.2021 22:56:13.211  24000001 24000001 
03.06.2021 22:56:13.226  24000001 2c000001 
03.06.2021 22:56:13.229  24000001 24000001 
03.06.2021 22:56:53.696  24000002 24000002 
03.06.2021 22:56:53.699  a4000002 a4000002 
03.06.2021 22:56:53.705  24000001 24000001 
03.06.2021 22:56:53.708  a4000002 a4000002 
03.06.2021 22:56:53.954  a4000002 a5000002 
03.06.2021 22:56:53.957  a4000002 a4000002 
03.06.2021 22:56:53.960  a4000002 a5000002 
03.06.2021 22:56:54.014  a4000002 a4000002 
03.06.2021 22:56:54.029  a4000002 a5000002 
03.06.2021 22:56:54.032  a4000002 a4000002 
03.06.2021 22:56:54.149  a5000002 a5000002 
03.06.2021 22:56:54.155  a4000002 a4000002 
03.06.2021 22:56:54.158  a5000002 a5000002 
03.06.2021 22:56:54.236  a4000002 a5000002 
03.06.2021 22:56:54.245  a5000002 a5000002 
03.06.2021 22:56:54.248  a4000002 a5000002 
03.06.2021 22:56:54.257  a4000002 a4000002 
03.06.2021 22:56:54.263  a4000002 a5000002 
03.06.2021 22:56:54.266  a4000002 a4000002 
03.06.2021 22:56:57.347  a5000002 a5000002 
03.06.2021 22:56:57.359  a4000002 a4000002 
03.06.2021 22:56:57.362  a5000002 a5000002 
03.06.2021 22:56:57.440  a4000002 a5000002 
03.06.2021 22:56:57.449  a5000002 a5000002 
03.06.2021 22:56:57.452  a4000002 a5000002 
03.06.2021 22:56:57.461  a4000002 a4000002 
03.06.2021 22:56:57.467  a4000002 a5000002 
03.06.2021 22:56:57.470  a4000002 a4000002 
03.06.2021 22:56:57.566  a5000002 a5000002 
03.06.2021 22:56:57.575  a4000002 a4000002 
03.06.2021 22:56:57.578  a5000002 a5000002 
03.06.2021 22:56:57.674  a4000002 a5000002 
03.06.2021 22:56:57.683  a5000002 a5000002 
03.06.2021 22:56:57.686  a4000002 a5000002 
03.06.2021 22:56:57.695  a4000002 a4000002 
03.06.2021 22:56:57.701  a4000002 a5000002 
03.06.2021 22:56:57.704  a4000002 a4000002 
03.06.2021 22:56:57.785  a5000002 a5000002 
03.06.2021 22:56:57.791  a4000002 a4000002 
03.06.2021 22:56:57.794  a5000002 a5000002 
03.06.2021 22:56:57.872  a4000002 a5000002 
03.06.2021 22:56:57.881  a5000002 a5000002 
03.06.2021 22:56:57.884  a4000002 a5000002 
03.06.2021 22:56:57.893  a4000002 a4000002 
03.06.2021 22:56:57.899  a4000002 a5000002 
03.06.2021 22:56:57.902  a4000002 a4000002 
03.06.2021 22:56:58.001  a5000002 a5000002 
03.06.2021 22:56:58.007  a4000002 a4000002 
03.06.2021 22:56:58.010  a5000002 a5000002 
03.06.2021 22:56:58.190  a4000002 a5000002 
03.06.2021 22:56:58.205  a5000002 a5000002 
03.06.2021 22:56:58.208  a4000002 a5000002 
03.06.2021 22:56:58.211  a4000002 a4000002 
03.06.2021 22:56:58.223  a4000002 a5000002 
03.06.2021 22:56:58.226  a4000002 a4000002 
03.06.2021 22:56:58.316  a5000002 a5000002 
03.06.2021 22:56:58.331  a4000002 a4000002 
03.06.2021 22:56:58.334  a5000002 a5000002 
03.06.2021 22:56:58.436  a4000002 a5000002 
03.06.2021 22:56:58.439  a5000002 a5000002 
03.06.2021 22:56:58.442  a4000002 a5000002 
03.06.2021 22:56:58.460  a4000002 a4000002 
03.06.2021 22:56:58.571  a5000002 a5000002 
03.06.2021 22:56:58.583  a4000002 a4000002 
03.06.2021 22:56:58.586  a5000002 a5000002 
03.06.2021 22:56:58.688  a4000002 a5000002 
03.06.2021 22:56:58.691  a5000002 a5000002 
03.06.2021 22:56:58.694  a4000002 a5000002 
03.06.2021 22:56:58.712  a4000002 a4000002 
03.06.2021 22:56:58.802  a5000002 a5000002 
03.06.2021 22:56:58.817  a4000002 a4000002 
03.06.2021 22:56:58.820  a5000002 a5000002 
03.06.2021 22:56:58.910  a4000002 a5000002 
03.06.2021 22:56:58.925  a5000002 a5000002 
03.06.2021 22:56:58.928  a4000002 a5000002 
03.06.2021 22:56:58.931  a4000002 a4000002 
03.06.2021 22:56:58.943  a4000002 a5000002 
03.06.2021 22:56:58.946  a4000002 a4000002 
03.06.2021 22:56:59.036  a4000002 a5000002 
03.06.2021 22:56:59.042  a5000002 a5000002 
03.06.2021 22:56:59.051  a4000002 a5000002 
03.06.2021 22:56:59.054  a5000002 a5000002 
03.06.2021 22:56:59.114  a4000002 a5000002 
03.06.2021 22:56:59.123  a5000002 a5000002 
03.06.2021 22:56:59.126  a4000002 a5000002 
03.06.2021 22:56:59.135  a4000002 a4000002 
03.06.2021 22:56:59.141  a4000002 a5000002 
03.06.2021 22:56:59.144  a4000002 a4000002 
03.06.2021 22:56:59.222  a5000002 a5000002 
03.06.2021 22:56:59.231  a4000002 a4000002 
03.06.2021 22:56:59.234  a5000002 a5000002 
03.06.2021 22:57:00.155  a4000002 a5000002 
03.06.2021 22:57:00.167  a5000002 a5000002 
03.06.2021 22:57:00.170  a4000002 a5000002 
03.06.2021 22:57:00.179  a4000002 a4000002 
03.06.2021 22:57:00.185  a4000002 a5000002 
03.06.2021 22:57:00.188  a4000002 a4000002 
03.06.2021 22:57:00.269  a5000002 a5000002 
03.06.2021 22:57:00.275  a4000002 a4000002 
03.06.2021 22:57:00.278  a5000002 a5000002 
03.06.2021 22:57:00.368  a4000002 a5000002 
03.06.2021 22:57:00.383  a5000002 a5000002 
03.06.2021 22:57:00.386  a4000002 a5000002 
03.06.2021 22:57:00.389  a4000002 a4000002 
03.06.2021 22:57:00.401  a4000002 a5000002 
03.06.2021 22:57:00.404  a4000002 a4000002 
03.06.2021 22:57:00.485  a5000002 a5000002 
03.06.2021 22:57:00.491  a4000002 a4000002 
03.06.2021 22:57:00.494  a5000002 a5000002 
03.06.2021 22:57:00.776  a4000002 a5000002 
03.06.2021 22:57:00.779  a5000002 a5000002 
03.06.2021 22:57:00.782  a4000002 a5000002 
03.06.2021 22:57:00.800  a4000002 a4000002 
03.06.2021 22:57:00.890  a5000002 a5000002 
03.06.2021 22:57:00.980  a4000002 a5000002 
03.06.2021 22:57:00.995  a5000002 a5000002 
03.06.2021 22:57:00.998  a4000002 a5000002 
03.06.2021 22:57:01.001  a4000002 a4000002 
03.06.2021 22:57:01.013  a4000002 a5000002 
03.06.2021 22:57:01.016  a4000002 a4000002 
03.06.2021 22:57:01.058  a5000002 a4000002 
03.06.2021 22:57:01.067  a4000002 a4000002 
03.06.2021 22:57:01.070  a5000002 a4000002 
03.06.2021 22:57:01.106  a4000002 a4000002 
03.06.2021 22:57:01.121  a5000002 a4000002 
03.06.2021 22:57:01.124  a4000002 a4000002 
03.06.2021 22:57:01.286  a4000002 a5000002 
03.06.2021 22:57:01.301  a4000002 a4000002 
03.06.2021 22:57:01.304  a4000002 a5000002 
03.06.2021 22:57:01.364  a4000002 a4000002 
03.06.2021 22:57:01.373  a4000002 a5000002 
03.06.2021 22:57:01.376  a4000002 a4000002 
03.06.2021 22:57:01.433  a4000002 a5000002 
03.06.2021 22:57:01.445  a4000002 a4000002 
03.06.2021 22:57:01.448  a4000002 a5000002 
03.06.2021 22:57:01.502  a4000002 a4000002 
03.06.2021 22:57:01.517  a4000002 a5000002 
03.06.2021 22:57:01.520  a4000002 a4000002 
03.06.2021 22:57:01.580  a5000002 a5000002 
03.06.2021 22:57:01.589  a4000002 a4000002 
03.06.2021 22:57:01.592  a5000002 a5000002 
03.06.2021 22:57:01.658  a4000002 a5000002 
03.06.2021 22:57:01.661  a5000002 a5000002 
03.06.2021 22:57:01.664  a4000002 a5000002 
03.06.2021 22:57:01.682  a4000002 a4000002 
03.06.2021 22:57:01.697  a4000002 a5000002 
03.06.2021 22:57:01.700  a4000002 a4000002 
03.06.2021 22:57:01.790  a5000002 a5000002 
03.06.2021 22:57:01.805  a4000002 a4000002 
03.06.2021 22:57:01.808  a5000002 a5000002 
03.06.2021 22:57:01.898  a4000002 a5000002 
03.06.2021 22:57:01.913  a5000002 a5000002 
03.06.2021 22:57:01.916  a4000002 a5000002 
03.06.2021 22:57:01.919  a4000002 a4000002 
03.06.2021 22:57:01.931  a4000002 a5000002 
03.06.2021 22:57:01.934  a4000002 a4000002 
03.06.2021 22:57:02.018  a5000002 a5000002 
03.06.2021 22:57:02.021  a4000002 a4000002 
03.06.2021 22:57:02.024  a5000002 a5000002 
03.06.2021 22:57:02.114  a4000002 a5000002 
03.06.2021 22:57:02.129  a5000002 a5000002 
03.06.2021 22:57:02.132  a4000002 a5000002 
03.06.2021 22:57:02.135  a4000002 a4000002 
03.06.2021 22:57:02.147  a4000002 a5000002 
03.06.2021 22:57:02.150  a4000002 a4000002 
03.06.2021 22:57:02.252  a5000002 a5000002 
03.06.2021 22:57:02.255  a4000002 a4000002 
03.06.2021 22:57:02.258  a5000002 a5000002 
03.06.2021 22:57:02.348  a4000002 a5000002 
03.06.2021 22:57:02.363  a5000002 a5000002 
03.06.2021 22:57:02.366  a4000002 a5000002 
03.06.2021 22:57:02.369  a4000002 a4000002 
03.06.2021 22:57:02.381  a4000002 a5000002 
03.06.2021 22:57:02.384  a4000002 a4000002 
03.06.2021 22:57:02.468  a5000002 a5000002 
03.06.2021 22:57:02.471  a4000002 a4000002 
03.06.2021 22:57:02.474  a5000002 a5000002 
03.06.2021 22:57:02.567  a4000002 a5000002 
03.06.2021 22:57:02.579  a5000002 a5000002 
03.06.2021 22:57:02.582  a4000002 a5000002 
03.06.2021 22:57:02.585  a4000002 a4000002 
03.06.2021 22:57:02.597  a4000002 a5000002 
03.06.2021 22:57:02.600  a4000002 a4000002 
03.06.2021 22:57:02.774  a4000002 a5000002 
03.06.2021 22:57:02.777  a4000002 a4000002 
03.06.2021 22:57:02.780  a4000002 a5000002 
03.06.2021 22:57:02.834  a4000002 a4000002 
03.06.2021 22:57:02.849  a4000002 a5000002 
03.06.2021 22:57:02.852  a4000002 a4000002 
03.06.2021 22:57:03.239  a4000002 a5000002 
03.06.2021 22:57:03.245  a4000002 a4000002 
03.06.2021 22:57:03.248  a4000002 a5000002 
03.06.2021 22:57:03.314  a4000002 a4000002 
03.06.2021 22:57:03.317  a4000002 a5000002 
03.06.2021 22:57:03.320  a4000002 a4000002 
03.06.2021 22:57:03.476  a5000002 a4000002 
03.06.2021 22:57:03.479  a4000002 a4000002 
03.06.2021 22:57:03.482  a5000002 a4000002 
03.06.2021 22:57:03.554  a4000002 a4000002 
03.06.2021 22:57:03.569  a5000002 a4000002 
03.06.2021 22:57:03.572  a4000002 a4000002 
03.06.2021 22:57:03.752  a5000002 a5000002 
03.06.2021 22:57:03.767  a4000002 a4000002 
03.06.2021 22:57:03.770  a5000002 a5000002 
03.06.2021 22:57:03.860  a4000002 a5000002 
03.06.2021 22:57:03.875  a5000002 a5000002 
03.06.2021 22:57:03.878  a4000002 a5000002 
03.06.2021 22:57:03.881  a4000002 a4000002 
03.06.2021 22:57:03.893  a4000002 a5000002 
03.06.2021 22:57:03.896  a4000002 a4000002 
03.06.2021 22:57:03.980  a5000002 a5000002 
03.06.2021 22:57:03.983  a4000002 a4000002 
03.06.2021 22:57:03.986  a5000002 a5000002 
03.06.2021 22:57:04.076  a4000002 a5000002 
03.06.2021 22:57:04.091  a5000002 a5000002 
03.06.2021 22:57:04.094  a4000002 a5000002 
03.06.2021 22:57:04.097  a4000002 a4000002 
03.06.2021 22:57:04.109  a4000002 a5000002 
03.06.2021 22:57:04.112  a4000002 a4000002 
03.06.2021 22:57:04.205  a5000002 a5000002 
03.06.2021 22:57:04.217  a4000002 a4000002 
03.06.2021 22:57:04.220  a5000002 a5000002 
03.06.2021 22:57:04.310  a4000002 a5000002 
03.06.2021 22:57:04.325  a5000002 a5000002 
03.06.2021 22:57:04.328  a4000002 a5000002 
03.06.2021 22:57:04.331  a4000002 a4000002 
03.06.2021 22:57:04.343  a4000002 a5000002 
03.06.2021 22:57:04.346  a4000002 a4000002 
03.06.2021 22:57:04.430  a5000002 a5000002 
03.06.2021 22:57:04.433  a4000002 a4000002 
03.06.2021 22:57:04.436  a5000002 a5000002 
03.06.2021 22:57:04.526  a4000002 a5000002 
03.06.2021 22:57:04.541  a5000002 a5000002 
03.06.2021 22:57:04.544  a4000002 a5000002 
03.06.2021 22:57:04.547  a4000002 a4000002 
03.06.2021 22:57:04.559  a4000002 a5000002 
03.06.2021 22:57:04.562  a4000002 a4000002 
03.06.2021 22:57:07.397  a4000002 a5000002 
03.06.2021 22:57:07.403  a4000002 a4000002 
03.06.2021 22:57:07.406  a4000002 a5000002 
03.06.2021 22:57:07.460  a4000002 a4000002 
03.06.2021 22:57:07.475  a4000002 a5000002 
03.06.2021 22:57:07.478  a4000002 a4000002 
03.06.2021 22:58:47.694  a4000003 a4000003 
03.06.2021 22:58:47.697  a4000003 ac000003 
03.06.2021 22:58:47.700  a4000002 a4000002 
03.06.2021 22:58:47.704  a4000003 ac000003 
03.06.2021 22:58:47.721  a4000002 ac000002 
03.06.2021 22:58:47.730  a4000002 a4000002 
03.06.2021 22:58:47.736  a4000003 ac000003 
03.06.2021 22:58:47.739  a4000002 a4000002 
03.06.2021 22:58:47.829  a4000002 ac000002 
03.06.2021 22:58:47.856  a4000002 a4000002 
03.06.2021 22:58:47.862  a4000002 ac000002 
03.06.2021 22:58:47.865  a4000002 a4000002 
03.06.2021 22:58:47.982  a4000003 a4000003 
03.06.2021 22:58:47.988  a4000002 a4000002 
03.06.2021 22:58:47.992  a4000003 ac000003 
03.06.2021 22:58:48.018  a4000003 a4000003 
03.06.2021 22:58:48.024  a4000003 ac000003 
03.06.2021 22:58:48.027  a4000003 a4000003 
03.06.2021 22:58:48.129  a5000003 a5000003 
03.06.2021 22:58:48.132  a4000003 a4000003 
03.06.2021 22:58:48.135  a5000003 a5000003 
03.06.2021 22:58:48.225  a4000003 a5000003 
03.06.2021 22:58:48.240  a5000003 a5000003 
03.06.2021 22:58:48.243  a4000003 a5000003 
03.06.2021 22:58:48.247  a4000003 a4000003 
03.06.2021 22:58:48.258  a4000003 a5000003 
03.06.2021 22:58:48.261  a4000003 a4000003 
03.06.2021 22:58:48.339  a5000003 a5000003 
03.06.2021 22:58:48.348  a4000003 a4000003 
03.06.2021 22:58:48.351  a5000003 a5000003 
03.06.2021 22:58:48.441  a4000003 a5000003 
03.06.2021 22:58:48.456  a5000003 a5000003 
03.06.2021 22:58:48.459  a4000003 a5000003 
03.06.2021 22:58:48.462  a4000003 a4000003 
03.06.2021 22:58:48.474  a4000003 a5000003 
03.06.2021 22:58:48.477  a4000003 a4000003 
04.06.2021 01:18:43.212  a4000001 a4000001 
04.06.2021 01:18:43.215  24000001 24800001 
04.06.2021 01:18:43.221  a4000003 a4000003 
04.06.2021 01:18:43.224  24000001 24800001 
04.06.2021 01:18:43.230  24000001 24000001 
04.06.2021 01:18:43.239  24000001 24800001 
04.06.2021 01:18:43.242  24000001 24000001 

Servicedata V1.0 PLC:\DEBUG\SlaveStateA.service.trace created 04.06.2021 02:09:25 (local time)
hostname: hu, Software: 606421 04, built: 08.10.2014 08:59
-----------------------------------------------------------------------------------------------
                     ms  Virtual BusModule state(s)
04.06.2021 01:30:06.876  24000000 2c000000 
04.06.2021 01:30:07.029  24000001 2c000000 
04.06.2021 01:30:07.041  24000000 2c000000 
04.06.2021 01:30:07.044  24000001 2c000001 
04.06.2021 01:30:07.171  24000001 24000001 
04.06.2021 01:30:07.188  24000001 2c000001 
04.06.2021 01:30:07.192  24000001 24000001 
04.06.2021 01:35:53.212  24000002 24000002 
04.06.2021 01:35:53.215  a4000002 a4000002 
04.06.2021 01:35:53.221  24000001 24000001 
04.06.2021 01:35:53.224  a4000002 a4000002 
04.06.2021 01:35:53.449  a4000002 a5000002 
04.06.2021 01:35:53.455  a4000002 a4000002 
04.06.2021 01:35:53.458  a4000002 a5000002 
04.06.2021 01:35:53.512  a4000002 a4000002 
04.06.2021 01:35:53.527  a4000002 a5000002 
04.06.2021 01:35:53.530  a4000002 a4000002 
04.06.2021 01:35:53.644  a5000002 a5000002 
04.06.2021 01:35:53.653  a4000002 a4000002 
04.06.2021 01:35:53.656  a5000002 a5000002 
04.06.2021 01:35:53.734  a4000002 a5000002 
04.06.2021 01:35:53.743  a5000002 a5000002 
04.06.2021 01:35:53.746  a4000002 a5000002 
04.06.2021 01:35:53.755  a4000002 a4000002 
04.06.2021 01:35:53.761  a4000002 a5000002 
04.06.2021 01:35:53.764  a4000002 a4000002 
04.06.2021 01:35:56.845  a5000002 a5000002 
04.06.2021 01:35:56.857  a4000002 a4000002 
04.06.2021 01:35:56.860  a5000002 a5000002 
04.06.2021 01:35:56.938  a4000002 a5000002 
04.06.2021 01:35:56.947  a5000002 a5000002 
04.06.2021 01:35:56.950  a4000002 a5000002 
04.06.2021 01:35:56.959  a4000002 a4000002 
04.06.2021 01:35:56.965  a4000002 a5000002 
04.06.2021 01:35:56.968  a4000002 a4000002 
04.06.2021 01:35:57.061  a5000002 a5000002 
04.06.2021 01:35:57.073  a4000002 a4000002 
04.06.2021 01:35:57.076  a5000002 a5000002 
04.06.2021 01:35:57.169  a4000002 a5000002 
04.06.2021 01:35:57.181  a5000002 a5000002 
04.06.2021 01:35:57.184  a4000002 a5000002 
04.06.2021 01:35:57.190  a4000002 a4000002 
04.06.2021 01:35:57.199  a4000002 a5000002 
04.06.2021 01:35:57.202  a4000002 a4000002 
04.06.2021 01:35:57.280  a5000002 a5000002 
04.06.2021 01:35:57.289  a4000002 a4000002 
04.06.2021 01:35:57.292  a5000002 a5000002 
04.06.2021 01:35:57.370  a4000002 a5000002 
04.06.2021 01:35:57.379  a5000002 a5000002 
04.06.2021 01:35:57.382  a4000002 a5000002 
04.06.2021 01:35:57.391  a4000002 a4000002 
04.06.2021 01:35:57.397  a4000002 a5000002 
04.06.2021 01:35:57.400  a4000002 a4000002 
04.06.2021 01:35:57.493  a5000002 a5000002 
04.06.2021 01:35:57.505  a4000002 a4000002 
04.06.2021 01:35:57.508  a5000002 a5000002 
04.06.2021 01:35:57.709  a4000002 a5000002 
04.06.2021 01:35:57.721  a5000002 a5000002 
04.06.2021 01:35:57.724  a4000002 a5000002 
04.06.2021 01:35:57.730  a4000002 a4000002 
04.06.2021 01:35:57.739  a4000002 a5000002 
04.06.2021 01:35:57.742  a4000002 a4000002 
04.06.2021 01:35:57.835  a5000002 a5000002 
04.06.2021 01:35:57.847  a4000002 a4000002 
04.06.2021 01:35:57.850  a5000002 a5000002 
04.06.2021 01:35:57.952  a4000002 a5000002 
04.06.2021 01:35:57.955  a5000002 a5000002 
04.06.2021 01:35:57.958  a4000002 a5000002 
04.06.2021 01:35:57.976  a4000002 a4000002 
04.06.2021 01:35:58.090  a5000002 a5000002 
04.06.2021 01:35:58.099  a4000002 a4000002 
04.06.2021 01:35:58.102  a5000002 a5000002 
04.06.2021 01:35:58.204  a4000002 a5000002 
04.06.2021 01:35:58.207  a5000002 a5000002 
04.06.2021 01:35:58.210  a4000002 a5000002 
04.06.2021 01:35:58.228  a4000002 a4000002 
04.06.2021 01:35:58.321  a5000002 a5000002 
04.06.2021 01:35:58.333  a4000002 a4000002 
04.06.2021 01:35:58.336  a5000002 a5000002 
04.06.2021 01:35:58.429  a4000002 a5000002 
04.06.2021 01:35:58.441  a5000002 a5000002 
04.06.2021 01:35:58.444  a4000002 a5000002 
04.06.2021 01:35:58.447  a4000002 a4000002 
04.06.2021 01:35:58.459  a4000002 a5000002 
04.06.2021 01:35:58.462  a4000002 a4000002 
04.06.2021 01:35:58.552  a4000002 a5000002 
04.06.2021 01:35:58.561  a5000002 a5000002 
04.06.2021 01:35:58.567  a4000002 a4000002 
04.06.2021 01:35:58.570  a5000002 a5000002 
04.06.2021 01:35:58.660  a4000002 a5000002 
04.06.2021 01:35:58.675  a5000002 a5000002 
04.06.2021 01:35:58.678  a4000002 a5000002 
04.06.2021 01:35:58.681  a4000002 a4000002 
04.06.2021 01:35:58.693  a4000002 a5000002 
04.06.2021 01:35:58.696  a4000002 a4000002 
04.06.2021 01:35:58.768  a5000002 a5000002 
04.06.2021 01:35:58.783  a4000002 a4000002 
04.06.2021 01:35:58.786  a5000002 a5000002 
04.06.2021 01:35:59.710  a4000002 a5000002 
04.06.2021 01:35:59.719  a5000002 a5000002 
04.06.2021 01:35:59.722  a4000002 a5000002 
04.06.2021 01:35:59.731  a4000002 a4000002 
04.06.2021 01:35:59.737  a4000002 a5000002 
04.06.2021 01:35:59.740  a4000002 a4000002 
04.06.2021 01:35:59.824  a5000002 a5000002 
04.06.2021 01:35:59.827  a4000002 a4000002 
04.06.2021 01:35:59.830  a5000002 a5000002 
04.06.2021 01:35:59.920  a4000002 a5000002 
04.06.2021 01:35:59.935  a5000002 a5000002 
04.06.2021 01:35:59.938  a4000002 a5000002 
04.06.2021 01:35:59.941  a4000002 a4000002 
04.06.2021 01:35:59.953  a4000002 a5000002 
04.06.2021 01:35:59.956  a4000002 a4000002 
04.06.2021 01:36:00.040  a5000002 a5000002 
04.06.2021 01:36:00.043  a4000002 a4000002 
04.06.2021 01:36:00.046  a5000002 a5000002 
04.06.2021 01:36:00.301  a4000002 a5000002 
04.06.2021 01:36:00.313  a5000002 a5000002 
04.06.2021 01:36:00.316  a4000002 a5000002 
04.06.2021 01:36:00.322  a4000002 a4000002 
04.06.2021 01:36:00.331  a4000002 a5000002 
04.06.2021 01:36:00.334  a4000002 a4000002 
04.06.2021 01:36:00.412  a5000002 a5000002 
04.06.2021 01:36:00.421  a4000002 a4000002 
04.06.2021 01:36:00.424  a5000002 a5000002 
04.06.2021 01:36:00.514  a4000002 a5000002 
04.06.2021 01:36:00.529  a5000002 a5000002 
04.06.2021 01:36:00.532  a4000002 a5000002 
04.06.2021 01:36:00.535  a4000002 a4000002 
04.06.2021 01:36:00.547  a4000002 a5000002 
04.06.2021 01:36:00.550  a4000002 a4000002 
04.06.2021 01:36:00.592  a5000002 a4000002 
04.06.2021 01:36:00.601  a4000002 a4000002 
04.06.2021 01:36:00.604  a5000002 a4000002 
04.06.2021 01:36:00.640  a4000002 a4000002 
04.06.2021 01:36:00.655  a5000002 a4000002 
04.06.2021 01:36:00.658  a4000002 a4000002 
04.06.2021 01:36:00.811  a4000002 a5000002 
04.06.2021 01:36:00.817  a4000002 a4000002 
04.06.2021 01:36:00.820  a4000002 a5000002 
04.06.2021 01:36:00.892  a4000002 a4000002 
04.06.2021 01:36:00.958  a4000002 a5000002 
04.06.2021 01:36:00.961  a4000002 a4000002 
04.06.2021 01:36:00.964  a4000002 a5000002 
04.06.2021 01:36:01.021  a4000002 a4000002 
04.06.2021 01:36:01.033  a4000002 a5000002 
04.06.2021 01:36:01.036  a4000002 a4000002 
04.06.2021 01:36:01.099  a5000002 a5000002 
04.06.2021 01:36:01.105  a4000002 a4000002 
04.06.2021 01:36:01.108  a5000002 a5000002 
04.06.2021 01:36:01.174  a4000002 a5000002 
04.06.2021 01:36:01.177  a5000002 a5000002 
04.06.2021 01:36:01.180  a4000002 a5000002 
04.06.2021 01:36:01.198  a4000002 a4000002 
04.06.2021 01:36:01.213  a4000002 a5000002 
04.06.2021 01:36:01.216  a4000002 a4000002 
04.06.2021 01:36:01.309  a5000002 a5000002 
04.06.2021 01:36:01.321  a4000002 a4000002 
04.06.2021 01:36:01.324  a5000002 a5000002 
04.06.2021 01:36:01.414  a4000002 a5000002 
04.06.2021 01:36:01.429  a5000002 a5000002 
04.06.2021 01:36:01.432  a4000002 a5000002 
04.06.2021 01:36:01.435  a4000002 a4000002 
04.06.2021 01:36:01.447  a4000002 a5000002 
04.06.2021 01:36:01.450  a4000002 a4000002 
04.06.2021 01:36:01.534  a5000002 a5000002 
04.06.2021 01:36:01.537  a4000002 a4000002 
04.06.2021 01:36:01.540  a5000002 a5000002 
04.06.2021 01:36:01.630  a4000002 a5000002 
04.06.2021 01:36:01.645  a5000002 a5000002 
04.06.2021 01:36:01.648  a4000002 a5000002 
04.06.2021 01:36:01.651  a4000002 a4000002 
04.06.2021 01:36:01.663  a4000002 a5000002 
04.06.2021 01:36:01.666  a4000002 a4000002 
04.06.2021 01:36:01.762  a5000002 a5000002 
04.06.2021 01:36:01.771  a4000002 a4000002 
04.06.2021 01:36:01.774  a5000002 a5000002 
04.06.2021 01:36:01.864  a4000002 a5000002 
04.06.2021 01:36:01.879  a5000002 a5000002 
04.06.2021 01:36:01.882  a4000002 a5000002 
04.06.2021 01:36:01.885  a4000002 a4000002 
04.06.2021 01:36:01.897  a4000002 a5000002 
04.06.2021 01:36:01.900  a4000002 a4000002 
04.06.2021 01:36:01.984  a5000002 a5000002 
04.06.2021 01:36:01.987  a4000002 a4000002 
04.06.2021 01:36:01.990  a5000002 a5000002 
04.06.2021 01:36:02.080  a4000002 a5000002 
04.06.2021 01:36:02.095  a5000002 a5000002 
04.06.2021 01:36:02.098  a4000002 a5000002 
04.06.2021 01:36:02.101  a4000002 a4000002 
04.06.2021 01:36:02.113  a4000002 a5000002 
04.06.2021 01:36:02.116  a4000002 a4000002 
04.06.2021 01:36:02.269  a4000002 a5000002 
04.06.2021 01:36:02.275  a4000002 a4000002 
04.06.2021 01:36:02.278  a4000002 a5000002 
04.06.2021 01:36:02.332  a4000002 a4000002 
04.06.2021 01:36:02.347  a4000002 a5000002 
04.06.2021 01:36:02.350  a4000002 a4000002 
04.06.2021 01:36:02.578  a4000002 a5000002 
04.06.2021 01:36:02.581  a4000002 a4000002 
04.06.2021 01:36:02.584  a4000002 a5000002 
04.06.2021 01:36:02.719  a4000002 a4000002 
04.06.2021 01:36:02.725  a4000002 a5000002 
04.06.2021 01:36:02.728  a4000002 a4000002 
04.06.2021 01:36:02.854  a5000002 a4000002 
04.06.2021 01:36:02.902  a4000002 a4000002 
04.06.2021 01:36:02.905  a5000002 a4000002 
04.06.2021 01:36:02.908  a4000002 a4000002 
04.06.2021 01:36:03.097  a5000002 a5000002 
04.06.2021 01:36:03.103  a4000002 a4000002 
04.06.2021 01:36:03.106  a5000002 a5000002 
04.06.2021 01:36:03.196  a4000002 a5000002 
04.06.2021 01:36:03.211  a5000002 a5000002 
04.06.2021 01:36:03.214  a4000002 a5000002 
04.06.2021 01:36:03.217  a4000002 a4000002 
04.06.2021 01:36:03.229  a4000002 a5000002 
04.06.2021 01:36:03.232  a4000002 a4000002 
04.06.2021 01:36:03.316  a5000002 a5000002 
04.06.2021 01:36:03.319  a4000002 a4000002 
04.06.2021 01:36:03.322  a5000002 a5000002 
04.06.2021 01:36:03.412  a4000002 a5000002 
04.06.2021 01:36:03.427  a5000002 a5000002 
04.06.2021 01:36:03.430  a4000002 a5000002 
04.06.2021 01:36:03.433  a4000002 a4000002 
04.06.2021 01:36:03.445  a4000002 a5000002 
04.06.2021 01:36:03.448  a4000002 a4000002 
04.06.2021 01:36:03.541  a5000002 a5000002 
04.06.2021 01:36:03.553  a4000002 a4000002 
04.06.2021 01:36:03.556  a5000002 a5000002 
04.06.2021 01:36:03.646  a4000002 a5000002 
04.06.2021 01:36:03.661  a5000002 a5000002 
04.06.2021 01:36:03.664  a4000002 a5000002 
04.06.2021 01:36:03.667  a4000002 a4000002 
04.06.2021 01:36:03.679  a4000002 a5000002 
04.06.2021 01:36:03.682  a4000002 a4000002 
04.06.2021 01:36:03.766  a5000002 a5000002 
04.06.2021 01:36:03.769  a4000002 a4000002 
04.06.2021 01:36:03.772  a5000002 a5000002 
04.06.2021 01:36:03.862  a4000002 a5000002 
04.06.2021 01:36:03.877  a5000002 a5000002 
04.06.2021 01:36:03.880  a4000002 a5000002 
04.06.2021 01:36:03.883  a4000002 a4000002 
04.06.2021 01:36:03.895  a4000002 a5000002 
04.06.2021 01:36:03.898  a4000002 a4000002 
04.06.2021 01:36:06.712  a4000002 a5000002 
04.06.2021 01:36:06.721  a4000002 a4000002 
04.06.2021 01:36:06.724  a4000002 a5000002 
04.06.2021 01:36:06.778  a4000002 a4000002 
04.06.2021 01:36:06.793  a4000002 a5000002 
04.06.2021 01:36:06.796  a4000002 a4000002 
04.06.2021 01:36:42.572  a4000003 a4000003 
04.06.2021 01:36:42.575  a4000003 ac000003 
04.06.2021 01:36:42.578  a4000002 a4000002 
04.06.2021 01:36:42.581  a4000003 ac000003 
04.06.2021 01:36:42.599  a4000002 ac000002 
04.06.2021 01:36:42.608  a4000002 a4000002 
04.06.2021 01:36:42.614  a4000003 ac000003 
04.06.2021 01:36:42.617  a4000002 a4000002 
04.06.2021 01:36:42.707  a4000002 ac000002 
04.06.2021 01:36:42.734  a4000002 a4000002 
04.06.2021 01:36:42.740  a4000002 ac000002 
04.06.2021 01:36:42.743  a4000002 a4000002 
04.06.2021 01:36:44.948  a4000003 a4000003 
04.06.2021 01:36:44.951  a4000003 ac000003 
04.06.2021 01:36:44.954  a4000002 a4000002 
04.06.2021 01:36:44.957  a4000003 ac000003 
04.06.2021 01:36:44.984  a4000003 a4000003 
04.06.2021 01:36:44.990  a4000003 ac000003 
04.06.2021 01:36:44.993  a4000003 a4000003 
04.06.2021 01:36:45.101  a5000003 a5000003 
04.06.2021 01:36:45.116  a4000003 a4000003 
04.06.2021 01:36:45.119  a5000003 a5000003 
04.06.2021 01:36:45.209  a4000003 a5000003 
04.06.2021 01:36:45.224  a5000003 a5000003 
04.06.2021 01:36:45.227  a4000003 a5000003 
04.06.2021 01:36:45.230  a4000003 a4000003 
04.06.2021 01:36:45.242  a4000003 a5000003 
04.06.2021 01:36:45.245  a4000003 a4000003 
04.06.2021 01:36:45.323  a5000003 a5000003 
04.06.2021 01:36:45.332  a4000003 a4000003 
04.06.2021 01:36:45.335  a5000003 a5000003 
04.06.2021 01:36:45.425  a4000003 a5000003 
04.06.2021 01:36:45.440  a5000003 a5000003 
04.06.2021 01:36:45.443  a4000003 a5000003 
04.06.2021 01:36:45.446  a4000003 a4000003 
04.06.2021 01:36:45.458  a4000003 a5000003 
04.06.2021 01:36:45.461  a4000003 a4000003 
04.06.2021 01:58:45.067  a4000002 a4000002 
04.06.2021 01:58:45.070  a4000003 a4000003 
04.06.2021 01:58:45.073  a4000002 a4000002 
04.06.2021 01:58:45.076  a4000002 ac000002 
04.06.2021 01:58:45.088  a4000002 a4000002 
04.06.2021 01:58:45.091  a4000002 ac000002 
04.06.2021 01:58:45.118  a4000002 a4000002 
04.06.2021 01:58:45.124  a4000002 ac000002 
04.06.2021 01:58:45.127  a4000002 a4000002 
04.06.2021 02:05:28.376  a4000003 a4000003 
04.06.2021 02:05:28.379  a4000003 ac000003 
04.06.2021 02:05:28.382  a4000002 a4000002 
04.06.2021 02:05:28.385  a4000003 ac000003 
04.06.2021 02:05:28.412  a4000003 a4000003 
04.06.2021 02:05:28.418  a4000003 ac000003 
04.06.2021 02:05:28.421  a4000003 a4000003 
04.06.2021 02:09:00.571  a4000002 a4000002 
04.06.2021 02:09:00.580  a4000002 ac000002 
04.06.2021 02:09:00.586  a4000003 a4000003 
04.06.2021 02:09:00.589  a4000002 ac000002 
04.06.2021 02:09:00.616  a4000002 a4000002 
04.06.2021 02:09:00.622  a4000002 ac000002 
04.06.2021 02:09:00.625  a4000002 a4000002 
04.06.2021 02:09:24.986  a4000001 a4000001 
04.06.2021 02:09:24.989  24000001 24800001 
04.06.2021 02:09:24.995  a4000002 a4000002 
04.06.2021 02:09:24.998  24000001 24800001 
04.06.2021 02:09:25.004  24000001 24000001 
04.06.2021 02:09:25.013  24000001 24800001 
04.06.2021 02:09:25.016  24000001 24000001 

Servicedata V1.0 PLC:\DEBUG\SlaveStateA.service.trace created 04.06.2021 19:41:10 (local time)
hostname: hu, Software: 606421 04, built: 08.10.2014 08:59
-----------------------------------------------------------------------------------------------
                     ms  Virtual BusModule state(s)
04.06.2021 11:10:20.532  24000000 2c000000 
04.06.2021 11:10:20.544  00000000 00000000 
04.06.2021 11:10:20.547  24000000 2c000000 
04.06.2021 11:10:20.694  24000001 2c000000 
04.06.2021 11:10:20.700  24000001 2c000001 
04.06.2021 11:10:20.712  24000001 2c000000 
04.06.2021 11:10:20.715  24000001 2c000001 
04.06.2021 11:10:20.829  24000001 24000001 
04.06.2021 11:10:20.838  24000001 2c000001 
04.06.2021 11:10:20.841  24000001 24000001 
04.06.2021 11:11:54.295  24000002 24000002 
04.06.2021 11:11:54.298  a4000002 a4000002 
04.06.2021 11:11:54.304  24000001 24000001 
04.06.2021 11:11:54.307  a4000002 a4000002 
04.06.2021 11:11:54.541  a4000002 a5000002 
04.06.2021 11:11:54.598  a4000002 a4000002 
04.06.2021 11:11:54.610  a4000002 a5000002 
04.06.2021 11:11:54.613  a4000002 a4000002 
04.06.2021 11:11:54.733  a5000002 a5000002 
04.06.2021 11:11:54.736  a4000002 a4000002 
04.06.2021 11:11:54.739  a5000002 a5000002 
04.06.2021 11:11:54.817  a4000002 a5000002 
04.06.2021 11:11:54.826  a5000002 a5000002 
04.06.2021 11:11:54.829  a4000002 a5000002 
04.06.2021 11:11:54.841  a4000002 a4000002 
04.06.2021 11:11:54.844  a4000002 a5000002 
04.06.2021 11:11:54.847  a4000002 a4000002 
04.06.2021 11:11:57.934  a5000002 a5000002 
04.06.2021 11:11:57.940  a4000002 a4000002 
04.06.2021 11:11:57.943  a5000002 a5000002 
04.06.2021 11:11:58.021  a4000002 a5000002 
04.06.2021 11:11:58.030  a5000002 a5000002 
04.06.2021 11:11:58.033  a4000002 a5000002 
04.06.2021 11:11:58.045  a4000002 a4000002 
04.06.2021 11:11:58.048  a4000002 a5000002 
04.06.2021 11:11:58.051  a4000002 a4000002 
04.06.2021 11:11:58.150  a5000002 a5000002 
04.06.2021 11:11:58.156  a4000002 a4000002 
04.06.2021 11:11:58.159  a5000002 a5000002 
04.06.2021 11:11:58.258  a4000002 a5000002 
04.06.2021 11:11:58.264  a5000002 a5000002 
04.06.2021 11:11:58.267  a4000002 a5000002 
04.06.2021 11:11:58.279  a4000002 a4000002 
04.06.2021 11:11:58.282  a4000002 a5000002 
04.06.2021 11:11:58.285  a4000002 a4000002 
04.06.2021 11:11:58.369  a5000002 a5000002 
04.06.2021 11:11:58.372  a4000002 a4000002 
04.06.2021 11:11:58.375  a5000002 a5000002 
04.06.2021 11:11:58.453  a4000002 a5000002 
04.06.2021 11:11:58.462  a5000002 a5000002 
04.06.2021 11:11:58.465  a4000002 a5000002 
04.06.2021 11:11:58.477  a4000002 a4000002 
04.06.2021 11:11:58.480  a4000002 a5000002 
04.06.2021 11:11:58.483  a4000002 a4000002 
04.06.2021 11:11:58.576  a5000002 a5000002 
04.06.2021 11:11:58.588  a4000002 a4000002 
04.06.2021 11:11:58.591  a5000002 a5000002 
04.06.2021 11:11:58.774  a4000002 a5000002 
04.06.2021 11:11:58.786  a5000002 a5000002 
04.06.2021 11:11:58.789  a4000002 a5000002 
04.06.2021 11:11:58.795  a4000002 a4000002 
04.06.2021 11:11:58.804  a4000002 a5000002 
04.06.2021 11:11:58.807  a4000002 a4000002 
04.06.2021 11:11:58.900  a5000002 a5000002 
04.06.2021 11:11:58.912  a4000002 a4000002 
04.06.2021 11:11:58.915  a5000002 a5000002 
04.06.2021 11:11:59.023  a4000002 a5000002 
04.06.2021 11:11:59.038  a5000002 a5000002 
04.06.2021 11:11:59.041  a4000002 a5000002 
04.06.2021 11:11:59.044  a4000002 a4000002 
04.06.2021 11:11:59.056  a4000002 a5000002 
04.06.2021 11:11:59.059  a4000002 a4000002 
04.06.2021 11:11:59.158  a5000002 a5000002 
04.06.2021 11:11:59.164  a4000002 a4000002 
04.06.2021 11:11:59.167  a5000002 a5000002 
04.06.2021 11:11:59.275  a4000002 a5000002 
04.06.2021 11:11:59.293  a4000002 a4000002 
04.06.2021 11:11:59.386  a5000002 a5000002 
04.06.2021 11:11:59.398  a4000002 a4000002 
04.06.2021 11:11:59.401  a5000002 a5000002 
04.06.2021 11:11:59.494  a4000002 a5000002 
04.06.2021 11:11:59.506  a5000002 a5000002 
04.06.2021 11:11:59.509  a4000002 a5000002 
04.06.2021 11:11:59.518  a4000002 a4000002 
04.06.2021 11:11:59.524  a4000002 a5000002 
04.06.2021 11:11:59.527  a4000002 a4000002 
04.06.2021 11:11:59.623  a4000002 a5000002 
04.06.2021 11:11:59.629  a5000002 a5000002 
04.06.2021 11:11:59.632  a4000002 a4000002 
04.06.2021 11:11:59.635  a5000002 a5000002 
04.06.2021 11:11:59.725  a4000002 a5000002 
04.06.2021 11:11:59.740  a5000002 a5000002 
04.06.2021 11:11:59.743  a4000002 a5000002 
04.06.2021 11:11:59.746  a4000002 a4000002 
04.06.2021 11:11:59.758  a4000002 a5000002 
04.06.2021 11:11:59.761  a4000002 a4000002 
04.06.2021 11:11:59.833  a5000002 a5000002 
04.06.2021 11:11:59.848  a4000002 a4000002 
04.06.2021 11:11:59.851  a5000002 a5000002 
04.06.2021 11:12:00.775  a4000002 a5000002 
04.06.2021 11:12:00.784  a5000002 a5000002 
04.06.2021 11:12:00.787  a4000002 a5000002 
04.06.2021 11:12:00.796  a4000002 a4000002 
04.06.2021 11:12:00.802  a4000002 a5000002 
04.06.2021 11:12:00.805  a4000002 a4000002 
04.06.2021 11:12:00.889  a5000002 a5000002 
04.06.2021 11:12:00.892  a4000002 a4000002 
04.06.2021 11:12:00.895  a5000002 a5000002 
04.06.2021 11:12:00.985  a4000002 a5000002 
04.06.2021 11:12:01.000  a5000002 a5000002 
04.06.2021 11:12:01.003  a4000002 a5000002 
04.06.2021 11:12:01.006  a4000002 a4000002 
04.06.2021 11:12:01.018  a4000002 a5000002 
04.06.2021 11:12:01.021  a4000002 a4000002 
04.06.2021 11:12:01.129  a5000002 a5000002 
04.06.2021 11:12:01.144  a4000002 a4000002 
04.06.2021 11:12:01.147  a5000002 a5000002 
04.06.2021 11:12:01.420  a4000002 a5000002 
04.06.2021 11:12:01.432  a5000002 a5000002 
04.06.2021 11:12:01.435  a4000002 a5000002 
04.06.2021 11:12:01.441  a4000002 a4000002 
04.06.2021 11:12:01.450  a4000002 a5000002 
04.06.2021 11:12:01.453  a4000002 a4000002 
04.06.2021 11:12:01.534  a5000002 a5000002 
04.06.2021 11:12:01.540  a4000002 a4000002 
04.06.2021 11:12:01.543  a5000002 a5000002 
04.06.2021 11:12:01.633  a4000002 a5000002 
04.06.2021 11:12:01.648  a5000002 a5000002 
04.06.2021 11:12:01.651  a4000002 a5000002 
04.06.2021 11:12:01.654  a4000002 a4000002 
04.06.2021 11:12:01.666  a4000002 a5000002 
04.06.2021 11:12:01.669  a4000002 a4000002 
04.06.2021 11:12:01.714  a5000002 a4000002 
04.06.2021 11:12:01.720  a4000002 a4000002 
04.06.2021 11:12:01.723  a5000002 a4000002 
04.06.2021 11:12:01.759  a4000002 a4000002 
04.06.2021 11:12:01.930  a4000002 a5000002 
04.06.2021 11:12:01.936  a4000002 a4000002 
04.06.2021 11:12:01.939  a4000002 a5000002 
04.06.2021 11:12:02.011  a4000002 a4000002 
04.06.2021 11:12:02.077  a4000002 a5000002 
04.06.2021 11:12:02.080  a4000002 a4000002 
04.06.2021 11:12:02.083  a4000002 a5000002 
04.06.2021 11:12:02.140  a4000002 a4000002 
04.06.2021 11:12:02.152  a4000002 a5000002 
04.06.2021 11:12:02.155  a4000002 a4000002 
04.06.2021 11:12:02.227  a5000002 a5000002 
04.06.2021 11:12:02.299  a4000002 a5000002 
04.06.2021 11:12:02.317  a4000002 a4000002 
04.06.2021 11:12:02.332  a4000002 a5000002 
04.06.2021 11:12:02.335  a4000002 a4000002 
04.06.2021 11:12:02.428  a5000002 a5000002 
04.06.2021 11:12:02.440  a4000002 a4000002 
04.06.2021 11:12:02.443  a5000002 a5000002 
04.06.2021 11:12:02.533  a4000002 a5000002 
04.06.2021 11:12:02.548  a5000002 a5000002 
04.06.2021 11:12:02.551  a4000002 a5000002 
04.06.2021 11:12:02.554  a4000002 a4000002 
04.06.2021 11:12:02.566  a4000002 a5000002 
04.06.2021 11:12:02.569  a4000002 a4000002 
04.06.2021 11:12:02.653  a5000002 a5000002 
04.06.2021 11:12:02.656  a4000002 a4000002 
04.06.2021 11:12:02.659  a5000002 a5000002 
04.06.2021 11:12:02.749  a4000002 a5000002 
04.06.2021 11:12:02.764  a5000002 a5000002 
04.06.2021 11:12:02.767  a4000002 a5000002 
04.06.2021 11:12:02.770  a4000002 a4000002 
04.06.2021 11:12:02.782  a4000002 a5000002 
04.06.2021 11:12:02.785  a4000002 a4000002 
04.06.2021 11:12:02.881  a5000002 a5000002 
04.06.2021 11:12:02.890  a4000002 a4000002 
04.06.2021 11:12:02.893  a5000002 a5000002 
04.06.2021 11:12:02.983  a4000002 a5000002 
04.06.2021 11:12:02.998  a5000002 a5000002 
04.06.2021 11:12:03.001  a4000002 a5000002 
04.06.2021 11:12:03.004  a4000002 a4000002 
04.06.2021 11:12:03.016  a4000002 a5000002 
04.06.2021 11:12:03.019  a4000002 a4000002 
04.06.2021 11:12:03.103  a5000002 a5000002 
04.06.2021 11:12:03.106  a4000002 a4000002 
04.06.2021 11:12:03.109  a5000002 a5000002 
04.06.2021 11:12:03.199  a4000002 a5000002 
04.06.2021 11:12:03.214  a5000002 a5000002 
04.06.2021 11:12:03.217  a4000002 a5000002 
04.06.2021 11:12:03.220  a4000002 a4000002 
04.06.2021 11:12:03.232  a4000002 a5000002 
04.06.2021 11:12:03.235  a4000002 a4000002 
04.06.2021 11:12:03.388  a4000002 a5000002 
04.06.2021 11:12:03.394  a4000002 a4000002 
04.06.2021 11:12:03.397  a4000002 a5000002 
04.06.2021 11:12:03.451  a4000002 a4000002 
04.06.2021 11:12:03.466  a4000002 a5000002 
04.06.2021 11:12:03.469  a4000002 a4000002 
04.06.2021 11:12:03.697  a4000002 a5000002 
04.06.2021 11:12:03.700  a4000002 a4000002 
04.06.2021 11:12:03.703  a4000002 a5000002 
04.06.2021 11:12:03.769  a4000002 a4000002 
04.06.2021 11:12:03.772  a4000002 a5000002 
04.06.2021 11:12:03.775  a4000002 a4000002 
04.06.2021 11:12:03.910  a5000002 a4000002 
04.06.2021 11:12:03.916  a4000002 a4000002 
04.06.2021 11:12:03.919  a5000002 a4000002 
04.06.2021 11:12:03.991  a4000002 a4000002 
04.06.2021 11:12:04.189  a5000002 a5000002 
04.06.2021 11:12:04.279  a4000002 a5000002 
04.06.2021 11:12:04.294  a5000002 a5000002 
04.06.2021 11:12:04.297  a4000002 a5000002 
04.06.2021 11:12:04.300  a4000002 a4000002 
04.06.2021 11:12:04.312  a4000002 a5000002 
04.06.2021 11:12:04.315  a4000002 a4000002 
04.06.2021 11:12:04.399  a5000002 a5000002 
04.06.2021 11:12:04.402  a4000002 a4000002 
04.06.2021 11:12:04.405  a5000002 a5000002 
04.06.2021 11:12:04.495  a4000002 a5000002 
04.06.2021 11:12:04.510  a5000002 a5000002 
04.06.2021 11:12:04.513  a4000002 a5000002 
04.06.2021 11:12:04.516  a4000002 a4000002 
04.06.2021 11:12:04.528  a4000002 a5000002 
04.06.2021 11:12:04.531  a4000002 a4000002 
04.06.2021 11:12:04.624  a5000002 a5000002 
04.06.2021 11:12:04.636  a4000002 a4000002 
04.06.2021 11:12:04.639  a5000002 a5000002 
04.06.2021 11:12:04.729  a4000002 a5000002 
04.06.2021 11:12:04.744  a5000002 a5000002 
04.06.2021 11:12:04.747  a4000002 a5000002 
04.06.2021 11:12:04.750  a4000002 a4000002 
04.06.2021 11:12:04.762  a4000002 a5000002 
04.06.2021 11:12:04.765  a4000002 a4000002 
04.06.2021 11:12:04.849  a5000002 a5000002 
04.06.2021 11:12:04.852  a4000002 a4000002 
04.06.2021 11:12:04.855  a5000002 a5000002 
04.06.2021 11:12:04.945  a4000002 a5000002 
04.06.2021 11:12:04.960  a5000002 a5000002 
04.06.2021 11:12:04.963  a4000002 a5000002 
04.06.2021 11:12:04.966  a4000002 a4000002 
04.06.2021 11:12:04.978  a4000002 a5000002 
04.06.2021 11:12:04.981  a4000002 a4000002 
04.06.2021 11:12:08.011  a4000002 a5000002 
04.06.2021 11:12:08.020  a4000002 a4000002 
04.06.2021 11:12:08.023  a4000002 a5000002 
04.06.2021 11:12:08.077  a4000002 a4000002 
04.06.2021 11:12:08.092  a4000002 a5000002 
04.06.2021 11:12:08.095  a4000002 a4000002 
04.06.2021 11:27:58.334  a4000003 a4000003 
04.06.2021 11:27:58.337  a4000003 ac000003 
04.06.2021 11:27:58.340  a4000002 a4000002 
04.06.2021 11:27:58.344  a4000003 ac000003 
04.06.2021 11:27:58.361  a4000002 ac000002 
04.06.2021 11:27:58.370  a4000002 a4000002 
04.06.2021 11:27:58.376  a4000002 ac000002 
04.06.2021 11:27:58.379  a4000002 a4000002 
04.06.2021 11:27:58.463  a4000002 ac000002 
04.06.2021 11:27:58.466  a4000002 a4000002 
04.06.2021 11:27:58.469  a4000002 ac000002 
04.06.2021 11:27:58.496  a4000002 a4000002 
04.06.2021 11:27:58.502  a4000002 ac000002 
04.06.2021 11:27:58.505  a4000002 a4000002 
04.06.2021 11:27:58.622  a4000003 a4000003 
04.06.2021 11:27:58.625  a4000003 ac000003 
04.06.2021 11:27:58.628  a4000002 a4000002 
04.06.2021 11:27:58.631  a4000003 ac000003 
04.06.2021 11:27:58.658  a4000003 a4000003 
04.06.2021 11:27:58.664  a4000003 ac000003 
04.06.2021 11:27:58.667  a4000003 a4000003 
04.06.2021 11:27:58.769  a5000003 a5000003 
04.06.2021 11:27:58.772  a4000003 a4000003 
04.06.2021 11:27:58.775  a5000003 a5000003 
04.06.2021 11:27:58.868  a4000003 a5000003 
04.06.2021 11:27:58.880  a5000003 a5000003 
04.06.2021 11:27:58.883  a4000003 a5000003 
04.06.2021 11:27:58.886  a4000003 a4000003 
04.06.2021 11:27:58.898  a4000003 a5000003 
04.06.2021 11:27:58.901  a4000003 a4000003 
04.06.2021 11:27:58.979  a5000003 a5000003 
04.06.2021 11:27:58.988  a4000003 a4000003 
04.06.2021 11:27:58.991  a5000003 a5000003 
04.06.2021 11:27:59.081  a4000003 a5000003 
04.06.2021 11:27:59.096  a5000003 a5000003 
04.06.2021 11:27:59.099  a4000003 a5000003 
04.06.2021 11:27:59.102  a4000003 a4000003 
04.06.2021 11:27:59.114  a4000003 a5000003 
04.06.2021 11:27:59.117  a4000003 a4000003 
04.06.2021 14:59:48.137  a4000002 a4000002 
04.06.2021 14:59:48.146  a4000002 ac000002 
04.06.2021 14:59:48.149  a4000003 a4000003 
04.06.2021 14:59:48.152  a4000002 ac000002 
04.06.2021 14:59:48.179  a4000002 a4000002 
04.06.2021 14:59:48.185  a4000002 ac000002 
04.06.2021 14:59:48.188  a4000002 a4000002 
04.06.2021 15:01:42.138  a4000003 a4000003 
04.06.2021 15:01:42.141  a4000003 ac000003 
04.06.2021 15:01:42.144  a4000002 a4000002 
04.06.2021 15:01:42.147  a4000003 ac000003 
04.06.2021 15:01:42.174  a4000003 a4000003 
04.06.2021 15:01:42.180  a4000003 ac000003 
04.06.2021 15:01:42.183  a4000003 a4000003 
04.06.2021 17:25:33.947  a4000002 a4000002 
04.06.2021 17:25:33.956  a4000003 a4000003 
04.06.2021 17:25:33.959  a4000002 ac000002 
04.06.2021 17:25:33.986  a4000002 a4000002 
04.06.2021 17:25:33.992  a4000002 ac000002 
04.06.2021 17:25:33.995  a4000002 a4000002 
04.06.2021 17:32:47.431  a4000003 a4000003 
04.06.2021 17:32:47.437  a4000002 a4000002 
04.06.2021 17:32:47.440  a4000003 ac000003 
04.06.2021 17:32:47.467  a4000003 a4000003 
04.06.2021 17:32:47.473  a4000003 ac000003 
04.06.2021 17:32:47.476  a4000003 a4000003 
04.06.2021 18:49:00.893  a4000002 a4000002 
04.06.2021 18:49:00.902  a4000002 ac000002 
04.06.2021 18:49:00.908  a4000003 a4000003 
04.06.2021 18:49:00.911  a4000002 ac000002 
04.06.2021 18:49:00.938  a4000002 a4000002 
04.06.2021 18:49:00.944  a4000002 ac000002 
04.06.2021 18:49:00.947  a4000002 a4000002 
04.06.2021 18:58:04.814  a4000003 a4000003 
04.06.2021 18:58:04.820  a4000002 a4000002 
04.06.2021 18:58:04.823  a4000003 ac000003 
04.06.2021 18:58:04.850  a4000003 a4000003 
04.06.2021 18:58:04.856  a4000003 ac000003 
04.06.2021 18:58:04.859  a4000003 a4000003 
04.06.2021 19:24:25.678  a4000002 a4000002 
04.06.2021 19:24:25.687  a4000003 a4000003 
04.06.2021 19:24:25.690  a4000002 ac000002 
04.06.2021 19:24:25.717  a4000002 a4000002 
04.06.2021 19:24:25.723  a4000002 ac000002 
04.06.2021 19:24:25.726  a4000002 a4000002 
04.06.2021 19:24:32.719  a4000003 a4000003 
04.06.2021 19:24:32.722  a4000003 ac000003 
04.06.2021 19:24:32.725  a4000002 a4000002 
04.06.2021 19:24:32.728  a4000003 ac000003 
04.06.2021 19:24:32.755  a4000003 a4000003 
04.06.2021 19:24:32.761  a4000003 ac000003 
04.06.2021 19:24:32.764  a4000003 a4000003 
04.06.2021 19:41:09.764  a4000001 a4000001 
04.06.2021 19:41:09.767  24000001 24800001 
04.06.2021 19:41:09.773  a4000003 a4000003 
04.06.2021 19:41:09.776  24000001 24800001 
04.06.2021 19:41:09.782  24000001 24000001 
04.06.2021 19:41:09.791  24000001 24800001 
04.06.2021 19:41:09.794  24000001 24000001 

Servicedata V1.0 PLC:\DEBUG\SlaveStateA.service.trace created 04.06.2021 20:03:49 (local time)
hostname: hu, Software: 606421 04, built: 08.10.2014 08:59
-----------------------------------------------------------------------------------------------
                     ms  Virtual BusModule state(s)
04.06.2021 19:56:20.298  24000000 2c000000 
04.06.2021 19:56:20.304  00000000 00000000 
04.06.2021 19:56:20.307  24000000 2c000000 
04.06.2021 19:56:20.454  24000001 2c000000 
04.06.2021 19:56:20.466  24000001 2c000001 
04.06.2021 19:56:20.472  24000000 2c000000 
04.06.2021 19:56:20.475  24000001 2c000001 
04.06.2021 19:56:20.601  24000001 24000001 
04.06.2021 19:56:38.649  24000002 24000002 
04.06.2021 19:56:38.652  a4000002 a4000002 
04.06.2021 19:56:38.658  24000001 24000001 
04.06.2021 19:56:38.661  a4000002 a4000002 
04.06.2021 19:56:38.895  a4000002 a5000002 
04.06.2021 19:56:38.952  a4000002 a4000002 
04.06.2021 19:56:38.964  a4000002 a5000002 
04.06.2021 19:56:38.967  a4000002 a4000002 
04.06.2021 19:56:39.093  a5000002 a5000002 
04.06.2021 19:56:39.108  a4000002 a4000002 
04.06.2021 19:56:39.111  a5000002 a5000002 
04.06.2021 19:56:39.189  a4000002 a5000002 
04.06.2021 19:56:39.198  a5000002 a5000002 
04.06.2021 19:56:39.201  a4000002 a5000002 
04.06.2021 19:56:39.210  a4000002 a4000002 
04.06.2021 19:56:39.216  a4000002 a5000002 
04.06.2021 19:56:39.219  a4000002 a4000002 
04.06.2021 19:56:42.300  a5000002 a5000002 
04.06.2021 19:56:42.312  a4000002 a4000002 
04.06.2021 19:56:42.315  a5000002 a5000002 
04.06.2021 19:56:42.393  a4000002 a5000002 
04.06.2021 19:56:42.402  a5000002 a5000002 
04.06.2021 19:56:42.405  a4000002 a5000002 
04.06.2021 19:56:42.414  a4000002 a4000002 
04.06.2021 19:56:42.420  a4000002 a5000002 
04.06.2021 19:56:42.423  a4000002 a4000002 
04.06.2021 19:56:42.504  a5000002 a5000002 
04.06.2021 19:56:42.510  a4000002 a4000002 
04.06.2021 19:56:42.513  a5000002 a5000002 
04.06.2021 19:56:42.612  a4000002 a5000002 
04.06.2021 19:56:42.618  a5000002 a5000002 
04.06.2021 19:56:42.621  a4000002 a5000002 
04.06.2021 19:56:42.633  a4000002 a4000002 
04.06.2021 19:56:42.636  a4000002 a5000002 
04.06.2021 19:56:42.639  a4000002 a4000002 
04.06.2021 19:56:42.723  a5000002 a5000002 
04.06.2021 19:56:42.726  a4000002 a4000002 
04.06.2021 19:56:42.729  a5000002 a5000002 
04.06.2021 19:56:42.807  a4000002 a5000002 
04.06.2021 19:56:42.816  a5000002 a5000002 
04.06.2021 19:56:42.819  a4000002 a5000002 
04.06.2021 19:56:42.828  a4000002 a4000002 
04.06.2021 19:56:42.834  a4000002 a5000002 
04.06.2021 19:56:42.837  a4000002 a4000002 
04.06.2021 19:56:42.930  a5000002 a5000002 
04.06.2021 19:56:42.942  a4000002 a4000002 
04.06.2021 19:56:42.945  a5000002 a5000002 
04.06.2021 19:56:43.134  a4000002 a5000002 
04.06.2021 19:56:43.140  a5000002 a5000002 
04.06.2021 19:56:43.143  a4000002 a5000002 
04.06.2021 19:56:43.155  a4000002 a4000002 
04.06.2021 19:56:43.158  a4000002 a5000002 
04.06.2021 19:56:43.161  a4000002 a4000002 
04.06.2021 19:56:43.260  a5000002 a5000002 
04.06.2021 19:56:43.266  a4000002 a4000002 
04.06.2021 19:56:43.269  a5000002 a5000002 
04.06.2021 19:56:43.377  a4000002 a5000002 
04.06.2021 19:56:43.395  a4000002 a4000002 
04.06.2021 19:56:43.509  a5000002 a5000002 
04.06.2021 19:56:43.518  a4000002 a4000002 
04.06.2021 19:56:43.521  a5000002 a5000002 
04.06.2021 19:56:43.623  a4000002 a5000002 
04.06.2021 19:56:43.626  a5000002 a5000002 
04.06.2021 19:56:43.629  a4000002 a5000002 
04.06.2021 19:56:43.647  a4000002 a4000002 
04.06.2021 19:56:43.737  a5000002 a5000002 
04.06.2021 19:56:43.752  a4000002 a4000002 
04.06.2021 19:56:43.755  a5000002 a5000002 
04.06.2021 19:56:43.851  a4000002 a5000002 
04.06.2021 19:56:43.860  a5000002 a5000002 
04.06.2021 19:56:43.863  a4000002 a5000002 
04.06.2021 19:56:43.872  a4000002 a4000002 
04.06.2021 19:56:43.878  a4000002 a5000002 
04.06.2021 19:56:43.881  a4000002 a4000002 
04.06.2021 19:56:43.977  a4000002 a5000002 
04.06.2021 19:56:43.983  a5000002 a5000002 
04.06.2021 19:56:43.986  a4000002 a4000002 
04.06.2021 19:56:43.989  a5000002 a5000002 
04.06.2021 19:56:44.079  a4000002 a5000002 
04.06.2021 19:56:44.094  a5000002 a5000002 
04.06.2021 19:56:44.097  a4000002 a5000002 
04.06.2021 19:56:44.100  a4000002 a4000002 
04.06.2021 19:56:44.112  a4000002 a5000002 
04.06.2021 19:56:44.115  a4000002 a4000002 
04.06.2021 19:56:44.187  a5000002 a5000002 
04.06.2021 19:56:44.202  a4000002 a4000002 
04.06.2021 19:56:44.205  a5000002 a5000002 
04.06.2021 19:56:45.126  a4000002 a5000002 
04.06.2021 19:56:45.138  a5000002 a5000002 
04.06.2021 19:56:45.141  a4000002 a5000002 
04.06.2021 19:56:45.150  a4000002 a4000002 
04.06.2021 19:56:45.156  a4000002 a5000002 
04.06.2021 19:56:45.159  a4000002 a4000002 
04.06.2021 19:56:45.243  a5000002 a5000002 
04.06.2021 19:56:45.246  a4000002 a4000002 
04.06.2021 19:56:45.249  a5000002 a5000002 
04.06.2021 19:56:45.339  a4000002 a5000002 
04.06.2021 19:56:45.354  a5000002 a5000002 
04.06.2021 19:56:45.357  a4000002 a5000002 
04.06.2021 19:56:45.360  a4000002 a4000002 
04.06.2021 19:56:45.372  a4000002 a5000002 
04.06.2021 19:56:45.375  a4000002 a4000002 
04.06.2021 19:56:45.483  a5000002 a5000002 
04.06.2021 19:56:45.498  a4000002 a4000002 
04.06.2021 19:56:45.501  a5000002 a5000002 
04.06.2021 19:56:45.774  a4000002 a5000002 
04.06.2021 19:56:45.786  a5000002 a5000002 
04.06.2021 19:56:45.789  a4000002 a5000002 
04.06.2021 19:56:45.795  a4000002 a4000002 
04.06.2021 19:56:45.804  a4000002 a5000002 
04.06.2021 19:56:45.807  a4000002 a4000002 
04.06.2021 19:56:45.888  a5000002 a5000002 
04.06.2021 19:56:45.894  a4000002 a4000002 
04.06.2021 19:56:45.897  a5000002 a5000002 
04.06.2021 19:56:45.987  a4000002 a5000002 
04.06.2021 19:56:46.002  a5000002 a5000002 
04.06.2021 19:56:46.005  a4000002 a5000002 
04.06.2021 19:56:46.008  a4000002 a4000002 
04.06.2021 19:56:46.020  a4000002 a5000002 
04.06.2021 19:56:46.023  a4000002 a4000002 
04.06.2021 19:56:46.065  a5000002 a4000002 
04.06.2021 19:56:46.074  a4000002 a4000002 
04.06.2021 19:56:46.077  a5000002 a4000002 
04.06.2021 19:56:46.116  a4000002 a4000002 
04.06.2021 19:56:46.128  a5000002 a4000002 
04.06.2021 19:56:46.131  a4000002 a4000002 
04.06.2021 19:56:46.284  a4000002 a5000002 
04.06.2021 19:56:46.290  a4000002 a4000002 
04.06.2021 19:56:46.293  a4000002 a5000002 
04.06.2021 19:56:46.365  a4000002 a4000002 
04.06.2021 19:56:46.431  a4000002 a5000002 
04.06.2021 19:56:46.434  a4000002 a4000002 
04.06.2021 19:56:46.437  a4000002 a5000002 
04.06.2021 19:56:46.491  a4000002 a4000002 
04.06.2021 19:56:46.506  a4000002 a5000002 
04.06.2021 19:56:46.509  a4000002 a4000002 
04.06.2021 19:56:46.572  a5000002 a5000002 
04.06.2021 19:56:46.578  a4000002 a4000002 
04.06.2021 19:56:46.581  a5000002 a5000002 
04.06.2021 19:56:46.653  a4000002 a5000002 
04.06.2021 19:56:46.671  a4000002 a4000002 
04.06.2021 19:56:46.686  a4000002 a5000002 
04.06.2021 19:56:46.689  a4000002 a4000002 
04.06.2021 19:56:46.782  a5000002 a5000002 
04.06.2021 19:56:46.794  a4000002 a4000002 
04.06.2021 19:56:46.797  a5000002 a5000002 
04.06.2021 19:56:46.887  a4000002 a5000002 
04.06.2021 19:56:46.902  a5000002 a5000002 
04.06.2021 19:56:46.905  a4000002 a5000002 
04.06.2021 19:56:46.908  a4000002 a4000002 
04.06.2021 19:56:46.920  a4000002 a5000002 
04.06.2021 19:56:46.923  a4000002 a4000002 
04.06.2021 19:56:47.007  a5000002 a5000002 
04.06.2021 19:56:47.010  a4000002 a4000002 
04.06.2021 19:56:47.013  a5000002 a5000002 
04.06.2021 19:56:47.103  a4000002 a5000002 
04.06.2021 19:56:47.118  a5000002 a5000002 
04.06.2021 19:56:47.121  a4000002 a5000002 
04.06.2021 19:56:47.124  a4000002 a4000002 
04.06.2021 19:56:47.136  a4000002 a5000002 
04.06.2021 19:56:47.139  a4000002 a4000002 
04.06.2021 19:56:47.235  a5000002 a5000002 
04.06.2021 19:56:47.244  a4000002 a4000002 
04.06.2021 19:56:47.247  a5000002 a5000002 
04.06.2021 19:56:47.337  a4000002 a5000002 
04.06.2021 19:56:47.352  a5000002 a5000002 
04.06.2021 19:56:47.355  a4000002 a5000002 
04.06.2021 19:56:47.358  a4000002 a4000002 
04.06.2021 19:56:47.370  a4000002 a5000002 
04.06.2021 19:56:47.373  a4000002 a4000002 
04.06.2021 19:56:47.457  a5000002 a5000002 
04.06.2021 19:56:47.460  a4000002 a4000002 
04.06.2021 19:56:47.463  a5000002 a5000002 
04.06.2021 19:56:47.553  a4000002 a5000002 
04.06.2021 19:56:47.568  a5000002 a5000002 
04.06.2021 19:56:47.571  a4000002 a5000002 
04.06.2021 19:56:47.574  a4000002 a4000002 
04.06.2021 19:56:47.586  a4000002 a5000002 
04.06.2021 19:56:47.589  a4000002 a4000002 
04.06.2021 19:56:47.742  a4000002 a5000002 
04.06.2021 19:56:47.748  a4000002 a4000002 
04.06.2021 19:56:47.751  a4000002 a5000002 
04.06.2021 19:56:47.805  a4000002 a4000002 
04.06.2021 19:56:47.820  a4000002 a5000002 
04.06.2021 19:56:47.823  a4000002 a4000002 
04.06.2021 19:56:48.051  a4000002 a5000002 
04.06.2021 19:56:48.054  a4000002 a4000002 
04.06.2021 19:56:48.057  a4000002 a5000002 
04.06.2021 19:56:48.189  a4000002 a4000002 
04.06.2021 19:56:48.198  a4000002 a5000002 
04.06.2021 19:56:48.201  a4000002 a4000002 
04.06.2021 19:56:48.327  a5000002 a4000002 
04.06.2021 19:56:48.402  a4000002 a4000002 
04.06.2021 19:56:48.414  a5000002 a4000002 
04.06.2021 19:56:48.417  a4000002 a4000002 
04.06.2021 19:56:48.600  a5000002 a5000002 
04.06.2021 19:56:48.612  a4000002 a4000002 
04.06.2021 19:56:48.615  a5000002 a5000002 
04.06.2021 19:56:48.705  a4000002 a5000002 
04.06.2021 19:56:48.720  a5000002 a5000002 
04.06.2021 19:56:48.723  a4000002 a5000002 
04.06.2021 19:56:48.726  a4000002 a4000002 
04.06.2021 19:56:48.738  a4000002 a5000002 
04.06.2021 19:56:48.741  a4000002 a4000002 
04.06.2021 19:56:48.825  a5000002 a5000002 
04.06.2021 19:56:48.828  a4000002 a4000002 
04.06.2021 19:56:48.831  a5000002 a5000002 
04.06.2021 19:56:48.921  a4000002 a5000002 
04.06.2021 19:56:48.936  a5000002 a5000002 
04.06.2021 19:56:48.939  a4000002 a5000002 
04.06.2021 19:56:48.942  a4000002 a4000002 
04.06.2021 19:56:48.954  a4000002 a5000002 
04.06.2021 19:56:48.957  a4000002 a4000002 
04.06.2021 19:56:49.050  a5000002 a5000002 
04.06.2021 19:56:49.062  a4000002 a4000002 
04.06.2021 19:56:49.065  a5000002 a5000002 
04.06.2021 19:56:49.155  a4000002 a5000002 
04.06.2021 19:56:49.170  a5000002 a5000002 
04.06.2021 19:56:49.173  a4000002 a5000002 
04.06.2021 19:56:49.176  a4000002 a4000002 
04.06.2021 19:56:49.188  a4000002 a5000002 
04.06.2021 19:56:49.191  a4000002 a4000002 
04.06.2021 19:56:49.275  a5000002 a5000002 
04.06.2021 19:56:49.278  a4000002 a4000002 
04.06.2021 19:56:49.281  a5000002 a5000002 
04.06.2021 19:56:49.374  a4000002 a5000002 
04.06.2021 19:56:49.386  a5000002 a5000002 
04.06.2021 19:56:49.389  a4000002 a5000002 
04.06.2021 19:56:49.392  a4000002 a4000002 
04.06.2021 19:56:49.404  a4000002 a5000002 
04.06.2021 19:56:49.407  a4000002 a4000002 
04.06.2021 19:56:52.335  a4000002 a5000002 
04.06.2021 19:56:52.338  a4000002 a4000002 
04.06.2021 19:56:52.341  a4000002 a5000002 
04.06.2021 19:56:52.395  a4000002 a4000002 
04.06.2021 19:56:52.410  a4000002 a5000002 
04.06.2021 19:56:52.413  a4000002 a4000002 
04.06.2021 19:56:52.584  a4000003 a4000003 
04.06.2021 19:56:52.587  a4000003 ac000003 
04.06.2021 19:56:52.590  a4000002 a4000002 
04.06.2021 19:56:52.593  a4000003 ac000003 
04.06.2021 19:56:52.614  a4000002 ac000002 
04.06.2021 19:56:52.620  a4000002 a4000002 
04.06.2021 19:56:52.626  a4000003 ac000003 
04.06.2021 19:56:52.629  a4000002 a4000002 
04.06.2021 19:56:52.722  a4000002 ac000002 
04.06.2021 19:56:52.734  a4000002 a4000002 
04.06.2021 19:56:52.737  a4000002 ac000002 
04.06.2021 19:56:52.764  a4000002 a4000002 
04.06.2021 19:56:52.770  a4000002 ac000002 
04.06.2021 19:56:52.773  a4000002 a4000002 
04.06.2021 19:56:52.872  a4000003 a4000003 
04.06.2021 19:56:52.878  a4000002 a4000002 
04.06.2021 19:56:52.881  a4000003 ac000003 
04.06.2021 19:56:52.908  a4000003 a4000003 
04.06.2021 19:56:52.914  a4000003 ac000003 
04.06.2021 19:56:52.917  a4000003 a4000003 
04.06.2021 19:56:53.055  a5000003 a5000003 
04.06.2021 19:56:53.058  a4000003 a4000003 
04.06.2021 19:56:53.061  a5000003 a5000003 
04.06.2021 19:56:53.151  a4000003 a5000003 
04.06.2021 19:56:53.166  a5000003 a5000003 
04.06.2021 19:56:53.169  a4000003 a5000003 
04.06.2021 19:56:53.172  a4000003 a4000003 
04.06.2021 19:56:53.184  a4000003 a5000003 
04.06.2021 19:56:53.187  a4000003 a4000003 
04.06.2021 19:56:53.265  a5000003 a5000003 
04.06.2021 19:56:53.274  a4000003 a4000003 
04.06.2021 19:56:53.277  a5000003 a5000003 
04.06.2021 19:56:53.367  a4000003 a5000003 
04.06.2021 19:56:53.382  a5000003 a5000003 
04.06.2021 19:56:53.385  a4000003 a5000003 
04.06.2021 19:56:53.388  a4000003 a4000003 
04.06.2021 19:56:53.400  a4000003 a5000003 
04.06.2021 19:56:53.403  a4000003 a4000003 

Servicedata V1.0 PLC:\DEBUG\SlaveStateA.service.trace created 04.06.2021 20:15:05 (local time)
hostname: hu, Software: 606421 04, built: 08.10.2014 08:59
-----------------------------------------------------------------------------------------------
                     ms  Virtual BusModule state(s)
04.06.2021 20:04:28.525  24000000 2c000000 
04.06.2021 20:04:28.540  00000000 00000000 
04.06.2021 20:04:28.543  24000000 2c000000 
04.06.2021 20:04:28.684  24000001 2c000000 
04.06.2021 20:04:28.687  24000000 2c000000 
04.06.2021 20:04:28.690  24000001 2c000000 
04.06.2021 20:04:28.693  24000001 2c000001 
04.06.2021 20:04:28.708  24000001 2c000000 
04.06.2021 20:04:28.711  24000001 2c000001 
04.06.2021 20:04:28.822  24000001 24000001 
04.06.2021 20:04:28.834  24000001 2c000001 
04.06.2021 20:04:28.837  24000001 24000001 
04.06.2021 20:05:15.271  24000002 24000002 
04.06.2021 20:05:15.274  a4000002 a4000002 
04.06.2021 20:05:15.280  24000001 24000001 
04.06.2021 20:05:15.283  a4000002 a4000002 
04.06.2021 20:05:15.520  a4000002 a5000002 
04.06.2021 20:05:15.532  a4000002 a4000002 
04.06.2021 20:05:15.535  a4000002 a5000002 
04.06.2021 20:05:15.589  a4000002 a4000002 
04.06.2021 20:05:15.604  a4000002 a5000002 
04.06.2021 20:05:15.607  a4000002 a4000002 
04.06.2021 20:05:15.721  a5000002 a5000002 
04.06.2021 20:05:15.730  a4000002 a4000002 
04.06.2021 20:05:15.733  a5000002 a5000002 
04.06.2021 20:05:15.811  a4000002 a5000002 
04.06.2021 20:05:15.820  a5000002 a5000002 
04.06.2021 20:05:15.823  a4000002 a5000002 
04.06.2021 20:05:15.832  a4000002 a4000002 
04.06.2021 20:05:15.838  a4000002 a5000002 
04.06.2021 20:05:15.841  a4000002 a4000002 
04.06.2021 20:05:18.922  a5000002 a5000002 
04.06.2021 20:05:18.934  a4000002 a4000002 
04.06.2021 20:05:18.937  a5000002 a5000002 
04.06.2021 20:05:19.015  a4000002 a5000002 
04.06.2021 20:05:19.024  a5000002 a5000002 
04.06.2021 20:05:19.027  a4000002 a5000002 
04.06.2021 20:05:19.036  a4000002 a4000002 
04.06.2021 20:05:19.042  a4000002 a5000002 
04.06.2021 20:05:19.045  a4000002 a4000002 
04.06.2021 20:05:19.135  a5000002 a5000002 
04.06.2021 20:05:19.243  a4000002 a5000002 
04.06.2021 20:05:19.261  a4000002 a4000002 
04.06.2021 20:05:19.276  a4000002 a5000002 
04.06.2021 20:05:19.279  a4000002 a4000002 
04.06.2021 20:05:19.351  a5000002 a5000002 
04.06.2021 20:05:19.366  a4000002 a4000002 
04.06.2021 20:05:19.369  a5000002 a5000002 
04.06.2021 20:05:19.447  a4000002 a5000002 
04.06.2021 20:05:19.456  a5000002 a5000002 
04.06.2021 20:05:19.459  a4000002 a5000002 
04.06.2021 20:05:19.468  a4000002 a4000002 
04.06.2021 20:05:19.474  a4000002 a5000002 
04.06.2021 20:05:19.477  a4000002 a4000002 
04.06.2021 20:05:19.585  a5000002 a5000002 
04.06.2021 20:05:19.759  a4000002 a5000002 
04.06.2021 20:05:19.762  a5000002 a5000002 
04.06.2021 20:05:19.765  a4000002 a5000002 
04.06.2021 20:05:19.783  a4000002 a4000002 
04.06.2021 20:05:19.882  a5000002 a5000002 
04.06.2021 20:05:19.888  a4000002 a4000002 
04.06.2021 20:05:19.891  a5000002 a5000002 
04.06.2021 20:05:19.993  a4000002 a5000002 
04.06.2021 20:05:19.996  a5000002 a5000002 
04.06.2021 20:05:19.999  a4000002 a5000002 
04.06.2021 20:05:20.017  a4000002 a4000002 
04.06.2021 20:05:20.128  a5000002 a5000002 
04.06.2021 20:05:20.140  a4000002 a4000002 
04.06.2021 20:05:20.143  a5000002 a5000002 
04.06.2021 20:05:20.245  a4000002 a5000002 
04.06.2021 20:05:20.248  a5000002 a5000002 
04.06.2021 20:05:20.251  a4000002 a5000002 
04.06.2021 20:05:20.269  a4000002 a4000002 
04.06.2021 20:05:20.359  a5000002 a5000002 
04.06.2021 20:05:20.374  a4000002 a4000002 
04.06.2021 20:05:20.377  a5000002 a5000002 
04.06.2021 20:05:20.467  a4000002 a5000002 
04.06.2021 20:05:20.482  a5000002 a5000002 
04.06.2021 20:05:20.485  a4000002 a5000002 
04.06.2021 20:05:20.488  a4000002 a4000002 
04.06.2021 20:05:20.500  a4000002 a5000002 
04.06.2021 20:05:20.503  a4000002 a4000002 
04.06.2021 20:05:20.593  a4000002 a5000002 
04.06.2021 20:05:20.599  a5000002 a5000002 
04.06.2021 20:05:20.608  a4000002 a4000002 
04.06.2021 20:05:20.611  a5000002 a5000002 
04.06.2021 20:05:20.701  a4000002 a5000002 
04.06.2021 20:05:20.716  a5000002 a5000002 
04.06.2021 20:05:20.719  a4000002 a5000002 
04.06.2021 20:05:20.722  a4000002 a4000002 
04.06.2021 20:05:20.734  a4000002 a5000002 
04.06.2021 20:05:20.737  a4000002 a4000002 
04.06.2021 20:05:20.809  a5000002 a5000002 
04.06.2021 20:05:21.730  a4000002 a5000002 
04.06.2021 20:05:21.742  a5000002 a5000002 
04.06.2021 20:05:21.745  a4000002 a5000002 
04.06.2021 20:05:21.754  a4000002 a4000002 
04.06.2021 20:05:21.760  a4000002 a5000002 
04.06.2021 20:05:21.763  a4000002 a4000002 
04.06.2021 20:05:21.844  a5000002 a5000002 
04.06.2021 20:05:21.850  a4000002 a4000002 
04.06.2021 20:05:21.853  a5000002 a5000002 
04.06.2021 20:05:21.943  a4000002 a5000002 
04.06.2021 20:05:21.958  a5000002 a5000002 
04.06.2021 20:05:21.961  a4000002 a5000002 
04.06.2021 20:05:21.964  a4000002 a4000002 
04.06.2021 20:05:21.976  a4000002 a5000002 
04.06.2021 20:05:21.979  a4000002 a4000002 
04.06.2021 20:05:22.081  a5000002 a5000002 
04.06.2021 20:05:22.084  a4000002 a4000002 
04.06.2021 20:05:22.087  a5000002 a5000002 
04.06.2021 20:05:22.375  a4000002 a5000002 
04.06.2021 20:05:22.390  a5000002 a5000002 
04.06.2021 20:05:22.393  a4000002 a4000002 
04.06.2021 20:05:22.408  a4000002 a5000002 
04.06.2021 20:05:22.411  a4000002 a4000002 
04.06.2021 20:05:22.489  a5000002 a5000002 
04.06.2021 20:05:22.498  a4000002 a4000002 
04.06.2021 20:05:22.501  a5000002 a5000002 
04.06.2021 20:05:22.591  a4000002 a5000002 
04.06.2021 20:05:22.606  a5000002 a5000002 
04.06.2021 20:05:22.609  a4000002 a5000002 
04.06.2021 20:05:22.612  a4000002 a4000002 
04.06.2021 20:05:22.624  a4000002 a5000002 
04.06.2021 20:05:22.627  a4000002 a4000002 
04.06.2021 20:05:22.669  a5000002 a4000002 
04.06.2021 20:05:22.678  a4000002 a4000002 
04.06.2021 20:05:22.681  a5000002 a4000002 
04.06.2021 20:05:22.717  a4000002 a4000002 
04.06.2021 20:05:22.732  a5000002 a4000002 
04.06.2021 20:05:22.735  a4000002 a4000002 
04.06.2021 20:05:22.882  a4000002 a5000002 
04.06.2021 20:05:22.894  a4000002 a4000002 
04.06.2021 20:05:22.897  a4000002 a5000002 
04.06.2021 20:05:22.960  a4000002 a4000002 
04.06.2021 20:05:22.966  a4000002 a5000002 
04.06.2021 20:05:22.969  a4000002 a4000002 
04.06.2021 20:05:23.029  a4000002 a5000002 
04.06.2021 20:05:23.038  a4000002 a4000002 
04.06.2021 20:05:23.041  a4000002 a5000002 
04.06.2021 20:05:23.095  a4000002 a4000002 
04.06.2021 20:05:23.110  a4000002 a5000002 
04.06.2021 20:05:23.113  a4000002 a4000002 
04.06.2021 20:05:23.173  a5000002 a5000002 
04.06.2021 20:05:23.182  a4000002 a4000002 
04.06.2021 20:05:23.185  a5000002 a5000002 
04.06.2021 20:05:23.251  a4000002 a5000002 
04.06.2021 20:05:23.254  a5000002 a5000002 
04.06.2021 20:05:23.257  a4000002 a5000002 
04.06.2021 20:05:23.275  a4000002 a4000002 
04.06.2021 20:05:23.290  a4000002 a5000002 
04.06.2021 20:05:23.293  a4000002 a4000002 
04.06.2021 20:05:23.383  a5000002 a5000002 
04.06.2021 20:05:23.398  a4000002 a4000002 
04.06.2021 20:05:23.401  a5000002 a5000002 
04.06.2021 20:05:23.491  a4000002 a5000002 
04.06.2021 20:05:23.506  a5000002 a5000002 
04.06.2021 20:05:23.509  a4000002 a5000002 
04.06.2021 20:05:23.512  a4000002 a4000002 
04.06.2021 20:05:23.524  a4000002 a5000002 
04.06.2021 20:05:23.527  a4000002 a4000002 
04.06.2021 20:05:23.611  a5000002 a5000002 
04.06.2021 20:05:23.614  a4000002 a4000002 
04.06.2021 20:05:23.617  a5000002 a5000002 
04.06.2021 20:05:23.707  a4000002 a5000002 
04.06.2021 20:05:23.722  a5000002 a5000002 
04.06.2021 20:05:23.725  a4000002 a5000002 
04.06.2021 20:05:23.728  a4000002 a4000002 
04.06.2021 20:05:23.740  a4000002 a5000002 
04.06.2021 20:05:23.743  a4000002 a4000002 
04.06.2021 20:05:23.839  a5000002 a5000002 
04.06.2021 20:05:23.848  a4000002 a4000002 
04.06.2021 20:05:23.851  a5000002 a5000002 
04.06.2021 20:05:23.941  a4000002 a5000002 
04.06.2021 20:05:23.956  a5000002 a5000002 
04.06.2021 20:05:23.959  a4000002 a5000002 
04.06.2021 20:05:23.962  a4000002 a4000002 
04.06.2021 20:05:23.974  a4000002 a5000002 
04.06.2021 20:05:23.977  a4000002 a4000002 
04.06.2021 20:05:24.061  a5000002 a5000002 
04.06.2021 20:05:24.064  a4000002 a4000002 
04.06.2021 20:05:24.067  a5000002 a5000002 
04.06.2021 20:05:24.160  a4000002 a5000002 
04.06.2021 20:05:24.172  a5000002 a5000002 
04.06.2021 20:05:24.175  a4000002 a5000002 
04.06.2021 20:05:24.178  a4000002 a4000002 
04.06.2021 20:05:24.190  a4000002 a5000002 
04.06.2021 20:05:24.193  a4000002 a4000002 
04.06.2021 20:05:24.340  a4000002 a5000002 
04.06.2021 20:05:24.352  a4000002 a4000002 
04.06.2021 20:05:24.355  a4000002 a5000002 
04.06.2021 20:05:24.409  a4000002 a4000002 
04.06.2021 20:05:24.424  a4000002 a5000002 
04.06.2021 20:05:24.427  a4000002 a4000002 
04.06.2021 20:05:24.649  a4000002 a5000002 
04.06.2021 20:05:24.658  a4000002 a4000002 
04.06.2021 20:05:24.661  a4000002 a5000002 
04.06.2021 20:05:24.727  a4000002 a4000002 
04.06.2021 20:05:24.730  a4000002 a5000002 
04.06.2021 20:05:24.733  a4000002 a4000002 
04.06.2021 20:05:24.862  a5000002 a4000002 
04.06.2021 20:05:24.874  a4000002 a4000002 
04.06.2021 20:05:24.877  a5000002 a4000002 
04.06.2021 20:05:24.940  a4000002 a4000002 
04.06.2021 20:05:24.946  a5000002 a4000002 
04.06.2021 20:05:24.949  a4000002 a4000002 
04.06.2021 20:05:25.138  a5000002 a5000002 
04.06.2021 20:05:25.144  a4000002 a4000002 
04.06.2021 20:05:25.147  a5000002 a5000002 
04.06.2021 20:05:25.237  a4000002 a5000002 
04.06.2021 20:05:25.252  a5000002 a5000002 
04.06.2021 20:05:25.255  a4000002 a5000002 
04.06.2021 20:05:25.258  a4000002 a4000002 
04.06.2021 20:05:25.270  a4000002 a5000002 
04.06.2021 20:05:25.273  a4000002 a4000002 
04.06.2021 20:05:25.357  a5000002 a5000002 
04.06.2021 20:05:25.360  a4000002 a4000002 
04.06.2021 20:05:25.363  a5000002 a5000002 
04.06.2021 20:05:25.453  a4000002 a5000002 
04.06.2021 20:05:25.468  a5000002 a5000002 
04.06.2021 20:05:25.471  a4000002 a5000002 
04.06.2021 20:05:25.474  a4000002 a4000002 
04.06.2021 20:05:25.486  a4000002 a5000002 
04.06.2021 20:05:25.489  a4000002 a4000002 
04.06.2021 20:05:25.582  a5000002 a5000002 
04.06.2021 20:05:25.594  a4000002 a4000002 
04.06.2021 20:05:25.597  a5000002 a5000002 
04.06.2021 20:05:25.687  a4000002 a5000002 
04.06.2021 20:05:25.702  a5000002 a5000002 
04.06.2021 20:05:25.705  a4000002 a5000002 
04.06.2021 20:05:25.708  a4000002 a4000002 
04.06.2021 20:05:25.720  a4000002 a5000002 
04.06.2021 20:05:25.723  a4000002 a4000002 
04.06.2021 20:05:25.807  a5000002 a5000002 
04.06.2021 20:05:25.810  a4000002 a4000002 
04.06.2021 20:05:25.813  a5000002 a5000002 
04.06.2021 20:05:25.903  a4000002 a5000002 
04.06.2021 20:05:25.918  a5000002 a5000002 
04.06.2021 20:05:25.921  a4000002 a5000002 
04.06.2021 20:05:25.924  a4000002 a4000002 
04.06.2021 20:05:25.936  a4000002 a5000002 
04.06.2021 20:05:25.939  a4000002 a4000002 
04.06.2021 20:05:28.813  a4000002 a5000002 
04.06.2021 20:05:28.816  a4000002 a4000002 
04.06.2021 20:05:28.819  a4000002 a5000002 
04.06.2021 20:05:28.873  a4000002 a4000002 
04.06.2021 20:05:28.888  a4000002 a5000002 
04.06.2021 20:05:28.891  a4000002 a4000002 
04.06.2021 20:06:50.837  a4000003 a4000003 
04.06.2021 20:06:50.840  a4000003 ac000003 
04.06.2021 20:06:50.843  a4000002 a4000002 
04.06.2021 20:06:50.846  a4000003 ac000003 
04.06.2021 20:06:50.873  a4000002 a4000002 
04.06.2021 20:06:50.879  a4000003 ac000003 
04.06.2021 20:06:50.882  a4000002 a4000002 
04.06.2021 20:06:50.978  a4000002 ac000002 
04.06.2021 20:06:50.987  a4000002 a4000002 
04.06.2021 20:06:50.990  a4000002 ac000002 
04.06.2021 20:06:51.017  a4000002 a4000002 
04.06.2021 20:06:51.023  a4000002 ac000002 
04.06.2021 20:06:51.026  a4000002 a4000002 
04.06.2021 20:06:51.128  a4000003 a4000003 
04.06.2021 20:06:51.131  a4000002 a4000002 
04.06.2021 20:06:51.134  a4000003 ac000003 
04.06.2021 20:06:51.161  a4000003 a4000003 
04.06.2021 20:06:51.167  a4000003 ac000003 
04.06.2021 20:06:51.170  a4000003 a4000003 
04.06.2021 20:06:51.278  a5000003 a5000003 
04.06.2021 20:06:51.293  a4000003 a4000003 
04.06.2021 20:06:51.296  a5000003 a5000003 
04.06.2021 20:06:51.386  a4000003 a5000003 
04.06.2021 20:06:51.401  a5000003 a5000003 
04.06.2021 20:06:51.404  a4000003 a5000003 
04.06.2021 20:06:51.407  a4000003 a4000003 
04.06.2021 20:06:51.419  a4000003 a5000003 
04.06.2021 20:06:51.422  a4000003 a4000003 
04.06.2021 20:06:51.500  a5000003 a5000003 
04.06.2021 20:06:51.509  a4000003 a4000003 
04.06.2021 20:06:51.512  a5000003 a5000003 
04.06.2021 20:06:51.602  a4000003 a5000003 
04.06.2021 20:06:51.617  a5000003 a5000003 
04.06.2021 20:06:51.620  a4000003 a5000003 
04.06.2021 20:06:51.623  a4000003 a4000003 
04.06.2021 20:06:51.635  a4000003 a5000003 
04.06.2021 20:06:51.638  a4000003 a4000003 
04.06.2021 20:15:04.813  a4000001 a4000001 
04.06.2021 20:15:04.816  24000001 24800001 
04.06.2021 20:15:04.822  a4000003 a4000003 
04.06.2021 20:15:04.825  24000001 24800001 
04.06.2021 20:15:04.831  24000001 24000001 
04.06.2021 20:15:04.840  24000001 24800001 
04.06.2021 20:15:04.843  24000001 24000001 

Servicedata V1.0 PLC:\DEBUG\SlaveStateA.service.trace created 05.06.2021 11:49:33 (local time)
hostname: hu, Software: 606421 04, built: 08.10.2014 08:59
-----------------------------------------------------------------------------------------------
                     ms  Virtual BusModule state(s)
05.06.2021 11:31:22.201  24000000 2c000000 
05.06.2021 11:31:22.213  00000000 00000000 
05.06.2021 11:31:22.216  24000000 2c000000 
05.06.2021 11:31:22.357  24000001 2c000000 
05.06.2021 11:31:22.360  24000000 2c000000 
05.06.2021 11:31:22.363  24000001 2c000000 
05.06.2021 11:31:22.369  24000001 2c000001 
05.06.2021 11:31:22.381  24000001 2c000000 
05.06.2021 11:31:22.384  24000001 2c000001 
05.06.2021 11:31:22.498  24000001 24000001 
05.06.2021 11:31:22.507  24000001 2c000001 
05.06.2021 11:31:22.510  24000001 24000001 
05.06.2021 11:31:53.209  24000002 24000002 
05.06.2021 11:31:53.212  a4000002 a4000002 
05.06.2021 11:31:53.218  24000001 24000001 
05.06.2021 11:31:53.222  a4000002 a4000002 
05.06.2021 11:31:53.461  a4000002 a5000002 
05.06.2021 11:31:53.470  a4000002 a4000002 
05.06.2021 11:31:53.474  a4000002 a5000002 
05.06.2021 11:31:53.527  a4000002 a4000002 
05.06.2021 11:31:53.542  a4000002 a5000002 
05.06.2021 11:31:53.545  a4000002 a4000002 
05.06.2021 11:31:53.659  a5000002 a5000002 
05.06.2021 11:31:53.668  a4000002 a4000002 
05.06.2021 11:31:53.672  a5000002 a5000002 
05.06.2021 11:31:53.750  a4000002 a5000002 
05.06.2021 11:31:53.758  a5000002 a5000002 
05.06.2021 11:31:53.761  a4000002 a5000002 
05.06.2021 11:31:53.771  a4000002 a4000002 
05.06.2021 11:31:53.776  a4000002 a5000002 
05.06.2021 11:31:53.780  a4000002 a4000002 
05.06.2021 11:31:56.861  a5000002 a5000002 
05.06.2021 11:31:56.873  a4000002 a4000002 
05.06.2021 11:31:56.876  a5000002 a5000002 
05.06.2021 11:31:56.954  a4000002 a5000002 
05.06.2021 11:31:56.963  a5000002 a5000002 
05.06.2021 11:31:56.966  a4000002 a5000002 
05.06.2021 11:31:56.975  a4000002 a4000002 
05.06.2021 11:31:56.981  a4000002 a5000002 
05.06.2021 11:31:56.984  a4000002 a4000002 
05.06.2021 11:31:57.074  a5000002 a5000002 
05.06.2021 11:31:57.089  a4000002 a4000002 
05.06.2021 11:31:57.092  a5000002 a5000002 
05.06.2021 11:31:57.182  a4000002 a5000002 
05.06.2021 11:31:57.197  a5000002 a5000002 
05.06.2021 11:31:57.200  a4000002 a5000002 
05.06.2021 11:31:57.203  a4000002 a4000002 
05.06.2021 11:31:57.215  a4000002 a5000002 
05.06.2021 11:31:57.218  a4000002 a4000002 
05.06.2021 11:31:57.293  a5000002 a5000002 
05.06.2021 11:31:57.305  a4000002 a4000002 
05.06.2021 11:31:57.308  a5000002 a5000002 
05.06.2021 11:31:57.386  a4000002 a5000002 
05.06.2021 11:31:57.395  a5000002 a5000002 
05.06.2021 11:31:57.398  a4000002 a5000002 
05.06.2021 11:31:57.407  a4000002 a4000002 
05.06.2021 11:31:57.413  a4000002 a5000002 
05.06.2021 11:31:57.416  a4000002 a4000002 
05.06.2021 11:31:57.530  a5000002 a5000002 
05.06.2021 11:31:57.539  a4000002 a4000002 
05.06.2021 11:31:57.542  a5000002 a5000002 
05.06.2021 11:31:57.713  a4000002 a5000002 
05.06.2021 11:31:57.719  a5000002 a5000002 
05.06.2021 11:31:57.722  a4000002 a5000002 
05.06.2021 11:31:57.740  a4000002 a4000002 
05.06.2021 11:31:57.839  a5000002 a5000002 
05.06.2021 11:31:57.845  a4000002 a4000002 
05.06.2021 11:31:57.848  a5000002 a5000002 
05.06.2021 11:31:57.950  a4000002 a5000002 
05.06.2021 11:31:57.953  a5000002 a5000002 
05.06.2021 11:31:57.956  a4000002 a5000002 
05.06.2021 11:31:57.974  a4000002 a4000002 
05.06.2021 11:31:58.085  a5000002 a5000002 
05.06.2021 11:31:58.097  a4000002 a4000002 
05.06.2021 11:31:58.100  a5000002 a5000002 
05.06.2021 11:31:58.208  a4000002 a5000002 
05.06.2021 11:31:58.226  a4000002 a4000002 
05.06.2021 11:31:58.319  a5000002 a5000002 
05.06.2021 11:31:58.331  a4000002 a4000002 
05.06.2021 11:31:58.334  a5000002 a5000002 
05.06.2021 11:31:58.427  a4000002 a5000002 
05.06.2021 11:31:58.439  a5000002 a5000002 
05.06.2021 11:31:58.442  a4000002 a5000002 
05.06.2021 11:31:58.445  a4000002 a4000002 
05.06.2021 11:31:58.457  a4000002 a5000002 
05.06.2021 11:31:58.460  a4000002 a4000002 
05.06.2021 11:31:58.553  a4000002 a5000002 
05.06.2021 11:31:58.559  a5000002 a5000002 
05.06.2021 11:31:58.565  a4000002 a4000002 
05.06.2021 11:31:58.568  a5000002 a5000002 
05.06.2021 11:31:58.658  a4000002 a5000002 
05.06.2021 11:31:58.673  a5000002 a5000002 
05.06.2021 11:31:58.676  a4000002 a5000002 
05.06.2021 11:31:58.679  a4000002 a4000002 
05.06.2021 11:31:58.691  a4000002 a5000002 
05.06.2021 11:31:58.694  a4000002 a4000002 
05.06.2021 11:31:58.766  a5000002 a5000002 
05.06.2021 11:31:59.687  a4000002 a5000002 
05.06.2021 11:31:59.699  a5000002 a5000002 
05.06.2021 11:31:59.702  a4000002 a5000002 
05.06.2021 11:31:59.711  a4000002 a4000002 
05.06.2021 11:31:59.717  a4000002 a5000002 
05.06.2021 11:31:59.720  a4000002 a4000002 
05.06.2021 11:31:59.804  a5000002 a5000002 
05.06.2021 11:31:59.807  a4000002 a4000002 
05.06.2021 11:31:59.810  a5000002 a5000002 
05.06.2021 11:31:59.900  a4000002 a5000002 
05.06.2021 11:31:59.915  a5000002 a5000002 
05.06.2021 11:31:59.918  a4000002 a5000002 
05.06.2021 11:31:59.921  a4000002 a4000002 
05.06.2021 11:31:59.933  a4000002 a5000002 
05.06.2021 11:31:59.936  a4000002 a4000002 
05.06.2021 11:32:00.026  a5000002 a5000002 
05.06.2021 11:32:00.314  a4000002 a5000002 
05.06.2021 11:32:00.329  a5000002 a5000002 
05.06.2021 11:32:00.332  a4000002 a5000002 
05.06.2021 11:32:00.335  a4000002 a4000002 
05.06.2021 11:32:00.347  a4000002 a5000002 
05.06.2021 11:32:00.350  a4000002 a4000002 
05.06.2021 11:32:00.425  a5000002 a5000002 
05.06.2021 11:32:00.437  a4000002 a4000002 
05.06.2021 11:32:00.440  a5000002 a5000002 
05.06.2021 11:32:00.530  a4000002 a5000002 
05.06.2021 11:32:00.545  a5000002 a5000002 
05.06.2021 11:32:00.548  a4000002 a5000002 
05.06.2021 11:32:00.551  a4000002 a4000002 
05.06.2021 11:32:00.563  a4000002 a5000002 
05.06.2021 11:32:00.566  a4000002 a4000002 
05.06.2021 11:32:00.608  a5000002 a4000002 
05.06.2021 11:32:00.617  a4000002 a4000002 
05.06.2021 11:32:00.620  a5000002 a4000002 
05.06.2021 11:32:00.656  a4000002 a4000002 
05.06.2021 11:32:00.671  a5000002 a4000002 
05.06.2021 11:32:00.674  a4000002 a4000002 
05.06.2021 11:32:00.824  a4000002 a5000002 
05.06.2021 11:32:00.833  a4000002 a4000002 
05.06.2021 11:32:00.836  a4000002 a5000002 
05.06.2021 11:32:00.902  a4000002 a4000002 
05.06.2021 11:32:00.905  a4000002 a5000002 
05.06.2021 11:32:00.908  a4000002 a4000002 
05.06.2021 11:32:00.971  a4000002 a5000002 
05.06.2021 11:32:00.977  a4000002 a4000002 
05.06.2021 11:32:00.980  a4000002 a5000002 
05.06.2021 11:32:01.034  a4000002 a4000002 
05.06.2021 11:32:01.049  a4000002 a5000002 
05.06.2021 11:32:01.052  a4000002 a4000002 
05.06.2021 11:32:01.112  a5000002 a5000002 
05.06.2021 11:32:01.121  a4000002 a4000002 
05.06.2021 11:32:01.124  a5000002 a5000002 
05.06.2021 11:32:01.196  a4000002 a5000002 
05.06.2021 11:32:01.214  a4000002 a4000002 
05.06.2021 11:32:01.229  a4000002 a5000002 
05.06.2021 11:32:01.232  a4000002 a4000002 
05.06.2021 11:32:01.325  a5000002 a5000002 
05.06.2021 11:32:01.337  a4000002 a4000002 
05.06.2021 11:32:01.340  a5000002 a5000002 
05.06.2021 11:32:01.430  a4000002 a5000002 
05.06.2021 11:32:01.445  a5000002 a5000002 
05.06.2021 11:32:01.448  a4000002 a5000002 
05.06.2021 11:32:01.451  a4000002 a4000002 
05.06.2021 11:32:01.463  a4000002 a5000002 
05.06.2021 11:32:01.466  a4000002 a4000002 
05.06.2021 11:32:01.550  a5000002 a5000002 
05.06.2021 11:32:01.553  a4000002 a4000002 
05.06.2021 11:32:01.556  a5000002 a5000002 
05.06.2021 11:32:01.646  a4000002 a5000002 
05.06.2021 11:32:01.661  a5000002 a5000002 
05.06.2021 11:32:01.664  a4000002 a5000002 
05.06.2021 11:32:01.667  a4000002 a4000002 
05.06.2021 11:32:01.679  a4000002 a5000002 
05.06.2021 11:32:01.682  a4000002 a4000002 
05.06.2021 11:32:01.940  a5000002 a5000002 
05.06.2021 11:32:01.949  a4000002 a4000002 
05.06.2021 11:32:01.952  a5000002 a5000002 
05.06.2021 11:32:02.042  a4000002 a5000002 
05.06.2021 11:32:02.057  a5000002 a5000002 
05.06.2021 11:32:02.060  a4000002 a5000002 
05.06.2021 11:32:02.063  a4000002 a4000002 
05.06.2021 11:32:02.075  a4000002 a5000002 
05.06.2021 11:32:02.078  a4000002 a4000002 
05.06.2021 11:32:02.162  a5000002 a5000002 
05.06.2021 11:32:02.165  a4000002 a4000002 
05.06.2021 11:32:02.168  a5000002 a5000002 
05.06.2021 11:32:02.258  a4000002 a5000002 
05.06.2021 11:32:02.273  a5000002 a5000002 
05.06.2021 11:32:02.276  a4000002 a5000002 
05.06.2021 11:32:02.279  a4000002 a4000002 
05.06.2021 11:32:02.291  a4000002 a5000002 
05.06.2021 11:32:02.294  a4000002 a4000002 
05.06.2021 11:32:02.462  a4000002 a5000002 
05.06.2021 11:32:02.471  a4000002 a4000002 
05.06.2021 11:32:02.474  a4000002 a5000002 
05.06.2021 11:32:02.534  a4000002 a4000002 
05.06.2021 11:32:02.543  a4000002 a5000002 
05.06.2021 11:32:02.546  a4000002 a4000002 
05.06.2021 11:32:02.891  a4000002 a5000002 
05.06.2021 11:32:02.903  a4000002 a4000002 
05.06.2021 11:32:02.906  a4000002 a5000002 
05.06.2021 11:32:02.972  a4000002 a4000002 
05.06.2021 11:32:02.975  a4000002 a5000002 
05.06.2021 11:32:02.978  a4000002 a4000002 
05.06.2021 11:32:03.104  a5000002 a4000002 
05.06.2021 11:32:03.119  a4000002 a4000002 
05.06.2021 11:32:03.122  a5000002 a4000002 
05.06.2021 11:32:03.182  a4000002 a4000002 
05.06.2021 11:32:03.191  a5000002 a4000002 
05.06.2021 11:32:03.194  a4000002 a4000002 
05.06.2021 11:32:03.380  a5000002 a5000002 
05.06.2021 11:32:03.389  a4000002 a4000002 
05.06.2021 11:32:03.392  a5000002 a5000002 
05.06.2021 11:32:03.482  a4000002 a5000002 
05.06.2021 11:32:03.497  a5000002 a5000002 
05.06.2021 11:32:03.500  a4000002 a5000002 
05.06.2021 11:32:03.503  a4000002 a4000002 
05.06.2021 11:32:03.515  a4000002 a5000002 
05.06.2021 11:32:03.518  a4000002 a4000002 
05.06.2021 11:32:03.602  a5000002 a5000002 
05.06.2021 11:32:03.605  a4000002 a4000002 
05.06.2021 11:32:03.608  a5000002 a5000002 
05.06.2021 11:32:03.698  a4000002 a5000002 
05.06.2021 11:32:03.713  a5000002 a5000002 
05.06.2021 11:32:03.716  a4000002 a5000002 
05.06.2021 11:32:03.719  a4000002 a4000002 
05.06.2021 11:32:03.731  a4000002 a5000002 
05.06.2021 11:32:03.734  a4000002 a4000002 
05.06.2021 11:32:03.827  a5000002 a5000002 
05.06.2021 11:32:03.839  a4000002 a4000002 
05.06.2021 11:32:03.842  a5000002 a5000002 
05.06.2021 11:32:03.932  a4000002 a5000002 
05.06.2021 11:32:03.947  a5000002 a5000002 
05.06.2021 11:32:03.950  a4000002 a5000002 
05.06.2021 11:32:03.953  a4000002 a4000002 
05.06.2021 11:32:03.965  a4000002 a5000002 
05.06.2021 11:32:03.968  a4000002 a4000002 
05.06.2021 11:32:04.052  a5000002 a5000002 
05.06.2021 11:32:04.055  a4000002 a4000002 
05.06.2021 11:32:04.058  a5000002 a5000002 
05.06.2021 11:32:04.151  a4000002 a5000002 
05.06.2021 11:32:04.163  a5000002 a5000002 
05.06.2021 11:32:04.166  a4000002 a5000002 
05.06.2021 11:32:04.169  a4000002 a4000002 
05.06.2021 11:32:04.181  a4000002 a5000002 
05.06.2021 11:32:04.184  a4000002 a4000002 
05.06.2021 11:32:07.208  a4000002 a5000002 
05.06.2021 11:32:07.262  a4000002 a4000002 
05.06.2021 11:32:07.277  a4000002 a5000002 
05.06.2021 11:32:07.280  a4000002 a4000002 
05.06.2021 11:33:06.743  a4000003 a4000003 
05.06.2021 11:33:06.746  a4000003 ac000003 
05.06.2021 11:33:06.749  a4000002 a4000002 
05.06.2021 11:33:06.752  a4000003 ac000003 
05.06.2021 11:33:06.764  a4000002 ac000002 
05.06.2021 11:33:06.767  a4000003 ac000003 
05.06.2021 11:33:06.770  a4000002 ac000002 
05.06.2021 11:33:06.779  a4000002 a4000002 
05.06.2021 11:33:06.785  a4000002 ac000002 
05.06.2021 11:33:06.788  a4000002 a4000002 
05.06.2021 11:33:06.869  a4000002 ac000002 
05.06.2021 11:33:06.875  a4000002 a4000002 
05.06.2021 11:33:06.878  a4000002 ac000002 
05.06.2021 11:33:06.905  a4000002 a4000002 
05.06.2021 11:33:06.911  a4000002 ac000002 
05.06.2021 11:33:06.914  a4000002 a4000002 
05.06.2021 11:33:07.013  a4000003 a4000003 
05.06.2021 11:33:07.019  a4000002 a4000002 
05.06.2021 11:33:07.022  a4000003 ac000003 
05.06.2021 11:33:07.049  a4000003 a4000003 
05.06.2021 11:33:07.055  a4000003 ac000003 
05.06.2021 11:33:07.058  a4000003 a4000003 
05.06.2021 11:33:07.160  a5000003 a5000003 
05.06.2021 11:33:07.163  a4000003 a4000003 
05.06.2021 11:33:07.166  a5000003 a5000003 
05.06.2021 11:33:07.256  a4000003 a5000003 
05.06.2021 11:33:07.271  a5000003 a5000003 
05.06.2021 11:33:07.274  a4000003 a5000003 
05.06.2021 11:33:07.277  a4000003 a4000003 
05.06.2021 11:33:07.289  a4000003 a5000003 
05.06.2021 11:33:07.292  a4000003 a4000003 
05.06.2021 11:33:07.370  a5000003 a5000003 
05.06.2021 11:33:07.379  a4000003 a4000003 
05.06.2021 11:33:07.382  a5000003 a5000003 
05.06.2021 11:33:07.472  a4000003 a5000003 
05.06.2021 11:33:07.487  a5000003 a5000003 
05.06.2021 11:33:07.490  a4000003 a5000003 
05.06.2021 11:33:07.493  a4000003 a4000003 
05.06.2021 11:33:07.505  a4000003 a5000003 
05.06.2021 11:33:07.508  a4000003 a4000003 
05.06.2021 11:42:42.632  a4000002 a4000002 
05.06.2021 11:42:42.641  a4000002 ac000002 
05.06.2021 11:42:42.647  a4000003 a4000003 
05.06.2021 11:42:42.650  a4000002 ac000002 
05.06.2021 11:42:42.677  a4000002 a4000002 
05.06.2021 11:42:42.683  a4000002 ac000002 
05.06.2021 11:42:42.686  a4000002 a4000002 
05.06.2021 11:49:33.511  a4000001 a4000001 
05.06.2021 11:49:33.514  24000001 24800001 
05.06.2021 11:49:33.520  a4000002 a4000002 
05.06.2021 11:49:33.523  24000001 24800001 
05.06.2021 11:49:33.529  24000001 24000001 
05.06.2021 11:49:33.538  24000001 24800001 
05.06.2021 11:49:33.541  24000001 24000001 

Servicedata V1.0 PLC:\DEBUG\SlaveStateA.service.trace created 05.06.2021 13:27:45 (local time)
hostname: hu, Software: 606421 04, built: 08.10.2014 08:59
-----------------------------------------------------------------------------------------------
                     ms  Virtual BusModule state(s)
05.06.2021 13:00:15.452  24000000 2c000000 
05.06.2021 13:00:15.467  00000000 00000000 
05.06.2021 13:00:15.470  24000000 2c000000 
05.06.2021 13:00:15.611  24000001 2c000000 
05.06.2021 13:00:15.614  24000000 2c000000 
05.06.2021 13:00:15.617  24000001 2c000000 
05.06.2021 13:00:15.620  24000001 2c000001 
05.06.2021 13:00:15.635  24000001 2c000000 
05.06.2021 13:00:15.638  24000001 2c000001 
05.06.2021 13:00:15.749  24000001 24000001 
05.06.2021 13:00:15.761  24000001 2c000001 
05.06.2021 13:00:15.764  24000001 24000001 
05.06.2021 13:00:32.729  24000002 24000002 
05.06.2021 13:00:32.733  a4000002 a4000002 
05.06.2021 13:00:32.738  24000001 24000001 
05.06.2021 13:00:32.741  a4000002 a4000002 
05.06.2021 13:00:33.140  a4000002 a5000002 
05.06.2021 13:00:33.152  a4000002 a4000002 
05.06.2021 13:00:33.156  a4000002 a5000002 
05.06.2021 13:00:33.209  a4000002 a4000002 
05.06.2021 13:00:33.224  a4000002 a5000002 
05.06.2021 13:00:33.227  a4000002 a4000002 
05.06.2021 13:00:33.341  a5000002 a5000002 
05.06.2021 13:00:33.350  a4000002 a4000002 
05.06.2021 13:00:33.354  a5000002 a5000002 
05.06.2021 13:00:33.432  a4000002 a5000002 
05.06.2021 13:00:33.440  a5000002 a5000002 
05.06.2021 13:00:33.443  a4000002 a5000002 
05.06.2021 13:00:33.452  a4000002 a4000002 
05.06.2021 13:00:33.458  a4000002 a5000002 
05.06.2021 13:00:33.462  a4000002 a4000002 
05.06.2021 13:00:36.543  a5000002 a5000002 
05.06.2021 13:00:36.555  a4000002 a4000002 
05.06.2021 13:00:36.558  a5000002 a5000002 
05.06.2021 13:00:36.636  a4000002 a5000002 
05.06.2021 13:00:36.645  a5000002 a5000002 
05.06.2021 13:00:36.648  a4000002 a5000002 
05.06.2021 13:00:36.657  a4000002 a4000002 
05.06.2021 13:00:36.663  a4000002 a5000002 
05.06.2021 13:00:36.666  a4000002 a4000002 
05.06.2021 13:00:36.756  a5000002 a5000002 
05.06.2021 13:00:36.864  a4000002 a5000002 
05.06.2021 13:00:36.882  a4000002 a4000002 
05.06.2021 13:00:36.897  a4000002 a5000002 
05.06.2021 13:00:36.900  a4000002 a4000002 
05.06.2021 13:00:36.972  a5000002 a5000002 
05.06.2021 13:00:36.987  a4000002 a4000002 
05.06.2021 13:00:36.990  a5000002 a5000002 
05.06.2021 13:00:37.071  a4000002 a5000002 
05.06.2021 13:00:37.077  a5000002 a5000002 
05.06.2021 13:00:37.080  a4000002 a5000002 
05.06.2021 13:00:37.089  a4000002 a4000002 
05.06.2021 13:00:37.095  a4000002 a5000002 
05.06.2021 13:00:37.098  a4000002 a4000002 
05.06.2021 13:00:37.191  a5000002 a5000002 
05.06.2021 13:00:37.203  a4000002 a4000002 
05.06.2021 13:00:37.206  a5000002 a5000002 
05.06.2021 13:00:37.287  a4000002 a5000002 
05.06.2021 13:00:37.293  a5000002 a5000002 
05.06.2021 13:00:37.296  a4000002 a5000002 
05.06.2021 13:00:37.305  a4000002 a4000002 
05.06.2021 13:00:37.311  a4000002 a5000002 
05.06.2021 13:00:37.314  a4000002 a4000002 
05.06.2021 13:00:37.410  a5000002 a5000002 
05.06.2021 13:00:37.419  a4000002 a4000002 
05.06.2021 13:00:37.422  a5000002 a5000002 
05.06.2021 13:00:37.524  a4000002 a5000002 
05.06.2021 13:00:37.527  a5000002 a5000002 
05.06.2021 13:00:37.530  a4000002 a5000002 
05.06.2021 13:00:37.548  a4000002 a4000002 
05.06.2021 13:00:37.662  a5000002 a5000002 
05.06.2021 13:00:37.671  a4000002 a4000002 
05.06.2021 13:00:37.674  a5000002 a5000002 
05.06.2021 13:00:37.776  a4000002 a5000002 
05.06.2021 13:00:37.779  a5000002 a5000002 
05.06.2021 13:00:37.782  a4000002 a5000002 
05.06.2021 13:00:37.800  a4000002 a4000002 
05.06.2021 13:00:37.890  a5000002 a5000002 
05.06.2021 13:00:37.905  a4000002 a4000002 
05.06.2021 13:00:37.908  a5000002 a5000002 
05.06.2021 13:00:38.010  a4000002 a5000002 
05.06.2021 13:00:38.013  a5000002 a5000002 
05.06.2021 13:00:38.016  a4000002 a5000002 
05.06.2021 13:00:38.034  a4000002 a4000002 
05.06.2021 13:00:38.271  a4000002 a5000002 
05.06.2021 13:00:38.280  a5000002 a5000002 
05.06.2021 13:00:38.283  a4000002 a4000002 
05.06.2021 13:00:38.286  a5000002 a5000002 
05.06.2021 13:00:38.376  a4000002 a5000002 
05.06.2021 13:00:38.391  a5000002 a5000002 
05.06.2021 13:00:38.394  a4000002 a5000002 
05.06.2021 13:00:38.397  a4000002 a4000002 
05.06.2021 13:00:38.409  a4000002 a5000002 
05.06.2021 13:00:38.412  a4000002 a4000002 
05.06.2021 13:00:38.484  a5000002 a5000002 
05.06.2021 13:00:39.408  a4000002 a5000002 
05.06.2021 13:00:39.417  a5000002 a5000002 
05.06.2021 13:00:39.420  a4000002 a5000002 
05.06.2021 13:00:39.429  a4000002 a4000002 
05.06.2021 13:00:39.435  a4000002 a5000002 
05.06.2021 13:00:39.438  a4000002 a4000002 
05.06.2021 13:00:39.522  a5000002 a5000002 
05.06.2021 13:00:39.525  a4000002 a4000002 
05.06.2021 13:00:39.528  a5000002 a5000002 
05.06.2021 13:00:39.618  a4000002 a5000002 
05.06.2021 13:00:39.633  a5000002 a5000002 
05.06.2021 13:00:39.636  a4000002 a5000002 
05.06.2021 13:00:39.639  a4000002 a4000002 
05.06.2021 13:00:39.651  a4000002 a5000002 
05.06.2021 13:00:39.654  a4000002 a4000002 
05.06.2021 13:00:39.762  a5000002 a5000002 
05.06.2021 13:00:39.777  a4000002 a4000002 
05.06.2021 13:00:39.780  a5000002 a5000002 
05.06.2021 13:00:40.053  a4000002 a5000002 
05.06.2021 13:00:40.065  a5000002 a5000002 
05.06.2021 13:00:40.068  a4000002 a5000002 
05.06.2021 13:00:40.074  a4000002 a4000002 
05.06.2021 13:00:40.083  a4000002 a5000002 
05.06.2021 13:00:40.086  a4000002 a4000002 
05.06.2021 13:00:40.167  a5000002 a5000002 
05.06.2021 13:00:40.173  a4000002 a4000002 
05.06.2021 13:00:40.176  a5000002 a5000002 
05.06.2021 13:00:40.266  a4000002 a5000002 
05.06.2021 13:00:40.281  a5000002 a5000002 
05.06.2021 13:00:40.284  a4000002 a5000002 
05.06.2021 13:00:40.287  a4000002 a4000002 
05.06.2021 13:00:40.299  a4000002 a5000002 
05.06.2021 13:00:40.302  a4000002 a4000002 
05.06.2021 13:00:40.344  a5000002 a4000002 
05.06.2021 13:00:40.353  a4000002 a4000002 
05.06.2021 13:00:40.356  a5000002 a4000002 
05.06.2021 13:00:40.395  a4000002 a4000002 
05.06.2021 13:00:40.407  a5000002 a4000002 
05.06.2021 13:00:40.410  a4000002 a4000002 
05.06.2021 13:00:40.563  a4000002 a5000002 
05.06.2021 13:00:40.569  a4000002 a4000002 
05.06.2021 13:00:40.572  a4000002 a5000002 
05.06.2021 13:00:40.644  a4000002 a4000002 
05.06.2021 13:00:40.710  a4000002 a5000002 
05.06.2021 13:00:40.713  a4000002 a4000002 
05.06.2021 13:00:40.716  a4000002 a5000002 
05.06.2021 13:00:40.770  a4000002 a4000002 
05.06.2021 13:00:40.785  a4000002 a5000002 
05.06.2021 13:00:40.788  a4000002 a4000002 
05.06.2021 13:00:40.851  a5000002 a5000002 
05.06.2021 13:00:40.857  a4000002 a4000002 
05.06.2021 13:00:40.860  a5000002 a5000002 
05.06.2021 13:00:40.932  a4000002 a5000002 
05.06.2021 13:00:40.950  a4000002 a4000002 
05.06.2021 13:00:40.965  a4000002 a5000002 
05.06.2021 13:00:40.968  a4000002 a4000002 
05.06.2021 13:00:41.061  a5000002 a5000002 
05.06.2021 13:00:41.073  a4000002 a4000002 
05.06.2021 13:00:41.076  a5000002 a5000002 
05.06.2021 13:00:41.166  a4000002 a5000002 
05.06.2021 13:00:41.181  a5000002 a5000002 
05.06.2021 13:00:41.184  a4000002 a5000002 
05.06.2021 13:00:41.187  a4000002 a4000002 
05.06.2021 13:00:41.199  a4000002 a5000002 
05.06.2021 13:00:41.202  a4000002 a4000002 
05.06.2021 13:00:41.286  a5000002 a5000002 
05.06.2021 13:00:41.289  a4000002 a4000002 
05.06.2021 13:00:41.292  a5000002 a5000002 
05.06.2021 13:00:41.382  a4000002 a5000002 
05.06.2021 13:00:41.397  a5000002 a5000002 
05.06.2021 13:00:41.400  a4000002 a5000002 
05.06.2021 13:00:41.403  a4000002 a4000002 
05.06.2021 13:00:41.415  a4000002 a5000002 
05.06.2021 13:00:41.418  a4000002 a4000002 
05.06.2021 13:00:41.514  a5000002 a5000002 
05.06.2021 13:00:41.523  a4000002 a4000002 
05.06.2021 13:00:41.526  a5000002 a5000002 
05.06.2021 13:00:41.616  a4000002 a5000002 
05.06.2021 13:00:41.631  a5000002 a5000002 
05.06.2021 13:00:41.634  a4000002 a5000002 
05.06.2021 13:00:41.637  a4000002 a4000002 
05.06.2021 13:00:41.649  a4000002 a5000002 
05.06.2021 13:00:41.652  a4000002 a4000002 
05.06.2021 13:00:41.736  a5000002 a5000002 
05.06.2021 13:00:41.739  a4000002 a4000002 
05.06.2021 13:00:41.742  a5000002 a5000002 
05.06.2021 13:00:41.832  a4000002 a5000002 
05.06.2021 13:00:41.847  a5000002 a5000002 
05.06.2021 13:00:41.850  a4000002 a5000002 
05.06.2021 13:00:41.853  a4000002 a4000002 
05.06.2021 13:00:41.865  a4000002 a5000002 
05.06.2021 13:00:41.868  a4000002 a4000002 
05.06.2021 13:00:42.021  a4000002 a5000002 
05.06.2021 13:00:42.027  a4000002 a4000002 
05.06.2021 13:00:42.030  a4000002 a5000002 
05.06.2021 13:00:42.084  a4000002 a4000002 
05.06.2021 13:00:42.099  a4000002 a5000002 
05.06.2021 13:00:42.102  a4000002 a4000002 
05.06.2021 13:00:42.330  a4000002 a5000002 
05.06.2021 13:00:42.333  a4000002 a4000002 
05.06.2021 13:00:42.336  a4000002 a5000002 
05.06.2021 13:00:42.402  a4000002 a4000002 
05.06.2021 13:00:42.405  a4000002 a5000002 
05.06.2021 13:00:42.408  a4000002 a4000002 
05.06.2021 13:00:42.543  a5000002 a4000002 
05.06.2021 13:00:42.549  a4000002 a4000002 
05.06.2021 13:00:42.552  a5000002 a4000002 
05.06.2021 13:00:42.624  a4000002 a4000002 
05.06.2021 13:00:42.822  a5000002 a5000002 
05.06.2021 13:00:42.912  a4000002 a5000002 
05.06.2021 13:00:42.927  a5000002 a5000002 
05.06.2021 13:00:42.930  a4000002 a5000002 
05.06.2021 13:00:42.933  a4000002 a4000002 
05.06.2021 13:00:42.945  a4000002 a5000002 
05.06.2021 13:00:42.948  a4000002 a4000002 
05.06.2021 13:00:43.038  a5000002 a5000002 
05.06.2021 13:00:43.203  a4000002 a5000002 
05.06.2021 13:00:43.215  a5000002 a5000002 
05.06.2021 13:00:43.218  a4000002 a5000002 
05.06.2021 13:00:43.224  a4000002 a4000002 
05.06.2021 13:00:43.233  a4000002 a5000002 
05.06.2021 13:00:43.236  a4000002 a4000002 
05.06.2021 13:00:43.332  a5000002 a5000002 
05.06.2021 13:00:43.341  a4000002 a4000002 
05.06.2021 13:00:43.344  a5000002 a5000002 
05.06.2021 13:00:43.434  a4000002 a5000002 
05.06.2021 13:00:43.449  a5000002 a5000002 
05.06.2021 13:00:43.452  a4000002 a5000002 
05.06.2021 13:00:43.455  a4000002 a4000002 
05.06.2021 13:00:43.467  a4000002 a5000002 
05.06.2021 13:00:43.470  a4000002 a4000002 
05.06.2021 13:00:43.554  a5000002 a5000002 
05.06.2021 13:00:43.557  a4000002 a4000002 
05.06.2021 13:00:43.560  a5000002 a5000002 
05.06.2021 13:00:43.650  a4000002 a5000002 
05.06.2021 13:00:43.665  a5000002 a5000002 
05.06.2021 13:00:43.668  a4000002 a5000002 
05.06.2021 13:00:43.671  a4000002 a4000002 
05.06.2021 13:00:43.683  a4000002 a5000002 
05.06.2021 13:00:43.686  a4000002 a4000002 
05.06.2021 13:00:46.764  a4000002 a5000002 
05.06.2021 13:00:46.821  a4000002 a4000002 
05.06.2021 13:00:46.833  a4000002 a5000002 
05.06.2021 13:00:46.836  a4000002 a4000002 
05.06.2021 13:00:56.547  a4000003 a4000003 
05.06.2021 13:00:56.550  a4000003 ac000003 
05.06.2021 13:00:56.553  a4000002 a4000002 
05.06.2021 13:00:56.556  a4000003 ac000003 
05.06.2021 13:00:56.580  a4000002 ac000002 
05.06.2021 13:00:56.583  a4000002 a4000002 
05.06.2021 13:00:56.589  a4000003 ac000003 
05.06.2021 13:00:56.592  a4000002 a4000002 
05.06.2021 13:00:56.685  a4000002 ac000002 
05.06.2021 13:00:56.697  a4000002 a4000002 
05.06.2021 13:00:56.700  a4000002 ac000002 
05.06.2021 13:00:56.727  a4000002 a4000002 
05.06.2021 13:00:56.733  a4000002 ac000002 
05.06.2021 13:00:56.736  a4000002 a4000002 
05.06.2021 13:00:56.835  a4000003 a4000003 
05.06.2021 13:00:56.841  a4000002 a4000002 
05.06.2021 13:00:56.844  a4000003 ac000003 
05.06.2021 13:00:56.871  a4000003 a4000003 
05.06.2021 13:00:56.877  a4000003 ac000003 
05.06.2021 13:00:56.880  a4000003 a4000003 
05.06.2021 13:00:56.988  a5000003 a5000003 
05.06.2021 13:00:57.003  a4000003 a4000003 
05.06.2021 13:00:57.006  a5000003 a5000003 
05.06.2021 13:00:57.096  a4000003 a5000003 
05.06.2021 13:00:57.111  a5000003 a5000003 
05.06.2021 13:00:57.114  a4000003 a5000003 
05.06.2021 13:00:57.117  a4000003 a4000003 
05.06.2021 13:00:57.129  a4000003 a5000003 
05.06.2021 13:00:57.132  a4000003 a4000003 
05.06.2021 13:00:57.210  a5000003 a5000003 
05.06.2021 13:00:57.219  a4000003 a4000003 
05.06.2021 13:00:57.222  a5000003 a5000003 
05.06.2021 13:00:57.312  a4000003 a5000003 
05.06.2021 13:00:57.327  a5000003 a5000003 
05.06.2021 13:00:57.330  a4000003 a5000003 
05.06.2021 13:00:57.333  a4000003 a4000003 
05.06.2021 13:00:57.345  a4000003 a5000003 
05.06.2021 13:00:57.348  a4000003 a4000003 
05.06.2021 13:17:19.612  a4000002 a4000002 
05.06.2021 13:17:19.615  a4000003 a4000003 
05.06.2021 13:17:19.618  a4000002 ac000002 
05.06.2021 13:17:19.633  a4000002 a4000002 
05.06.2021 13:17:19.636  a4000002 ac000002 
05.06.2021 13:17:19.663  a4000002 a4000002 
05.06.2021 13:17:19.669  a4000002 ac000002 
05.06.2021 13:17:19.672  a4000002 a4000002 
05.06.2021 13:21:05.548  a4000003 a4000003 
05.06.2021 13:21:05.551  a4000003 ac000003 
05.06.2021 13:21:05.554  a4000002 a4000002 
05.06.2021 13:21:05.557  a4000003 ac000003 
05.06.2021 13:21:05.584  a4000003 a4000003 
05.06.2021 13:21:05.590  a4000003 ac000003 
05.06.2021 13:21:05.593  a4000003 a4000003 
05.06.2021 13:27:34.073  a4000002 a4000002 
05.06.2021 13:27:34.076  a4000002 ac000002 
05.06.2021 13:27:34.088  a4000002 a4000002 
05.06.2021 13:27:34.091  a4000002 ac000002 
05.06.2021 13:27:34.118  a4000002 a4000002 
05.06.2021 13:27:34.124  a4000002 ac000002 
05.06.2021 13:27:34.127  a4000002 a4000002 
05.06.2021 13:27:45.401  a4000001 a4000001 
05.06.2021 13:27:45.404  24000001 24800001 
05.06.2021 13:27:45.410  a4000002 a4000002 
05.06.2021 13:27:45.413  24000001 24800001 
05.06.2021 13:27:45.419  24000001 24000001 
05.06.2021 13:27:45.428  24000001 24800001 
05.06.2021 13:27:45.431  24000001 24000001 

Servicedata V1.0 PLC:\DEBUG\SlaveStateA.service.trace created 05.06.2021 20:43:50 (local time)
hostname: hu, Software: 606421 04, built: 08.10.2014 08:59
-----------------------------------------------------------------------------------------------
                     ms  Virtual BusModule state(s)
05.06.2021 17:45:32.250  24000000 2c000000 
05.06.2021 17:45:32.268  00000000 00000000 
05.06.2021 17:45:32.271  24000000 2c000000 
05.06.2021 17:45:32.406  24000001 2c000000 
05.06.2021 17:45:32.415  24000000 2c000000 
05.06.2021 17:45:32.418  24000001 2c000001 
05.06.2021 17:45:32.436  24000001 2c000000 
05.06.2021 17:45:32.439  24000001 2c000001 
05.06.2021 17:45:32.547  24000001 24000001 
05.06.2021 17:45:32.562  24000001 2c000001 
05.06.2021 17:45:32.565  24000001 24000001 
05.06.2021 17:46:45.349  24000002 24000002 
05.06.2021 17:46:45.352  a4000002 a4000002 
05.06.2021 17:46:45.358  24000001 24000001 
05.06.2021 17:46:45.361  a4000002 a4000002 
05.06.2021 17:46:45.586  a4000002 a5000002 
05.06.2021 17:46:45.592  a4000002 a4000002 
05.06.2021 17:46:45.595  a4000002 a5000002 
05.06.2021 17:46:45.649  a4000002 a4000002 
05.06.2021 17:46:45.664  a4000002 a5000002 
05.06.2021 17:46:45.667  a4000002 a4000002 
05.06.2021 17:46:45.781  a5000002 a5000002 
05.06.2021 17:46:45.790  a4000002 a4000002 
05.06.2021 17:46:45.793  a5000002 a5000002 
05.06.2021 17:46:45.871  a4000002 a5000002 
05.06.2021 17:46:45.880  a5000002 a5000002 
05.06.2021 17:46:45.883  a4000002 a5000002 
05.06.2021 17:46:45.892  a4000002 a4000002 
05.06.2021 17:46:45.898  a4000002 a5000002 
05.06.2021 17:46:45.901  a4000002 a4000002 
05.06.2021 17:46:48.982  a5000002 a5000002 
05.06.2021 17:46:48.994  a4000002 a4000002 
05.06.2021 17:46:48.997  a5000002 a5000002 
05.06.2021 17:46:49.075  a4000002 a5000002 
05.06.2021 17:46:49.084  a5000002 a5000002 
05.06.2021 17:46:49.087  a4000002 a5000002 
05.06.2021 17:46:49.096  a4000002 a4000002 
05.06.2021 17:46:49.102  a4000002 a5000002 
05.06.2021 17:46:49.105  a4000002 a4000002 
05.06.2021 17:46:49.198  a5000002 a5000002 
05.06.2021 17:46:49.210  a4000002 a4000002 
05.06.2021 17:46:49.213  a5000002 a5000002 
05.06.2021 17:46:49.306  a4000002 a5000002 
05.06.2021 17:46:49.318  a5000002 a5000002 
05.06.2021 17:46:49.321  a4000002 a5000002 
05.06.2021 17:46:49.327  a4000002 a4000002 
05.06.2021 17:46:49.336  a4000002 a5000002 
05.06.2021 17:46:49.339  a4000002 a4000002 
05.06.2021 17:46:49.417  a5000002 a5000002 
05.06.2021 17:46:49.426  a4000002 a4000002 
05.06.2021 17:46:49.429  a5000002 a5000002 
05.06.2021 17:46:49.507  a4000002 a5000002 
05.06.2021 17:46:49.516  a5000002 a5000002 
05.06.2021 17:46:49.519  a4000002 a5000002 
05.06.2021 17:46:49.528  a4000002 a4000002 
05.06.2021 17:46:49.534  a4000002 a5000002 
05.06.2021 17:46:49.537  a4000002 a4000002 
05.06.2021 17:46:49.630  a5000002 a5000002 
05.06.2021 17:46:49.642  a4000002 a4000002 
05.06.2021 17:46:49.645  a5000002 a5000002 
05.06.2021 17:46:49.831  a4000002 a5000002 
05.06.2021 17:46:49.840  a5000002 a5000002 
05.06.2021 17:46:49.843  a4000002 a5000002 
05.06.2021 17:46:49.852  a4000002 a4000002 
05.06.2021 17:46:49.858  a4000002 a5000002 
05.06.2021 17:46:49.861  a4000002 a4000002 
05.06.2021 17:46:49.957  a5000002 a5000002 
05.06.2021 17:46:49.966  a4000002 a4000002 
05.06.2021 17:46:49.969  a5000002 a5000002 
05.06.2021 17:46:50.077  a4000002 a5000002 
05.06.2021 17:46:50.092  a5000002 a5000002 
05.06.2021 17:46:50.095  a4000002 a5000002 
05.06.2021 17:46:50.098  a4000002 a4000002 
05.06.2021 17:46:50.110  a4000002 a5000002 
05.06.2021 17:46:50.113  a4000002 a4000002 
05.06.2021 17:46:50.212  a5000002 a5000002 
05.06.2021 17:46:50.218  a4000002 a4000002 
05.06.2021 17:46:50.221  a5000002 a5000002 
05.06.2021 17:46:50.329  a4000002 a5000002 
05.06.2021 17:46:50.347  a4000002 a4000002 
05.06.2021 17:46:50.440  a5000002 a5000002 
05.06.2021 17:46:50.452  a4000002 a4000002 
05.06.2021 17:46:50.455  a5000002 a5000002 
05.06.2021 17:46:50.545  a4000002 a5000002 
05.06.2021 17:46:50.560  a5000002 a5000002 
05.06.2021 17:46:50.563  a4000002 a5000002 
05.06.2021 17:46:50.566  a4000002 a4000002 
05.06.2021 17:46:50.578  a4000002 a5000002 
05.06.2021 17:46:50.581  a4000002 a4000002 
05.06.2021 17:46:50.671  a4000002 a5000002 
05.06.2021 17:46:50.677  a5000002 a5000002 
05.06.2021 17:46:50.686  a4000002 a5000002 
05.06.2021 17:46:50.689  a5000002 a5000002 
05.06.2021 17:46:50.761  a4000002 a5000002 
05.06.2021 17:46:50.776  a5000002 a5000002 
05.06.2021 17:46:50.779  a4000002 a5000002 
05.06.2021 17:46:50.782  a4000002 a4000002 
05.06.2021 17:46:50.794  a4000002 a5000002 
05.06.2021 17:46:50.797  a4000002 a4000002 
05.06.2021 17:46:50.869  a5000002 a5000002 
05.06.2021 17:46:50.884  a4000002 a4000002 
05.06.2021 17:46:50.887  a5000002 a5000002 
05.06.2021 17:46:51.811  a4000002 a5000002 
05.06.2021 17:46:51.820  a5000002 a5000002 
05.06.2021 17:46:51.823  a4000002 a5000002 
05.06.2021 17:46:51.832  a4000002 a4000002 
05.06.2021 17:46:51.838  a4000002 a5000002 
05.06.2021 17:46:51.841  a4000002 a4000002 
05.06.2021 17:46:51.925  a5000002 a5000002 
05.06.2021 17:46:51.928  a4000002 a4000002 
05.06.2021 17:46:51.931  a5000002 a5000002 
05.06.2021 17:46:52.021  a4000002 a5000002 
05.06.2021 17:46:52.036  a5000002 a5000002 
05.06.2021 17:46:52.039  a4000002 a5000002 
05.06.2021 17:46:52.042  a4000002 a4000002 
05.06.2021 17:46:52.054  a4000002 a5000002 
05.06.2021 17:46:52.057  a4000002 a4000002 
05.06.2021 17:46:52.147  a5000002 a5000002 
05.06.2021 17:46:52.162  a4000002 a4000002 
05.06.2021 17:46:52.165  a5000002 a5000002 
05.06.2021 17:46:52.408  a4000002 a5000002 
05.06.2021 17:46:52.414  a5000002 a5000002 
05.06.2021 17:46:52.417  a4000002 a5000002 
05.06.2021 17:46:52.429  a4000002 a4000002 
05.06.2021 17:46:52.432  a4000002 a5000002 
05.06.2021 17:46:52.435  a4000002 a4000002 
05.06.2021 17:46:52.525  a5000002 a5000002 
05.06.2021 17:46:52.615  a4000002 a5000002 
05.06.2021 17:46:52.630  a5000002 a5000002 
05.06.2021 17:46:52.633  a4000002 a5000002 
05.06.2021 17:46:52.636  a4000002 a4000002 
05.06.2021 17:46:52.648  a4000002 a5000002 
05.06.2021 17:46:52.651  a4000002 a4000002 
05.06.2021 17:46:52.696  a5000002 a4000002 
05.06.2021 17:46:52.702  a4000002 a4000002 
05.06.2021 17:46:52.705  a5000002 a4000002 
05.06.2021 17:46:52.741  a4000002 a4000002 
05.06.2021 17:46:52.921  a4000002 a5000002 
05.06.2021 17:46:52.966  a4000002 a4000002 
05.06.2021 17:46:52.972  a4000002 a5000002 
05.06.2021 17:46:52.975  a4000002 a4000002 
05.06.2021 17:46:53.035  a4000002 a5000002 
05.06.2021 17:46:53.044  a4000002 a4000002 
05.06.2021 17:46:53.047  a4000002 a5000002 
05.06.2021 17:46:53.101  a4000002 a4000002 
05.06.2021 17:46:53.116  a4000002 a5000002 
05.06.2021 17:46:53.119  a4000002 a4000002 
05.06.2021 17:46:53.182  a5000002 a5000002 
05.06.2021 17:46:53.188  a4000002 a4000002 
05.06.2021 17:46:53.191  a5000002 a5000002 
05.06.2021 17:46:53.263  a4000002 a5000002 
05.06.2021 17:46:53.281  a4000002 a4000002 
05.06.2021 17:46:53.296  a4000002 a5000002 
05.06.2021 17:46:53.299  a4000002 a4000002 
05.06.2021 17:46:53.392  a5000002 a5000002 
05.06.2021 17:46:53.404  a4000002 a4000002 
05.06.2021 17:46:53.407  a5000002 a5000002 
05.06.2021 17:46:53.497  a4000002 a5000002 
05.06.2021 17:46:53.512  a5000002 a5000002 
05.06.2021 17:46:53.515  a4000002 a5000002 
05.06.2021 17:46:53.518  a4000002 a4000002 
05.06.2021 17:46:53.530  a4000002 a5000002 
05.06.2021 17:46:53.533  a4000002 a4000002 
05.06.2021 17:46:53.617  a5000002 a5000002 
05.06.2021 17:46:53.620  a4000002 a4000002 
05.06.2021 17:46:53.623  a5000002 a5000002 
05.06.2021 17:46:53.713  a4000002 a5000002 
05.06.2021 17:46:53.728  a5000002 a5000002 
05.06.2021 17:46:53.731  a4000002 a5000002 
05.06.2021 17:46:53.734  a4000002 a4000002 
05.06.2021 17:46:53.746  a4000002 a5000002 
05.06.2021 17:46:53.749  a4000002 a4000002 
05.06.2021 17:46:53.845  a5000002 a5000002 
05.06.2021 17:46:53.854  a4000002 a4000002 
05.06.2021 17:46:53.857  a5000002 a5000002 
05.06.2021 17:46:53.947  a4000002 a5000002 
05.06.2021 17:46:53.962  a5000002 a5000002 
05.06.2021 17:46:53.965  a4000002 a5000002 
05.06.2021 17:46:53.968  a4000002 a4000002 
05.06.2021 17:46:53.980  a4000002 a5000002 
05.06.2021 17:46:53.983  a4000002 a4000002 
05.06.2021 17:46:54.067  a5000002 a5000002 
05.06.2021 17:46:54.070  a4000002 a4000002 
05.06.2021 17:46:54.073  a5000002 a5000002 
05.06.2021 17:46:54.163  a4000002 a5000002 
05.06.2021 17:46:54.178  a5000002 a5000002 
05.06.2021 17:46:54.181  a4000002 a5000002 
05.06.2021 17:46:54.184  a4000002 a4000002 
05.06.2021 17:46:54.196  a4000002 a5000002 
05.06.2021 17:46:54.199  a4000002 a4000002 
05.06.2021 17:46:54.346  a4000002 a5000002 
05.06.2021 17:46:54.358  a4000002 a4000002 
05.06.2021 17:46:54.361  a4000002 a5000002 
05.06.2021 17:46:54.415  a4000002 a4000002 
05.06.2021 17:46:54.430  a4000002 a5000002 
05.06.2021 17:46:54.433  a4000002 a4000002 
05.06.2021 17:46:54.835  a4000002 a5000002 
05.06.2021 17:46:54.844  a4000002 a4000002 
05.06.2021 17:46:54.847  a4000002 a5000002 
05.06.2021 17:46:55.054  a4000002 a4000002 
05.06.2021 17:46:55.060  a4000002 a5000002 
05.06.2021 17:46:55.063  a4000002 a4000002 
05.06.2021 17:46:55.198  a5000002 a4000002 
05.06.2021 17:46:55.204  a4000002 a4000002 
05.06.2021 17:46:55.207  a5000002 a4000002 
05.06.2021 17:46:55.279  a4000002 a4000002 
05.06.2021 17:46:55.477  a5000002 a5000002 
05.06.2021 17:46:55.567  a4000002 a5000002 
05.06.2021 17:46:55.582  a5000002 a5000002 
05.06.2021 17:46:55.585  a4000002 a5000002 
05.06.2021 17:46:55.588  a4000002 a4000002 
05.06.2021 17:46:55.600  a4000002 a5000002 
05.06.2021 17:46:55.603  a4000002 a4000002 
05.06.2021 17:46:55.687  a5000002 a5000002 
05.06.2021 17:46:55.690  a4000002 a4000002 
05.06.2021 17:46:55.693  a5000002 a5000002 
05.06.2021 17:46:55.783  a4000002 a5000002 
05.06.2021 17:46:55.798  a5000002 a5000002 
05.06.2021 17:46:55.801  a4000002 a5000002 
05.06.2021 17:46:55.804  a4000002 a4000002 
05.06.2021 17:46:55.816  a4000002 a5000002 
05.06.2021 17:46:55.819  a4000002 a4000002 
05.06.2021 17:46:55.912  a5000002 a5000002 
05.06.2021 17:46:55.924  a4000002 a4000002 
05.06.2021 17:46:55.927  a5000002 a5000002 
05.06.2021 17:46:56.017  a4000002 a5000002 
05.06.2021 17:46:56.032  a5000002 a5000002 
05.06.2021 17:46:56.035  a4000002 a5000002 
05.06.2021 17:46:56.038  a4000002 a4000002 
05.06.2021 17:46:56.050  a4000002 a5000002 
05.06.2021 17:46:56.053  a4000002 a4000002 
05.06.2021 17:46:56.137  a5000002 a5000002 
05.06.2021 17:46:56.140  a4000002 a4000002 
05.06.2021 17:46:56.143  a5000002 a5000002 
05.06.2021 17:46:56.236  a4000002 a5000002 
05.06.2021 17:46:56.248  a5000002 a5000002 
05.06.2021 17:46:56.251  a4000002 a5000002 
05.06.2021 17:46:56.254  a4000002 a4000002 
05.06.2021 17:46:56.266  a4000002 a5000002 
05.06.2021 17:46:56.269  a4000002 a4000002 
05.06.2021 17:46:59.269  a4000002 a5000002 
05.06.2021 17:46:59.272  a4000002 a4000002 
05.06.2021 17:46:59.275  a4000002 a5000002 
05.06.2021 17:46:59.329  a4000002 a4000002 
05.06.2021 17:46:59.344  a4000002 a5000002 
05.06.2021 17:46:59.347  a4000002 a4000002 
05.06.2021 17:47:19.987  a4000003 a4000003 
05.06.2021 17:47:19.990  a4000002 a4000002 
05.06.2021 17:47:19.993  a4000003 ac000003 
05.06.2021 17:47:20.011  a4000002 ac000002 
05.06.2021 17:47:20.020  a4000002 a4000002 
05.06.2021 17:47:20.026  a4000002 ac000002 
05.06.2021 17:47:20.029  a4000002 a4000002 
05.06.2021 17:47:20.113  a4000002 ac000002 
05.06.2021 17:47:20.116  a4000002 a4000002 
05.06.2021 17:47:20.119  a4000002 ac000002 
05.06.2021 17:47:20.146  a4000002 a4000002 
05.06.2021 17:47:20.152  a4000002 ac000002 
05.06.2021 17:47:20.155  a4000002 a4000002 
05.06.2021 17:47:20.272  a4000003 a4000003 
05.06.2021 17:47:20.275  a4000003 ac000003 
05.06.2021 17:47:20.278  a4000002 a4000002 
05.06.2021 17:47:20.281  a4000003 ac000003 
05.06.2021 17:47:20.308  a4000003 a4000003 
05.06.2021 17:47:20.314  a4000003 ac000003 
05.06.2021 17:47:20.317  a4000003 a4000003 
05.06.2021 17:47:20.425  a5000003 a5000003 
05.06.2021 17:47:20.440  a4000003 a4000003 
05.06.2021 17:47:20.443  a5000003 a5000003 
05.06.2021 17:47:20.533  a4000003 a5000003 
05.06.2021 17:47:20.548  a5000003 a5000003 
05.06.2021 17:47:20.551  a4000003 a5000003 
05.06.2021 17:47:20.554  a4000003 a4000003 
05.06.2021 17:47:20.566  a4000003 a5000003 
05.06.2021 17:47:20.569  a4000003 a4000003 
05.06.2021 17:47:20.647  a5000003 a5000003 
05.06.2021 17:47:20.656  a4000003 a4000003 
05.06.2021 17:47:20.659  a5000003 a5000003 
05.06.2021 17:47:20.749  a4000003 a5000003 
05.06.2021 17:47:20.764  a5000003 a5000003 
05.06.2021 17:47:20.767  a4000003 a5000003 
05.06.2021 17:47:20.770  a4000003 a4000003 
05.06.2021 17:47:20.782  a4000003 a5000003 
05.06.2021 17:47:20.785  a4000003 a4000003 
05.06.2021 20:43:40.947  a4000002 a4000002 
05.06.2021 20:43:40.953  a4000003 a4000003 
05.06.2021 20:43:40.956  a4000002 ac000002 
05.06.2021 20:43:40.983  a4000002 a4000002 
05.06.2021 20:43:40.989  a4000002 ac000002 
05.06.2021 20:43:40.992  a4000002 a4000002 
05.06.2021 20:43:50.484  a4000001 a4000001 
05.06.2021 20:43:50.487  24000001 24800001 
05.06.2021 20:43:50.493  a4000002 a4000002 
05.06.2021 20:43:50.496  24000001 24800001 
05.06.2021 20:43:50.502  24000001 24000001 
05.06.2021 20:43:50.511  24000001 24800001 
05.06.2021 20:43:50.514  24000001 24000001 

Servicedata V1.0 PLC:\DEBUG\SlaveStateA.service.trace created 06.06.2021 14:02:32 (local time)
hostname: hu, Software: 606421 04, built: 08.10.2014 08:59
-----------------------------------------------------------------------------------------------
                     ms  Virtual BusModule state(s)
06.06.2021 12:30:05.756  24000000 2c000000 
06.06.2021 12:30:05.765  00000000 00000000 
06.06.2021 12:30:05.768  24000000 2c000000 
06.06.2021 12:30:05.915  24000001 2c000000 
06.06.2021 12:30:05.924  24000001 2c000001 
06.06.2021 12:30:05.933  24000001 2c000000 
06.06.2021 12:30:05.936  24000001 2c000001 
06.06.2021 12:30:06.053  24000001 24000001 
06.06.2021 12:30:06.059  24000001 2c000001 
06.06.2021 12:30:06.062  24000001 24000001 
06.06.2021 12:31:53.727  24000002 24000002 
06.06.2021 12:31:53.730  a4000002 a4000002 
06.06.2021 12:31:53.736  24000001 24000001 
06.06.2021 12:31:53.739  a4000002 a4000002 
06.06.2021 12:31:53.958  a4000002 a5000002 
06.06.2021 12:31:53.970  a4000002 a4000002 
06.06.2021 12:31:53.973  a4000002 a5000002 
06.06.2021 12:31:54.027  a4000002 a4000002 
06.06.2021 12:31:54.042  a4000002 a5000002 
06.06.2021 12:31:54.045  a4000002 a4000002 
06.06.2021 12:31:54.159  a5000002 a5000002 
06.06.2021 12:31:54.168  a4000002 a4000002 
06.06.2021 12:31:54.171  a5000002 a5000002 
06.06.2021 12:31:54.249  a4000002 a5000002 
06.06.2021 12:31:54.258  a5000002 a5000002 
06.06.2021 12:31:54.261  a4000002 a5000002 
06.06.2021 12:31:54.270  a4000002 a4000002 
06.06.2021 12:31:54.276  a4000002 a5000002 
06.06.2021 12:31:54.279  a4000002 a4000002 
06.06.2021 12:31:57.360  a5000002 a5000002 
06.06.2021 12:31:57.372  a4000002 a4000002 
06.06.2021 12:31:57.375  a5000002 a5000002 
06.06.2021 12:31:57.453  a4000002 a5000002 
06.06.2021 12:31:57.462  a5000002 a5000002 
06.06.2021 12:31:57.465  a4000002 a5000002 
06.06.2021 12:31:57.474  a4000002 a4000002 
06.06.2021 12:31:57.480  a4000002 a5000002 
06.06.2021 12:31:57.483  a4000002 a4000002 
06.06.2021 12:31:57.573  a5000002 a5000002 
06.06.2021 12:31:57.681  a4000002 a5000002 
06.06.2021 12:31:57.696  a5000002 a5000002 
06.06.2021 12:31:57.699  a4000002 a4000002 
06.06.2021 12:31:57.714  a4000002 a5000002 
06.06.2021 12:31:57.717  a4000002 a4000002 
06.06.2021 12:31:57.795  a5000002 a5000002 
06.06.2021 12:31:57.804  a4000002 a4000002 
06.06.2021 12:31:57.807  a5000002 a5000002 
06.06.2021 12:31:57.885  a4000002 a5000002 
06.06.2021 12:31:57.894  a5000002 a5000002 
06.06.2021 12:31:57.897  a4000002 a5000002 
06.06.2021 12:31:57.906  a4000002 a4000002 
06.06.2021 12:31:57.912  a4000002 a5000002 
06.06.2021 12:31:57.915  a4000002 a4000002 
06.06.2021 12:31:58.035  a5000002 a5000002 
06.06.2021 12:31:58.038  a4000002 a4000002 
06.06.2021 12:31:58.041  a5000002 a5000002 
06.06.2021 12:31:58.215  a4000002 a5000002 
06.06.2021 12:31:58.218  a5000002 a5000002 
06.06.2021 12:31:58.221  a4000002 a5000002 
06.06.2021 12:31:58.239  a4000002 a4000002 
06.06.2021 12:31:58.341  a5000002 a5000002 
06.06.2021 12:31:58.344  a4000002 a4000002 
06.06.2021 12:31:58.347  a5000002 a5000002 
06.06.2021 12:31:58.455  a4000002 a5000002 
06.06.2021 12:31:58.470  a5000002 a5000002 
06.06.2021 12:31:58.473  a4000002 a5000002 
06.06.2021 12:31:58.476  a4000002 a4000002 
06.06.2021 12:31:58.488  a4000002 a5000002 
06.06.2021 12:31:58.491  a4000002 a4000002 
06.06.2021 12:31:58.590  a5000002 a5000002 
06.06.2021 12:31:58.596  a4000002 a4000002 
06.06.2021 12:31:58.599  a5000002 a5000002 
06.06.2021 12:31:58.701  a4000002 a5000002 
06.06.2021 12:31:58.704  a5000002 a5000002 
06.06.2021 12:31:58.707  a4000002 a5000002 
06.06.2021 12:31:58.725  a4000002 a4000002 
06.06.2021 12:31:58.815  a5000002 a5000002 
06.06.2021 12:31:58.830  a4000002 a4000002 
06.06.2021 12:31:58.833  a5000002 a5000002 
06.06.2021 12:31:58.923  a4000002 a5000002 
06.06.2021 12:31:58.938  a5000002 a5000002 
06.06.2021 12:31:58.941  a4000002 a5000002 
06.06.2021 12:31:58.944  a4000002 a4000002 
06.06.2021 12:31:58.956  a4000002 a5000002 
06.06.2021 12:31:58.959  a4000002 a4000002 
06.06.2021 12:31:59.049  a4000002 a5000002 
06.06.2021 12:31:59.055  a5000002 a5000002 
06.06.2021 12:31:59.064  a4000002 a5000002 
06.06.2021 12:31:59.067  a5000002 a5000002 
06.06.2021 12:31:59.127  a4000002 a5000002 
06.06.2021 12:31:59.136  a5000002 a5000002 
06.06.2021 12:31:59.139  a4000002 a5000002 
06.06.2021 12:31:59.148  a4000002 a4000002 
06.06.2021 12:31:59.154  a4000002 a5000002 
06.06.2021 12:31:59.157  a4000002 a4000002 
06.06.2021 12:31:59.235  a5000002 a5000002 
06.06.2021 12:31:59.244  a4000002 a4000002 
06.06.2021 12:31:59.247  a5000002 a5000002 
06.06.2021 12:32:00.171  a4000002 a5000002 
06.06.2021 12:32:00.180  a5000002 a5000002 
06.06.2021 12:32:00.183  a4000002 a5000002 
06.06.2021 12:32:00.192  a4000002 a4000002 
06.06.2021 12:32:00.198  a4000002 a5000002 
06.06.2021 12:32:00.201  a4000002 a4000002 
06.06.2021 12:32:00.285  a5000002 a5000002 
06.06.2021 12:32:00.288  a4000002 a4000002 
06.06.2021 12:32:00.291  a5000002 a5000002 
06.06.2021 12:32:00.381  a4000002 a5000002 
06.06.2021 12:32:00.396  a5000002 a5000002 
06.06.2021 12:32:00.399  a4000002 a5000002 
06.06.2021 12:32:00.402  a4000002 a4000002 
06.06.2021 12:32:00.414  a4000002 a5000002 
06.06.2021 12:32:00.417  a4000002 a4000002 
06.06.2021 12:32:00.519  a5000002 a5000002 
06.06.2021 12:32:00.522  a4000002 a4000002 
06.06.2021 12:32:00.525  a5000002 a5000002 
06.06.2021 12:32:00.813  a4000002 a5000002 
06.06.2021 12:32:00.828  a5000002 a5000002 
06.06.2021 12:32:00.831  a4000002 a4000002 
06.06.2021 12:32:00.846  a4000002 a5000002 
06.06.2021 12:32:00.849  a4000002 a4000002 
06.06.2021 12:32:00.930  a5000002 a5000002 
06.06.2021 12:32:00.936  a4000002 a4000002 
06.06.2021 12:32:00.939  a5000002 a5000002 
06.06.2021 12:32:01.029  a4000002 a5000002 
06.06.2021 12:32:01.044  a5000002 a5000002 
06.06.2021 12:32:01.047  a4000002 a5000002 
06.06.2021 12:32:01.050  a4000002 a4000002 
06.06.2021 12:32:01.062  a4000002 a5000002 
06.06.2021 12:32:01.065  a4000002 a4000002 
06.06.2021 12:32:01.110  a5000002 a4000002 
06.06.2021 12:32:01.116  a4000002 a4000002 
06.06.2021 12:32:01.119  a5000002 a4000002 
06.06.2021 12:32:01.158  a4000002 a4000002 
06.06.2021 12:32:01.170  a5000002 a4000002 
06.06.2021 12:32:01.173  a4000002 a4000002 
06.06.2021 12:32:01.320  a4000002 a5000002 
06.06.2021 12:32:01.332  a4000002 a4000002 
06.06.2021 12:32:01.335  a4000002 a5000002 
06.06.2021 12:32:01.398  a4000002 a4000002 
06.06.2021 12:32:01.404  a4000002 a5000002 
06.06.2021 12:32:01.407  a4000002 a4000002 
06.06.2021 12:32:01.467  a4000002 a5000002 
06.06.2021 12:32:01.476  a4000002 a4000002 
06.06.2021 12:32:01.479  a4000002 a5000002 
06.06.2021 12:32:01.533  a4000002 a4000002 
06.06.2021 12:32:01.548  a4000002 a5000002 
06.06.2021 12:32:01.551  a4000002 a4000002 
06.06.2021 12:32:01.614  a5000002 a5000002 
06.06.2021 12:32:01.620  a4000002 a4000002 
06.06.2021 12:32:01.623  a5000002 a5000002 
06.06.2021 12:32:01.695  a4000002 a5000002 
06.06.2021 12:32:01.713  a4000002 a4000002 
06.06.2021 12:32:01.728  a4000002 a5000002 
06.06.2021 12:32:01.731  a4000002 a4000002 
06.06.2021 12:32:01.824  a5000002 a5000002 
06.06.2021 12:32:01.836  a4000002 a4000002 
06.06.2021 12:32:01.839  a5000002 a5000002 
06.06.2021 12:32:01.929  a4000002 a5000002 
06.06.2021 12:32:01.944  a5000002 a5000002 
06.06.2021 12:32:01.947  a4000002 a5000002 
06.06.2021 12:32:01.950  a4000002 a4000002 
06.06.2021 12:32:01.962  a4000002 a5000002 
06.06.2021 12:32:01.965  a4000002 a4000002 
06.06.2021 12:32:02.049  a5000002 a5000002 
06.06.2021 12:32:02.052  a4000002 a4000002 
06.06.2021 12:32:02.055  a5000002 a5000002 
06.06.2021 12:32:02.145  a4000002 a5000002 
06.06.2021 12:32:02.160  a5000002 a5000002 
06.06.2021 12:32:02.163  a4000002 a5000002 
06.06.2021 12:32:02.166  a4000002 a4000002 
06.06.2021 12:32:02.178  a4000002 a5000002 
06.06.2021 12:32:02.181  a4000002 a4000002 
06.06.2021 12:32:02.280  a5000002 a5000002 
06.06.2021 12:32:02.286  a4000002 a4000002 
06.06.2021 12:32:02.289  a5000002 a5000002 
06.06.2021 12:32:02.379  a4000002 a5000002 
06.06.2021 12:32:02.394  a5000002 a5000002 
06.06.2021 12:32:02.397  a4000002 a5000002 
06.06.2021 12:32:02.400  a4000002 a4000002 
06.06.2021 12:32:02.412  a4000002 a5000002 
06.06.2021 12:32:02.415  a4000002 a4000002 
06.06.2021 12:32:02.499  a5000002 a5000002 
06.06.2021 12:32:02.502  a4000002 a4000002 
06.06.2021 12:32:02.505  a5000002 a5000002 
06.06.2021 12:32:02.595  a4000002 a5000002 
06.06.2021 12:32:02.610  a5000002 a5000002 
06.06.2021 12:32:02.613  a4000002 a5000002 
06.06.2021 12:32:02.616  a4000002 a4000002 
06.06.2021 12:32:02.628  a4000002 a5000002 
06.06.2021 12:32:02.631  a4000002 a4000002 
06.06.2021 12:32:02.778  a4000002 a5000002 
06.06.2021 12:32:02.790  a4000002 a4000002 
06.06.2021 12:32:02.793  a4000002 a5000002 
06.06.2021 12:32:02.847  a4000002 a4000002 
06.06.2021 12:32:02.862  a4000002 a5000002 
06.06.2021 12:32:02.865  a4000002 a4000002 
06.06.2021 12:32:03.087  a4000002 a5000002 
06.06.2021 12:32:03.096  a4000002 a4000002 
06.06.2021 12:32:03.099  a4000002 a5000002 
06.06.2021 12:32:03.165  a4000002 a4000002 
06.06.2021 12:32:03.168  a4000002 a5000002 
06.06.2021 12:32:03.171  a4000002 a4000002 
06.06.2021 12:32:03.300  a5000002 a4000002 
06.06.2021 12:32:03.312  a4000002 a4000002 
06.06.2021 12:32:03.315  a5000002 a4000002 
06.06.2021 12:32:03.378  a4000002 a4000002 
06.06.2021 12:32:03.384  a5000002 a4000002 
06.06.2021 12:32:03.387  a4000002 a4000002 
06.06.2021 12:32:03.576  a5000002 a5000002 
06.06.2021 12:32:03.582  a4000002 a4000002 
06.06.2021 12:32:03.585  a5000002 a5000002 
06.06.2021 12:32:03.675  a4000002 a5000002 
06.06.2021 12:32:03.690  a5000002 a5000002 
06.06.2021 12:32:03.693  a4000002 a5000002 
06.06.2021 12:32:03.696  a4000002 a4000002 
06.06.2021 12:32:03.708  a4000002 a5000002 
06.06.2021 12:32:03.711  a4000002 a4000002 
06.06.2021 12:32:03.795  a5000002 a5000002 
06.06.2021 12:32:03.798  a4000002 a4000002 
06.06.2021 12:32:03.801  a5000002 a5000002 
06.06.2021 12:32:03.891  a4000002 a5000002 
06.06.2021 12:32:03.906  a5000002 a5000002 
06.06.2021 12:32:03.909  a4000002 a5000002 
06.06.2021 12:32:03.912  a4000002 a4000002 
06.06.2021 12:32:03.924  a4000002 a5000002 
06.06.2021 12:32:03.927  a4000002 a4000002 
06.06.2021 12:32:04.020  a5000002 a5000002 
06.06.2021 12:32:04.032  a4000002 a4000002 
06.06.2021 12:32:04.035  a5000002 a5000002 
06.06.2021 12:32:04.125  a4000002 a5000002 
06.06.2021 12:32:04.140  a5000002 a5000002 
06.06.2021 12:32:04.143  a4000002 a5000002 
06.06.2021 12:32:04.146  a4000002 a4000002 
06.06.2021 12:32:04.158  a4000002 a5000002 
06.06.2021 12:32:04.161  a4000002 a4000002 
06.06.2021 12:32:04.245  a5000002 a5000002 
06.06.2021 12:32:04.248  a4000002 a4000002 
06.06.2021 12:32:04.251  a5000002 a5000002 
06.06.2021 12:32:04.341  a4000002 a5000002 
06.06.2021 12:32:04.356  a5000002 a5000002 
06.06.2021 12:32:04.359  a4000002 a5000002 
06.06.2021 12:32:04.362  a4000002 a4000002 
06.06.2021 12:32:04.374  a4000002 a5000002 
06.06.2021 12:32:04.377  a4000002 a4000002 
06.06.2021 12:32:07.581  a4000002 a5000002 
06.06.2021 12:32:07.596  a4000002 a4000002 
06.06.2021 12:32:07.599  a4000002 a5000002 
06.06.2021 12:32:07.653  a4000002 a4000002 
06.06.2021 12:32:07.668  a4000002 a5000002 
06.06.2021 12:32:07.671  a4000002 a4000002 
06.06.2021 12:32:13.530  a4000003 a4000003 
06.06.2021 12:32:13.533  a4000003 ac000003 
06.06.2021 12:32:13.536  a4000002 a4000002 
06.06.2021 12:32:13.539  a4000003 ac000003 
06.06.2021 12:32:13.551  a4000002 ac000002 
06.06.2021 12:32:13.554  a4000003 ac000003 
06.06.2021 12:32:13.557  a4000002 ac000002 
06.06.2021 12:32:13.566  a4000002 a4000002 
06.06.2021 12:32:13.572  a4000002 ac000002 
06.06.2021 12:32:13.575  a4000002 a4000002 
06.06.2021 12:32:13.656  a4000002 ac000002 
06.06.2021 12:32:13.662  a4000002 a4000002 
06.06.2021 12:32:13.665  a4000002 ac000002 
06.06.2021 12:32:13.692  a4000002 a4000002 
06.06.2021 12:32:13.698  a4000002 ac000002 
06.06.2021 12:32:13.701  a4000002 a4000002 
06.06.2021 12:32:13.818  a4000003 a4000003 
06.06.2021 12:32:13.821  a4000003 ac000003 
06.06.2021 12:32:13.824  a4000002 a4000002 
06.06.2021 12:32:13.827  a4000003 ac000003 
06.06.2021 12:32:13.854  a4000003 a4000003 
06.06.2021 12:32:13.860  a4000003 ac000003 
06.06.2021 12:32:13.863  a4000003 a4000003 
06.06.2021 12:32:13.971  a5000003 a5000003 
06.06.2021 12:32:13.986  a4000003 a4000003 
06.06.2021 12:32:13.989  a5000003 a5000003 
06.06.2021 12:32:14.082  a4000003 a5000003 
06.06.2021 12:32:14.094  a5000003 a5000003 
06.06.2021 12:32:14.097  a4000003 a5000003 
06.06.2021 12:32:14.100  a4000003 a4000003 
06.06.2021 12:32:14.112  a4000003 a5000003 
06.06.2021 12:32:14.115  a4000003 a4000003 
06.06.2021 12:32:14.193  a5000003 a5000003 
06.06.2021 12:32:14.202  a4000003 a4000003 
06.06.2021 12:32:14.205  a5000003 a5000003 
06.06.2021 12:32:14.298  a4000003 a5000003 
06.06.2021 12:32:14.310  a5000003 a5000003 
06.06.2021 12:32:14.313  a4000003 a5000003 
06.06.2021 12:32:14.316  a4000003 a4000003 
06.06.2021 12:32:14.328  a4000003 a5000003 
06.06.2021 12:32:14.331  a4000003 a4000003 
06.06.2021 13:20:05.073  a4000002 a4000002 
06.06.2021 13:20:05.079  a4000002 ac000002 
06.06.2021 13:20:05.088  a4000002 a4000002 
06.06.2021 13:20:05.091  a4000002 ac000002 
06.06.2021 13:20:05.118  a4000002 a4000002 
06.06.2021 13:20:05.124  a4000002 ac000002 
06.06.2021 13:20:05.127  a4000002 a4000002 
06.06.2021 14:02:32.628  a4000001 a4000001 
06.06.2021 14:02:32.631  24000001 24800001 
06.06.2021 14:02:32.637  a4000002 a4000002 
06.06.2021 14:02:32.640  24000001 24800001 
06.06.2021 14:02:32.646  24000001 24000001 
06.06.2021 14:02:32.655  24000001 24800001 
06.06.2021 14:02:32.658  24000001 24000001 

Servicedata V1.0 PLC:\DEBUG\SlaveStateA.service.trace created 07.06.2021 11:45:11 (local time)
hostname: hu, Software: 606421 04, built: 08.10.2014 08:59
-----------------------------------------------------------------------------------------------
                     ms  Virtual BusModule state(s)
07.06.2021 10:29:59.966  24000000 2c000000 
07.06.2021 10:29:59.978  00000000 00000000 
07.06.2021 10:29:59.981  24000000 2c000000 
07.06.2021 10:30:00.128  24000001 2c000000 
07.06.2021 10:30:00.134  24000001 2c000001 
07.06.2021 10:30:00.146  24000001 2c000000 
07.06.2021 10:30:00.149  24000001 2c000001 
07.06.2021 10:30:00.263  24000001 24000001 
07.06.2021 10:30:00.272  24000001 2c000001 
07.06.2021 10:30:00.275  24000001 24000001 
07.06.2021 10:48:12.997  24000002 24000002 
07.06.2021 10:48:13.000  a4000002 a4000002 
07.06.2021 10:48:13.006  24000001 24000001 
07.06.2021 10:48:13.009  a4000002 a4000002 
07.06.2021 10:48:13.237  a4000002 a5000002 
07.06.2021 10:48:13.240  a4000002 a4000002 
07.06.2021 10:48:13.243  a4000002 a5000002 
07.06.2021 10:48:13.297  a4000002 a4000002 
07.06.2021 10:48:13.312  a4000002 a5000002 
07.06.2021 10:48:13.315  a4000002 a4000002 
07.06.2021 10:48:13.432  a5000002 a5000002 
07.06.2021 10:48:13.438  a4000002 a4000002 
07.06.2021 10:48:13.441  a5000002 a5000002 
07.06.2021 10:48:13.519  a4000002 a5000002 
07.06.2021 10:48:13.528  a5000002 a5000002 
07.06.2021 10:48:13.531  a4000002 a5000002 
07.06.2021 10:48:13.540  a4000002 a4000002 
07.06.2021 10:48:13.546  a4000002 a5000002 
07.06.2021 10:48:13.549  a4000002 a4000002 
07.06.2021 10:48:16.630  a5000002 a5000002 
07.06.2021 10:48:16.642  a4000002 a4000002 
07.06.2021 10:48:16.645  a5000002 a5000002 
07.06.2021 10:48:16.723  a4000002 a5000002 
07.06.2021 10:48:16.732  a5000002 a5000002 
07.06.2021 10:48:16.735  a4000002 a5000002 
07.06.2021 10:48:16.744  a4000002 a4000002 
07.06.2021 10:48:16.750  a4000002 a5000002 
07.06.2021 10:48:16.753  a4000002 a4000002 
07.06.2021 10:48:16.849  a5000002 a5000002 
07.06.2021 10:48:16.858  a4000002 a4000002 
07.06.2021 10:48:16.861  a5000002 a5000002 
07.06.2021 10:48:16.957  a4000002 a5000002 
07.06.2021 10:48:16.966  a5000002 a5000002 
07.06.2021 10:48:16.969  a4000002 a5000002 
07.06.2021 10:48:16.978  a4000002 a4000002 
07.06.2021 10:48:16.984  a4000002 a5000002 
07.06.2021 10:48:16.987  a4000002 a4000002 
07.06.2021 10:48:17.068  a5000002 a5000002 
07.06.2021 10:48:17.074  a4000002 a4000002 
07.06.2021 10:48:17.077  a5000002 a5000002 
07.06.2021 10:48:17.155  a4000002 a5000002 
07.06.2021 10:48:17.164  a5000002 a5000002 
07.06.2021 10:48:17.167  a4000002 a5000002 
07.06.2021 10:48:17.176  a4000002 a4000002 
07.06.2021 10:48:17.182  a4000002 a5000002 
07.06.2021 10:48:17.185  a4000002 a4000002 
07.06.2021 10:48:17.278  a5000002 a5000002 
07.06.2021 10:48:17.290  a4000002 a4000002 
07.06.2021 10:48:17.293  a5000002 a5000002 
07.06.2021 10:48:17.479  a4000002 a5000002 
07.06.2021 10:48:17.488  a5000002 a5000002 
07.06.2021 10:48:17.491  a4000002 a5000002 
07.06.2021 10:48:17.503  a4000002 a4000002 
07.06.2021 10:48:17.506  a4000002 a5000002 
07.06.2021 10:48:17.509  a4000002 a4000002 
07.06.2021 10:48:17.605  a5000002 a5000002 
07.06.2021 10:48:17.614  a4000002 a4000002 
07.06.2021 10:48:17.617  a5000002 a5000002 
07.06.2021 10:48:17.719  a4000002 a5000002 
07.06.2021 10:48:17.722  a5000002 a5000002 
07.06.2021 10:48:17.725  a4000002 a5000002 
07.06.2021 10:48:17.743  a4000002 a4000002 
07.06.2021 10:48:17.854  a5000002 a5000002 
07.06.2021 10:48:17.866  a4000002 a4000002 
07.06.2021 10:48:17.869  a5000002 a5000002 
07.06.2021 10:48:17.971  a4000002 a5000002 
07.06.2021 10:48:17.974  a5000002 a5000002 
07.06.2021 10:48:17.977  a4000002 a5000002 
07.06.2021 10:48:17.995  a4000002 a4000002 
07.06.2021 10:48:18.085  a5000002 a5000002 
07.06.2021 10:48:18.100  a4000002 a4000002 
07.06.2021 10:48:18.103  a5000002 a5000002 
07.06.2021 10:48:18.193  a4000002 a5000002 
07.06.2021 10:48:18.208  a5000002 a5000002 
07.06.2021 10:48:18.211  a4000002 a5000002 
07.06.2021 10:48:18.214  a4000002 a4000002 
07.06.2021 10:48:18.226  a4000002 a5000002 
07.06.2021 10:48:18.229  a4000002 a4000002 
07.06.2021 10:48:18.319  a4000002 a5000002 
07.06.2021 10:48:18.328  a5000002 a5000002 
07.06.2021 10:48:18.334  a4000002 a4000002 
07.06.2021 10:48:18.337  a5000002 a5000002 
07.06.2021 10:48:18.430  a4000002 a5000002 
07.06.2021 10:48:18.442  a5000002 a5000002 
07.06.2021 10:48:18.445  a4000002 a5000002 
07.06.2021 10:48:18.448  a4000002 a4000002 
07.06.2021 10:48:18.460  a4000002 a5000002 
07.06.2021 10:48:18.463  a4000002 a4000002 
07.06.2021 10:48:18.535  a5000002 a5000002 
07.06.2021 10:48:19.456  a4000002 a5000002 
07.06.2021 10:48:19.468  a5000002 a5000002 
07.06.2021 10:48:19.471  a4000002 a5000002 
07.06.2021 10:48:19.480  a4000002 a4000002 
07.06.2021 10:48:19.486  a4000002 a5000002 
07.06.2021 10:48:19.489  a4000002 a4000002 
07.06.2021 10:48:19.570  a5000002 a5000002 
07.06.2021 10:48:19.576  a4000002 a4000002 
07.06.2021 10:48:19.579  a5000002 a5000002 
07.06.2021 10:48:19.669  a4000002 a5000002 
07.06.2021 10:48:19.684  a5000002 a5000002 
07.06.2021 10:48:19.687  a4000002 a5000002 
07.06.2021 10:48:19.690  a4000002 a4000002 
07.06.2021 10:48:19.702  a4000002 a5000002 
07.06.2021 10:48:19.705  a4000002 a4000002 
07.06.2021 10:48:19.798  a5000002 a5000002 
07.06.2021 10:48:19.810  a4000002 a4000002 
07.06.2021 10:48:19.813  a5000002 a5000002 
07.06.2021 10:48:20.089  a4000002 a5000002 
07.06.2021 10:48:20.098  a5000002 a5000002 
07.06.2021 10:48:20.101  a4000002 a5000002 
07.06.2021 10:48:20.110  a4000002 a4000002 
07.06.2021 10:48:20.116  a4000002 a5000002 
07.06.2021 10:48:20.119  a4000002 a4000002 
07.06.2021 10:48:20.200  a5000002 a5000002 
07.06.2021 10:48:20.206  a4000002 a4000002 
07.06.2021 10:48:20.209  a5000002 a5000002 
07.06.2021 10:48:20.299  a4000002 a5000002 
07.06.2021 10:48:20.314  a5000002 a5000002 
07.06.2021 10:48:20.317  a4000002 a5000002 
07.06.2021 10:48:20.320  a4000002 a4000002 
07.06.2021 10:48:20.332  a4000002 a5000002 
07.06.2021 10:48:20.335  a4000002 a4000002 
07.06.2021 10:48:20.377  a5000002 a4000002 
07.06.2021 10:48:20.386  a4000002 a4000002 
07.06.2021 10:48:20.389  a5000002 a4000002 
07.06.2021 10:48:20.425  a4000002 a4000002 
07.06.2021 10:48:20.440  a5000002 a4000002 
07.06.2021 10:48:20.443  a4000002 a4000002 
07.06.2021 10:48:20.599  a4000002 a5000002 
07.06.2021 10:48:20.602  a4000002 a4000002 
07.06.2021 10:48:20.605  a4000002 a5000002 
07.06.2021 10:48:20.647  a4000002 a4000002 
07.06.2021 10:48:20.656  a4000002 a5000002 
07.06.2021 10:48:20.659  a4000002 a4000002 
07.06.2021 10:48:20.716  a4000002 a5000002 
07.06.2021 10:48:20.728  a4000002 a4000002 
07.06.2021 10:48:20.731  a4000002 a5000002 
07.06.2021 10:48:20.785  a4000002 a4000002 
07.06.2021 10:48:20.800  a4000002 a5000002 
07.06.2021 10:48:20.803  a4000002 a4000002 
07.06.2021 10:48:20.863  a5000002 a5000002 
07.06.2021 10:48:20.872  a4000002 a4000002 
07.06.2021 10:48:20.875  a5000002 a5000002 
07.06.2021 10:48:20.941  a4000002 a5000002 
07.06.2021 10:48:20.944  a5000002 a5000002 
07.06.2021 10:48:20.947  a4000002 a5000002 
07.06.2021 10:48:20.965  a4000002 a4000002 
07.06.2021 10:48:20.980  a4000002 a5000002 
07.06.2021 10:48:20.983  a4000002 a4000002 
07.06.2021 10:48:21.073  a5000002 a5000002 
07.06.2021 10:48:21.088  a4000002 a4000002 
07.06.2021 10:48:21.091  a5000002 a5000002 
07.06.2021 10:48:21.181  a4000002 a5000002 
07.06.2021 10:48:21.196  a5000002 a5000002 
07.06.2021 10:48:21.199  a4000002 a5000002 
07.06.2021 10:48:21.202  a4000002 a4000002 
07.06.2021 10:48:21.214  a4000002 a5000002 
07.06.2021 10:48:21.217  a4000002 a4000002 
07.06.2021 10:48:21.301  a5000002 a5000002 
07.06.2021 10:48:21.304  a4000002 a4000002 
07.06.2021 10:48:21.307  a5000002 a5000002 
07.06.2021 10:48:21.400  a4000002 a5000002 
07.06.2021 10:48:21.412  a5000002 a5000002 
07.06.2021 10:48:21.415  a4000002 a5000002 
07.06.2021 10:48:21.418  a4000002 a4000002 
07.06.2021 10:48:21.430  a4000002 a5000002 
07.06.2021 10:48:21.433  a4000002 a4000002 
07.06.2021 10:48:21.532  a5000002 a5000002 
07.06.2021 10:48:21.538  a4000002 a4000002 
07.06.2021 10:48:21.541  a5000002 a5000002 
07.06.2021 10:48:21.631  a4000002 a5000002 
07.06.2021 10:48:21.646  a5000002 a5000002 
07.06.2021 10:48:21.649  a4000002 a5000002 
07.06.2021 10:48:21.652  a4000002 a4000002 
07.06.2021 10:48:21.664  a4000002 a5000002 
07.06.2021 10:48:21.667  a4000002 a4000002 
07.06.2021 10:48:21.751  a5000002 a5000002 
07.06.2021 10:48:21.754  a4000002 a4000002 
07.06.2021 10:48:21.757  a5000002 a5000002 
07.06.2021 10:48:21.847  a4000002 a5000002 
07.06.2021 10:48:21.862  a5000002 a5000002 
07.06.2021 10:48:21.865  a4000002 a5000002 
07.06.2021 10:48:21.868  a4000002 a4000002 
07.06.2021 10:48:21.880  a4000002 a5000002 
07.06.2021 10:48:21.883  a4000002 a4000002 
07.06.2021 10:48:22.057  a4000002 a5000002 
07.06.2021 10:48:22.060  a4000002 a4000002 
07.06.2021 10:48:22.063  a4000002 a5000002 
07.06.2021 10:48:22.117  a4000002 a4000002 
07.06.2021 10:48:22.132  a4000002 a5000002 
07.06.2021 10:48:22.135  a4000002 a4000002 
07.06.2021 10:48:22.369  a4000002 a5000002 
07.06.2021 10:48:22.516  a4000002 a4000002 
07.06.2021 10:48:22.528  a4000002 a5000002 
07.06.2021 10:48:22.531  a4000002 a4000002 
07.06.2021 10:48:22.669  a5000002 a4000002 
07.06.2021 10:48:22.672  a4000002 a4000002 
07.06.2021 10:48:22.675  a5000002 a4000002 
07.06.2021 10:48:22.747  a4000002 a4000002 
07.06.2021 10:48:22.762  a5000002 a4000002 
07.06.2021 10:48:22.765  a4000002 a4000002 
07.06.2021 10:48:22.948  a5000002 a5000002 
07.06.2021 10:48:22.960  a4000002 a4000002 
07.06.2021 10:48:22.963  a5000002 a5000002 
07.06.2021 10:48:23.053  a4000002 a5000002 
07.06.2021 10:48:23.068  a5000002 a5000002 
07.06.2021 10:48:23.071  a4000002 a5000002 
07.06.2021 10:48:23.074  a4000002 a4000002 
07.06.2021 10:48:23.086  a4000002 a5000002 
07.06.2021 10:48:23.089  a4000002 a4000002 
07.06.2021 10:48:23.173  a5000002 a5000002 
07.06.2021 10:48:23.176  a4000002 a4000002 
07.06.2021 10:48:23.179  a5000002 a5000002 
07.06.2021 10:48:23.269  a4000002 a5000002 
07.06.2021 10:48:23.284  a5000002 a5000002 
07.06.2021 10:48:23.287  a4000002 a5000002 
07.06.2021 10:48:23.290  a4000002 a4000002 
07.06.2021 10:48:23.302  a4000002 a5000002 
07.06.2021 10:48:23.305  a4000002 a4000002 
07.06.2021 10:48:23.398  a5000002 a5000002 
07.06.2021 10:48:23.410  a4000002 a4000002 
07.06.2021 10:48:23.413  a5000002 a5000002 
07.06.2021 10:48:23.503  a4000002 a5000002 
07.06.2021 10:48:23.518  a5000002 a5000002 
07.06.2021 10:48:23.521  a4000002 a5000002 
07.06.2021 10:48:23.524  a4000002 a4000002 
07.06.2021 10:48:23.536  a4000002 a5000002 
07.06.2021 10:48:23.539  a4000002 a4000002 
07.06.2021 10:48:23.623  a5000002 a5000002 
07.06.2021 10:48:23.626  a4000002 a4000002 
07.06.2021 10:48:23.629  a5000002 a5000002 
07.06.2021 10:48:23.719  a4000002 a5000002 
07.06.2021 10:48:23.734  a5000002 a5000002 
07.06.2021 10:48:23.737  a4000002 a5000002 
07.06.2021 10:48:23.740  a4000002 a4000002 
07.06.2021 10:48:23.752  a4000002 a5000002 
07.06.2021 10:48:23.755  a4000002 a4000002 
07.06.2021 10:48:26.680  a4000002 a5000002 
07.06.2021 10:48:26.686  a4000002 a4000002 
07.06.2021 10:48:26.689  a4000002 a5000002 
07.06.2021 10:48:26.743  a4000002 a4000002 
07.06.2021 10:48:26.758  a4000002 a5000002 
07.06.2021 10:48:26.761  a4000002 a4000002 
07.06.2021 10:49:23.831  a4000003 a4000003 
07.06.2021 10:49:23.834  a4000003 ac000003 
07.06.2021 10:49:23.837  a4000002 a4000002 
07.06.2021 10:49:23.840  a4000003 ac000003 
07.06.2021 10:49:23.861  a4000002 ac000002 
07.06.2021 10:49:23.867  a4000002 a4000002 
07.06.2021 10:49:23.873  a4000003 ac000003 
07.06.2021 10:49:23.876  a4000002 a4000002 
07.06.2021 10:49:23.966  a4000002 ac000002 
07.06.2021 10:49:23.981  a4000002 a4000002 
07.06.2021 10:49:23.984  a4000002 ac000002 
07.06.2021 10:49:24.011  a4000002 a4000002 
07.06.2021 10:49:24.017  a4000002 ac000002 
07.06.2021 10:49:24.020  a4000002 a4000002 
07.06.2021 10:49:24.893  a4000003 a4000003 
07.06.2021 10:49:24.896  a4000003 ac000003 
07.06.2021 10:49:24.899  a4000002 a4000002 
07.06.2021 10:49:24.902  a4000003 ac000003 
07.06.2021 10:49:24.929  a4000003 a4000003 
07.06.2021 10:49:24.935  a4000003 ac000003 
07.06.2021 10:49:24.938  a4000003 a4000003 
07.06.2021 10:49:25.046  a5000003 a5000003 
07.06.2021 10:49:25.061  a4000003 a4000003 
07.06.2021 10:49:25.064  a5000003 a5000003 
07.06.2021 10:49:25.154  a4000003 a5000003 
07.06.2021 10:49:25.169  a5000003 a5000003 
07.06.2021 10:49:25.172  a4000003 a5000003 
07.06.2021 10:49:25.175  a4000003 a4000003 
07.06.2021 10:49:25.187  a4000003 a5000003 
07.06.2021 10:49:25.190  a4000003 a4000003 
07.06.2021 10:49:25.268  a5000003 a5000003 
07.06.2021 10:49:25.277  a4000003 a4000003 
07.06.2021 10:49:25.280  a5000003 a5000003 
07.06.2021 10:49:25.370  a4000003 a5000003 
07.06.2021 10:49:25.385  a5000003 a5000003 
07.06.2021 10:49:25.388  a4000003 a5000003 
07.06.2021 10:49:25.391  a4000003 a4000003 
07.06.2021 10:49:25.403  a4000003 a5000003 
07.06.2021 10:49:25.406  a4000003 a4000003 
07.06.2021 11:45:11.683  a4000001 a4000001 
07.06.2021 11:45:11.686  24000001 24800001 
07.06.2021 11:45:11.692  a4000003 a4000003 
07.06.2021 11:45:11.695  24000001 24800001 
07.06.2021 11:45:11.701  24000001 24000001 
07.06.2021 11:45:11.710  24000001 24800001 
07.06.2021 11:45:11.713  24000001 24000001 

Servicedata V1.0 PLC:\DEBUG\SlaveStateA.service.trace created 07.06.2021 11:54:44 (local time)
hostname: hu, Software: 606421 04, built: 08.10.2014 08:59
-----------------------------------------------------------------------------------------------
                     ms  Virtual BusModule state(s)
07.06.2021 11:46:54.554  24000000 2c000000 
07.06.2021 11:46:54.560  00000000 00000000 
07.06.2021 11:46:54.563  24000000 2c000000 
07.06.2021 11:46:54.713  24000001 2c000000 
07.06.2021 11:46:54.722  24000001 2c000001 
07.06.2021 11:46:54.728  24000000 2c000000 
07.06.2021 11:46:54.731  24000001 2c000001 
07.06.2021 11:46:54.851  24000001 24000001 
07.06.2021 11:46:54.854  24000001 2c000001 
07.06.2021 11:46:54.857  24000001 24000001 
07.06.2021 11:47:25.232  24000002 24000002 
07.06.2021 11:47:25.235  a4000002 a4000002 
07.06.2021 11:47:25.241  24000001 24000001 
07.06.2021 11:47:25.244  a4000002 a4000002 
07.06.2021 11:47:25.496  a4000002 a5000002 
07.06.2021 11:47:25.553  a4000002 a4000002 
07.06.2021 11:47:25.565  a4000002 a5000002 
07.06.2021 11:47:25.568  a4000002 a4000002 
07.06.2021 11:47:25.688  a5000002 a5000002 
07.06.2021 11:47:25.691  a4000002 a4000002 
07.06.2021 11:47:25.694  a5000002 a5000002 
07.06.2021 11:47:25.772  a4000002 a5000002 
07.06.2021 11:47:25.781  a5000002 a5000002 
07.06.2021 11:47:25.784  a4000002 a5000002 
07.06.2021 11:47:25.793  a4000002 a4000002 
07.06.2021 11:47:25.799  a4000002 a5000002 
07.06.2021 11:47:25.802  a4000002 a4000002 
07.06.2021 11:47:28.883  a5000002 a5000002 
07.06.2021 11:47:28.895  a4000002 a4000002 
07.06.2021 11:47:28.898  a5000002 a5000002 
07.06.2021 11:47:28.979  a4000002 a5000002 
07.06.2021 11:47:28.985  a5000002 a5000002 
07.06.2021 11:47:28.988  a4000002 a5000002 
07.06.2021 11:47:28.997  a4000002 a4000002 
07.06.2021 11:47:29.003  a4000002 a5000002 
07.06.2021 11:47:29.006  a4000002 a4000002 
07.06.2021 11:47:29.105  a5000002 a5000002 
07.06.2021 11:47:29.111  a4000002 a4000002 
07.06.2021 11:47:29.114  a5000002 a5000002 
07.06.2021 11:47:29.213  a4000002 a5000002 
07.06.2021 11:47:29.219  a5000002 a5000002 
07.06.2021 11:47:29.222  a4000002 a5000002 
07.06.2021 11:47:29.234  a4000002 a4000002 
07.06.2021 11:47:29.237  a4000002 a5000002 
07.06.2021 11:47:29.240  a4000002 a4000002 
07.06.2021 11:47:29.324  a5000002 a5000002 
07.06.2021 11:47:29.327  a4000002 a4000002 
07.06.2021 11:47:29.330  a5000002 a5000002 
07.06.2021 11:47:29.408  a4000002 a5000002 
07.06.2021 11:47:29.417  a5000002 a5000002 
07.06.2021 11:47:29.420  a4000002 a5000002 
07.06.2021 11:47:29.429  a4000002 a4000002 
07.06.2021 11:47:29.435  a4000002 a5000002 
07.06.2021 11:47:29.438  a4000002 a4000002 
07.06.2021 11:47:29.729  a5000002 a5000002 
07.06.2021 11:47:29.741  a4000002 a4000002 
07.06.2021 11:47:29.744  a5000002 a5000002 
07.06.2021 11:47:29.822  a4000002 a5000002 
07.06.2021 11:47:29.831  a5000002 a5000002 
07.06.2021 11:47:29.834  a4000002 a5000002 
07.06.2021 11:47:29.843  a4000002 a4000002 
07.06.2021 11:47:29.849  a4000002 a5000002 
07.06.2021 11:47:29.852  a4000002 a4000002 
07.06.2021 11:47:29.948  a5000002 a5000002 
07.06.2021 11:47:29.957  a4000002 a4000002 
07.06.2021 11:47:29.960  a5000002 a5000002 
07.06.2021 11:47:30.062  a4000002 a5000002 
07.06.2021 11:47:30.065  a5000002 a5000002 
07.06.2021 11:47:30.068  a4000002 a5000002 
07.06.2021 11:47:30.086  a4000002 a4000002 
07.06.2021 11:47:30.197  a5000002 a5000002 
07.06.2021 11:47:30.209  a4000002 a4000002 
07.06.2021 11:47:30.212  a5000002 a5000002 
07.06.2021 11:47:30.314  a4000002 a5000002 
07.06.2021 11:47:30.317  a5000002 a5000002 
07.06.2021 11:47:30.320  a4000002 a5000002 
07.06.2021 11:47:30.338  a4000002 a4000002 
07.06.2021 11:47:30.428  a5000002 a5000002 
07.06.2021 11:47:30.443  a4000002 a4000002 
07.06.2021 11:47:30.446  a5000002 a5000002 
07.06.2021 11:47:30.536  a4000002 a5000002 
07.06.2021 11:47:30.551  a5000002 a5000002 
07.06.2021 11:47:30.554  a4000002 a5000002 
07.06.2021 11:47:30.557  a4000002 a4000002 
07.06.2021 11:47:30.569  a4000002 a5000002 
07.06.2021 11:47:30.572  a4000002 a4000002 
07.06.2021 11:47:30.662  a4000002 a5000002 
07.06.2021 11:47:30.668  a5000002 a5000002 
07.06.2021 11:47:30.677  a4000002 a4000002 
07.06.2021 11:47:30.680  a5000002 a5000002 
07.06.2021 11:47:30.770  a4000002 a5000002 
07.06.2021 11:47:30.785  a5000002 a5000002 
07.06.2021 11:47:30.788  a4000002 a5000002 
07.06.2021 11:47:30.791  a4000002 a4000002 
07.06.2021 11:47:30.803  a4000002 a5000002 
07.06.2021 11:47:30.806  a4000002 a4000002 
07.06.2021 11:47:30.878  a5000002 a5000002 
07.06.2021 11:47:31.799  a4000002 a5000002 
07.06.2021 11:47:31.811  a5000002 a5000002 
07.06.2021 11:47:31.814  a4000002 a5000002 
07.06.2021 11:47:31.823  a4000002 a4000002 
07.06.2021 11:47:31.829  a4000002 a5000002 
07.06.2021 11:47:31.832  a4000002 a4000002 
07.06.2021 11:47:31.913  a5000002 a5000002 
07.06.2021 11:47:31.919  a4000002 a4000002 
07.06.2021 11:47:31.922  a5000002 a5000002 
07.06.2021 11:47:32.015  a4000002 a5000002 
07.06.2021 11:47:32.027  a5000002 a5000002 
07.06.2021 11:47:32.030  a4000002 a5000002 
07.06.2021 11:47:32.033  a4000002 a4000002 
07.06.2021 11:47:32.045  a4000002 a5000002 
07.06.2021 11:47:32.048  a4000002 a4000002 
07.06.2021 11:47:32.144  a5000002 a5000002 
07.06.2021 11:47:32.153  a4000002 a4000002 
07.06.2021 11:47:32.156  a5000002 a5000002 
07.06.2021 11:47:32.408  a4000002 a5000002 
07.06.2021 11:47:32.426  a4000002 a4000002 
07.06.2021 11:47:32.441  a4000002 a5000002 
07.06.2021 11:47:32.444  a4000002 a4000002 
07.06.2021 11:47:32.516  a5000002 a5000002 
07.06.2021 11:47:32.531  a4000002 a4000002 
07.06.2021 11:47:32.534  a5000002 a5000002 
07.06.2021 11:47:32.624  a4000002 a5000002 
07.06.2021 11:47:32.639  a5000002 a5000002 
07.06.2021 11:47:32.642  a4000002 a5000002 
07.06.2021 11:47:32.645  a4000002 a4000002 
07.06.2021 11:47:32.657  a4000002 a5000002 
07.06.2021 11:47:32.660  a4000002 a4000002 
07.06.2021 11:47:32.702  a5000002 a4000002 
07.06.2021 11:47:32.711  a4000002 a4000002 
07.06.2021 11:47:32.714  a5000002 a4000002 
07.06.2021 11:47:32.750  a4000002 a4000002 
07.06.2021 11:47:32.765  a5000002 a4000002 
07.06.2021 11:47:32.768  a4000002 a4000002 
07.06.2021 11:47:32.915  a4000002 a5000002 
07.06.2021 11:47:32.927  a4000002 a4000002 
07.06.2021 11:47:32.930  a4000002 a5000002 
07.06.2021 11:47:32.993  a4000002 a4000002 
07.06.2021 11:47:32.999  a4000002 a5000002 
07.06.2021 11:47:33.002  a4000002 a4000002 
07.06.2021 11:47:33.062  a4000002 a5000002 
07.06.2021 11:47:33.071  a4000002 a4000002 
07.06.2021 11:47:33.074  a4000002 a5000002 
07.06.2021 11:47:33.128  a4000002 a4000002 
07.06.2021 11:47:33.143  a4000002 a5000002 
07.06.2021 11:47:33.146  a4000002 a4000002 
07.06.2021 11:47:33.206  a5000002 a5000002 
07.06.2021 11:47:33.215  a4000002 a4000002 
07.06.2021 11:47:33.218  a5000002 a5000002 
07.06.2021 11:47:33.284  a4000002 a5000002 
07.06.2021 11:47:33.287  a5000002 a5000002 
07.06.2021 11:47:33.290  a4000002 a5000002 
07.06.2021 11:47:33.308  a4000002 a4000002 
07.06.2021 11:47:33.323  a4000002 a5000002 
07.06.2021 11:47:33.326  a4000002 a4000002 
07.06.2021 11:47:33.416  a5000002 a5000002 
07.06.2021 11:47:33.431  a4000002 a4000002 
07.06.2021 11:47:33.434  a5000002 a5000002 
07.06.2021 11:47:33.524  a4000002 a5000002 
07.06.2021 11:47:33.539  a5000002 a5000002 
07.06.2021 11:47:33.542  a4000002 a5000002 
07.06.2021 11:47:33.545  a4000002 a4000002 
07.06.2021 11:47:33.557  a4000002 a5000002 
07.06.2021 11:47:33.560  a4000002 a4000002 
07.06.2021 11:47:33.644  a5000002 a5000002 
07.06.2021 11:47:33.647  a4000002 a4000002 
07.06.2021 11:47:33.650  a5000002 a5000002 
07.06.2021 11:47:33.740  a4000002 a5000002 
07.06.2021 11:47:33.755  a5000002 a5000002 
07.06.2021 11:47:33.758  a4000002 a5000002 
07.06.2021 11:47:33.761  a4000002 a4000002 
07.06.2021 11:47:33.773  a4000002 a5000002 
07.06.2021 11:47:33.776  a4000002 a4000002 
07.06.2021 11:47:33.872  a5000002 a5000002 
07.06.2021 11:47:33.881  a4000002 a4000002 
07.06.2021 11:47:33.884  a5000002 a5000002 
07.06.2021 11:47:33.974  a4000002 a5000002 
07.06.2021 11:47:33.989  a5000002 a5000002 
07.06.2021 11:47:33.992  a4000002 a5000002 
07.06.2021 11:47:33.995  a4000002 a4000002 
07.06.2021 11:47:34.007  a4000002 a5000002 
07.06.2021 11:47:34.010  a4000002 a4000002 
07.06.2021 11:47:34.094  a5000002 a5000002 
07.06.2021 11:47:34.097  a4000002 a4000002 
07.06.2021 11:47:34.100  a5000002 a5000002 
07.06.2021 11:47:34.190  a4000002 a5000002 
07.06.2021 11:47:34.205  a5000002 a5000002 
07.06.2021 11:47:34.208  a4000002 a5000002 
07.06.2021 11:47:34.211  a4000002 a4000002 
07.06.2021 11:47:34.223  a4000002 a5000002 
07.06.2021 11:47:34.226  a4000002 a4000002 
07.06.2021 11:47:34.373  a4000002 a5000002 
07.06.2021 11:47:34.385  a4000002 a4000002 
07.06.2021 11:47:34.388  a4000002 a5000002 
07.06.2021 11:47:34.442  a4000002 a4000002 
07.06.2021 11:47:34.457  a4000002 a5000002 
07.06.2021 11:47:34.460  a4000002 a4000002 
07.06.2021 11:47:34.802  a4000002 a5000002 
07.06.2021 11:47:34.817  a4000002 a4000002 
07.06.2021 11:47:34.820  a4000002 a5000002 
07.06.2021 11:47:34.886  a4000002 a4000002 
07.06.2021 11:47:34.889  a4000002 a5000002 
07.06.2021 11:47:34.892  a4000002 a4000002 
07.06.2021 11:47:35.045  a5000002 a4000002 
07.06.2021 11:47:35.051  a4000002 a4000002 
07.06.2021 11:47:35.054  a5000002 a4000002 
07.06.2021 11:47:35.126  a4000002 a4000002 
07.06.2021 11:47:35.324  a5000002 a5000002 
07.06.2021 11:47:35.414  a4000002 a5000002 
07.06.2021 11:47:35.429  a5000002 a5000002 
07.06.2021 11:47:35.432  a4000002 a5000002 
07.06.2021 11:47:35.435  a4000002 a4000002 
07.06.2021 11:47:35.447  a4000002 a5000002 
07.06.2021 11:47:35.450  a4000002 a4000002 
07.06.2021 11:47:35.534  a5000002 a5000002 
07.06.2021 11:47:35.537  a4000002 a4000002 
07.06.2021 11:47:35.540  a5000002 a5000002 
07.06.2021 11:47:35.630  a4000002 a5000002 
07.06.2021 11:47:35.645  a5000002 a5000002 
07.06.2021 11:47:35.648  a4000002 a5000002 
07.06.2021 11:47:35.651  a4000002 a4000002 
07.06.2021 11:47:35.663  a4000002 a5000002 
07.06.2021 11:47:35.666  a4000002 a4000002 
07.06.2021 11:47:35.759  a5000002 a5000002 
07.06.2021 11:47:35.771  a4000002 a4000002 
07.06.2021 11:47:35.774  a5000002 a5000002 
07.06.2021 11:47:35.864  a4000002 a5000002 
07.06.2021 11:47:35.879  a5000002 a5000002 
07.06.2021 11:47:35.882  a4000002 a5000002 
07.06.2021 11:47:35.885  a4000002 a4000002 
07.06.2021 11:47:35.897  a4000002 a5000002 
07.06.2021 11:47:35.900  a4000002 a4000002 
07.06.2021 11:47:35.984  a5000002 a5000002 
07.06.2021 11:47:35.987  a4000002 a4000002 
07.06.2021 11:47:35.990  a5000002 a5000002 
07.06.2021 11:47:36.080  a4000002 a5000002 
07.06.2021 11:47:36.095  a5000002 a5000002 
07.06.2021 11:47:36.098  a4000002 a5000002 
07.06.2021 11:47:36.101  a4000002 a4000002 
07.06.2021 11:47:36.113  a4000002 a5000002 
07.06.2021 11:47:36.116  a4000002 a4000002 
07.06.2021 11:47:39.086  a4000002 a5000002 
07.06.2021 11:47:39.101  a4000002 a4000002 
07.06.2021 11:47:39.104  a4000002 a5000002 
07.06.2021 11:47:39.158  a4000002 a4000002 
07.06.2021 11:47:39.173  a4000002 a5000002 
07.06.2021 11:47:39.176  a4000002 a4000002 
07.06.2021 11:47:56.969  a4000003 a4000003 
07.06.2021 11:47:56.972  a4000003 ac000003 
07.06.2021 11:47:56.975  a4000002 a4000002 
07.06.2021 11:47:56.978  a4000003 ac000003 
07.06.2021 11:47:56.996  a4000002 ac000002 
07.06.2021 11:47:57.005  a4000002 a4000002 
07.06.2021 11:47:57.011  a4000003 ac000003 
07.06.2021 11:47:57.014  a4000002 a4000002 
07.06.2021 11:47:57.104  a4000002 ac000002 
07.06.2021 11:47:57.131  a4000002 a4000002 
07.06.2021 11:47:57.137  a4000002 ac000002 
07.06.2021 11:47:57.140  a4000002 a4000002 
07.06.2021 11:47:57.239  a4000003 a4000003 
07.06.2021 11:47:57.245  a4000002 a4000002 
07.06.2021 11:47:57.248  a4000003 ac000003 
07.06.2021 11:47:57.275  a4000003 a4000003 
07.06.2021 11:47:57.281  a4000003 ac000003 
07.06.2021 11:47:57.284  a4000003 a4000003 
07.06.2021 11:47:57.386  a5000003 a5000003 
07.06.2021 11:47:57.389  a4000003 a4000003 
07.06.2021 11:47:57.392  a5000003 a5000003 
07.06.2021 11:47:57.482  a4000003 a5000003 
07.06.2021 11:47:57.497  a5000003 a5000003 
07.06.2021 11:47:57.500  a4000003 a5000003 
07.06.2021 11:47:57.503  a4000003 a4000003 
07.06.2021 11:47:57.515  a4000003 a5000003 
07.06.2021 11:47:57.518  a4000003 a4000003 
07.06.2021 11:47:57.596  a5000003 a5000003 
07.06.2021 11:47:57.605  a4000003 a4000003 
07.06.2021 11:47:57.608  a5000003 a5000003 
07.06.2021 11:47:57.698  a4000003 a5000003 
07.06.2021 11:47:57.713  a5000003 a5000003 
07.06.2021 11:47:57.716  a4000003 a5000003 
07.06.2021 11:47:57.719  a4000003 a4000003 
07.06.2021 11:47:57.731  a4000003 a5000003 
07.06.2021 11:47:57.734  a4000003 a4000003 
07.06.2021 11:54:30.084  a4000002 a4000002 
07.06.2021 11:54:30.090  a4000002 ac000002 
07.06.2021 11:54:30.099  a4000003 a4000003 
07.06.2021 11:54:30.102  a4000002 ac000002 
07.06.2021 11:54:30.129  a4000002 a4000002 
07.06.2021 11:54:30.135  a4000002 ac000002 
07.06.2021 11:54:30.138  a4000002 a4000002 
07.06.2021 11:54:44.023  a4000001 a4000001 
07.06.2021 11:54:44.026  24000001 24800001 
07.06.2021 11:54:44.032  a4000002 a4000002 
07.06.2021 11:54:44.035  24000001 24800001 
07.06.2021 11:54:44.041  24000001 24000001 
07.06.2021 11:54:44.050  24000001 24800001 
07.06.2021 11:54:44.053  24000001 24000001 

Servicedata V1.0 PLC:\DEBUG\SlaveStateA.service.trace created 07.06.2021 12:01:36 (local time)
hostname: hu, Software: 606421 04, built: 08.10.2014 08:59
-----------------------------------------------------------------------------------------------
                     ms  Virtual BusModule state(s)
07.06.2021 11:56:53.073  24000000 2c000000 
07.06.2021 11:56:53.079  00000000 00000000 
07.06.2021 11:56:53.082  24000000 2c000000 
07.06.2021 11:56:53.229  24000001 2c000000 
07.06.2021 11:56:53.241  24000001 2c000001 
07.06.2021 11:56:53.247  24000000 2c000000 
07.06.2021 11:56:53.250  24000001 2c000001 
07.06.2021 11:56:53.370  24000001 24000001 
07.06.2021 11:56:53.373  24000001 2c000001 
07.06.2021 11:56:53.376  24000001 24000001 
07.06.2021 11:58:04.705  24000002 24000002 
07.06.2021 11:58:04.708  a4000002 a4000002 
07.06.2021 11:58:04.714  24000001 24000001 
07.06.2021 11:58:04.717  a4000002 a4000002 
07.06.2021 11:58:04.951  a4000002 a5000002 
07.06.2021 11:58:05.008  a4000002 a4000002 
07.06.2021 11:58:05.020  a4000002 a5000002 
07.06.2021 11:58:05.023  a4000002 a4000002 
07.06.2021 11:58:05.143  a5000002 a5000002 
07.06.2021 11:58:05.146  a4000002 a4000002 
07.06.2021 11:58:05.149  a5000002 a5000002 
07.06.2021 11:58:05.227  a4000002 a5000002 
07.06.2021 11:58:05.236  a5000002 a5000002 
07.06.2021 11:58:05.239  a4000002 a5000002 
07.06.2021 11:58:05.251  a4000002 a4000002 
07.06.2021 11:58:05.254  a4000002 a5000002 
07.06.2021 11:58:05.257  a4000002 a4000002 
07.06.2021 11:58:08.338  a5000002 a5000002 
07.06.2021 11:58:08.350  a4000002 a4000002 
07.06.2021 11:58:08.353  a5000002 a5000002 
07.06.2021 11:58:08.431  a4000002 a5000002 
07.06.2021 11:58:08.440  a5000002 a5000002 
07.06.2021 11:58:08.443  a4000002 a5000002 
07.06.2021 11:58:08.452  a4000002 a4000002 
07.06.2021 11:58:08.458  a4000002 a5000002 
07.06.2021 11:58:08.461  a4000002 a4000002 
07.06.2021 11:58:08.560  a5000002 a5000002 
07.06.2021 11:58:08.566  a4000002 a4000002 
07.06.2021 11:58:08.569  a5000002 a5000002 
07.06.2021 11:58:08.668  a4000002 a5000002 
07.06.2021 11:58:08.674  a5000002 a5000002 
07.06.2021 11:58:08.677  a4000002 a5000002 
07.06.2021 11:58:08.689  a4000002 a4000002 
07.06.2021 11:58:08.692  a4000002 a5000002 
07.06.2021 11:58:08.695  a4000002 a4000002 
07.06.2021 11:58:08.785  a5000002 a5000002 
07.06.2021 11:58:08.863  a4000002 a5000002 
07.06.2021 11:58:08.872  a5000002 a5000002 
07.06.2021 11:58:08.875  a4000002 a5000002 
07.06.2021 11:58:08.884  a4000002 a4000002 
07.06.2021 11:58:08.890  a4000002 a5000002 
07.06.2021 11:58:08.893  a4000002 a4000002 
07.06.2021 11:58:08.986  a5000002 a5000002 
07.06.2021 11:58:08.998  a4000002 a4000002 
07.06.2021 11:58:09.001  a5000002 a5000002 
07.06.2021 11:58:09.193  a4000002 a5000002 
07.06.2021 11:58:09.196  a5000002 a5000002 
07.06.2021 11:58:09.199  a4000002 a5000002 
07.06.2021 11:58:09.211  a4000002 a4000002 
07.06.2021 11:58:09.214  a4000002 a5000002 
07.06.2021 11:58:09.217  a4000002 a4000002 
07.06.2021 11:58:09.316  a5000002 a5000002 
07.06.2021 11:58:09.322  a4000002 a4000002 
07.06.2021 11:58:09.325  a5000002 a5000002 
07.06.2021 11:58:09.427  a4000002 a5000002 
07.06.2021 11:58:09.430  a5000002 a5000002 
07.06.2021 11:58:09.433  a4000002 a5000002 
07.06.2021 11:58:09.451  a4000002 a4000002 
07.06.2021 11:58:09.565  a5000002 a5000002 
07.06.2021 11:58:09.574  a4000002 a4000002 
07.06.2021 11:58:09.577  a5000002 a5000002 
07.06.2021 11:58:09.679  a4000002 a5000002 
07.06.2021 11:58:09.682  a5000002 a5000002 
07.06.2021 11:58:09.685  a4000002 a5000002 
07.06.2021 11:58:09.703  a4000002 a4000002 
07.06.2021 11:58:09.793  a5000002 a5000002 
07.06.2021 11:58:09.808  a4000002 a4000002 
07.06.2021 11:58:09.811  a5000002 a5000002 
07.06.2021 11:58:09.901  a4000002 a5000002 
07.06.2021 11:58:09.916  a5000002 a5000002 
07.06.2021 11:58:09.919  a4000002 a5000002 
07.06.2021 11:58:09.922  a4000002 a4000002 
07.06.2021 11:58:09.934  a4000002 a5000002 
07.06.2021 11:58:09.937  a4000002 a4000002 
07.06.2021 11:58:10.027  a4000002 a5000002 
07.06.2021 11:58:10.033  a5000002 a5000002 
07.06.2021 11:58:10.042  a4000002 a4000002 
07.06.2021 11:58:10.045  a5000002 a5000002 
07.06.2021 11:58:10.135  a4000002 a5000002 
07.06.2021 11:58:10.150  a5000002 a5000002 
07.06.2021 11:58:10.153  a4000002 a5000002 
07.06.2021 11:58:10.156  a4000002 a4000002 
07.06.2021 11:58:10.168  a4000002 a5000002 
07.06.2021 11:58:10.171  a4000002 a4000002 
07.06.2021 11:58:10.243  a5000002 a5000002 
07.06.2021 11:58:11.164  a4000002 a5000002 
07.06.2021 11:58:11.176  a5000002 a5000002 
07.06.2021 11:58:11.179  a4000002 a5000002 
07.06.2021 11:58:11.188  a4000002 a4000002 
07.06.2021 11:58:11.194  a4000002 a5000002 
07.06.2021 11:58:11.197  a4000002 a4000002 
07.06.2021 11:58:11.281  a5000002 a5000002 
07.06.2021 11:58:11.284  a4000002 a4000002 
07.06.2021 11:58:11.287  a5000002 a5000002 
07.06.2021 11:58:11.377  a4000002 a5000002 
07.06.2021 11:58:11.392  a5000002 a5000002 
07.06.2021 11:58:11.395  a4000002 a5000002 
07.06.2021 11:58:11.398  a4000002 a4000002 
07.06.2021 11:58:11.410  a4000002 a5000002 
07.06.2021 11:58:11.413  a4000002 a4000002 
07.06.2021 11:58:11.509  a5000002 a5000002 
07.06.2021 11:58:11.518  a4000002 a4000002 
07.06.2021 11:58:11.521  a5000002 a5000002 
07.06.2021 11:58:11.800  a4000002 a5000002 
07.06.2021 11:58:11.806  a5000002 a5000002 
07.06.2021 11:58:11.809  a4000002 a5000002 
07.06.2021 11:58:11.821  a4000002 a4000002 
07.06.2021 11:58:11.824  a4000002 a5000002 
07.06.2021 11:58:11.827  a4000002 a4000002 
07.06.2021 11:58:11.917  a5000002 a5000002 
07.06.2021 11:58:12.007  a4000002 a5000002 
07.06.2021 11:58:12.022  a5000002 a5000002 
07.06.2021 11:58:12.025  a4000002 a5000002 
07.06.2021 11:58:12.028  a4000002 a4000002 
07.06.2021 11:58:12.040  a4000002 a5000002 
07.06.2021 11:58:12.043  a4000002 a4000002 
07.06.2021 11:58:12.088  a5000002 a4000002 
07.06.2021 11:58:12.094  a4000002 a4000002 
07.06.2021 11:58:12.097  a5000002 a4000002 
07.06.2021 11:58:12.133  a4000002 a4000002 
07.06.2021 11:58:12.313  a4000002 a5000002 
07.06.2021 11:58:12.358  a4000002 a4000002 
07.06.2021 11:58:12.364  a4000002 a5000002 
07.06.2021 11:58:12.367  a4000002 a4000002 
07.06.2021 11:58:12.427  a4000002 a5000002 
07.06.2021 11:58:12.436  a4000002 a4000002 
07.06.2021 11:58:12.439  a4000002 a5000002 
07.06.2021 11:58:12.493  a4000002 a4000002 
07.06.2021 11:58:12.508  a4000002 a5000002 
07.06.2021 11:58:12.511  a4000002 a4000002 
07.06.2021 11:58:12.574  a5000002 a5000002 
07.06.2021 11:58:12.580  a4000002 a4000002 
07.06.2021 11:58:12.583  a5000002 a5000002 
07.06.2021 11:58:12.655  a4000002 a5000002 
07.06.2021 11:58:12.673  a4000002 a4000002 
07.06.2021 11:58:12.688  a4000002 a5000002 
07.06.2021 11:58:12.691  a4000002 a4000002 
07.06.2021 11:58:12.784  a5000002 a5000002 
07.06.2021 11:58:12.796  a4000002 a4000002 
07.06.2021 11:58:12.799  a5000002 a5000002 
07.06.2021 11:58:12.889  a4000002 a5000002 
07.06.2021 11:58:12.904  a5000002 a5000002 
07.06.2021 11:58:12.907  a4000002 a5000002 
07.06.2021 11:58:12.910  a4000002 a4000002 
07.06.2021 11:58:12.922  a4000002 a5000002 
07.06.2021 11:58:12.925  a4000002 a4000002 
07.06.2021 11:58:13.009  a5000002 a5000002 
07.06.2021 11:58:13.012  a4000002 a4000002 
07.06.2021 11:58:13.015  a5000002 a5000002 
07.06.2021 11:58:13.105  a4000002 a5000002 
07.06.2021 11:58:13.120  a5000002 a5000002 
07.06.2021 11:58:13.123  a4000002 a5000002 
07.06.2021 11:58:13.126  a4000002 a4000002 
07.06.2021 11:58:13.138  a4000002 a5000002 
07.06.2021 11:58:13.141  a4000002 a4000002 
07.06.2021 11:58:13.237  a5000002 a5000002 
07.06.2021 11:58:13.246  a4000002 a4000002 
07.06.2021 11:58:13.249  a5000002 a5000002 
07.06.2021 11:58:13.339  a4000002 a5000002 
07.06.2021 11:58:13.354  a5000002 a5000002 
07.06.2021 11:58:13.357  a4000002 a5000002 
07.06.2021 11:58:13.360  a4000002 a4000002 
07.06.2021 11:58:13.372  a4000002 a5000002 
07.06.2021 11:58:13.375  a4000002 a4000002 
07.06.2021 11:58:13.459  a5000002 a5000002 
07.06.2021 11:58:13.462  a4000002 a4000002 
07.06.2021 11:58:13.465  a5000002 a5000002 
07.06.2021 11:58:13.555  a4000002 a5000002 
07.06.2021 11:58:13.570  a5000002 a5000002 
07.06.2021 11:58:13.573  a4000002 a5000002 
07.06.2021 11:58:13.576  a4000002 a4000002 
07.06.2021 11:58:13.588  a4000002 a5000002 
07.06.2021 11:58:13.591  a4000002 a4000002 
07.06.2021 11:58:13.738  a4000002 a5000002 
07.06.2021 11:58:13.750  a4000002 a4000002 
07.06.2021 11:58:13.753  a4000002 a5000002 
07.06.2021 11:58:13.807  a4000002 a4000002 
07.06.2021 11:58:13.822  a4000002 a5000002 
07.06.2021 11:58:13.825  a4000002 a4000002 
07.06.2021 11:58:14.239  a4000002 a5000002 
07.06.2021 11:58:14.254  a4000002 a4000002 
07.06.2021 11:58:14.257  a4000002 a5000002 
07.06.2021 11:58:14.323  a4000002 a4000002 
07.06.2021 11:58:14.326  a4000002 a5000002 
07.06.2021 11:58:14.329  a4000002 a4000002 
07.06.2021 11:58:14.473  a5000002 a4000002 
07.06.2021 11:58:14.518  a4000002 a4000002 
07.06.2021 11:58:14.524  a5000002 a4000002 
07.06.2021 11:58:14.527  a4000002 a4000002 
07.06.2021 11:58:14.716  a5000002 a5000002 
07.06.2021 11:58:14.722  a4000002 a4000002 
07.06.2021 11:58:14.725  a5000002 a5000002 
07.06.2021 11:58:14.815  a4000002 a5000002 
07.06.2021 11:58:14.830  a5000002 a5000002 
07.06.2021 11:58:14.833  a4000002 a5000002 
07.06.2021 11:58:14.836  a4000002 a4000002 
07.06.2021 11:58:14.848  a4000002 a5000002 
07.06.2021 11:58:14.851  a4000002 a4000002 
07.06.2021 11:58:14.935  a5000002 a5000002 
07.06.2021 11:58:14.938  a4000002 a4000002 
07.06.2021 11:58:14.941  a5000002 a5000002 
07.06.2021 11:58:15.031  a4000002 a5000002 
07.06.2021 11:58:15.046  a5000002 a5000002 
07.06.2021 11:58:15.049  a4000002 a5000002 
07.06.2021 11:58:15.052  a4000002 a4000002 
07.06.2021 11:58:15.064  a4000002 a5000002 
07.06.2021 11:58:15.067  a4000002 a4000002 
07.06.2021 11:58:15.160  a5000002 a5000002 
07.06.2021 11:58:15.172  a4000002 a4000002 
07.06.2021 11:58:15.175  a5000002 a5000002 
07.06.2021 11:58:15.265  a4000002 a5000002 
07.06.2021 11:58:15.280  a5000002 a5000002 
07.06.2021 11:58:15.283  a4000002 a5000002 
07.06.2021 11:58:15.286  a4000002 a4000002 
07.06.2021 11:58:15.298  a4000002 a5000002 
07.06.2021 11:58:15.301  a4000002 a4000002 
07.06.2021 11:58:15.385  a5000002 a5000002 
07.06.2021 11:58:15.388  a4000002 a4000002 
07.06.2021 11:58:15.391  a5000002 a5000002 
07.06.2021 11:58:15.481  a4000002 a5000002 
07.06.2021 11:58:15.496  a5000002 a5000002 
07.06.2021 11:58:15.499  a4000002 a5000002 
07.06.2021 11:58:15.502  a4000002 a4000002 
07.06.2021 11:58:15.514  a4000002 a5000002 
07.06.2021 11:58:15.517  a4000002 a4000002 
07.06.2021 11:58:18.661  a4000002 a5000002 
07.06.2021 11:58:18.664  a4000002 a4000002 
07.06.2021 11:58:18.667  a4000002 a5000002 
07.06.2021 11:58:18.721  a4000002 a4000002 
07.06.2021 11:58:18.736  a4000002 a5000002 
07.06.2021 11:58:18.739  a4000002 a4000002 
07.06.2021 11:59:06.035  a4000003 a4000003 
07.06.2021 11:59:06.038  a4000003 ac000003 
07.06.2021 11:59:06.041  a4000002 a4000002 
07.06.2021 11:59:06.044  a4000003 ac000003 
07.06.2021 11:59:06.062  a4000002 ac000002 
07.06.2021 11:59:06.071  a4000002 a4000002 
07.06.2021 11:59:06.077  a4000003 ac000003 
07.06.2021 11:59:06.080  a4000002 a4000002 
07.06.2021 11:59:06.170  a4000002 ac000002 
07.06.2021 11:59:06.197  a4000002 a4000002 
07.06.2021 11:59:06.203  a4000002 ac000002 
07.06.2021 11:59:06.206  a4000002 a4000002 
07.06.2021 11:59:06.305  a4000003 a4000003 
07.06.2021 11:59:06.311  a4000002 a4000002 
07.06.2021 11:59:06.314  a4000003 ac000003 
07.06.2021 11:59:06.341  a4000003 a4000003 
07.06.2021 11:59:06.347  a4000003 ac000003 
07.06.2021 11:59:06.350  a4000003 a4000003 
07.06.2021 11:59:06.458  a5000003 a5000003 
07.06.2021 11:59:06.473  a4000003 a4000003 
07.06.2021 11:59:06.476  a5000003 a5000003 
07.06.2021 11:59:06.566  a4000003 a5000003 
07.06.2021 11:59:06.581  a5000003 a5000003 
07.06.2021 11:59:06.584  a4000003 a5000003 
07.06.2021 11:59:06.587  a4000003 a4000003 
07.06.2021 11:59:06.599  a4000003 a5000003 
07.06.2021 11:59:06.602  a4000003 a4000003 
07.06.2021 11:59:06.680  a5000003 a5000003 
07.06.2021 11:59:06.689  a4000003 a4000003 
07.06.2021 11:59:06.692  a5000003 a5000003 
07.06.2021 11:59:06.785  a4000003 a5000003 
07.06.2021 11:59:06.797  a5000003 a5000003 
07.06.2021 11:59:06.800  a4000003 a5000003 
07.06.2021 11:59:06.803  a4000003 a4000003 
07.06.2021 11:59:06.815  a4000003 a5000003 
07.06.2021 11:59:06.818  a4000003 a4000003 
07.06.2021 12:01:28.017  a4000002 a4000002 
07.06.2021 12:01:28.023  a4000002 ac000002 
07.06.2021 12:01:28.026  a4000003 a4000003 
07.06.2021 12:01:28.029  a4000002 ac000002 
07.06.2021 12:01:28.056  a4000002 a4000002 
07.06.2021 12:01:28.062  a4000002 ac000002 
07.06.2021 12:01:28.065  a4000002 a4000002 
07.06.2021 12:01:36.189  a4000001 a4000001 
07.06.2021 12:01:36.192  24000001 24800001 
07.06.2021 12:01:36.198  a4000002 a4000002 
07.06.2021 12:01:36.201  24000001 24800001 
07.06.2021 12:01:36.207  24000001 24000001 
07.06.2021 12:01:36.216  24000001 24800001 
07.06.2021 12:01:36.219  24000001 24000001 

Servicedata V1.0 PLC:\DEBUG\SlaveStateA.service.trace created 07.06.2021 12:08:28 (local time)
hostname: hu, Software: 606421 04, built: 08.10.2014 08:59
-----------------------------------------------------------------------------------------------
                     ms  Virtual BusModule state(s)
07.06.2021 12:03:36.080  24000000 2c000000 
07.06.2021 12:03:36.095  00000000 00000000 
07.06.2021 12:03:36.098  24000000 2c000000 
07.06.2021 12:03:36.239  24000001 2c000000 
07.06.2021 12:03:36.242  24000000 2c000000 
07.06.2021 12:03:36.245  24000001 2c000000 
07.06.2021 12:03:36.248  24000001 2c000001 
07.06.2021 12:03:36.263  24000001 2c000000 
07.06.2021 12:03:36.266  24000001 2c000001 
07.06.2021 12:03:36.377  24000001 24000001 
07.06.2021 12:03:36.389  24000001 2c000001 
07.06.2021 12:03:36.392  24000001 24000001 
07.06.2021 12:06:48.496  24000002 24000002 
07.06.2021 12:06:48.499  a4000002 a4000002 
07.06.2021 12:06:48.505  24000001 24000001 
07.06.2021 12:06:48.508  a4000002 a4000002 
07.06.2021 12:06:48.760  a4000002 a5000002 
07.06.2021 12:06:48.817  a4000002 a4000002 
07.06.2021 12:06:48.829  a4000002 a5000002 
07.06.2021 12:06:48.832  a4000002 a4000002 
07.06.2021 12:06:48.952  a5000002 a5000002 
07.06.2021 12:06:48.955  a4000002 a4000002 
07.06.2021 12:06:48.958  a5000002 a5000002 
07.06.2021 12:06:49.039  a4000002 a5000002 
07.06.2021 12:06:49.045  a5000002 a5000002 
07.06.2021 12:06:49.048  a4000002 a5000002 
07.06.2021 12:06:49.060  a4000002 a4000002 
07.06.2021 12:06:49.063  a4000002 a5000002 
07.06.2021 12:06:49.066  a4000002 a4000002 
07.06.2021 12:06:52.147  a5000002 a5000002 
07.06.2021 12:06:52.159  a4000002 a4000002 
07.06.2021 12:06:52.162  a5000002 a5000002 
07.06.2021 12:06:52.240  a4000002 a5000002 
07.06.2021 12:06:52.249  a5000002 a5000002 
07.06.2021 12:06:52.252  a4000002 a5000002 
07.06.2021 12:06:52.264  a4000002 a4000002 
07.06.2021 12:06:52.267  a4000002 a5000002 
07.06.2021 12:06:52.270  a4000002 a4000002 
07.06.2021 12:06:52.369  a5000002 a5000002 
07.06.2021 12:06:52.375  a4000002 a4000002 
07.06.2021 12:06:52.378  a5000002 a5000002 
07.06.2021 12:06:52.477  a4000002 a5000002 
07.06.2021 12:06:52.483  a5000002 a5000002 
07.06.2021 12:06:52.486  a4000002 a5000002 
07.06.2021 12:06:52.498  a4000002 a4000002 
07.06.2021 12:06:52.501  a4000002 a5000002 
07.06.2021 12:06:52.504  a4000002 a4000002 
07.06.2021 12:06:52.588  a5000002 a5000002 
07.06.2021 12:06:52.591  a4000002 a4000002 
07.06.2021 12:06:52.594  a5000002 a5000002 
07.06.2021 12:06:52.672  a4000002 a5000002 
07.06.2021 12:06:52.681  a5000002 a5000002 
07.06.2021 12:06:52.684  a4000002 a5000002 
07.06.2021 12:06:52.696  a4000002 a4000002 
07.06.2021 12:06:52.699  a4000002 a5000002 
07.06.2021 12:06:52.702  a4000002 a4000002 
07.06.2021 12:06:52.867  a5000002 a5000002 
07.06.2021 12:06:52.879  a4000002 a4000002 
07.06.2021 12:06:52.882  a5000002 a5000002 
07.06.2021 12:06:53.047  a4000002 a5000002 
07.06.2021 12:06:53.059  a5000002 a5000002 
07.06.2021 12:06:53.062  a4000002 a5000002 
07.06.2021 12:06:53.071  a4000002 a4000002 
07.06.2021 12:06:53.077  a4000002 a5000002 
07.06.2021 12:06:53.080  a4000002 a4000002 
07.06.2021 12:06:53.173  a5000002 a5000002 
07.06.2021 12:06:53.185  a4000002 a4000002 
07.06.2021 12:06:53.188  a5000002 a5000002 
07.06.2021 12:06:53.296  a4000002 a5000002 
07.06.2021 12:06:53.311  a5000002 a5000002 
07.06.2021 12:06:53.314  a4000002 a5000002 
07.06.2021 12:06:53.317  a4000002 a4000002 
07.06.2021 12:06:53.329  a4000002 a5000002 
07.06.2021 12:06:53.332  a4000002 a4000002 
07.06.2021 12:06:53.431  a5000002 a5000002 
07.06.2021 12:06:53.437  a4000002 a4000002 
07.06.2021 12:06:53.440  a5000002 a5000002 
07.06.2021 12:06:53.542  a4000002 a5000002 
07.06.2021 12:06:53.545  a5000002 a5000002 
07.06.2021 12:06:53.548  a4000002 a5000002 
07.06.2021 12:06:53.566  a4000002 a4000002 
07.06.2021 12:06:53.656  a5000002 a5000002 
07.06.2021 12:06:53.671  a4000002 a4000002 
07.06.2021 12:06:53.674  a5000002 a5000002 
07.06.2021 12:06:53.764  a4000002 a5000002 
07.06.2021 12:06:53.779  a5000002 a5000002 
07.06.2021 12:06:53.782  a4000002 a5000002 
07.06.2021 12:06:53.785  a4000002 a4000002 
07.06.2021 12:06:53.797  a4000002 a5000002 
07.06.2021 12:06:53.800  a4000002 a4000002 
07.06.2021 12:06:53.890  a4000002 a5000002 
07.06.2021 12:06:53.896  a5000002 a5000002 
07.06.2021 12:06:53.905  a4000002 a4000002 
07.06.2021 12:06:53.908  a5000002 a5000002 
07.06.2021 12:06:53.998  a4000002 a5000002 
07.06.2021 12:06:54.013  a5000002 a5000002 
07.06.2021 12:06:54.016  a4000002 a5000002 
07.06.2021 12:06:54.019  a4000002 a4000002 
07.06.2021 12:06:54.031  a4000002 a5000002 
07.06.2021 12:06:54.034  a4000002 a4000002 
07.06.2021 12:06:54.106  a5000002 a5000002 
07.06.2021 12:06:55.033  a4000002 a5000002 
07.06.2021 12:06:55.039  a5000002 a5000002 
07.06.2021 12:06:55.042  a4000002 a5000002 
07.06.2021 12:06:55.051  a4000002 a4000002 
07.06.2021 12:06:55.057  a4000002 a5000002 
07.06.2021 12:06:55.060  a4000002 a4000002 
07.06.2021 12:06:55.144  a5000002 a5000002 
07.06.2021 12:06:55.147  a4000002 a4000002 
07.06.2021 12:06:55.150  a5000002 a5000002 
07.06.2021 12:06:55.246  a4000002 a5000002 
07.06.2021 12:06:55.255  a5000002 a5000002 
07.06.2021 12:06:55.258  a4000002 a5000002 
07.06.2021 12:06:55.267  a4000002 a4000002 
07.06.2021 12:06:55.273  a4000002 a5000002 
07.06.2021 12:06:55.276  a4000002 a4000002 
07.06.2021 12:06:55.378  a5000002 a5000002 
07.06.2021 12:06:55.381  a4000002 a4000002 
07.06.2021 12:06:55.384  a5000002 a5000002 
07.06.2021 12:06:55.672  a4000002 a5000002 
07.06.2021 12:06:55.690  a4000002 a4000002 
07.06.2021 12:06:55.705  a4000002 a5000002 
07.06.2021 12:06:55.708  a4000002 a4000002 
07.06.2021 12:06:55.783  a5000002 a5000002 
07.06.2021 12:06:55.795  a4000002 a4000002 
07.06.2021 12:06:55.798  a5000002 a5000002 
07.06.2021 12:06:55.888  a4000002 a5000002 
07.06.2021 12:06:55.903  a5000002 a5000002 
07.06.2021 12:06:55.906  a4000002 a5000002 
07.06.2021 12:06:55.909  a4000002 a4000002 
07.06.2021 12:06:55.921  a4000002 a5000002 
07.06.2021 12:06:55.924  a4000002 a4000002 
07.06.2021 12:06:55.966  a5000002 a4000002 
07.06.2021 12:06:55.975  a4000002 a4000002 
07.06.2021 12:06:55.978  a5000002 a4000002 
07.06.2021 12:06:56.017  a4000002 a4000002 
07.06.2021 12:06:56.029  a5000002 a4000002 
07.06.2021 12:06:56.032  a4000002 a4000002 
07.06.2021 12:06:56.179  a4000002 a5000002 
07.06.2021 12:06:56.191  a4000002 a4000002 
07.06.2021 12:06:56.194  a4000002 a5000002 
07.06.2021 12:06:56.257  a4000002 a4000002 
07.06.2021 12:06:56.263  a4000002 a5000002 
07.06.2021 12:06:56.266  a4000002 a4000002 
07.06.2021 12:06:56.326  a4000002 a5000002 
07.06.2021 12:06:56.335  a4000002 a4000002 
07.06.2021 12:06:56.338  a4000002 a5000002 
07.06.2021 12:06:56.392  a4000002 a4000002 
07.06.2021 12:06:56.407  a4000002 a5000002 
07.06.2021 12:06:56.410  a4000002 a4000002 
07.06.2021 12:06:56.482  a5000002 a5000002 
07.06.2021 12:06:56.554  a4000002 a5000002 
07.06.2021 12:06:56.572  a4000002 a4000002 
07.06.2021 12:06:56.587  a4000002 a5000002 
07.06.2021 12:06:56.590  a4000002 a4000002 
07.06.2021 12:06:56.683  a5000002 a5000002 
07.06.2021 12:06:56.695  a4000002 a4000002 
07.06.2021 12:06:56.698  a5000002 a5000002 
07.06.2021 12:06:56.788  a4000002 a5000002 
07.06.2021 12:06:56.803  a5000002 a5000002 
07.06.2021 12:06:56.806  a4000002 a5000002 
07.06.2021 12:06:56.809  a4000002 a4000002 
07.06.2021 12:06:56.821  a4000002 a5000002 
07.06.2021 12:06:56.824  a4000002 a4000002 
07.06.2021 12:06:56.908  a5000002 a5000002 
07.06.2021 12:06:56.911  a4000002 a4000002 
07.06.2021 12:06:56.914  a5000002 a5000002 
07.06.2021 12:06:57.004  a4000002 a5000002 
07.06.2021 12:06:57.019  a5000002 a5000002 
07.06.2021 12:06:57.022  a4000002 a5000002 
07.06.2021 12:06:57.025  a4000002 a4000002 
07.06.2021 12:06:57.037  a4000002 a5000002 
07.06.2021 12:06:57.040  a4000002 a4000002 
07.06.2021 12:06:57.136  a5000002 a5000002 
07.06.2021 12:06:57.145  a4000002 a4000002 
07.06.2021 12:06:57.148  a5000002 a5000002 
07.06.2021 12:06:57.238  a4000002 a5000002 
07.06.2021 12:06:57.253  a5000002 a5000002 
07.06.2021 12:06:57.256  a4000002 a5000002 
07.06.2021 12:06:57.259  a4000002 a4000002 
07.06.2021 12:06:57.271  a4000002 a5000002 
07.06.2021 12:06:57.274  a4000002 a4000002 
07.06.2021 12:06:57.358  a5000002 a5000002 
07.06.2021 12:06:57.361  a4000002 a4000002 
07.06.2021 12:06:57.364  a5000002 a5000002 
07.06.2021 12:06:57.454  a4000002 a5000002 
07.06.2021 12:06:57.469  a5000002 a5000002 
07.06.2021 12:06:57.472  a4000002 a5000002 
07.06.2021 12:06:57.475  a4000002 a4000002 
07.06.2021 12:06:57.487  a4000002 a5000002 
07.06.2021 12:06:57.490  a4000002 a4000002 
07.06.2021 12:06:57.637  a4000002 a5000002 
07.06.2021 12:06:57.649  a4000002 a4000002 
07.06.2021 12:06:57.652  a4000002 a5000002 
07.06.2021 12:06:57.706  a4000002 a4000002 
07.06.2021 12:06:57.721  a4000002 a5000002 
07.06.2021 12:06:57.724  a4000002 a4000002 
07.06.2021 12:06:58.066  a4000002 a5000002 
07.06.2021 12:06:58.081  a4000002 a4000002 
07.06.2021 12:06:58.084  a4000002 a5000002 
07.06.2021 12:06:58.174  a4000002 a4000002 
07.06.2021 12:06:58.189  a4000002 a5000002 
07.06.2021 12:06:58.192  a4000002 a4000002 
07.06.2021 12:06:58.309  a5000002 a4000002 
07.06.2021 12:06:58.315  a4000002 a4000002 
07.06.2021 12:06:58.318  a5000002 a4000002 
07.06.2021 12:06:58.390  a4000002 a4000002 
07.06.2021 12:06:58.588  a5000002 a5000002 
07.06.2021 12:06:58.678  a4000002 a5000002 
07.06.2021 12:06:58.693  a5000002 a5000002 
07.06.2021 12:06:58.696  a4000002 a5000002 
07.06.2021 12:06:58.699  a4000002 a4000002 
07.06.2021 12:06:58.711  a4000002 a5000002 
07.06.2021 12:06:58.714  a4000002 a4000002 
07.06.2021 12:06:58.798  a5000002 a5000002 
07.06.2021 12:06:58.801  a4000002 a4000002 
07.06.2021 12:06:58.804  a5000002 a5000002 
07.06.2021 12:06:58.894  a4000002 a5000002 
07.06.2021 12:06:58.909  a5000002 a5000002 
07.06.2021 12:06:58.912  a4000002 a5000002 
07.06.2021 12:06:58.915  a4000002 a4000002 
07.06.2021 12:06:58.927  a4000002 a5000002 
07.06.2021 12:06:58.930  a4000002 a4000002 
07.06.2021 12:06:59.023  a5000002 a5000002 
07.06.2021 12:06:59.035  a4000002 a4000002 
07.06.2021 12:06:59.038  a5000002 a5000002 
07.06.2021 12:06:59.128  a4000002 a5000002 
07.06.2021 12:06:59.143  a5000002 a5000002 
07.06.2021 12:06:59.146  a4000002 a5000002 
07.06.2021 12:06:59.149  a4000002 a4000002 
07.06.2021 12:06:59.161  a4000002 a5000002 
07.06.2021 12:06:59.164  a4000002 a4000002 
07.06.2021 12:06:59.248  a5000002 a5000002 
07.06.2021 12:06:59.251  a4000002 a4000002 
07.06.2021 12:06:59.254  a5000002 a5000002 
07.06.2021 12:06:59.344  a4000002 a5000002 
07.06.2021 12:06:59.359  a5000002 a5000002 
07.06.2021 12:06:59.362  a4000002 a5000002 
07.06.2021 12:06:59.365  a4000002 a4000002 
07.06.2021 12:06:59.377  a4000002 a5000002 
07.06.2021 12:06:59.380  a4000002 a4000002 
07.06.2021 12:07:02.350  a4000002 a5000002 
07.06.2021 12:07:02.365  a4000002 a4000002 
07.06.2021 12:07:02.368  a4000002 a5000002 
07.06.2021 12:07:02.422  a4000002 a4000002 
07.06.2021 12:07:02.437  a4000002 a5000002 
07.06.2021 12:07:02.440  a4000002 a4000002 
07.06.2021 12:07:03.691  a4000003 a4000003 
07.06.2021 12:07:03.694  a4000003 ac000003 
07.06.2021 12:07:03.697  a4000002 a4000002 
07.06.2021 12:07:03.700  a4000003 ac000003 
07.06.2021 12:07:03.721  a4000002 ac000002 
07.06.2021 12:07:03.727  a4000002 a4000002 
07.06.2021 12:07:03.733  a4000003 ac000003 
07.06.2021 12:07:03.736  a4000002 a4000002 
07.06.2021 12:07:03.826  a4000002 ac000002 
07.06.2021 12:07:03.841  a4000002 a4000002 
07.06.2021 12:07:03.844  a4000002 ac000002 
07.06.2021 12:07:03.871  a4000002 a4000002 
07.06.2021 12:07:03.877  a4000002 ac000002 
07.06.2021 12:07:03.880  a4000002 a4000002 
07.06.2021 12:07:03.961  a4000003 a4000003 
07.06.2021 12:07:03.967  a4000002 a4000002 
07.06.2021 12:07:03.970  a4000003 ac000003 
07.06.2021 12:07:03.997  a4000003 a4000003 
07.06.2021 12:07:04.003  a4000003 ac000003 
07.06.2021 12:07:04.006  a4000003 a4000003 
07.06.2021 12:07:04.114  a5000003 a5000003 
07.06.2021 12:07:04.129  a4000003 a4000003 
07.06.2021 12:07:04.132  a5000003 a5000003 
07.06.2021 12:07:04.222  a4000003 a5000003 
07.06.2021 12:07:04.237  a5000003 a5000003 
07.06.2021 12:07:04.240  a4000003 a5000003 
07.06.2021 12:07:04.243  a4000003 a4000003 
07.06.2021 12:07:04.255  a4000003 a5000003 
07.06.2021 12:07:04.258  a4000003 a4000003 
07.06.2021 12:07:04.336  a5000003 a5000003 
07.06.2021 12:07:04.345  a4000003 a4000003 
07.06.2021 12:07:04.348  a5000003 a5000003 
07.06.2021 12:07:04.438  a4000003 a5000003 
07.06.2021 12:07:04.453  a5000003 a5000003 
07.06.2021 12:07:04.456  a4000003 a5000003 
07.06.2021 12:07:04.459  a4000003 a4000003 
07.06.2021 12:07:04.471  a4000003 a5000003 
07.06.2021 12:07:04.474  a4000003 a4000003 

Servicedata V1.0 PLC:\DEBUG\SlaveStateA.service.trace created 07.06.2021 12:23:33 (local time)
hostname: hu, Software: 606421 04, built: 08.10.2014 08:59
-----------------------------------------------------------------------------------------------
                     ms  Virtual BusModule state(s)
07.06.2021 12:09:07.203  24000000 2c000000 
07.06.2021 12:09:07.209  00000000 00000000 
07.06.2021 12:09:07.212  24000000 2c000000 
07.06.2021 12:09:07.359  24000001 2c000000 
07.06.2021 12:09:07.371  24000001 2c000001 
07.06.2021 12:09:07.377  24000000 2c000000 
07.06.2021 12:09:07.380  24000001 2c000001 
07.06.2021 12:09:07.500  24000001 24000001 
07.06.2021 12:09:07.503  24000001 2c000001 
07.06.2021 12:09:07.506  24000001 24000001 
07.06.2021 12:09:27.426  24000002 24000002 
07.06.2021 12:09:27.429  a4000002 a4000002 
07.06.2021 12:09:27.435  24000001 24000001 
07.06.2021 12:09:27.438  a4000002 a4000002 
07.06.2021 12:09:27.666  a4000002 a5000002 
07.06.2021 12:09:27.669  a4000002 a4000002 
07.06.2021 12:09:27.672  a4000002 a5000002 
07.06.2021 12:09:27.726  a4000002 a4000002 
07.06.2021 12:09:27.741  a4000002 a5000002 
07.06.2021 12:09:27.744  a4000002 a4000002 
07.06.2021 12:09:27.861  a5000002 a5000002 
07.06.2021 12:09:27.867  a4000002 a4000002 
07.06.2021 12:09:27.870  a5000002 a5000002 
07.06.2021 12:09:27.948  a4000002 a5000002 
07.06.2021 12:09:27.957  a5000002 a5000002 
07.06.2021 12:09:27.960  a4000002 a5000002 
07.06.2021 12:09:27.969  a4000002 a4000002 
07.06.2021 12:09:27.975  a4000002 a5000002 
07.06.2021 12:09:27.978  a4000002 a4000002 
07.06.2021 12:09:31.059  a5000002 a5000002 
07.06.2021 12:09:31.071  a4000002 a4000002 
07.06.2021 12:09:31.074  a5000002 a5000002 
07.06.2021 12:09:31.152  a4000002 a5000002 
07.06.2021 12:09:31.161  a5000002 a5000002 
07.06.2021 12:09:31.164  a4000002 a5000002 
07.06.2021 12:09:31.173  a4000002 a4000002 
07.06.2021 12:09:31.179  a4000002 a5000002 
07.06.2021 12:09:31.182  a4000002 a4000002 
07.06.2021 12:09:31.278  a5000002 a5000002 
07.06.2021 12:09:31.287  a4000002 a4000002 
07.06.2021 12:09:31.290  a5000002 a5000002 
07.06.2021 12:09:31.386  a4000002 a5000002 
07.06.2021 12:09:31.395  a5000002 a5000002 
07.06.2021 12:09:31.398  a4000002 a5000002 
07.06.2021 12:09:31.407  a4000002 a4000002 
07.06.2021 12:09:31.413  a4000002 a5000002 
07.06.2021 12:09:31.416  a4000002 a4000002 
07.06.2021 12:09:31.497  a5000002 a5000002 
07.06.2021 12:09:31.503  a4000002 a4000002 
07.06.2021 12:09:31.506  a5000002 a5000002 
07.06.2021 12:09:31.584  a4000002 a5000002 
07.06.2021 12:09:31.593  a5000002 a5000002 
07.06.2021 12:09:31.596  a4000002 a5000002 
07.06.2021 12:09:31.605  a4000002 a4000002 
07.06.2021 12:09:31.611  a4000002 a5000002 
07.06.2021 12:09:31.614  a4000002 a4000002 
07.06.2021 12:09:31.707  a5000002 a5000002 
07.06.2021 12:09:31.719  a4000002 a4000002 
07.06.2021 12:09:31.722  a5000002 a5000002 
07.06.2021 12:09:31.902  a4000002 a5000002 
07.06.2021 12:09:31.923  a4000002 a4000002 
07.06.2021 12:09:31.935  a4000002 a5000002 
07.06.2021 12:09:31.938  a4000002 a4000002 
07.06.2021 12:09:32.034  a5000002 a5000002 
07.06.2021 12:09:32.043  a4000002 a4000002 
07.06.2021 12:09:32.046  a5000002 a5000002 
07.06.2021 12:09:32.148  a4000002 a5000002 
07.06.2021 12:09:32.151  a5000002 a5000002 
07.06.2021 12:09:32.154  a4000002 a5000002 
07.06.2021 12:09:32.172  a4000002 a4000002 
07.06.2021 12:09:32.286  a5000002 a5000002 
07.06.2021 12:09:32.295  a4000002 a4000002 
07.06.2021 12:09:32.298  a5000002 a5000002 
07.06.2021 12:09:32.400  a4000002 a5000002 
07.06.2021 12:09:32.403  a5000002 a5000002 
07.06.2021 12:09:32.406  a4000002 a5000002 
07.06.2021 12:09:32.424  a4000002 a4000002 
07.06.2021 12:09:32.514  a5000002 a5000002 
07.06.2021 12:09:32.529  a4000002 a4000002 
07.06.2021 12:09:32.532  a5000002 a5000002 
07.06.2021 12:09:32.622  a4000002 a5000002 
07.06.2021 12:09:32.637  a5000002 a5000002 
07.06.2021 12:09:32.640  a4000002 a5000002 
07.06.2021 12:09:32.643  a4000002 a4000002 
07.06.2021 12:09:32.655  a4000002 a5000002 
07.06.2021 12:09:32.658  a4000002 a4000002 
07.06.2021 12:09:32.748  a4000002 a5000002 
07.06.2021 12:09:32.754  a5000002 a5000002 
07.06.2021 12:09:32.763  a4000002 a4000002 
07.06.2021 12:09:32.766  a5000002 a5000002 
07.06.2021 12:09:32.856  a4000002 a5000002 
07.06.2021 12:09:32.871  a5000002 a5000002 
07.06.2021 12:09:32.874  a4000002 a5000002 
07.06.2021 12:09:32.877  a4000002 a4000002 
07.06.2021 12:09:32.889  a4000002 a5000002 
07.06.2021 12:09:32.892  a4000002 a4000002 
07.06.2021 12:09:32.964  a5000002 a5000002 
07.06.2021 12:09:33.888  a4000002 a5000002 
07.06.2021 12:09:33.897  a5000002 a5000002 
07.06.2021 12:09:33.900  a4000002 a5000002 
07.06.2021 12:09:33.909  a4000002 a4000002 
07.06.2021 12:09:33.915  a4000002 a5000002 
07.06.2021 12:09:33.918  a4000002 a4000002 
07.06.2021 12:09:34.002  a5000002 a5000002 
07.06.2021 12:09:34.005  a4000002 a4000002 
07.06.2021 12:09:34.008  a5000002 a5000002 
07.06.2021 12:09:34.098  a4000002 a5000002 
07.06.2021 12:09:34.113  a5000002 a5000002 
07.06.2021 12:09:34.116  a4000002 a5000002 
07.06.2021 12:09:34.119  a4000002 a4000002 
07.06.2021 12:09:34.131  a4000002 a5000002 
07.06.2021 12:09:34.134  a4000002 a4000002 
07.06.2021 12:09:34.227  a5000002 a5000002 
07.06.2021 12:09:34.239  a4000002 a4000002 
07.06.2021 12:09:34.242  a5000002 a5000002 
07.06.2021 12:09:34.518  a4000002 a5000002 
07.06.2021 12:09:34.527  a5000002 a5000002 
07.06.2021 12:09:34.530  a4000002 a5000002 
07.06.2021 12:09:34.539  a4000002 a4000002 
07.06.2021 12:09:34.545  a4000002 a5000002 
07.06.2021 12:09:34.548  a4000002 a4000002 
07.06.2021 12:09:34.632  a5000002 a5000002 
07.06.2021 12:09:34.635  a4000002 a4000002 
07.06.2021 12:09:34.638  a5000002 a5000002 
07.06.2021 12:09:34.731  a4000002 a5000002 
07.06.2021 12:09:34.743  a5000002 a5000002 
07.06.2021 12:09:34.746  a4000002 a5000002 
07.06.2021 12:09:34.752  a4000002 a4000002 
07.06.2021 12:09:34.761  a4000002 a5000002 
07.06.2021 12:09:34.764  a4000002 a4000002 
07.06.2021 12:09:34.809  a5000002 a4000002 
07.06.2021 12:09:34.815  a4000002 a4000002 
07.06.2021 12:09:34.818  a5000002 a4000002 
07.06.2021 12:09:34.857  a4000002 a4000002 
07.06.2021 12:09:34.869  a5000002 a4000002 
07.06.2021 12:09:34.872  a4000002 a4000002 
07.06.2021 12:09:35.028  a4000002 a5000002 
07.06.2021 12:09:35.031  a4000002 a4000002 
07.06.2021 12:09:35.034  a4000002 a5000002 
07.06.2021 12:09:35.076  a4000002 a4000002 
07.06.2021 12:09:35.085  a4000002 a5000002 
07.06.2021 12:09:35.088  a4000002 a4000002 
07.06.2021 12:09:35.145  a4000002 a5000002 
07.06.2021 12:09:35.157  a4000002 a4000002 
07.06.2021 12:09:35.160  a4000002 a5000002 
07.06.2021 12:09:35.214  a4000002 a4000002 
07.06.2021 12:09:35.229  a4000002 a5000002 
07.06.2021 12:09:35.232  a4000002 a4000002 
07.06.2021 12:09:35.295  a5000002 a5000002 
07.06.2021 12:09:35.301  a4000002 a4000002 
07.06.2021 12:09:35.304  a5000002 a5000002 
07.06.2021 12:09:35.376  a4000002 a5000002 
07.06.2021 12:09:35.394  a4000002 a4000002 
07.06.2021 12:09:35.409  a4000002 a5000002 
07.06.2021 12:09:35.412  a4000002 a4000002 
07.06.2021 12:09:35.505  a5000002 a5000002 
07.06.2021 12:09:35.517  a4000002 a4000002 
07.06.2021 12:09:35.520  a5000002 a5000002 
07.06.2021 12:09:35.610  a4000002 a5000002 
07.06.2021 12:09:35.625  a5000002 a5000002 
07.06.2021 12:09:35.628  a4000002 a5000002 
07.06.2021 12:09:35.631  a4000002 a4000002 
07.06.2021 12:09:35.643  a4000002 a5000002 
07.06.2021 12:09:35.646  a4000002 a4000002 
07.06.2021 12:09:35.730  a5000002 a5000002 
07.06.2021 12:09:35.733  a4000002 a4000002 
07.06.2021 12:09:35.736  a5000002 a5000002 
07.06.2021 12:09:35.826  a4000002 a5000002 
07.06.2021 12:09:35.841  a5000002 a5000002 
07.06.2021 12:09:35.844  a4000002 a5000002 
07.06.2021 12:09:35.847  a4000002 a4000002 
07.06.2021 12:09:35.859  a4000002 a5000002 
07.06.2021 12:09:35.862  a4000002 a4000002 
07.06.2021 12:09:35.958  a5000002 a5000002 
07.06.2021 12:09:35.967  a4000002 a4000002 
07.06.2021 12:09:35.970  a5000002 a5000002 
07.06.2021 12:09:36.060  a4000002 a5000002 
07.06.2021 12:09:36.075  a5000002 a5000002 
07.06.2021 12:09:36.078  a4000002 a5000002 
07.06.2021 12:09:36.081  a4000002 a4000002 
07.06.2021 12:09:36.093  a4000002 a5000002 
07.06.2021 12:09:36.096  a4000002 a4000002 
07.06.2021 12:09:36.180  a5000002 a5000002 
07.06.2021 12:09:36.183  a4000002 a4000002 
07.06.2021 12:09:36.186  a5000002 a5000002 
07.06.2021 12:09:36.276  a4000002 a5000002 
07.06.2021 12:09:36.291  a5000002 a5000002 
07.06.2021 12:09:36.294  a4000002 a5000002 
07.06.2021 12:09:36.297  a4000002 a4000002 
07.06.2021 12:09:36.309  a4000002 a5000002 
07.06.2021 12:09:36.312  a4000002 a4000002 
07.06.2021 12:09:36.486  a4000002 a5000002 
07.06.2021 12:09:36.489  a4000002 a4000002 
07.06.2021 12:09:36.492  a4000002 a5000002 
07.06.2021 12:09:36.546  a4000002 a4000002 
07.06.2021 12:09:36.561  a4000002 a5000002 
07.06.2021 12:09:36.564  a4000002 a4000002 
07.06.2021 12:09:36.798  a4000002 a5000002 
07.06.2021 12:09:36.813  a4000002 a4000002 
07.06.2021 12:09:36.816  a4000002 a5000002 
07.06.2021 12:09:36.882  a4000002 a4000002 
07.06.2021 12:09:36.885  a4000002 a5000002 
07.06.2021 12:09:36.888  a4000002 a4000002 
07.06.2021 12:09:37.038  a5000002 a4000002 
07.06.2021 12:09:37.047  a4000002 a4000002 
07.06.2021 12:09:37.050  a5000002 a4000002 
07.06.2021 12:09:37.116  a4000002 a4000002 
07.06.2021 12:09:37.119  a5000002 a4000002 
07.06.2021 12:09:37.122  a4000002 a4000002 
07.06.2021 12:09:37.314  a5000002 a5000002 
07.06.2021 12:09:37.317  a4000002 a4000002 
07.06.2021 12:09:37.320  a5000002 a5000002 
07.06.2021 12:09:37.410  a4000002 a5000002 
07.06.2021 12:09:37.425  a5000002 a5000002 
07.06.2021 12:09:37.428  a4000002 a5000002 
07.06.2021 12:09:37.431  a4000002 a4000002 
07.06.2021 12:09:37.443  a4000002 a5000002 
07.06.2021 12:09:37.446  a4000002 a4000002 
07.06.2021 12:09:37.530  a5000002 a5000002 
07.06.2021 12:09:37.533  a4000002 a4000002 
07.06.2021 12:09:37.536  a5000002 a5000002 
07.06.2021 12:09:37.629  a4000002 a5000002 
07.06.2021 12:09:37.641  a5000002 a5000002 
07.06.2021 12:09:37.644  a4000002 a5000002 
07.06.2021 12:09:37.647  a4000002 a4000002 
07.06.2021 12:09:37.659  a4000002 a5000002 
07.06.2021 12:09:37.662  a4000002 a4000002 
07.06.2021 12:09:37.758  a5000002 a5000002 
07.06.2021 12:09:37.767  a4000002 a4000002 
07.06.2021 12:09:37.770  a5000002 a5000002 
07.06.2021 12:09:37.863  a4000002 a5000002 
07.06.2021 12:09:37.875  a5000002 a5000002 
07.06.2021 12:09:37.878  a4000002 a5000002 
07.06.2021 12:09:37.881  a4000002 a4000002 
07.06.2021 12:09:37.893  a4000002 a5000002 
07.06.2021 12:09:37.896  a4000002 a4000002 
07.06.2021 12:09:37.980  a5000002 a5000002 
07.06.2021 12:09:37.983  a4000002 a4000002 
07.06.2021 12:09:37.986  a5000002 a5000002 
07.06.2021 12:09:38.076  a4000002 a5000002 
07.06.2021 12:09:38.091  a5000002 a5000002 
07.06.2021 12:09:38.094  a4000002 a5000002 
07.06.2021 12:09:38.097  a4000002 a4000002 
07.06.2021 12:09:38.109  a4000002 a5000002 
07.06.2021 12:09:38.112  a4000002 a4000002 
07.06.2021 12:09:41.136  a4000002 a5000002 
07.06.2021 12:09:41.151  a4000002 a4000002 
07.06.2021 12:09:41.154  a4000002 a5000002 
07.06.2021 12:09:41.208  a4000002 a4000002 
07.06.2021 12:09:41.223  a4000002 a5000002 
07.06.2021 12:09:41.226  a4000002 a4000002 
07.06.2021 12:11:53.698  a4000003 a4000003 
07.06.2021 12:11:53.701  a4000003 ac000003 
07.06.2021 12:11:53.704  a4000002 a4000002 
07.06.2021 12:11:53.707  a4000003 ac000003 
07.06.2021 12:11:53.728  a4000002 ac000002 
07.06.2021 12:11:53.734  a4000002 a4000002 
07.06.2021 12:11:53.740  a4000003 ac000003 
07.06.2021 12:11:53.743  a4000002 a4000002 
07.06.2021 12:11:53.833  a4000002 ac000002 
07.06.2021 12:11:53.848  a4000002 a4000002 
07.06.2021 12:11:53.851  a4000002 ac000002 
07.06.2021 12:11:53.878  a4000002 a4000002 
07.06.2021 12:11:53.884  a4000002 ac000002 
07.06.2021 12:11:53.887  a4000002 a4000002 
07.06.2021 12:11:53.968  a4000003 a4000003 
07.06.2021 12:11:53.974  a4000002 a4000002 
07.06.2021 12:11:53.977  a4000003 ac000003 
07.06.2021 12:11:54.004  a4000003 a4000003 
07.06.2021 12:11:54.010  a4000003 ac000003 
07.06.2021 12:11:54.013  a4000003 a4000003 
07.06.2021 12:11:54.115  a5000003 a5000003 
07.06.2021 12:11:54.118  a4000003 a4000003 
07.06.2021 12:11:54.121  a5000003 a5000003 
07.06.2021 12:11:54.211  a4000003 a5000003 
07.06.2021 12:11:54.226  a5000003 a5000003 
07.06.2021 12:11:54.229  a4000003 a5000003 
07.06.2021 12:11:54.232  a4000003 a4000003 
07.06.2021 12:11:54.244  a4000003 a5000003 
07.06.2021 12:11:54.247  a4000003 a4000003 
07.06.2021 12:11:54.325  a5000003 a5000003 
07.06.2021 12:11:54.334  a4000003 a4000003 
07.06.2021 12:11:54.337  a5000003 a5000003 
07.06.2021 12:11:54.427  a4000003 a5000003 
07.06.2021 12:11:54.442  a5000003 a5000003 
07.06.2021 12:11:54.445  a4000003 a5000003 
07.06.2021 12:11:54.448  a4000003 a4000003 
07.06.2021 12:11:54.460  a4000003 a5000003 
07.06.2021 12:11:54.463  a4000003 a4000003 
07.06.2021 12:23:32.913  a4000001 a4000001 
07.06.2021 12:23:32.916  24000001 24800001 
07.06.2021 12:23:32.922  a4000003 a4000003 
07.06.2021 12:23:32.925  24000001 24800001 
07.06.2021 12:23:32.931  24000001 24000001 
07.06.2021 12:23:32.940  24000001 24800001 
07.06.2021 12:23:32.943  24000001 24000001 

Servicedata V1.0 PLC:\DEBUG\SlaveStateA.service.trace created 07.06.2021 13:20:40 (local time)
hostname: hu, Software: 606421 04, built: 08.10.2014 08:59
-----------------------------------------------------------------------------------------------
                     ms  Virtual BusModule state(s)
07.06.2021 12:26:10.569  24000000 2c000000 
07.06.2021 12:26:10.722  24000001 2c000000 
07.06.2021 12:26:10.734  24000000 2c000000 
07.06.2021 12:26:10.737  24000001 2c000001 
07.06.2021 12:26:11.043  24000001 24000001 
07.06.2021 12:26:11.049  24000001 2c000001 
07.06.2021 12:26:11.052  24000001 24000001 
07.06.2021 12:26:39.132  24000002 24000002 
07.06.2021 12:26:39.135  a4000002 a4000002 
07.06.2021 12:26:39.141  24000001 24000001 
07.06.2021 12:26:39.144  a4000002 a4000002 
07.06.2021 12:26:39.372  a4000002 a5000002 
07.06.2021 12:26:39.375  a4000002 a4000002 
07.06.2021 12:26:39.378  a4000002 a5000002 
07.06.2021 12:26:39.432  a4000002 a4000002 
07.06.2021 12:26:39.447  a4000002 a5000002 
07.06.2021 12:26:39.450  a4000002 a4000002 
07.06.2021 12:26:39.576  a5000002 a5000002 
07.06.2021 12:26:39.654  a4000002 a5000002 
07.06.2021 12:26:39.663  a5000002 a5000002 
07.06.2021 12:26:39.666  a4000002 a5000002 
07.06.2021 12:26:39.675  a4000002 a4000002 
07.06.2021 12:26:39.681  a4000002 a5000002 
07.06.2021 12:26:39.684  a4000002 a4000002 
07.06.2021 12:26:42.765  a5000002 a5000002 
07.06.2021 12:26:42.777  a4000002 a4000002 
07.06.2021 12:26:42.780  a5000002 a5000002 
07.06.2021 12:26:42.858  a4000002 a5000002 
07.06.2021 12:26:42.867  a5000002 a5000002 
07.06.2021 12:26:42.870  a4000002 a5000002 
07.06.2021 12:26:42.879  a4000002 a4000002 
07.06.2021 12:26:42.885  a4000002 a5000002 
07.06.2021 12:26:42.888  a4000002 a4000002 
07.06.2021 12:26:42.984  a5000002 a5000002 
07.06.2021 12:26:42.993  a4000002 a4000002 
07.06.2021 12:26:42.996  a5000002 a5000002 
07.06.2021 12:26:43.092  a4000002 a5000002 
07.06.2021 12:26:43.101  a5000002 a5000002 
07.06.2021 12:26:43.104  a4000002 a5000002 
07.06.2021 12:26:43.113  a4000002 a4000002 
07.06.2021 12:26:43.119  a4000002 a5000002 
07.06.2021 12:26:43.122  a4000002 a4000002 
07.06.2021 12:26:43.203  a5000002 a5000002 
07.06.2021 12:26:43.209  a4000002 a4000002 
07.06.2021 12:26:43.212  a5000002 a5000002 
07.06.2021 12:26:43.290  a4000002 a5000002 
07.06.2021 12:26:43.299  a5000002 a5000002 
07.06.2021 12:26:43.302  a4000002 a5000002 
07.06.2021 12:26:43.311  a4000002 a4000002 
07.06.2021 12:26:43.317  a4000002 a5000002 
07.06.2021 12:26:43.320  a4000002 a4000002 
07.06.2021 12:26:43.413  a5000002 a5000002 
07.06.2021 12:26:43.425  a4000002 a4000002 
07.06.2021 12:26:43.428  a5000002 a5000002 
07.06.2021 12:26:43.614  a4000002 a5000002 
07.06.2021 12:26:43.623  a5000002 a5000002 
07.06.2021 12:26:43.626  a4000002 a5000002 
07.06.2021 12:26:43.635  a4000002 a4000002 
07.06.2021 12:26:43.641  a4000002 a5000002 
07.06.2021 12:26:43.644  a4000002 a4000002 
07.06.2021 12:26:43.740  a5000002 a5000002 
07.06.2021 12:26:43.749  a4000002 a4000002 
07.06.2021 12:26:43.752  a5000002 a5000002 
07.06.2021 12:26:43.854  a4000002 a5000002 
07.06.2021 12:26:43.857  a5000002 a5000002 
07.06.2021 12:26:43.860  a4000002 a5000002 
07.06.2021 12:26:43.878  a4000002 a4000002 
07.06.2021 12:26:43.989  a5000002 a5000002 
07.06.2021 12:26:44.001  a4000002 a4000002 
07.06.2021 12:26:44.004  a5000002 a5000002 
07.06.2021 12:26:44.106  a4000002 a5000002 
07.06.2021 12:26:44.109  a5000002 a5000002 
07.06.2021 12:26:44.112  a4000002 a5000002 
07.06.2021 12:26:44.130  a4000002 a4000002 
07.06.2021 12:26:44.220  a5000002 a5000002 
07.06.2021 12:26:44.235  a4000002 a4000002 
07.06.2021 12:26:44.238  a5000002 a5000002 
07.06.2021 12:26:44.328  a4000002 a5000002 
07.06.2021 12:26:44.343  a5000002 a5000002 
07.06.2021 12:26:44.346  a4000002 a5000002 
07.06.2021 12:26:44.349  a4000002 a4000002 
07.06.2021 12:26:44.361  a4000002 a5000002 
07.06.2021 12:26:44.364  a4000002 a4000002 
07.06.2021 12:26:44.454  a4000002 a5000002 
07.06.2021 12:26:44.460  a5000002 a5000002 
07.06.2021 12:26:44.469  a4000002 a5000002 
07.06.2021 12:26:44.472  a5000002 a5000002 
07.06.2021 12:26:44.532  a4000002 a5000002 
07.06.2021 12:26:44.541  a5000002 a5000002 
07.06.2021 12:26:44.544  a4000002 a5000002 
07.06.2021 12:26:44.553  a4000002 a4000002 
07.06.2021 12:26:44.559  a4000002 a5000002 
07.06.2021 12:26:44.562  a4000002 a4000002 
07.06.2021 12:26:44.637  a5000002 a5000002 
07.06.2021 12:26:44.649  a4000002 a4000002 
07.06.2021 12:26:44.652  a5000002 a5000002 
07.06.2021 12:26:45.573  a4000002 a5000002 
07.06.2021 12:26:45.585  a5000002 a5000002 
07.06.2021 12:26:45.588  a4000002 a5000002 
07.06.2021 12:26:45.597  a4000002 a4000002 
07.06.2021 12:26:45.603  a4000002 a5000002 
07.06.2021 12:26:45.606  a4000002 a4000002 
07.06.2021 12:26:45.687  a5000002 a5000002 
07.06.2021 12:26:45.693  a4000002 a4000002 
07.06.2021 12:26:45.696  a5000002 a5000002 
07.06.2021 12:26:45.786  a4000002 a5000002 
07.06.2021 12:26:45.801  a5000002 a5000002 
07.06.2021 12:26:45.804  a4000002 a5000002 
07.06.2021 12:26:45.807  a4000002 a4000002 
07.06.2021 12:26:45.819  a4000002 a5000002 
07.06.2021 12:26:45.822  a4000002 a4000002 
07.06.2021 12:26:45.903  a5000002 a5000002 
07.06.2021 12:26:45.909  a4000002 a4000002 
07.06.2021 12:26:45.912  a5000002 a5000002 
07.06.2021 12:26:46.194  a4000002 a5000002 
07.06.2021 12:26:46.197  a5000002 a5000002 
07.06.2021 12:26:46.200  a4000002 a5000002 
07.06.2021 12:26:46.218  a4000002 a4000002 
07.06.2021 12:26:46.308  a5000002 a5000002 
07.06.2021 12:26:46.398  a4000002 a5000002 
07.06.2021 12:26:46.413  a5000002 a5000002 
07.06.2021 12:26:46.416  a4000002 a5000002 
07.06.2021 12:26:46.419  a4000002 a4000002 
07.06.2021 12:26:46.431  a4000002 a5000002 
07.06.2021 12:26:46.434  a4000002 a4000002 
07.06.2021 12:26:46.476  a5000002 a4000002 
07.06.2021 12:26:46.485  a4000002 a4000002 
07.06.2021 12:26:46.488  a5000002 a4000002 
07.06.2021 12:26:46.527  a4000002 a4000002 
07.06.2021 12:26:46.539  a5000002 a4000002 
07.06.2021 12:26:46.542  a4000002 a4000002 
07.06.2021 12:26:46.704  a4000002 a5000002 
07.06.2021 12:26:46.719  a4000002 a4000002 
07.06.2021 12:26:46.722  a4000002 a5000002 
07.06.2021 12:26:46.782  a4000002 a4000002 
07.06.2021 12:26:46.791  a4000002 a5000002 
07.06.2021 12:26:46.794  a4000002 a4000002 
07.06.2021 12:26:46.851  a4000002 a5000002 
07.06.2021 12:26:46.863  a4000002 a4000002 
07.06.2021 12:26:46.866  a4000002 a5000002 
07.06.2021 12:26:46.920  a4000002 a4000002 
07.06.2021 12:26:46.935  a4000002 a5000002 
07.06.2021 12:26:46.938  a4000002 a4000002 
07.06.2021 12:26:47.004  a5000002 a5000002 
07.06.2021 12:26:47.007  a4000002 a4000002 
07.06.2021 12:26:47.010  a5000002 a5000002 
07.06.2021 12:26:47.082  a4000002 a5000002 
07.06.2021 12:26:47.100  a4000002 a4000002 
07.06.2021 12:26:47.115  a4000002 a5000002 
07.06.2021 12:26:47.118  a4000002 a4000002 
07.06.2021 12:26:47.208  a5000002 a5000002 
07.06.2021 12:26:47.223  a4000002 a4000002 
07.06.2021 12:26:47.226  a5000002 a5000002 
07.06.2021 12:26:47.316  a4000002 a5000002 
07.06.2021 12:26:47.331  a5000002 a5000002 
07.06.2021 12:26:47.334  a4000002 a5000002 
07.06.2021 12:26:47.337  a4000002 a4000002 
07.06.2021 12:26:47.349  a4000002 a5000002 
07.06.2021 12:26:47.352  a4000002 a4000002 
07.06.2021 12:26:47.436  a5000002 a5000002 
07.06.2021 12:26:47.439  a4000002 a4000002 
07.06.2021 12:26:47.442  a5000002 a5000002 
07.06.2021 12:26:47.532  a4000002 a5000002 
07.06.2021 12:26:47.547  a5000002 a5000002 
07.06.2021 12:26:47.550  a4000002 a5000002 
07.06.2021 12:26:47.553  a4000002 a4000002 
07.06.2021 12:26:47.565  a4000002 a5000002 
07.06.2021 12:26:47.568  a4000002 a4000002 
07.06.2021 12:26:47.664  a5000002 a5000002 
07.06.2021 12:26:47.673  a4000002 a4000002 
07.06.2021 12:26:47.676  a5000002 a5000002 
07.06.2021 12:26:47.766  a4000002 a5000002 
07.06.2021 12:26:47.781  a5000002 a5000002 
07.06.2021 12:26:47.784  a4000002 a5000002 
07.06.2021 12:26:47.787  a4000002 a4000002 
07.06.2021 12:26:47.799  a4000002 a5000002 
07.06.2021 12:26:47.802  a4000002 a4000002 
07.06.2021 12:26:47.886  a5000002 a5000002 
07.06.2021 12:26:47.889  a4000002 a4000002 
07.06.2021 12:26:47.892  a5000002 a5000002 
07.06.2021 12:26:47.982  a4000002 a5000002 
07.06.2021 12:26:47.997  a5000002 a5000002 
07.06.2021 12:26:48.000  a4000002 a5000002 
07.06.2021 12:26:48.003  a4000002 a4000002 
07.06.2021 12:26:48.015  a4000002 a5000002 
07.06.2021 12:26:48.018  a4000002 a4000002 
07.06.2021 12:26:48.192  a4000002 a5000002 
07.06.2021 12:26:48.195  a4000002 a4000002 
07.06.2021 12:26:48.198  a4000002 a5000002 
07.06.2021 12:26:48.252  a4000002 a4000002 
07.06.2021 12:26:48.267  a4000002 a5000002 
07.06.2021 12:26:48.270  a4000002 a4000002 
07.06.2021 12:26:48.504  a4000002 a5000002 
07.06.2021 12:26:48.519  a4000002 a4000002 
07.06.2021 12:26:48.522  a4000002 a5000002 
07.06.2021 12:26:48.654  a4000002 a4000002 
07.06.2021 12:26:48.663  a4000002 a5000002 
07.06.2021 12:26:48.666  a4000002 a4000002 
07.06.2021 12:26:48.804  a5000002 a4000002 
07.06.2021 12:26:48.807  a4000002 a4000002 
07.06.2021 12:26:48.810  a5000002 a4000002 
07.06.2021 12:26:48.882  a4000002 a4000002 
07.06.2021 12:26:48.897  a5000002 a4000002 
07.06.2021 12:26:48.900  a4000002 a4000002 
07.06.2021 12:26:49.080  a5000002 a5000002 
07.06.2021 12:26:49.095  a4000002 a4000002 
07.06.2021 12:26:49.098  a5000002 a5000002 
07.06.2021 12:26:49.188  a4000002 a5000002 
07.06.2021 12:26:49.203  a5000002 a5000002 
07.06.2021 12:26:49.206  a4000002 a5000002 
07.06.2021 12:26:49.209  a4000002 a4000002 
07.06.2021 12:26:49.221  a4000002 a5000002 
07.06.2021 12:26:49.224  a4000002 a4000002 
07.06.2021 12:26:49.308  a5000002 a5000002 
07.06.2021 12:26:49.311  a4000002 a4000002 
07.06.2021 12:26:49.314  a5000002 a5000002 
07.06.2021 12:26:49.404  a4000002 a5000002 
07.06.2021 12:26:49.419  a5000002 a5000002 
07.06.2021 12:26:49.422  a4000002 a5000002 
07.06.2021 12:26:49.425  a4000002 a4000002 
07.06.2021 12:26:49.437  a4000002 a5000002 
07.06.2021 12:26:49.440  a4000002 a4000002 
07.06.2021 12:26:49.533  a5000002 a5000002 
07.06.2021 12:26:49.545  a4000002 a4000002 
07.06.2021 12:26:49.548  a5000002 a5000002 
07.06.2021 12:26:49.638  a4000002 a5000002 
07.06.2021 12:26:49.653  a5000002 a5000002 
07.06.2021 12:26:49.656  a4000002 a5000002 
07.06.2021 12:26:49.659  a4000002 a4000002 
07.06.2021 12:26:49.671  a4000002 a5000002 
07.06.2021 12:26:49.674  a4000002 a4000002 
07.06.2021 12:26:49.758  a5000002 a5000002 
07.06.2021 12:26:49.761  a4000002 a4000002 
07.06.2021 12:26:49.764  a5000002 a5000002 
07.06.2021 12:26:49.854  a4000002 a5000002 
07.06.2021 12:26:49.869  a5000002 a5000002 
07.06.2021 12:26:49.872  a4000002 a5000002 
07.06.2021 12:26:49.875  a4000002 a4000002 
07.06.2021 12:26:49.887  a4000002 a5000002 
07.06.2021 12:26:49.890  a4000002 a4000002 
07.06.2021 12:26:52.995  a4000002 a5000002 
07.06.2021 12:26:53.001  a4000002 a4000002 
07.06.2021 12:26:53.004  a4000002 a5000002 
07.06.2021 12:26:53.058  a4000002 a4000002 
07.06.2021 12:26:53.073  a4000002 a5000002 
07.06.2021 12:26:53.076  a4000002 a4000002 
07.06.2021 12:27:06.370  a4000003 a4000003 
07.06.2021 12:27:06.373  a4000003 ac000003 
07.06.2021 12:27:06.376  a4000002 a4000002 
07.06.2021 12:27:06.379  a4000003 ac000003 
07.06.2021 12:27:06.397  a4000002 ac000002 
07.06.2021 12:27:06.406  a4000002 a4000002 
07.06.2021 12:27:06.412  a4000003 ac000003 
07.06.2021 12:27:06.415  a4000002 a4000002 
07.06.2021 12:27:06.505  a4000002 ac000002 
07.06.2021 12:27:06.532  a4000002 a4000002 
07.06.2021 12:27:06.538  a4000002 ac000002 
07.06.2021 12:27:06.541  a4000002 a4000002 
07.06.2021 12:27:08.908  a4000003 a4000003 
07.06.2021 12:27:08.911  a4000003 ac000003 
07.06.2021 12:27:08.914  a4000002 a4000002 
07.06.2021 12:27:08.917  a4000003 ac000003 
07.06.2021 12:27:08.944  a4000003 a4000003 
07.06.2021 12:27:08.950  a4000003 ac000003 
07.06.2021 12:27:08.953  a4000003 a4000003 
07.06.2021 12:27:09.061  a5000003 a5000003 
07.06.2021 12:27:09.076  a4000003 a4000003 
07.06.2021 12:27:09.079  a5000003 a5000003 
07.06.2021 12:27:09.172  a4000003 a5000003 
07.06.2021 12:27:09.184  a5000003 a5000003 
07.06.2021 12:27:09.187  a4000003 a5000003 
07.06.2021 12:27:09.190  a4000003 a4000003 
07.06.2021 12:27:09.202  a4000003 a5000003 
07.06.2021 12:27:09.205  a4000003 a4000003 
07.06.2021 12:27:09.283  a5000003 a5000003 
07.06.2021 12:27:09.292  a4000003 a4000003 
07.06.2021 12:27:09.295  a5000003 a5000003 
07.06.2021 12:27:09.385  a4000003 a5000003 
07.06.2021 12:27:09.400  a5000003 a5000003 
07.06.2021 12:27:09.403  a4000003 a5000003 
07.06.2021 12:27:09.406  a4000003 a4000003 
07.06.2021 12:27:09.418  a4000003 a5000003 
07.06.2021 12:27:09.421  a4000003 a4000003 
07.06.2021 13:06:06.646  a4000002 a4000002 
07.06.2021 13:06:06.652  a4000003 a4000003 
07.06.2021 13:06:06.655  a4000002 ac000002 
07.06.2021 13:06:06.670  a4000002 a4000002 
07.06.2021 13:06:06.673  a4000002 ac000002 
07.06.2021 13:06:06.700  a4000002 a4000002 
07.06.2021 13:06:06.706  a4000002 ac000002 
07.06.2021 13:06:06.709  a4000002 a4000002 
07.06.2021 13:16:23.369  a4000003 a4000003 
07.06.2021 13:16:23.372  a4000003 ac000003 
07.06.2021 13:16:23.375  a4000002 a4000002 
07.06.2021 13:16:23.378  a4000003 ac000003 
07.06.2021 13:16:23.405  a4000003 a4000003 
07.06.2021 13:16:23.411  a4000003 ac000003 
07.06.2021 13:16:23.414  a4000003 a4000003 
07.06.2021 13:20:26.212  a4000002 a4000002 
07.06.2021 13:20:26.215  a4000003 a4000003 
07.06.2021 13:20:26.218  a4000002 a4000002 
07.06.2021 13:20:26.221  a4000002 ac000002 
07.06.2021 13:20:26.233  a4000002 a4000002 
07.06.2021 13:20:26.236  a4000002 ac000002 
07.06.2021 13:20:26.263  a4000002 a4000002 
07.06.2021 13:20:26.269  a4000002 ac000002 
07.06.2021 13:20:26.272  a4000002 a4000002 
07.06.2021 13:20:40.516  a4000001 a4000001 
07.06.2021 13:20:40.519  24000001 24800001 
07.06.2021 13:20:40.525  a4000002 a4000002 
07.06.2021 13:20:40.528  24000001 24800001 
07.06.2021 13:20:40.534  24000001 24000001 
07.06.2021 13:20:40.543  24000001 24800001 
07.06.2021 13:20:40.546  24000001 24000001 

Servicedata V1.0 PLC:\DEBUG\SlaveStateA.service.trace created 07.06.2021 14:41:48 (local time)
hostname: hu, Software: 606421 04, built: 08.10.2014 08:59
-----------------------------------------------------------------------------------------------
                     ms  Virtual BusModule state(s)
07.06.2021 13:25:11.653  24000000 2c000000 
07.06.2021 13:25:11.665  00000000 00000000 
07.06.2021 13:25:11.668  24000000 2c000000 
07.06.2021 13:25:11.809  24000001 2c000000 
07.06.2021 13:25:11.812  24000000 2c000000 
07.06.2021 13:25:11.815  24000001 2c000000 
07.06.2021 13:25:11.821  24000001 2c000001 
07.06.2021 13:25:11.833  24000001 2c000000 
07.06.2021 13:25:11.836  24000001 2c000001 
07.06.2021 13:25:11.968  24000001 24000001 
07.06.2021 13:25:11.980  24000001 2c000001 
07.06.2021 13:25:11.983  24000001 24000001 
07.06.2021 13:25:32.503  24000002 24000002 
07.06.2021 13:25:32.506  a4000002 a4000002 
07.06.2021 13:25:32.512  24000001 24000001 
07.06.2021 13:25:32.515  a4000002 a4000002 
07.06.2021 13:25:32.755  a4000002 a5000002 
07.06.2021 13:25:32.764  a4000002 a4000002 
07.06.2021 13:25:32.767  a4000002 a5000002 
07.06.2021 13:25:32.821  a4000002 a4000002 
07.06.2021 13:25:32.836  a4000002 a5000002 
07.06.2021 13:25:32.839  a4000002 a4000002 
07.06.2021 13:25:32.953  a5000002 a5000002 
07.06.2021 13:25:32.962  a4000002 a4000002 
07.06.2021 13:25:32.965  a5000002 a5000002 
07.06.2021 13:25:33.043  a4000002 a5000002 
07.06.2021 13:25:33.052  a5000002 a5000002 
07.06.2021 13:25:33.055  a4000002 a5000002 
07.06.2021 13:25:33.064  a4000002 a4000002 
07.06.2021 13:25:33.070  a4000002 a5000002 
07.06.2021 13:25:33.073  a4000002 a4000002 
07.06.2021 13:25:36.154  a5000002 a5000002 
07.06.2021 13:25:36.166  a4000002 a4000002 
07.06.2021 13:25:36.169  a5000002 a5000002 
07.06.2021 13:25:36.247  a4000002 a5000002 
07.06.2021 13:25:36.256  a5000002 a5000002 
07.06.2021 13:25:36.259  a4000002 a5000002 
07.06.2021 13:25:36.268  a4000002 a4000002 
07.06.2021 13:25:36.274  a4000002 a5000002 
07.06.2021 13:25:36.277  a4000002 a4000002 
07.06.2021 13:25:36.367  a5000002 a5000002 
07.06.2021 13:25:36.382  a4000002 a4000002 
07.06.2021 13:25:36.385  a5000002 a5000002 
07.06.2021 13:25:36.475  a4000002 a5000002 
07.06.2021 13:25:36.490  a5000002 a5000002 
07.06.2021 13:25:36.493  a4000002 a5000002 
07.06.2021 13:25:36.496  a4000002 a4000002 
07.06.2021 13:25:36.508  a4000002 a5000002 
07.06.2021 13:25:36.511  a4000002 a4000002 
07.06.2021 13:25:36.586  a5000002 a5000002 
07.06.2021 13:25:36.598  a4000002 a4000002 
07.06.2021 13:25:36.601  a5000002 a5000002 
07.06.2021 13:25:36.679  a4000002 a5000002 
07.06.2021 13:25:36.688  a5000002 a5000002 
07.06.2021 13:25:36.691  a4000002 a5000002 
07.06.2021 13:25:36.700  a4000002 a4000002 
07.06.2021 13:25:36.706  a4000002 a5000002 
07.06.2021 13:25:36.709  a4000002 a4000002 
07.06.2021 13:25:36.823  a5000002 a5000002 
07.06.2021 13:25:36.832  a4000002 a4000002 
07.06.2021 13:25:36.835  a5000002 a5000002 
07.06.2021 13:25:37.009  a4000002 a5000002 
07.06.2021 13:25:37.012  a5000002 a5000002 
07.06.2021 13:25:37.015  a4000002 a5000002 
07.06.2021 13:25:37.033  a4000002 a4000002 
07.06.2021 13:25:37.048  a4000002 a5000002 
07.06.2021 13:25:37.051  a4000002 a4000002 
07.06.2021 13:25:37.142  a5000002 a5000002 
07.06.2021 13:25:37.249  a4000002 a5000002 
07.06.2021 13:25:37.264  a5000002 a5000002 
07.06.2021 13:25:37.267  a4000002 a5000002 
07.06.2021 13:25:37.271  a4000002 a4000002 
07.06.2021 13:25:37.282  a4000002 a5000002 
07.06.2021 13:25:37.285  a4000002 a4000002 
07.06.2021 13:25:37.384  a5000002 a5000002 
07.06.2021 13:25:37.390  a4000002 a4000002 
07.06.2021 13:25:37.394  a5000002 a5000002 
07.06.2021 13:25:37.502  a4000002 a5000002 
07.06.2021 13:25:37.519  a4000002 a4000002 
07.06.2021 13:25:37.613  a5000002 a5000002 
07.06.2021 13:25:37.624  a4000002 a4000002 
07.06.2021 13:25:37.627  a5000002 a5000002 
07.06.2021 13:25:37.721  a4000002 a5000002 
07.06.2021 13:25:37.732  a5000002 a5000002 
07.06.2021 13:25:37.735  a4000002 a5000002 
07.06.2021 13:25:37.739  a4000002 a4000002 
07.06.2021 13:25:37.750  a4000002 a5000002 
07.06.2021 13:25:37.753  a4000002 a4000002 
07.06.2021 13:25:37.844  a4000002 a5000002 
07.06.2021 13:25:37.849  a5000002 a5000002 
07.06.2021 13:25:37.858  a4000002 a5000002 
07.06.2021 13:25:37.862  a5000002 a5000002 
07.06.2021 13:25:37.921  a4000002 a5000002 
07.06.2021 13:25:37.930  a5000002 a5000002 
07.06.2021 13:25:37.933  a4000002 a5000002 
07.06.2021 13:25:37.943  a4000002 a4000002 
07.06.2021 13:25:37.948  a4000002 a5000002 
07.06.2021 13:25:37.952  a4000002 a4000002 
07.06.2021 13:25:38.026  a5000002 a5000002 
07.06.2021 13:25:38.038  a4000002 a4000002 
07.06.2021 13:25:38.041  a5000002 a5000002 
07.06.2021 13:25:38.965  a4000002 a5000002 
07.06.2021 13:25:38.974  a5000002 a5000002 
07.06.2021 13:25:38.977  a4000002 a5000002 
07.06.2021 13:25:38.986  a4000002 a4000002 
07.06.2021 13:25:38.993  a4000002 a5000002 
07.06.2021 13:25:38.995  a4000002 a4000002 
07.06.2021 13:25:39.080  a5000002 a5000002 
07.06.2021 13:25:39.083  a4000002 a4000002 
07.06.2021 13:25:39.086  a5000002 a5000002 
07.06.2021 13:25:39.175  a4000002 a5000002 
07.06.2021 13:25:39.190  a5000002 a5000002 
07.06.2021 13:25:39.194  a4000002 a5000002 
07.06.2021 13:25:39.197  a4000002 a4000002 
07.06.2021 13:25:39.208  a4000002 a5000002 
07.06.2021 13:25:39.211  a4000002 a4000002 
07.06.2021 13:25:39.320  a5000002 a5000002 
07.06.2021 13:25:39.608  a4000002 a5000002 
07.06.2021 13:25:39.623  a5000002 a5000002 
07.06.2021 13:25:39.626  a4000002 a5000002 
07.06.2021 13:25:39.628  a4000002 a4000002 
07.06.2021 13:25:39.641  a4000002 a5000002 
07.06.2021 13:25:39.644  a4000002 a4000002 
07.06.2021 13:25:39.719  a5000002 a5000002 
07.06.2021 13:25:39.730  a4000002 a4000002 
07.06.2021 13:25:39.734  a5000002 a5000002 
07.06.2021 13:25:39.824  a4000002 a5000002 
07.06.2021 13:25:39.839  a5000002 a5000002 
07.06.2021 13:25:39.842  a4000002 a5000002 
07.06.2021 13:25:39.845  a4000002 a4000002 
07.06.2021 13:25:39.857  a4000002 a5000002 
07.06.2021 13:25:39.860  a4000002 a4000002 
07.06.2021 13:25:39.902  a5000002 a4000002 
07.06.2021 13:25:39.911  a4000002 a4000002 
07.06.2021 13:25:39.914  a5000002 a4000002 
07.06.2021 13:25:39.952  a4000002 a4000002 
07.06.2021 13:25:39.965  a5000002 a4000002 
07.06.2021 13:25:39.968  a4000002 a4000002 
07.06.2021 13:25:40.118  a4000002 a5000002 
07.06.2021 13:25:40.127  a4000002 a4000002 
07.06.2021 13:25:40.130  a4000002 a5000002 
07.06.2021 13:25:40.195  a4000002 a4000002 
07.06.2021 13:25:40.199  a4000002 a5000002 
07.06.2021 13:25:40.202  a4000002 a4000002 
07.06.2021 13:25:40.265  a4000002 a5000002 
07.06.2021 13:25:40.271  a4000002 a4000002 
07.06.2021 13:25:40.274  a4000002 a5000002 
07.06.2021 13:25:40.328  a4000002 a4000002 
07.06.2021 13:25:40.343  a4000002 a5000002 
07.06.2021 13:25:40.346  a4000002 a4000002 
07.06.2021 13:25:40.408  a5000002 a5000002 
07.06.2021 13:25:40.415  a4000002 a4000002 
07.06.2021 13:25:40.418  a5000002 a5000002 
07.06.2021 13:25:40.490  a4000002 a5000002 
07.06.2021 13:25:40.508  a4000002 a4000002 
07.06.2021 13:25:40.523  a4000002 a5000002 
07.06.2021 13:25:40.526  a4000002 a4000002 
07.06.2021 13:25:40.619  a5000002 a5000002 
07.06.2021 13:25:40.631  a4000002 a4000002 
07.06.2021 13:25:40.634  a5000002 a5000002 
07.06.2021 13:25:40.724  a4000002 a5000002 
07.06.2021 13:25:40.739  a5000002 a5000002 
07.06.2021 13:25:40.742  a4000002 a5000002 
07.06.2021 13:25:40.745  a4000002 a4000002 
07.06.2021 13:25:40.757  a4000002 a5000002 
07.06.2021 13:25:40.760  a4000002 a4000002 
07.06.2021 13:25:40.844  a5000002 a5000002 
07.06.2021 13:25:40.847  a4000002 a4000002 
07.06.2021 13:25:40.850  a5000002 a5000002 
07.06.2021 13:25:40.940  a4000002 a5000002 
07.06.2021 13:25:40.955  a5000002 a5000002 
07.06.2021 13:25:40.958  a4000002 a5000002 
07.06.2021 13:25:40.961  a4000002 a4000002 
07.06.2021 13:25:40.973  a4000002 a5000002 
07.06.2021 13:25:40.976  a4000002 a4000002 
07.06.2021 13:25:41.072  a5000002 a5000002 
07.06.2021 13:25:41.081  a4000002 a4000002 
07.06.2021 13:25:41.084  a5000002 a5000002 
07.06.2021 13:25:41.174  a4000002 a5000002 
07.06.2021 13:25:41.189  a5000002 a5000002 
07.06.2021 13:25:41.192  a4000002 a5000002 
07.06.2021 13:25:41.195  a4000002 a4000002 
07.06.2021 13:25:41.207  a4000002 a5000002 
07.06.2021 13:25:41.210  a4000002 a4000002 
07.06.2021 13:25:41.294  a5000002 a5000002 
07.06.2021 13:25:41.297  a4000002 a4000002 
07.06.2021 13:25:41.300  a5000002 a5000002 
07.06.2021 13:25:41.390  a4000002 a5000002 
07.06.2021 13:25:41.405  a5000002 a5000002 
07.06.2021 13:25:41.408  a4000002 a5000002 
07.06.2021 13:25:41.411  a4000002 a4000002 
07.06.2021 13:25:41.423  a4000002 a5000002 
07.06.2021 13:25:41.426  a4000002 a4000002 
07.06.2021 13:25:41.576  a4000002 a5000002 
07.06.2021 13:25:41.585  a4000002 a4000002 
07.06.2021 13:25:41.588  a4000002 a5000002 
07.06.2021 13:25:41.642  a4000002 a4000002 
07.06.2021 13:25:41.657  a4000002 a5000002 
07.06.2021 13:25:41.660  a4000002 a4000002 
07.06.2021 13:25:41.885  a4000002 a5000002 
07.06.2021 13:25:41.891  a4000002 a4000002 
07.06.2021 13:25:41.894  a4000002 a5000002 
07.06.2021 13:25:41.960  a4000002 a4000002 
07.06.2021 13:25:41.963  a4000002 a5000002 
07.06.2021 13:25:41.966  a4000002 a4000002 
07.06.2021 13:25:42.098  a5000002 a4000002 
07.06.2021 13:25:42.107  a4000002 a4000002 
07.06.2021 13:25:42.110  a5000002 a4000002 
07.06.2021 13:25:42.176  a4000002 a4000002 
07.06.2021 13:25:42.179  a5000002 a4000002 
07.06.2021 13:25:42.182  a4000002 a4000002 
07.06.2021 13:25:42.374  a5000002 a5000002 
07.06.2021 13:25:42.377  a4000002 a4000002 
07.06.2021 13:25:42.380  a5000002 a5000002 
07.06.2021 13:25:42.470  a4000002 a5000002 
07.06.2021 13:25:42.485  a5000002 a5000002 
07.06.2021 13:25:42.488  a4000002 a5000002 
07.06.2021 13:25:42.491  a4000002 a4000002 
07.06.2021 13:25:42.503  a4000002 a5000002 
07.06.2021 13:25:42.506  a4000002 a4000002 
07.06.2021 13:25:42.590  a5000002 a5000002 
07.06.2021 13:25:42.593  a4000002 a4000002 
07.06.2021 13:25:42.596  a5000002 a5000002 
07.06.2021 13:25:42.686  a4000002 a5000002 
07.06.2021 13:25:42.701  a5000002 a5000002 
07.06.2021 13:25:42.704  a4000002 a5000002 
07.06.2021 13:25:42.707  a4000002 a4000002 
07.06.2021 13:25:42.719  a4000002 a5000002 
07.06.2021 13:25:42.722  a4000002 a4000002 
07.06.2021 13:25:42.815  a5000002 a5000002 
07.06.2021 13:25:42.827  a4000002 a4000002 
07.06.2021 13:25:42.830  a5000002 a5000002 
07.06.2021 13:25:42.920  a4000002 a5000002 
07.06.2021 13:25:42.935  a5000002 a5000002 
07.06.2021 13:25:42.938  a4000002 a5000002 
07.06.2021 13:25:42.941  a4000002 a4000002 
07.06.2021 13:25:42.953  a4000002 a5000002 
07.06.2021 13:25:42.956  a4000002 a4000002 
07.06.2021 13:25:43.040  a5000002 a5000002 
07.06.2021 13:25:43.043  a4000002 a4000002 
07.06.2021 13:25:43.046  a5000002 a5000002 
07.06.2021 13:25:43.136  a4000002 a5000002 
07.06.2021 13:25:43.151  a5000002 a5000002 
07.06.2021 13:25:43.154  a4000002 a5000002 
07.06.2021 13:25:43.157  a4000002 a4000002 
07.06.2021 13:25:43.169  a4000002 a5000002 
07.06.2021 13:25:43.172  a4000002 a4000002 
07.06.2021 13:25:46.046  a4000002 a5000002 
07.06.2021 13:25:46.049  a4000002 a4000002 
07.06.2021 13:25:46.052  a4000002 a5000002 
07.06.2021 13:25:46.106  a4000002 a4000002 
07.06.2021 13:25:46.121  a4000002 a5000002 
07.06.2021 13:25:46.124  a4000002 a4000002 
07.06.2021 13:28:50.274  a4000003 a4000003 
07.06.2021 13:28:50.277  a4000003 ac000003 
07.06.2021 13:28:50.281  a4000002 a4000002 
07.06.2021 13:28:50.284  a4000003 ac000003 
07.06.2021 13:28:50.305  a4000002 ac000002 
07.06.2021 13:28:50.310  a4000002 a4000002 
07.06.2021 13:28:50.317  a4000003 ac000003 
07.06.2021 13:28:50.320  a4000002 a4000002 
07.06.2021 13:28:50.410  a4000002 ac000002 
07.06.2021 13:28:50.425  a4000002 a4000002 
07.06.2021 13:28:50.428  a4000002 ac000002 
07.06.2021 13:28:50.455  a4000002 a4000002 
07.06.2021 13:28:50.461  a4000002 ac000002 
07.06.2021 13:28:50.464  a4000002 a4000002 
07.06.2021 13:28:51.409  a4000003 a4000003 
07.06.2021 13:28:51.412  a4000003 ac000003 
07.06.2021 13:28:51.415  a4000002 a4000002 
07.06.2021 13:28:51.418  a4000003 ac000003 
07.06.2021 13:28:51.445  a4000003 a4000003 
07.06.2021 13:28:51.451  a4000003 ac000003 
07.06.2021 13:28:51.454  a4000003 a4000003 
07.06.2021 13:28:51.562  a5000003 a5000003 
07.06.2021 13:28:51.577  a4000003 a4000003 
07.06.2021 13:28:51.580  a5000003 a5000003 
07.06.2021 13:28:51.670  a4000003 a5000003 
07.06.2021 13:28:51.685  a5000003 a5000003 
07.06.2021 13:28:51.688  a4000003 a5000003 
07.06.2021 13:28:51.691  a4000003 a4000003 
07.06.2021 13:28:51.703  a4000003 a5000003 
07.06.2021 13:28:51.706  a4000003 a4000003 
07.06.2021 13:28:51.784  a5000003 a5000003 
07.06.2021 13:28:51.793  a4000003 a4000003 
07.06.2021 13:28:51.796  a5000003 a5000003 
07.06.2021 13:28:51.886  a4000003 a5000003 
07.06.2021 13:28:51.901  a5000003 a5000003 
07.06.2021 13:28:51.904  a4000003 a5000003 
07.06.2021 13:28:51.907  a4000003 a4000003 
07.06.2021 13:28:51.919  a4000003 a5000003 
07.06.2021 13:28:51.922  a4000003 a4000003 
07.06.2021 14:23:16.643  a4000002 a4000002 
07.06.2021 14:23:16.649  a4000003 a4000003 
07.06.2021 14:23:16.652  a4000002 ac000002 
07.06.2021 14:23:16.667  a4000002 a4000002 
07.06.2021 14:23:16.670  a4000002 ac000002 
07.06.2021 14:23:16.697  a4000002 a4000002 
07.06.2021 14:23:16.703  a4000002 ac000002 
07.06.2021 14:23:16.706  a4000002 a4000002 
07.06.2021 14:41:47.666  a4000001 a4000001 
07.06.2021 14:41:47.669  24000001 24800001 
07.06.2021 14:41:47.675  a4000002 a4000002 
07.06.2021 14:41:47.678  24000001 24800001 
07.06.2021 14:41:47.684  24000001 24000001 
07.06.2021 14:41:47.693  24000001 24800001 
07.06.2021 14:41:47.696  24000001 24000001 

Servicedata V1.0 PLC:\DEBUG\SlaveStateA.service.trace created 07.06.2021 16:03:10 (local time)
hostname: hu, Software: 606421 04, built: 08.10.2014 08:59
-----------------------------------------------------------------------------------------------
                     ms  Virtual BusModule state(s)
07.06.2021 15:42:35.946  24000000 2c000000 
07.06.2021 15:42:35.964  00000000 00000000 
07.06.2021 15:42:35.967  24000000 2c000000 
07.06.2021 15:42:36.102  24000001 2c000000 
07.06.2021 15:42:36.111  24000000 2c000000 
07.06.2021 15:42:36.114  24000001 2c000001 
07.06.2021 15:42:36.132  24000001 2c000000 
07.06.2021 15:42:36.135  24000001 2c000001 
07.06.2021 15:42:36.243  24000001 24000001 
07.06.2021 15:42:36.258  24000001 2c000001 
07.06.2021 15:42:36.261  24000001 24000001 
07.06.2021 15:43:31.669  24000002 24000002 
07.06.2021 15:43:31.672  a4000002 a4000002 
07.06.2021 15:43:31.678  24000001 24000001 
07.06.2021 15:43:31.681  a4000002 a4000002 
07.06.2021 15:43:32.083  a4000002 a5000002 
07.06.2021 15:43:32.092  a4000002 a4000002 
07.06.2021 15:43:32.095  a4000002 a5000002 
07.06.2021 15:43:32.149  a4000002 a4000002 
07.06.2021 15:43:32.164  a4000002 a5000002 
07.06.2021 15:43:32.167  a4000002 a4000002 
07.06.2021 15:43:32.281  a5000002 a5000002 
07.06.2021 15:43:32.290  a4000002 a4000002 
07.06.2021 15:43:32.293  a5000002 a5000002 
07.06.2021 15:43:32.371  a4000002 a5000002 
07.06.2021 15:43:32.380  a5000002 a5000002 
07.06.2021 15:43:32.383  a4000002 a5000002 
07.06.2021 15:43:32.392  a4000002 a4000002 
07.06.2021 15:43:32.398  a4000002 a5000002 
07.06.2021 15:43:32.401  a4000002 a4000002 
07.06.2021 15:43:35.482  a5000002 a5000002 
07.06.2021 15:43:35.494  a4000002 a4000002 
07.06.2021 15:43:35.497  a5000002 a5000002 
07.06.2021 15:43:35.575  a4000002 a5000002 
07.06.2021 15:43:35.584  a5000002 a5000002 
07.06.2021 15:43:35.587  a4000002 a5000002 
07.06.2021 15:43:35.596  a4000002 a4000002 
07.06.2021 15:43:35.602  a4000002 a5000002 
07.06.2021 15:43:35.605  a4000002 a4000002 
07.06.2021 15:43:35.695  a5000002 a5000002 
07.06.2021 15:43:35.710  a4000002 a4000002 
07.06.2021 15:43:35.713  a5000002 a5000002 
07.06.2021 15:43:35.803  a4000002 a5000002 
07.06.2021 15:43:35.818  a5000002 a5000002 
07.06.2021 15:43:35.821  a4000002 a5000002 
07.06.2021 15:43:35.824  a4000002 a4000002 
07.06.2021 15:43:35.836  a4000002 a5000002 
07.06.2021 15:43:35.839  a4000002 a4000002 
07.06.2021 15:43:35.914  a5000002 a5000002 
07.06.2021 15:43:35.926  a4000002 a4000002 
07.06.2021 15:43:35.929  a5000002 a5000002 
07.06.2021 15:43:36.007  a4000002 a5000002 
07.06.2021 15:43:36.016  a5000002 a5000002 
07.06.2021 15:43:36.019  a4000002 a5000002 
07.06.2021 15:43:36.028  a4000002 a4000002 
07.06.2021 15:43:36.034  a4000002 a5000002 
07.06.2021 15:43:36.037  a4000002 a4000002 
07.06.2021 15:43:36.130  a5000002 a5000002 
07.06.2021 15:43:36.142  a4000002 a4000002 
07.06.2021 15:43:36.145  a5000002 a5000002 
07.06.2021 15:43:36.223  a4000002 a5000002 
07.06.2021 15:43:36.232  a5000002 a5000002 
07.06.2021 15:43:36.235  a4000002 a5000002 
07.06.2021 15:43:36.244  a4000002 a4000002 
07.06.2021 15:43:36.250  a4000002 a5000002 
07.06.2021 15:43:36.253  a4000002 a4000002 
07.06.2021 15:43:36.349  a5000002 a5000002 
07.06.2021 15:43:36.358  a4000002 a4000002 
07.06.2021 15:43:36.361  a5000002 a5000002 
07.06.2021 15:43:36.463  a4000002 a5000002 
07.06.2021 15:43:36.466  a5000002 a5000002 
07.06.2021 15:43:36.469  a4000002 a5000002 
07.06.2021 15:43:36.487  a4000002 a4000002 
07.06.2021 15:43:36.598  a5000002 a5000002 
07.06.2021 15:43:36.610  a4000002 a4000002 
07.06.2021 15:43:36.613  a5000002 a5000002 
07.06.2021 15:43:36.715  a4000002 a5000002 
07.06.2021 15:43:36.718  a5000002 a5000002 
07.06.2021 15:43:36.721  a4000002 a5000002 
07.06.2021 15:43:36.739  a4000002 a4000002 
07.06.2021 15:43:36.829  a5000002 a4000002 
07.06.2021 15:43:36.832  a5000002 a5000002 
07.06.2021 15:43:36.844  a4000002 a4000002 
07.06.2021 15:43:36.847  a5000002 a5000002 
07.06.2021 15:43:36.958  a4000002 a5000002 
07.06.2021 15:43:36.970  a5000002 a5000002 
07.06.2021 15:43:36.973  a4000002 a5000002 
07.06.2021 15:43:36.982  a4000002 a4000002 
07.06.2021 15:43:36.988  a4000002 a5000002 
07.06.2021 15:43:36.991  a4000002 a4000002 
07.06.2021 15:43:37.192  a4000002 a5000002 
07.06.2021 15:43:37.198  a5000002 a5000002 
07.06.2021 15:43:37.204  a4000002 a4000002 
07.06.2021 15:43:37.207  a5000002 a5000002 
07.06.2021 15:43:37.297  a4000002 a5000002 
07.06.2021 15:43:37.312  a5000002 a5000002 
07.06.2021 15:43:37.315  a4000002 a5000002 
07.06.2021 15:43:37.318  a4000002 a4000002 
07.06.2021 15:43:37.330  a4000002 a5000002 
07.06.2021 15:43:37.333  a4000002 a4000002 
07.06.2021 15:43:37.405  a5000002 a5000002 
07.06.2021 15:43:37.420  a4000002 a4000002 
07.06.2021 15:43:37.423  a5000002 a5000002 
07.06.2021 15:43:38.347  a4000002 a5000002 
07.06.2021 15:43:38.356  a5000002 a5000002 
07.06.2021 15:43:38.359  a4000002 a5000002 
07.06.2021 15:43:38.368  a4000002 a4000002 
07.06.2021 15:43:38.374  a4000002 a5000002 
07.06.2021 15:43:38.377  a4000002 a4000002 
07.06.2021 15:43:38.461  a5000002 a5000002 
07.06.2021 15:43:38.464  a4000002 a4000002 
07.06.2021 15:43:38.467  a5000002 a5000002 
07.06.2021 15:43:38.557  a4000002 a5000002 
07.06.2021 15:43:38.572  a5000002 a5000002 
07.06.2021 15:43:38.575  a4000002 a5000002 
07.06.2021 15:43:38.578  a4000002 a4000002 
07.06.2021 15:43:38.590  a4000002 a5000002 
07.06.2021 15:43:38.593  a4000002 a4000002 
07.06.2021 15:43:38.674  a5000002 a5000002 
07.06.2021 15:43:38.680  a4000002 a4000002 
07.06.2021 15:43:38.683  a5000002 a5000002 
07.06.2021 15:43:38.965  a4000002 a5000002 
07.06.2021 15:43:38.968  a5000002 a5000002 
07.06.2021 15:43:38.971  a4000002 a5000002 
07.06.2021 15:43:38.989  a4000002 a4000002 
07.06.2021 15:43:39.079  a5000002 a5000002 
07.06.2021 15:43:39.169  a4000002 a5000002 
07.06.2021 15:43:39.184  a5000002 a5000002 
07.06.2021 15:43:39.187  a4000002 a5000002 
07.06.2021 15:43:39.190  a4000002 a4000002 
07.06.2021 15:43:39.202  a4000002 a5000002 
07.06.2021 15:43:39.205  a4000002 a4000002 
07.06.2021 15:43:39.247  a5000002 a4000002 
07.06.2021 15:43:39.256  a4000002 a4000002 
07.06.2021 15:43:39.259  a5000002 a4000002 
07.06.2021 15:43:39.295  a4000002 a4000002 
07.06.2021 15:43:39.475  a4000002 a5000002 
07.06.2021 15:43:39.490  a4000002 a4000002 
07.06.2021 15:43:39.493  a4000002 a5000002 
07.06.2021 15:43:39.553  a4000002 a4000002 
07.06.2021 15:43:39.562  a4000002 a5000002 
07.06.2021 15:43:39.565  a4000002 a4000002 
07.06.2021 15:43:39.622  a4000002 a5000002 
07.06.2021 15:43:39.634  a4000002 a4000002 
07.06.2021 15:43:39.637  a4000002 a5000002 
07.06.2021 15:43:39.691  a4000002 a4000002 
07.06.2021 15:43:39.706  a4000002 a5000002 
07.06.2021 15:43:39.709  a4000002 a4000002 
07.06.2021 15:43:39.769  a5000002 a5000002 
07.06.2021 15:43:39.778  a4000002 a4000002 
07.06.2021 15:43:39.781  a5000002 a5000002 
07.06.2021 15:43:39.853  a4000002 a5000002 
07.06.2021 15:43:39.871  a4000002 a4000002 
07.06.2021 15:43:39.886  a4000002 a5000002 
07.06.2021 15:43:39.889  a4000002 a4000002 
07.06.2021 15:43:39.982  a5000002 a5000002 
07.06.2021 15:43:39.994  a4000002 a4000002 
07.06.2021 15:43:39.997  a5000002 a5000002 
07.06.2021 15:43:40.087  a4000002 a5000002 
07.06.2021 15:43:40.102  a5000002 a5000002 
07.06.2021 15:43:40.105  a4000002 a5000002 
07.06.2021 15:43:40.108  a4000002 a4000002 
07.06.2021 15:43:40.120  a4000002 a5000002 
07.06.2021 15:43:40.123  a4000002 a4000002 
07.06.2021 15:43:40.222  a5000002 a5000002 
07.06.2021 15:43:40.228  a4000002 a4000002 
07.06.2021 15:43:40.231  a5000002 a5000002 
07.06.2021 15:43:40.321  a4000002 a5000002 
07.06.2021 15:43:40.336  a5000002 a5000002 
07.06.2021 15:43:40.339  a4000002 a5000002 
07.06.2021 15:43:40.342  a4000002 a4000002 
07.06.2021 15:43:40.354  a4000002 a5000002 
07.06.2021 15:43:40.357  a4000002 a4000002 
07.06.2021 15:43:40.453  a5000002 a5000002 
07.06.2021 15:43:40.462  a4000002 a4000002 
07.06.2021 15:43:40.465  a5000002 a5000002 
07.06.2021 15:43:40.555  a4000002 a5000002 
07.06.2021 15:43:40.570  a5000002 a5000002 
07.06.2021 15:43:40.573  a4000002 a5000002 
07.06.2021 15:43:40.576  a4000002 a4000002 
07.06.2021 15:43:40.588  a4000002 a5000002 
07.06.2021 15:43:40.591  a4000002 a4000002 
07.06.2021 15:43:40.675  a5000002 a5000002 
07.06.2021 15:43:40.678  a4000002 a4000002 
07.06.2021 15:43:40.681  a5000002 a5000002 
07.06.2021 15:43:40.771  a4000002 a5000002 
07.06.2021 15:43:40.786  a5000002 a5000002 
07.06.2021 15:43:40.789  a4000002 a5000002 
07.06.2021 15:43:40.792  a4000002 a4000002 
07.06.2021 15:43:40.804  a4000002 a5000002 
07.06.2021 15:43:40.807  a4000002 a4000002 
07.06.2021 15:43:40.963  a4000002 a5000002 
07.06.2021 15:43:40.966  a4000002 a4000002 
07.06.2021 15:43:40.969  a4000002 a5000002 
07.06.2021 15:43:41.023  a4000002 a4000002 
07.06.2021 15:43:41.038  a4000002 a5000002 
07.06.2021 15:43:41.041  a4000002 a4000002 
07.06.2021 15:43:41.275  a4000002 a5000002 
07.06.2021 15:43:41.341  a4000002 a4000002 
07.06.2021 15:43:41.344  a4000002 a5000002 
07.06.2021 15:43:41.347  a4000002 a4000002 
07.06.2021 15:43:41.485  a5000002 a4000002 
07.06.2021 15:43:41.488  a4000002 a4000002 
07.06.2021 15:43:41.491  a5000002 a4000002 
07.06.2021 15:43:41.563  a4000002 a4000002 
07.06.2021 15:43:41.578  a5000002 a4000002 
07.06.2021 15:43:41.581  a4000002 a4000002 
07.06.2021 15:43:41.761  a5000002 a5000002 
07.06.2021 15:43:41.776  a4000002 a4000002 
07.06.2021 15:43:41.779  a5000002 a5000002 
07.06.2021 15:43:41.869  a4000002 a5000002 
07.06.2021 15:43:41.884  a5000002 a5000002 
07.06.2021 15:43:41.887  a4000002 a5000002 
07.06.2021 15:43:41.890  a4000002 a4000002 
07.06.2021 15:43:41.902  a4000002 a5000002 
07.06.2021 15:43:41.905  a4000002 a4000002 
07.06.2021 15:43:42.307  a5000002 a5000002 
07.06.2021 15:43:42.316  a4000002 a4000002 
07.06.2021 15:43:42.319  a5000002 a5000002 
07.06.2021 15:43:42.409  a4000002 a5000002 
07.06.2021 15:43:42.424  a5000002 a5000002 
07.06.2021 15:43:42.427  a4000002 a5000002 
07.06.2021 15:43:42.430  a4000002 a4000002 
07.06.2021 15:43:42.442  a4000002 a5000002 
07.06.2021 15:43:42.445  a4000002 a4000002 
07.06.2021 15:43:42.538  a5000002 a5000002 
07.06.2021 15:43:42.550  a4000002 a4000002 
07.06.2021 15:43:42.553  a5000002 a5000002 
07.06.2021 15:43:42.643  a4000002 a5000002 
07.06.2021 15:43:42.658  a5000002 a5000002 
07.06.2021 15:43:42.661  a4000002 a5000002 
07.06.2021 15:43:42.664  a4000002 a4000002 
07.06.2021 15:43:42.676  a4000002 a5000002 
07.06.2021 15:43:42.679  a4000002 a4000002 
07.06.2021 15:43:42.763  a5000002 a5000002 
07.06.2021 15:43:42.766  a4000002 a4000002 
07.06.2021 15:43:42.769  a5000002 a5000002 
07.06.2021 15:43:42.862  a4000002 a5000002 
07.06.2021 15:43:42.874  a5000002 a5000002 
07.06.2021 15:43:42.877  a4000002 a5000002 
07.06.2021 15:43:42.880  a4000002 a4000002 
07.06.2021 15:43:42.892  a4000002 a5000002 
07.06.2021 15:43:42.895  a4000002 a4000002 
07.06.2021 15:43:46.009  a4000002 a5000002 
07.06.2021 15:43:46.063  a4000002 a4000002 
07.06.2021 15:43:46.078  a4000002 a5000002 
07.06.2021 15:43:46.081  a4000002 a4000002 
07.06.2021 15:43:47.494  a4000003 a4000003 
07.06.2021 15:43:47.497  a4000003 ac000003 
07.06.2021 15:43:47.500  a4000002 a4000002 
07.06.2021 15:43:47.503  a4000003 ac000003 
07.06.2021 15:43:47.524  a4000002 ac000002 
07.06.2021 15:43:47.530  a4000002 a4000002 
07.06.2021 15:43:47.536  a4000003 ac000003 
07.06.2021 15:43:47.539  a4000002 a4000002 
07.06.2021 15:43:47.629  a4000002 ac000002 
07.06.2021 15:43:47.644  a4000002 a4000002 
07.06.2021 15:43:47.647  a4000002 ac000002 
07.06.2021 15:43:47.674  a4000002 a4000002 
07.06.2021 15:43:47.680  a4000002 ac000002 
07.06.2021 15:43:47.683  a4000002 a4000002 
07.06.2021 15:43:47.764  a4000003 a4000003 
07.06.2021 15:43:47.770  a4000002 a4000002 
07.06.2021 15:43:47.773  a4000003 ac000003 
07.06.2021 15:43:47.800  a4000003 a4000003 
07.06.2021 15:43:47.806  a4000003 ac000003 
07.06.2021 15:43:47.809  a4000003 a4000003 
07.06.2021 15:43:47.911  a5000003 a5000003 
07.06.2021 15:43:47.914  a4000003 a4000003 
07.06.2021 15:43:47.917  a5000003 a5000003 
07.06.2021 15:43:48.007  a4000003 a5000003 
07.06.2021 15:43:48.022  a5000003 a5000003 
07.06.2021 15:43:48.025  a4000003 a5000003 
07.06.2021 15:43:48.028  a4000003 a4000003 
07.06.2021 15:43:48.040  a4000003 a5000003 
07.06.2021 15:43:48.043  a4000003 a4000003 
07.06.2021 15:43:48.121  a5000003 a5000003 
07.06.2021 15:43:48.130  a4000003 a4000003 
07.06.2021 15:43:48.133  a5000003 a5000003 
07.06.2021 15:43:48.223  a4000003 a5000003 
07.06.2021 15:43:48.238  a5000003 a5000003 
07.06.2021 15:43:48.241  a4000003 a5000003 
07.06.2021 15:43:48.244  a4000003 a4000003 
07.06.2021 15:43:48.256  a4000003 a5000003 
07.06.2021 15:43:48.259  a4000003 a4000003 

Servicedata V1.0 PLC:\DEBUG\SlaveStateA.service.trace created 07.06.2021 16:08:58 (local time)
hostname: hu, Software: 606421 04, built: 08.10.2014 08:59
-----------------------------------------------------------------------------------------------
                     ms  Virtual BusModule state(s)
07.06.2021 16:03:48.662  24000000 2c000000 
07.06.2021 16:03:48.674  00000000 00000000 
07.06.2021 16:03:48.677  24000000 2c000000 
07.06.2021 16:03:48.818  24000001 2c000000 
07.06.2021 16:03:48.821  24000000 2c000000 
07.06.2021 16:03:48.824  24000001 2c000000 
07.06.2021 16:03:48.830  24000001 2c000001 
07.06.2021 16:03:48.842  24000001 2c000000 
07.06.2021 16:03:48.845  24000001 2c000001 
07.06.2021 16:03:48.959  24000001 24000001 
07.06.2021 16:03:48.968  24000001 2c000001 
07.06.2021 16:03:48.971  24000001 24000001 
07.06.2021 16:04:17.298  24000002 24000002 
07.06.2021 16:04:17.301  a4000002 a4000002 
07.06.2021 16:04:17.307  24000001 24000001 
07.06.2021 16:04:17.310  a4000002 a4000002 
07.06.2021 16:04:17.544  a4000002 a5000002 
07.06.2021 16:04:17.604  a4000002 a4000002 
07.06.2021 16:04:17.613  a4000002 a5000002 
07.06.2021 16:04:17.616  a4000002 a4000002 
07.06.2021 16:04:17.742  a5000002 a5000002 
07.06.2021 16:04:17.820  a4000002 a5000002 
07.06.2021 16:04:17.829  a5000002 a5000002 
07.06.2021 16:04:17.832  a4000002 a5000002 
07.06.2021 16:04:17.841  a4000002 a4000002 
07.06.2021 16:04:17.847  a4000002 a5000002 
07.06.2021 16:04:17.850  a4000002 a4000002 
07.06.2021 16:04:20.931  a5000002 a5000002 
07.06.2021 16:04:20.943  a4000002 a4000002 
07.06.2021 16:04:20.946  a5000002 a5000002 
07.06.2021 16:04:21.024  a4000002 a5000002 
07.06.2021 16:04:21.033  a5000002 a5000002 
07.06.2021 16:04:21.036  a4000002 a5000002 
07.06.2021 16:04:21.045  a4000002 a4000002 
07.06.2021 16:04:21.051  a4000002 a5000002 
07.06.2021 16:04:21.054  a4000002 a4000002 
07.06.2021 16:04:21.156  a5000002 a5000002 
07.06.2021 16:04:21.159  a4000002 a4000002 
07.06.2021 16:04:21.162  a5000002 a5000002 
07.06.2021 16:04:21.264  a4000002 a5000002 
07.06.2021 16:04:21.267  a5000002 a5000002 
07.06.2021 16:04:21.270  a4000002 a5000002 
07.06.2021 16:04:21.288  a4000002 a4000002 
07.06.2021 16:04:21.378  a5000002 a5000002 
07.06.2021 16:04:21.456  a4000002 a5000002 
07.06.2021 16:04:21.465  a5000002 a5000002 
07.06.2021 16:04:21.468  a4000002 a5000002 
07.06.2021 16:04:21.477  a4000002 a4000002 
07.06.2021 16:04:21.483  a4000002 a5000002 
07.06.2021 16:04:21.486  a4000002 a4000002 
07.06.2021 16:04:21.579  a5000002 a5000002 
07.06.2021 16:04:21.591  a4000002 a4000002 
07.06.2021 16:04:21.594  a5000002 a5000002 
07.06.2021 16:04:21.768  a4000002 a5000002 
07.06.2021 16:04:21.771  a5000002 a5000002 
07.06.2021 16:04:21.774  a4000002 a5000002 
07.06.2021 16:04:21.792  a4000002 a4000002 
07.06.2021 16:04:21.807  a4000002 a5000002 
07.06.2021 16:04:21.810  a4000002 a4000002 
07.06.2021 16:04:21.894  a5000002 a5000002 
07.06.2021 16:04:21.897  a4000002 a4000002 
07.06.2021 16:04:21.900  a5000002 a5000002 
07.06.2021 16:04:22.002  a4000002 a5000002 
07.06.2021 16:04:22.005  a5000002 a5000002 
07.06.2021 16:04:22.008  a4000002 a5000002 
07.06.2021 16:04:22.026  a4000002 a4000002 
07.06.2021 16:04:22.140  a5000002 a5000002 
07.06.2021 16:04:22.149  a4000002 a4000002 
07.06.2021 16:04:22.152  a5000002 a5000002 
07.06.2021 16:04:22.260  a4000002 a5000002 
07.06.2021 16:04:22.278  a4000002 a4000002 
07.06.2021 16:04:22.368  a5000002 a5000002 
07.06.2021 16:04:22.383  a4000002 a4000002 
07.06.2021 16:04:22.386  a5000002 a5000002 
07.06.2021 16:04:22.476  a4000002 a5000002 
07.06.2021 16:04:22.491  a5000002 a5000002 
07.06.2021 16:04:22.494  a4000002 a5000002 
07.06.2021 16:04:22.497  a4000002 a4000002 
07.06.2021 16:04:22.509  a4000002 a5000002 
07.06.2021 16:04:22.512  a4000002 a4000002 
07.06.2021 16:04:22.602  a4000002 a5000002 
07.06.2021 16:04:22.608  a5000002 a5000002 
07.06.2021 16:04:22.617  a4000002 a4000002 
07.06.2021 16:04:22.620  a5000002 a5000002 
07.06.2021 16:04:22.710  a4000002 a5000002 
07.06.2021 16:04:22.725  a5000002 a5000002 
07.06.2021 16:04:22.728  a4000002 a5000002 
07.06.2021 16:04:22.731  a4000002 a4000002 
07.06.2021 16:04:22.743  a4000002 a5000002 
07.06.2021 16:04:22.746  a4000002 a4000002 
07.06.2021 16:04:22.818  a5000002 a5000002 
07.06.2021 16:04:23.742  a4000002 a5000002 
07.06.2021 16:04:23.751  a5000002 a5000002 
07.06.2021 16:04:23.754  a4000002 a5000002 
07.06.2021 16:04:23.763  a4000002 a4000002 
07.06.2021 16:04:23.769  a4000002 a5000002 
07.06.2021 16:04:23.772  a4000002 a4000002 
07.06.2021 16:04:23.853  a5000002 a5000002 
07.06.2021 16:04:23.859  a4000002 a4000002 
07.06.2021 16:04:23.862  a5000002 a5000002 
07.06.2021 16:04:23.952  a4000002 a5000002 
07.06.2021 16:04:23.967  a5000002 a5000002 
07.06.2021 16:04:23.970  a4000002 a5000002 
07.06.2021 16:04:23.973  a4000002 a4000002 
07.06.2021 16:04:23.985  a4000002 a5000002 
07.06.2021 16:04:23.988  a4000002 a4000002 
07.06.2021 16:04:24.078  a5000002 a5000002 
07.06.2021 16:04:24.336  a4000002 a5000002 
07.06.2021 16:04:24.345  a5000002 a5000002 
07.06.2021 16:04:24.348  a4000002 a5000002 
07.06.2021 16:04:24.357  a4000002 a4000002 
07.06.2021 16:04:24.363  a4000002 a5000002 
07.06.2021 16:04:24.366  a4000002 a4000002 
07.06.2021 16:04:24.447  a5000002 a5000002 
07.06.2021 16:04:24.453  a4000002 a4000002 
07.06.2021 16:04:24.456  a5000002 a5000002 
07.06.2021 16:04:24.546  a4000002 a5000002 
07.06.2021 16:04:24.561  a5000002 a5000002 
07.06.2021 16:04:24.564  a4000002 a5000002 
07.06.2021 16:04:24.567  a4000002 a4000002 
07.06.2021 16:04:24.579  a4000002 a5000002 
07.06.2021 16:04:24.582  a4000002 a4000002 
07.06.2021 16:04:24.624  a5000002 a4000002 
07.06.2021 16:04:24.633  a4000002 a4000002 
07.06.2021 16:04:24.636  a5000002 a4000002 
07.06.2021 16:04:24.672  a4000002 a4000002 
07.06.2021 16:04:24.687  a5000002 a4000002 
07.06.2021 16:04:24.690  a4000002 a4000002 
07.06.2021 16:04:24.846  a4000002 a5000002 
07.06.2021 16:04:24.849  a4000002 a4000002 
07.06.2021 16:04:24.852  a4000002 a5000002 
07.06.2021 16:04:24.894  a4000002 a4000002 
07.06.2021 16:04:24.903  a4000002 a5000002 
07.06.2021 16:04:24.906  a4000002 a4000002 
07.06.2021 16:04:24.963  a4000002 a5000002 
07.06.2021 16:04:24.975  a4000002 a4000002 
07.06.2021 16:04:24.978  a4000002 a5000002 
07.06.2021 16:04:25.032  a4000002 a4000002 
07.06.2021 16:04:25.047  a4000002 a5000002 
07.06.2021 16:04:25.050  a4000002 a4000002 
07.06.2021 16:04:25.110  a5000002 a5000002 
07.06.2021 16:04:25.119  a4000002 a4000002 
07.06.2021 16:04:25.122  a5000002 a5000002 
07.06.2021 16:04:25.194  a4000002 a5000002 
07.06.2021 16:04:25.212  a4000002 a4000002 
07.06.2021 16:04:25.227  a4000002 a5000002 
07.06.2021 16:04:25.230  a4000002 a4000002 
07.06.2021 16:04:25.320  a5000002 a5000002 
07.06.2021 16:04:25.335  a4000002 a4000002 
07.06.2021 16:04:25.338  a5000002 a5000002 
07.06.2021 16:04:25.428  a4000002 a5000002 
07.06.2021 16:04:25.443  a5000002 a5000002 
07.06.2021 16:04:25.446  a4000002 a5000002 
07.06.2021 16:04:25.449  a4000002 a4000002 
07.06.2021 16:04:25.461  a4000002 a5000002 
07.06.2021 16:04:25.464  a4000002 a4000002 
07.06.2021 16:04:25.548  a5000002 a5000002 
07.06.2021 16:04:25.551  a4000002 a4000002 
07.06.2021 16:04:25.554  a5000002 a5000002 
07.06.2021 16:04:25.644  a4000002 a5000002 
07.06.2021 16:04:25.659  a5000002 a5000002 
07.06.2021 16:04:25.662  a4000002 a5000002 
07.06.2021 16:04:25.665  a4000002 a4000002 
07.06.2021 16:04:25.677  a4000002 a5000002 
07.06.2021 16:04:25.680  a4000002 a4000002 
07.06.2021 16:04:25.776  a5000002 a5000002 
07.06.2021 16:04:25.785  a4000002 a4000002 
07.06.2021 16:04:25.788  a5000002 a5000002 
07.06.2021 16:04:25.890  a4000002 a5000002 
07.06.2021 16:04:25.893  a5000002 a5000002 
07.06.2021 16:04:25.896  a4000002 a5000002 
07.06.2021 16:04:25.914  a4000002 a4000002 
07.06.2021 16:04:26.010  a5000002 a5000002 
07.06.2021 16:04:26.019  a4000002 a4000002 
07.06.2021 16:04:26.022  a5000002 a5000002 
07.06.2021 16:04:26.112  a4000002 a5000002 
07.06.2021 16:04:26.127  a5000002 a5000002 
07.06.2021 16:04:26.130  a4000002 a5000002 
07.06.2021 16:04:26.133  a4000002 a4000002 
07.06.2021 16:04:26.145  a4000002 a5000002 
07.06.2021 16:04:26.148  a4000002 a4000002 
07.06.2021 16:04:26.304  a4000002 a5000002 
07.06.2021 16:04:26.307  a4000002 a4000002 
07.06.2021 16:04:26.310  a4000002 a5000002 
07.06.2021 16:04:26.364  a4000002 a4000002 
07.06.2021 16:04:26.379  a4000002 a5000002 
07.06.2021 16:04:26.382  a4000002 a4000002 
07.06.2021 16:04:26.763  a4000002 a5000002 
07.06.2021 16:04:26.775  a4000002 a4000002 
07.06.2021 16:04:26.778  a4000002 a5000002 
07.06.2021 16:04:26.844  a4000002 a4000002 
07.06.2021 16:04:26.847  a4000002 a5000002 
07.06.2021 16:04:26.850  a4000002 a4000002 
07.06.2021 16:04:26.976  a5000002 a4000002 
07.06.2021 16:04:26.991  a4000002 a4000002 
07.06.2021 16:04:26.994  a5000002 a4000002 
07.06.2021 16:04:27.054  a4000002 a4000002 
07.06.2021 16:04:27.063  a5000002 a4000002 
07.06.2021 16:04:27.066  a4000002 a4000002 
07.06.2021 16:04:27.252  a5000002 a5000002 
07.06.2021 16:04:27.261  a4000002 a4000002 
07.06.2021 16:04:27.264  a5000002 a5000002 
07.06.2021 16:04:27.354  a4000002 a5000002 
07.06.2021 16:04:27.369  a5000002 a5000002 
07.06.2021 16:04:27.372  a4000002 a5000002 
07.06.2021 16:04:27.375  a4000002 a4000002 
07.06.2021 16:04:27.387  a4000002 a5000002 
07.06.2021 16:04:27.390  a4000002 a4000002 
07.06.2021 16:04:27.474  a5000002 a5000002 
07.06.2021 16:04:27.477  a4000002 a4000002 
07.06.2021 16:04:27.480  a5000002 a5000002 
07.06.2021 16:04:27.570  a4000002 a5000002 
07.06.2021 16:04:27.585  a5000002 a5000002 
07.06.2021 16:04:27.588  a4000002 a5000002 
07.06.2021 16:04:27.591  a4000002 a4000002 
07.06.2021 16:04:27.603  a4000002 a5000002 
07.06.2021 16:04:27.606  a4000002 a4000002 
07.06.2021 16:04:27.699  a5000002 a5000002 
07.06.2021 16:04:27.711  a4000002 a4000002 
07.06.2021 16:04:27.714  a5000002 a5000002 
07.06.2021 16:04:27.804  a4000002 a5000002 
07.06.2021 16:04:27.819  a5000002 a5000002 
07.06.2021 16:04:27.822  a4000002 a5000002 
07.06.2021 16:04:27.825  a4000002 a4000002 
07.06.2021 16:04:27.837  a4000002 a5000002 
07.06.2021 16:04:27.840  a4000002 a4000002 
07.06.2021 16:04:27.924  a5000002 a5000002 
07.06.2021 16:04:27.927  a4000002 a4000002 
07.06.2021 16:04:27.930  a5000002 a5000002 
07.06.2021 16:04:28.023  a4000002 a5000002 
07.06.2021 16:04:28.035  a5000002 a5000002 
07.06.2021 16:04:28.038  a4000002 a5000002 
07.06.2021 16:04:28.041  a4000002 a4000002 
07.06.2021 16:04:28.053  a4000002 a5000002 
07.06.2021 16:04:28.056  a4000002 a4000002 
07.06.2021 16:04:31.047  a4000002 a5000002 
07.06.2021 16:04:31.059  a4000002 a4000002 
07.06.2021 16:04:31.062  a4000002 a5000002 
07.06.2021 16:04:31.116  a4000002 a4000002 
07.06.2021 16:04:31.131  a4000002 a5000002 
07.06.2021 16:04:31.134  a4000002 a4000002 
07.06.2021 16:04:46.551  a4000003 a4000003 
07.06.2021 16:04:46.554  a4000003 ac000003 
07.06.2021 16:04:46.557  a4000002 a4000002 
07.06.2021 16:04:46.560  a4000003 ac000003 
07.06.2021 16:04:46.584  a4000002 ac000002 
07.06.2021 16:04:46.587  a4000002 a4000002 
07.06.2021 16:04:46.593  a4000003 ac000003 
07.06.2021 16:04:46.596  a4000002 a4000002 
07.06.2021 16:04:46.689  a4000002 ac000002 
07.06.2021 16:04:46.701  a4000002 a4000002 
07.06.2021 16:04:46.704  a4000002 ac000002 
07.06.2021 16:04:46.731  a4000002 a4000002 
07.06.2021 16:04:46.737  a4000002 ac000002 
07.06.2021 16:04:46.740  a4000002 a4000002 
07.06.2021 16:04:46.839  a4000003 a4000003 
07.06.2021 16:04:46.845  a4000002 a4000002 
07.06.2021 16:04:46.848  a4000003 ac000003 
07.06.2021 16:04:46.875  a4000003 a4000003 
07.06.2021 16:04:46.881  a4000003 ac000003 
07.06.2021 16:04:46.884  a4000003 a4000003 
07.06.2021 16:04:46.986  a5000003 a5000003 
07.06.2021 16:04:46.989  a4000003 a4000003 
07.06.2021 16:04:46.992  a5000003 a5000003 
07.06.2021 16:04:47.082  a4000003 a5000003 
07.06.2021 16:04:47.097  a5000003 a5000003 
07.06.2021 16:04:47.100  a4000003 a5000003 
07.06.2021 16:04:47.103  a4000003 a4000003 
07.06.2021 16:04:47.115  a4000003 a5000003 
07.06.2021 16:04:47.118  a4000003 a4000003 
07.06.2021 16:04:47.196  a5000003 a5000003 
07.06.2021 16:04:47.205  a4000003 a4000003 
07.06.2021 16:04:47.208  a5000003 a5000003 
07.06.2021 16:04:47.298  a4000003 a5000003 
07.06.2021 16:04:47.313  a5000003 a5000003 
07.06.2021 16:04:47.316  a4000003 a5000003 
07.06.2021 16:04:47.319  a4000003 a4000003 
07.06.2021 16:04:47.331  a4000003 a5000003 
07.06.2021 16:04:47.334  a4000003 a4000003 
07.06.2021 16:08:05.573  a4000002 a4000002 
07.06.2021 16:08:05.582  a4000002 ac000002 
07.06.2021 16:08:05.585  a4000003 a4000003 
07.06.2021 16:08:05.588  a4000002 ac000002 
07.06.2021 16:08:05.615  a4000002 a4000002 
07.06.2021 16:08:05.621  a4000002 ac000002 
07.06.2021 16:08:05.624  a4000002 a4000002 
07.06.2021 16:08:58.137  a4000001 a4000001 
07.06.2021 16:08:58.140  24000001 24800001 
07.06.2021 16:08:58.146  a4000002 a4000002 
07.06.2021 16:08:58.149  24000001 24800001 
07.06.2021 16:08:58.155  24000001 24000001 
07.06.2021 16:08:58.164  24000001 24800001 
07.06.2021 16:08:58.167  24000001 24000001 

Servicedata V1.0 PLC:\DEBUG\SlaveStateA.service.trace created 07.06.2021 17:27:10 (local time)
hostname: hu, Software: 606421 04, built: 08.10.2014 08:59
-----------------------------------------------------------------------------------------------
                     ms  Virtual BusModule state(s)
07.06.2021 16:56:21.927  24000000 2c000000 
07.06.2021 16:56:21.933  00000000 00000000 
07.06.2021 16:56:21.936  24000000 2c000000 
07.06.2021 16:56:22.086  24000001 2c000000 
07.06.2021 16:56:22.095  24000001 2c000001 
07.06.2021 16:56:22.101  24000000 2c000000 
07.06.2021 16:56:22.104  24000001 2c000001 
07.06.2021 16:56:22.224  24000001 24000001 
07.06.2021 16:56:22.227  24000001 2c000001 
07.06.2021 16:56:22.230  24000001 24000001 
07.06.2021 16:56:53.556  24000002 24000002 
07.06.2021 16:56:53.559  a4000002 a4000002 
07.06.2021 16:56:53.565  24000001 24000001 
07.06.2021 16:56:53.568  a4000002 a4000002 
07.06.2021 16:56:53.805  a4000002 a5000002 
07.06.2021 16:56:53.817  a4000002 a4000002 
07.06.2021 16:56:53.820  a4000002 a5000002 
07.06.2021 16:56:53.874  a4000002 a4000002 
07.06.2021 16:56:53.889  a4000002 a5000002 
07.06.2021 16:56:53.892  a4000002 a4000002 
07.06.2021 16:56:54.012  a5000002 a5000002 
07.06.2021 16:56:54.015  a4000002 a4000002 
07.06.2021 16:56:54.018  a5000002 a5000002 
07.06.2021 16:56:54.096  a4000002 a5000002 
07.06.2021 16:56:54.105  a5000002 a5000002 
07.06.2021 16:56:54.108  a4000002 a5000002 
07.06.2021 16:56:54.117  a4000002 a4000002 
07.06.2021 16:56:54.123  a4000002 a5000002 
07.06.2021 16:56:54.126  a4000002 a4000002 
07.06.2021 16:56:57.207  a5000002 a5000002 
07.06.2021 16:56:57.219  a4000002 a4000002 
07.06.2021 16:56:57.222  a5000002 a5000002 
07.06.2021 16:56:57.300  a4000002 a5000002 
07.06.2021 16:56:57.309  a5000002 a5000002 
07.06.2021 16:56:57.312  a4000002 a5000002 
07.06.2021 16:56:57.321  a4000002 a4000002 
07.06.2021 16:56:57.327  a4000002 a5000002 
07.06.2021 16:56:57.330  a4000002 a4000002 
07.06.2021 16:56:57.420  a5000002 a5000002 
07.06.2021 16:56:57.528  a4000002 a5000002 
07.06.2021 16:56:57.546  a4000002 a4000002 
07.06.2021 16:56:57.561  a4000002 a5000002 
07.06.2021 16:56:57.564  a4000002 a4000002 
07.06.2021 16:56:57.636  a5000002 a5000002 
07.06.2021 16:56:57.651  a4000002 a4000002 
07.06.2021 16:56:57.654  a5000002 a5000002 
07.06.2021 16:56:57.732  a4000002 a5000002 
07.06.2021 16:56:57.741  a5000002 a5000002 
07.06.2021 16:56:57.744  a4000002 a5000002 
07.06.2021 16:56:57.753  a4000002 a4000002 
07.06.2021 16:56:57.759  a4000002 a5000002 
07.06.2021 16:56:57.762  a4000002 a4000002 
07.06.2021 16:56:57.870  a5000002 a5000002 
07.06.2021 16:56:58.050  a4000002 a5000002 
07.06.2021 16:56:58.065  a5000002 a5000002 
07.06.2021 16:56:58.068  a4000002 a5000002 
07.06.2021 16:56:58.071  a4000002 a4000002 
07.06.2021 16:56:58.083  a4000002 a5000002 
07.06.2021 16:56:58.086  a4000002 a4000002 
07.06.2021 16:56:58.176  a5000002 a5000002 
07.06.2021 16:56:58.191  a4000002 a4000002 
07.06.2021 16:56:58.194  a5000002 a5000002 
07.06.2021 16:56:58.296  a4000002 a5000002 
07.06.2021 16:56:58.299  a5000002 a5000002 
07.06.2021 16:56:58.302  a4000002 a5000002 
07.06.2021 16:56:58.320  a4000002 a4000002 
07.06.2021 16:56:58.434  a5000002 a5000002 
07.06.2021 16:56:58.443  a4000002 a4000002 
07.06.2021 16:56:58.446  a5000002 a5000002 
07.06.2021 16:56:58.554  a4000002 a5000002 
07.06.2021 16:56:58.572  a4000002 a4000002 
07.06.2021 16:56:58.662  a5000002 a5000002 
07.06.2021 16:56:58.677  a4000002 a4000002 
07.06.2021 16:56:58.680  a5000002 a5000002 
07.06.2021 16:56:58.770  a4000002 a5000002 
07.06.2021 16:56:58.785  a5000002 a5000002 
07.06.2021 16:56:58.788  a4000002 a5000002 
07.06.2021 16:56:58.791  a4000002 a4000002 
07.06.2021 16:56:58.803  a4000002 a5000002 
07.06.2021 16:56:58.806  a4000002 a4000002 
07.06.2021 16:56:58.896  a4000002 a5000002 
07.06.2021 16:56:58.902  a5000002 a5000002 
07.06.2021 16:56:58.911  a4000002 a5000002 
07.06.2021 16:56:58.914  a5000002 a5000002 
07.06.2021 16:56:58.974  a4000002 a5000002 
07.06.2021 16:56:58.983  a5000002 a5000002 
07.06.2021 16:56:58.986  a4000002 a5000002 
07.06.2021 16:56:58.995  a4000002 a4000002 
07.06.2021 16:56:59.001  a4000002 a5000002 
07.06.2021 16:56:59.004  a4000002 a4000002 
07.06.2021 16:56:59.082  a5000002 a5000002 
07.06.2021 16:56:59.091  a4000002 a4000002 
07.06.2021 16:56:59.094  a5000002 a5000002 
07.06.2021 16:57:00.018  a4000002 a5000002 
07.06.2021 16:57:00.027  a5000002 a5000002 
07.06.2021 16:57:00.030  a4000002 a5000002 
07.06.2021 16:57:00.039  a4000002 a4000002 
07.06.2021 16:57:00.045  a4000002 a5000002 
07.06.2021 16:57:00.048  a4000002 a4000002 
07.06.2021 16:57:00.129  a5000002 a5000002 
07.06.2021 16:57:00.135  a4000002 a4000002 
07.06.2021 16:57:00.138  a5000002 a5000002 
07.06.2021 16:57:00.228  a4000002 a5000002 
07.06.2021 16:57:00.243  a5000002 a5000002 
07.06.2021 16:57:00.246  a4000002 a5000002 
07.06.2021 16:57:00.249  a4000002 a4000002 
07.06.2021 16:57:00.261  a4000002 a5000002 
07.06.2021 16:57:00.264  a4000002 a4000002 
07.06.2021 16:57:00.366  a5000002 a5000002 
07.06.2021 16:57:00.369  a4000002 a4000002 
07.06.2021 16:57:00.372  a5000002 a5000002 
07.06.2021 16:57:00.660  a4000002 a5000002 
07.06.2021 16:57:00.678  a4000002 a4000002 
07.06.2021 16:57:00.693  a4000002 a5000002 
07.06.2021 16:57:00.696  a4000002 a4000002 
07.06.2021 16:57:00.768  a5000002 a5000002 
07.06.2021 16:57:00.783  a4000002 a4000002 
07.06.2021 16:57:00.786  a5000002 a5000002 
07.06.2021 16:57:00.876  a4000002 a5000002 
07.06.2021 16:57:00.891  a5000002 a5000002 
07.06.2021 16:57:00.894  a4000002 a5000002 
07.06.2021 16:57:00.897  a4000002 a4000002 
07.06.2021 16:57:00.909  a4000002 a5000002 
07.06.2021 16:57:00.912  a4000002 a4000002 
07.06.2021 16:57:00.954  a5000002 a4000002 
07.06.2021 16:57:00.963  a4000002 a4000002 
07.06.2021 16:57:00.966  a5000002 a4000002 
07.06.2021 16:57:01.002  a4000002 a4000002 
07.06.2021 16:57:01.017  a5000002 a4000002 
07.06.2021 16:57:01.020  a4000002 a4000002 
07.06.2021 16:57:01.167  a4000002 a5000002 
07.06.2021 16:57:01.179  a4000002 a4000002 
07.06.2021 16:57:01.182  a4000002 a5000002 
07.06.2021 16:57:01.245  a4000002 a4000002 
07.06.2021 16:57:01.251  a4000002 a5000002 
07.06.2021 16:57:01.254  a4000002 a4000002 
07.06.2021 16:57:01.314  a4000002 a5000002 
07.06.2021 16:57:01.323  a4000002 a4000002 
07.06.2021 16:57:01.326  a4000002 a5000002 
07.06.2021 16:57:01.380  a4000002 a4000002 
07.06.2021 16:57:01.395  a4000002 a5000002 
07.06.2021 16:57:01.398  a4000002 a4000002 
07.06.2021 16:57:01.458  a5000002 a5000002 
07.06.2021 16:57:01.467  a4000002 a4000002 
07.06.2021 16:57:01.470  a5000002 a5000002 
07.06.2021 16:57:01.542  a4000002 a5000002 
07.06.2021 16:57:01.560  a4000002 a4000002 
07.06.2021 16:57:01.575  a4000002 a5000002 
07.06.2021 16:57:01.578  a4000002 a4000002 
07.06.2021 16:57:01.668  a5000002 a5000002 
07.06.2021 16:57:01.683  a4000002 a4000002 
07.06.2021 16:57:01.686  a5000002 a5000002 
07.06.2021 16:57:01.776  a4000002 a5000002 
07.06.2021 16:57:01.791  a5000002 a5000002 
07.06.2021 16:57:01.794  a4000002 a5000002 
07.06.2021 16:57:01.797  a4000002 a4000002 
07.06.2021 16:57:01.809  a4000002 a5000002 
07.06.2021 16:57:01.812  a4000002 a4000002 
07.06.2021 16:57:01.896  a5000002 a5000002 
07.06.2021 16:57:01.899  a4000002 a4000002 
07.06.2021 16:57:01.902  a5000002 a5000002 
07.06.2021 16:57:01.992  a4000002 a5000002 
07.06.2021 16:57:02.007  a5000002 a5000002 
07.06.2021 16:57:02.010  a4000002 a5000002 
07.06.2021 16:57:02.013  a4000002 a4000002 
07.06.2021 16:57:02.025  a4000002 a5000002 
07.06.2021 16:57:02.028  a4000002 a4000002 
07.06.2021 16:57:02.124  a5000002 a5000002 
07.06.2021 16:57:02.133  a4000002 a4000002 
07.06.2021 16:57:02.136  a5000002 a5000002 
07.06.2021 16:57:02.226  a4000002 a5000002 
07.06.2021 16:57:02.241  a5000002 a5000002 
07.06.2021 16:57:02.244  a4000002 a5000002 
07.06.2021 16:57:02.247  a4000002 a4000002 
07.06.2021 16:57:02.259  a4000002 a5000002 
07.06.2021 16:57:02.262  a4000002 a4000002 
07.06.2021 16:57:02.346  a5000002 a5000002 
07.06.2021 16:57:02.349  a4000002 a4000002 
07.06.2021 16:57:02.352  a5000002 a5000002 
07.06.2021 16:57:02.442  a4000002 a5000002 
07.06.2021 16:57:02.457  a5000002 a5000002 
07.06.2021 16:57:02.460  a4000002 a5000002 
07.06.2021 16:57:02.463  a4000002 a4000002 
07.06.2021 16:57:02.475  a4000002 a5000002 
07.06.2021 16:57:02.478  a4000002 a4000002 
07.06.2021 16:57:02.625  a4000002 a5000002 
07.06.2021 16:57:02.637  a4000002 a4000002 
07.06.2021 16:57:02.640  a4000002 a5000002 
07.06.2021 16:57:02.694  a4000002 a4000002 
07.06.2021 16:57:02.709  a4000002 a5000002 
07.06.2021 16:57:02.712  a4000002 a4000002 
07.06.2021 16:57:02.934  a4000002 a5000002 
07.06.2021 16:57:02.943  a4000002 a4000002 
07.06.2021 16:57:02.946  a4000002 a5000002 
07.06.2021 16:57:03.174  a4000002 a4000002 
07.06.2021 16:57:03.177  a4000002 a5000002 
07.06.2021 16:57:03.180  a4000002 a4000002 
07.06.2021 16:57:03.327  a5000002 a4000002 
07.06.2021 16:57:03.339  a4000002 a4000002 
07.06.2021 16:57:03.342  a5000002 a4000002 
07.06.2021 16:57:03.405  a4000002 a4000002 
07.06.2021 16:57:03.411  a5000002 a4000002 
07.06.2021 16:57:03.414  a4000002 a4000002 
07.06.2021 16:57:03.603  a5000002 a5000002 
07.06.2021 16:57:03.609  a4000002 a4000002 
07.06.2021 16:57:03.612  a5000002 a5000002 
07.06.2021 16:57:03.702  a4000002 a5000002 
07.06.2021 16:57:03.717  a5000002 a5000002 
07.06.2021 16:57:03.720  a4000002 a5000002 
07.06.2021 16:57:03.723  a4000002 a4000002 
07.06.2021 16:57:03.735  a4000002 a5000002 
07.06.2021 16:57:03.738  a4000002 a4000002 
07.06.2021 16:57:03.822  a5000002 a5000002 
07.06.2021 16:57:03.825  a4000002 a4000002 
07.06.2021 16:57:03.828  a5000002 a5000002 
07.06.2021 16:57:03.918  a4000002 a5000002 
07.06.2021 16:57:03.933  a5000002 a5000002 
07.06.2021 16:57:03.936  a4000002 a5000002 
07.06.2021 16:57:03.939  a4000002 a4000002 
07.06.2021 16:57:03.951  a4000002 a5000002 
07.06.2021 16:57:03.954  a4000002 a4000002 
07.06.2021 16:57:04.047  a5000002 a5000002 
07.06.2021 16:57:04.059  a4000002 a4000002 
07.06.2021 16:57:04.062  a5000002 a5000002 
07.06.2021 16:57:04.152  a4000002 a5000002 
07.06.2021 16:57:04.167  a5000002 a5000002 
07.06.2021 16:57:04.170  a4000002 a5000002 
07.06.2021 16:57:04.173  a4000002 a4000002 
07.06.2021 16:57:04.185  a4000002 a5000002 
07.06.2021 16:57:04.188  a4000002 a4000002 
07.06.2021 16:57:04.272  a5000002 a5000002 
07.06.2021 16:57:04.275  a4000002 a4000002 
07.06.2021 16:57:04.278  a5000002 a5000002 
07.06.2021 16:57:04.371  a4000002 a5000002 
07.06.2021 16:57:04.383  a5000002 a5000002 
07.06.2021 16:57:04.386  a4000002 a5000002 
07.06.2021 16:57:04.389  a4000002 a4000002 
07.06.2021 16:57:04.401  a4000002 a5000002 
07.06.2021 16:57:04.404  a4000002 a4000002 
07.06.2021 16:57:07.338  a4000002 a5000002 
07.06.2021 16:57:07.353  a4000002 a4000002 
07.06.2021 16:57:07.356  a4000002 a5000002 
07.06.2021 16:57:07.410  a4000002 a4000002 
07.06.2021 16:57:07.425  a4000002 a5000002 
07.06.2021 16:57:07.428  a4000002 a4000002 
07.06.2021 16:57:16.131  a4000003 a4000003 
07.06.2021 16:57:16.137  a4000002 a4000002 
07.06.2021 16:57:16.140  a4000003 ac000003 
07.06.2021 16:57:16.167  a4000003 a4000003 
07.06.2021 16:57:16.170  a4000002 a4000002 
07.06.2021 16:57:16.173  a4000003 ac000003 
07.06.2021 16:57:16.176  a4000002 a4000002 
07.06.2021 16:57:16.272  a4000002 ac000002 
07.06.2021 16:57:16.281  a4000002 a4000002 
07.06.2021 16:57:16.284  a4000002 ac000002 
07.06.2021 16:57:16.311  a4000002 a4000002 
07.06.2021 16:57:16.317  a4000002 ac000002 
07.06.2021 16:57:16.320  a4000002 a4000002 
07.06.2021 16:57:16.419  a4000003 a4000003 
07.06.2021 16:57:16.425  a4000002 a4000002 
07.06.2021 16:57:16.428  a4000003 ac000003 
07.06.2021 16:57:16.455  a4000003 a4000003 
07.06.2021 16:57:16.461  a4000003 ac000003 
07.06.2021 16:57:16.464  a4000003 a4000003 
07.06.2021 16:57:16.566  a5000003 a5000003 
07.06.2021 16:57:16.569  a4000003 a4000003 
07.06.2021 16:57:16.572  a5000003 a5000003 
07.06.2021 16:57:16.662  a4000003 a5000003 
07.06.2021 16:57:16.677  a5000003 a5000003 
07.06.2021 16:57:16.680  a4000003 a5000003 
07.06.2021 16:57:16.683  a4000003 a4000003 
07.06.2021 16:57:16.695  a4000003 a5000003 
07.06.2021 16:57:16.698  a4000003 a4000003 
07.06.2021 16:57:16.776  a5000003 a5000003 
07.06.2021 16:57:16.785  a4000003 a4000003 
07.06.2021 16:57:16.788  a5000003 a5000003 
07.06.2021 16:57:16.878  a4000003 a5000003 
07.06.2021 16:57:16.893  a5000003 a5000003 
07.06.2021 16:57:16.896  a4000003 a5000003 
07.06.2021 16:57:16.899  a4000003 a4000003 
07.06.2021 16:57:16.911  a4000003 a5000003 
07.06.2021 16:57:16.914  a4000003 a4000003 
07.06.2021 17:11:46.846  a4000002 a4000002 
07.06.2021 17:11:46.854  a4000002 ac000002 
07.06.2021 17:11:46.860  a4000003 a4000003 
07.06.2021 17:11:46.864  a4000002 ac000002 
07.06.2021 17:11:46.891  a4000002 a4000002 
07.06.2021 17:11:46.896  a4000002 ac000002 
07.06.2021 17:11:46.900  a4000002 a4000002 
07.06.2021 17:17:15.754  a4000003 a4000003 
07.06.2021 17:17:15.757  a4000003 ac000003 
07.06.2021 17:17:15.760  a4000002 a4000002 
07.06.2021 17:17:15.763  a4000003 ac000003 
07.06.2021 17:17:15.790  a4000003 a4000003 
07.06.2021 17:17:15.796  a4000003 ac000003 
07.06.2021 17:17:15.799  a4000003 a4000003 
07.06.2021 17:27:10.027  a4000001 a4000001 
07.06.2021 17:27:10.030  24000001 24800001 
07.06.2021 17:27:10.036  a4000003 a4000003 
07.06.2021 17:27:10.039  24000001 24800001 
07.06.2021 17:27:10.045  24000001 24000001 
07.06.2021 17:27:10.054  24000001 24800001 
07.06.2021 17:27:10.057  24000001 24000001 

Servicedata V1.0 PLC:\DEBUG\SlaveStateA.service.trace created 07.06.2021 20:13:36 (local time)
hostname: hu, Software: 606421 04, built: 08.10.2014 08:59
-----------------------------------------------------------------------------------------------
                     ms  Virtual BusModule state(s)
07.06.2021 17:29:07.769  24000000 2c000000 
07.06.2021 17:29:07.781  00000000 00000000 
07.06.2021 17:29:07.784  24000000 2c000000 
07.06.2021 17:29:07.931  24000001 2c000000 
07.06.2021 17:29:07.937  24000001 2c000001 
07.06.2021 17:29:07.949  24000001 2c000000 
07.06.2021 17:29:07.952  24000001 2c000001 
07.06.2021 17:29:08.066  24000001 24000001 
07.06.2021 17:29:08.075  24000001 2c000001 
07.06.2021 17:29:08.078  24000001 24000001 
07.06.2021 17:29:19.007  24000002 24000002 
07.06.2021 17:29:19.010  a4000002 a4000002 
07.06.2021 17:29:19.016  24000001 24000001 
07.06.2021 17:29:19.019  a4000002 a4000002 
07.06.2021 17:29:19.259  a4000002 a5000002 
07.06.2021 17:29:19.268  a4000002 a4000002 
07.06.2021 17:29:19.271  a4000002 a5000002 
07.06.2021 17:29:19.325  a4000002 a4000002 
07.06.2021 17:29:19.340  a4000002 a5000002 
07.06.2021 17:29:19.343  a4000002 a4000002 
07.06.2021 17:29:19.457  a5000002 a5000002 
07.06.2021 17:29:19.466  a4000002 a4000002 
07.06.2021 17:29:19.469  a5000002 a5000002 
07.06.2021 17:29:19.547  a4000002 a5000002 
07.06.2021 17:29:19.556  a5000002 a5000002 
07.06.2021 17:29:19.559  a4000002 a5000002 
07.06.2021 17:29:19.568  a4000002 a4000002 
07.06.2021 17:29:19.574  a4000002 a5000002 
07.06.2021 17:29:19.577  a4000002 a4000002 
07.06.2021 17:29:22.658  a5000002 a5000002 
07.06.2021 17:29:22.670  a4000002 a4000002 
07.06.2021 17:29:22.673  a5000002 a5000002 
07.06.2021 17:29:22.751  a4000002 a5000002 
07.06.2021 17:29:22.760  a5000002 a5000002 
07.06.2021 17:29:22.763  a4000002 a5000002 
07.06.2021 17:29:22.772  a4000002 a4000002 
07.06.2021 17:29:22.778  a4000002 a5000002 
07.06.2021 17:29:22.781  a4000002 a4000002 
07.06.2021 17:29:22.871  a5000002 a5000002 
07.06.2021 17:29:22.886  a4000002 a4000002 
07.06.2021 17:29:22.889  a5000002 a5000002 
07.06.2021 17:29:22.979  a4000002 a5000002 
07.06.2021 17:29:22.994  a5000002 a5000002 
07.06.2021 17:29:22.997  a4000002 a5000002 
07.06.2021 17:29:23.000  a4000002 a4000002 
07.06.2021 17:29:23.012  a4000002 a5000002 
07.06.2021 17:29:23.015  a4000002 a4000002 
07.06.2021 17:29:23.090  a5000002 a5000002 
07.06.2021 17:29:23.102  a4000002 a4000002 
07.06.2021 17:29:23.105  a5000002 a5000002 
07.06.2021 17:29:23.183  a4000002 a5000002 
07.06.2021 17:29:23.192  a5000002 a5000002 
07.06.2021 17:29:23.195  a4000002 a5000002 
07.06.2021 17:29:23.204  a4000002 a4000002 
07.06.2021 17:29:23.210  a4000002 a5000002 
07.06.2021 17:29:23.213  a4000002 a4000002 
07.06.2021 17:29:23.315  a5000002 a5000002 
07.06.2021 17:29:23.318  a4000002 a4000002 
07.06.2021 17:29:23.321  a5000002 a5000002 
07.06.2021 17:29:23.507  a4000002 a5000002 
07.06.2021 17:29:23.516  a5000002 a5000002 
07.06.2021 17:29:23.519  a4000002 a5000002 
07.06.2021 17:29:23.528  a4000002 a4000002 
07.06.2021 17:29:23.534  a4000002 a5000002 
07.06.2021 17:29:23.537  a4000002 a4000002 
07.06.2021 17:29:23.633  a5000002 a5000002 
07.06.2021 17:29:23.642  a4000002 a4000002 
07.06.2021 17:29:23.645  a5000002 a5000002 
07.06.2021 17:29:23.753  a4000002 a5000002 
07.06.2021 17:29:23.768  a5000002 a5000002 
07.06.2021 17:29:23.771  a4000002 a5000002 
07.06.2021 17:29:23.774  a4000002 a4000002 
07.06.2021 17:29:23.786  a4000002 a5000002 
07.06.2021 17:29:23.789  a4000002 a4000002 
07.06.2021 17:29:23.888  a5000002 a5000002 
07.06.2021 17:29:23.894  a4000002 a4000002 
07.06.2021 17:29:23.897  a5000002 a5000002 
07.06.2021 17:29:23.999  a4000002 a5000002 
07.06.2021 17:29:24.002  a5000002 a5000002 
07.06.2021 17:29:24.005  a4000002 a5000002 
07.06.2021 17:29:24.023  a4000002 a4000002 
07.06.2021 17:29:24.113  a5000002 a5000002 
07.06.2021 17:29:24.128  a4000002 a4000002 
07.06.2021 17:29:24.131  a5000002 a5000002 
07.06.2021 17:29:24.221  a4000002 a5000002 
07.06.2021 17:29:24.236  a5000002 a5000002 
07.06.2021 17:29:24.239  a4000002 a5000002 
07.06.2021 17:29:24.242  a4000002 a4000002 
07.06.2021 17:29:24.254  a4000002 a5000002 
07.06.2021 17:29:24.257  a4000002 a4000002 
07.06.2021 17:29:24.347  a4000002 a5000002 
07.06.2021 17:29:24.353  a5000002 a5000002 
07.06.2021 17:29:24.362  a4000002 a4000002 
07.06.2021 17:29:24.365  a5000002 a5000002 
07.06.2021 17:29:24.455  a4000002 a5000002 
07.06.2021 17:29:24.470  a5000002 a5000002 
07.06.2021 17:29:24.473  a4000002 a5000002 
07.06.2021 17:29:24.476  a4000002 a4000002 
07.06.2021 17:29:24.488  a4000002 a5000002 
07.06.2021 17:29:24.491  a4000002 a4000002 
07.06.2021 17:29:24.563  a5000002 a5000002 
07.06.2021 17:29:25.487  a4000002 a5000002 
07.06.2021 17:29:25.496  a5000002 a5000002 
07.06.2021 17:29:25.499  a4000002 a5000002 
07.06.2021 17:29:25.508  a4000002 a4000002 
07.06.2021 17:29:25.514  a4000002 a5000002 
07.06.2021 17:29:25.517  a4000002 a4000002 
07.06.2021 17:29:25.601  a5000002 a5000002 
07.06.2021 17:29:25.604  a4000002 a4000002 
07.06.2021 17:29:25.607  a5000002 a5000002 
07.06.2021 17:29:25.703  a4000002 a5000002 
07.06.2021 17:29:25.712  a5000002 a5000002 
07.06.2021 17:29:25.715  a4000002 a5000002 
07.06.2021 17:29:25.724  a4000002 a4000002 
07.06.2021 17:29:25.730  a4000002 a5000002 
07.06.2021 17:29:25.733  a4000002 a4000002 
07.06.2021 17:29:25.823  a5000002 a5000002 
07.06.2021 17:29:26.111  a4000002 a5000002 
07.06.2021 17:29:26.126  a5000002 a5000002 
07.06.2021 17:29:26.129  a4000002 a5000002 
07.06.2021 17:29:26.132  a4000002 a4000002 
07.06.2021 17:29:26.144  a4000002 a5000002 
07.06.2021 17:29:26.147  a4000002 a4000002 
07.06.2021 17:29:26.225  a5000002 a5000002 
07.06.2021 17:29:26.234  a4000002 a4000002 
07.06.2021 17:29:26.237  a5000002 a5000002 
07.06.2021 17:29:26.327  a4000002 a5000002 
07.06.2021 17:29:26.342  a5000002 a5000002 
07.06.2021 17:29:26.345  a4000002 a5000002 
07.06.2021 17:29:26.348  a4000002 a4000002 
07.06.2021 17:29:26.360  a4000002 a5000002 
07.06.2021 17:29:26.363  a4000002 a4000002 
07.06.2021 17:29:26.408  a5000002 a4000002 
07.06.2021 17:29:26.414  a4000002 a4000002 
07.06.2021 17:29:26.417  a5000002 a4000002 
07.06.2021 17:29:26.459  a4000002 a4000002 
07.06.2021 17:29:26.468  a5000002 a4000002 
07.06.2021 17:29:26.471  a4000002 a4000002 
07.06.2021 17:29:26.621  a4000002 a5000002 
07.06.2021 17:29:26.630  a4000002 a4000002 
07.06.2021 17:29:26.633  a4000002 a5000002 
07.06.2021 17:29:26.699  a4000002 a4000002 
07.06.2021 17:29:26.702  a4000002 a5000002 
07.06.2021 17:29:26.705  a4000002 a4000002 
07.06.2021 17:29:26.768  a4000002 a5000002 
07.06.2021 17:29:26.774  a4000002 a4000002 
07.06.2021 17:29:26.777  a4000002 a5000002 
07.06.2021 17:29:26.831  a4000002 a4000002 
07.06.2021 17:29:26.846  a4000002 a5000002 
07.06.2021 17:29:26.849  a4000002 a4000002 
07.06.2021 17:29:26.912  a5000002 a5000002 
07.06.2021 17:29:26.918  a4000002 a4000002 
07.06.2021 17:29:26.921  a5000002 a5000002 
07.06.2021 17:29:26.993  a4000002 a5000002 
07.06.2021 17:29:27.011  a4000002 a4000002 
07.06.2021 17:29:27.026  a4000002 a5000002 
07.06.2021 17:29:27.029  a4000002 a4000002 
07.06.2021 17:29:27.122  a5000002 a5000002 
07.06.2021 17:29:27.134  a4000002 a4000002 
07.06.2021 17:29:27.137  a5000002 a5000002 
07.06.2021 17:29:27.227  a4000002 a5000002 
07.06.2021 17:29:27.242  a5000002 a5000002 
07.06.2021 17:29:27.245  a4000002 a5000002 
07.06.2021 17:29:27.248  a4000002 a4000002 
07.06.2021 17:29:27.260  a4000002 a5000002 
07.06.2021 17:29:27.263  a4000002 a4000002 
07.06.2021 17:29:27.347  a5000002 a5000002 
07.06.2021 17:29:27.350  a4000002 a4000002 
07.06.2021 17:29:27.353  a5000002 a5000002 
07.06.2021 17:29:27.443  a4000002 a5000002 
07.06.2021 17:29:27.458  a5000002 a5000002 
07.06.2021 17:29:27.461  a4000002 a5000002 
07.06.2021 17:29:27.464  a4000002 a4000002 
07.06.2021 17:29:27.476  a4000002 a5000002 
07.06.2021 17:29:27.479  a4000002 a4000002 
07.06.2021 17:29:27.575  a5000002 a5000002 
07.06.2021 17:29:27.584  a4000002 a4000002 
07.06.2021 17:29:27.587  a5000002 a5000002 
07.06.2021 17:29:27.677  a4000002 a5000002 
07.06.2021 17:29:27.692  a5000002 a5000002 
07.06.2021 17:29:27.695  a4000002 a5000002 
07.06.2021 17:29:27.698  a4000002 a4000002 
07.06.2021 17:29:27.710  a4000002 a5000002 
07.06.2021 17:29:27.713  a4000002 a4000002 
07.06.2021 17:29:27.797  a5000002 a5000002 
07.06.2021 17:29:27.800  a4000002 a4000002 
07.06.2021 17:29:27.803  a5000002 a5000002 
07.06.2021 17:29:27.896  a4000002 a5000002 
07.06.2021 17:29:27.908  a5000002 a5000002 
07.06.2021 17:29:27.911  a4000002 a5000002 
07.06.2021 17:29:27.914  a4000002 a4000002 
07.06.2021 17:29:27.926  a4000002 a5000002 
07.06.2021 17:29:27.929  a4000002 a4000002 
07.06.2021 17:29:28.079  a4000002 a5000002 
07.06.2021 17:29:28.088  a4000002 a4000002 
07.06.2021 17:29:28.091  a4000002 a5000002 
07.06.2021 17:29:28.145  a4000002 a4000002 
07.06.2021 17:29:28.160  a4000002 a5000002 
07.06.2021 17:29:28.163  a4000002 a4000002 
07.06.2021 17:29:28.547  a4000002 a5000002 
07.06.2021 17:29:28.556  a4000002 a4000002 
07.06.2021 17:29:28.559  a4000002 a5000002 
07.06.2021 17:29:28.697  a4000002 a4000002 
07.06.2021 17:29:28.700  a4000002 a5000002 
07.06.2021 17:29:28.703  a4000002 a4000002 
07.06.2021 17:29:28.841  a5000002 a4000002 
07.06.2021 17:29:28.844  a4000002 a4000002 
07.06.2021 17:29:28.847  a5000002 a4000002 
07.06.2021 17:29:28.919  a4000002 a4000002 
07.06.2021 17:29:28.934  a5000002 a4000002 
07.06.2021 17:29:28.937  a4000002 a4000002 
07.06.2021 17:29:29.117  a5000002 a5000002 
07.06.2021 17:29:29.132  a4000002 a4000002 
07.06.2021 17:29:29.135  a5000002 a5000002 
07.06.2021 17:29:29.225  a4000002 a5000002 
07.06.2021 17:29:29.240  a5000002 a5000002 
07.06.2021 17:29:29.243  a4000002 a5000002 
07.06.2021 17:29:29.246  a4000002 a4000002 
07.06.2021 17:29:29.258  a4000002 a5000002 
07.06.2021 17:29:29.261  a4000002 a4000002 
07.06.2021 17:29:29.345  a5000002 a5000002 
07.06.2021 17:29:29.348  a4000002 a4000002 
07.06.2021 17:29:29.351  a5000002 a5000002 
07.06.2021 17:29:29.441  a4000002 a5000002 
07.06.2021 17:29:29.456  a5000002 a5000002 
07.06.2021 17:29:29.459  a4000002 a5000002 
07.06.2021 17:29:29.462  a4000002 a4000002 
07.06.2021 17:29:29.474  a4000002 a5000002 
07.06.2021 17:29:29.477  a4000002 a4000002 
07.06.2021 17:29:29.570  a5000002 a5000002 
07.06.2021 17:29:29.582  a4000002 a4000002 
07.06.2021 17:29:29.585  a5000002 a5000002 
07.06.2021 17:29:29.675  a4000002 a5000002 
07.06.2021 17:29:29.690  a5000002 a5000002 
07.06.2021 17:29:29.693  a4000002 a5000002 
07.06.2021 17:29:29.696  a4000002 a4000002 
07.06.2021 17:29:29.708  a4000002 a5000002 
07.06.2021 17:29:29.711  a4000002 a4000002 
07.06.2021 17:29:29.795  a5000002 a5000002 
07.06.2021 17:29:29.798  a4000002 a4000002 
07.06.2021 17:29:29.801  a5000002 a5000002 
07.06.2021 17:29:29.891  a4000002 a5000002 
07.06.2021 17:29:29.906  a5000002 a5000002 
07.06.2021 17:29:29.909  a4000002 a5000002 
07.06.2021 17:29:29.912  a4000002 a4000002 
07.06.2021 17:29:29.924  a4000002 a5000002 
07.06.2021 17:29:29.927  a4000002 a4000002 
07.06.2021 17:29:32.852  a4000002 a5000002 
07.06.2021 17:29:32.858  a4000002 a4000002 
07.06.2021 17:29:32.861  a4000002 a5000002 
07.06.2021 17:29:32.915  a4000002 a4000002 
07.06.2021 17:29:32.930  a4000002 a5000002 
07.06.2021 17:29:32.933  a4000002 a4000002 
07.06.2021 17:32:51.628  a4000003 a4000003 
07.06.2021 17:32:51.631  a4000003 ac000003 
07.06.2021 17:32:51.634  a4000002 a4000002 
07.06.2021 17:32:51.637  a4000003 ac000003 
07.06.2021 17:32:51.655  a4000002 ac000002 
07.06.2021 17:32:51.664  a4000002 a4000002 
07.06.2021 17:32:51.670  a4000003 ac000003 
07.06.2021 17:32:51.673  a4000002 a4000002 
07.06.2021 17:32:51.763  a4000002 ac000002 
07.06.2021 17:32:51.790  a4000002 a4000002 
07.06.2021 17:32:51.796  a4000002 ac000002 
07.06.2021 17:32:51.799  a4000002 a4000002 
07.06.2021 17:32:51.898  a4000003 a4000003 
07.06.2021 17:32:51.904  a4000002 a4000002 
07.06.2021 17:32:51.907  a4000003 ac000003 
07.06.2021 17:32:51.934  a4000003 a4000003 
07.06.2021 17:32:51.940  a4000003 ac000003 
07.06.2021 17:32:51.943  a4000003 a4000003 
07.06.2021 17:32:52.045  a5000003 a5000003 
07.06.2021 17:32:52.048  a4000003 a4000003 
07.06.2021 17:32:52.051  a5000003 a5000003 
07.06.2021 17:32:52.141  a4000003 a5000003 
07.06.2021 17:32:52.156  a5000003 a5000003 
07.06.2021 17:32:52.159  a4000003 a5000003 
07.06.2021 17:32:52.162  a4000003 a4000003 
07.06.2021 17:32:52.174  a4000003 a5000003 
07.06.2021 17:32:52.177  a4000003 a4000003 
07.06.2021 17:32:52.255  a5000003 a5000003 
07.06.2021 17:32:52.264  a4000003 a4000003 
07.06.2021 17:32:52.267  a5000003 a5000003 
07.06.2021 17:32:52.357  a4000003 a5000003 
07.06.2021 17:32:52.372  a5000003 a5000003 
07.06.2021 17:32:52.375  a4000003 a5000003 
07.06.2021 17:32:52.378  a4000003 a4000003 
07.06.2021 17:32:52.390  a4000003 a5000003 
07.06.2021 17:32:52.393  a4000003 a4000003 
07.06.2021 19:04:22.113  a4000002 a4000002 
07.06.2021 19:04:22.122  a4000002 ac000002 
07.06.2021 19:04:22.125  a4000003 a4000003 
07.06.2021 19:04:22.128  a4000002 ac000002 
07.06.2021 19:04:22.155  a4000002 a4000002 
07.06.2021 19:04:22.161  a4000002 ac000002 
07.06.2021 19:04:22.164  a4000002 a4000002 
07.06.2021 19:06:01.642  a4000003 a4000003 
07.06.2021 19:06:01.645  a4000003 ac000003 
07.06.2021 19:06:01.648  a4000002 a4000002 
07.06.2021 19:06:01.651  a4000003 ac000003 
07.06.2021 19:06:01.678  a4000003 a4000003 
07.06.2021 19:06:01.684  a4000003 ac000003 
07.06.2021 19:06:01.687  a4000003 a4000003 
07.06.2021 20:10:56.604  a4000002 a4000002 
07.06.2021 20:10:56.610  a4000002 ac000002 
07.06.2021 20:10:56.619  a4000002 a4000002 
07.06.2021 20:10:56.622  a4000002 ac000002 
07.06.2021 20:10:56.649  a4000002 a4000002 
07.06.2021 20:10:56.655  a4000002 ac000002 
07.06.2021 20:10:56.658  a4000002 a4000002 
07.06.2021 20:13:36.326  a4000001 a4000001 
07.06.2021 20:13:36.329  24000001 24800001 
07.06.2021 20:13:36.335  a4000002 a4000002 
07.06.2021 20:13:36.338  24000001 24800001 
07.06.2021 20:13:36.344  24000001 24000001 
07.06.2021 20:13:36.353  24000001 24800001 
07.06.2021 20:13:36.356  24000001 24000001 

Servicedata V1.0 PLC:\DEBUG\SlaveStateA.service.trace created 07.06.2021 22:39:26 (local time)
hostname: hu, Software: 606421 04, built: 08.10.2014 08:59
-----------------------------------------------------------------------------------------------
                     ms  Virtual BusModule state(s)
07.06.2021 22:12:31.631  24000000 2c000000 
07.06.2021 22:12:31.649  00000000 00000000 
07.06.2021 22:12:31.652  24000000 2c000000 
07.06.2021 22:12:31.790  24000001 2c000000 
07.06.2021 22:12:31.796  24000000 2c000000 
07.06.2021 22:12:31.799  24000001 2c000001 
07.06.2021 22:12:31.817  24000001 2c000000 
07.06.2021 22:12:31.820  24000001 2c000001 
07.06.2021 22:12:31.928  24000001 24000001 
07.06.2021 22:12:31.943  24000001 2c000001 
07.06.2021 22:12:31.946  24000001 24000001 
07.06.2021 22:12:41.564  24000002 24000002 
07.06.2021 22:12:41.567  a4000002 a4000002 
07.06.2021 22:12:41.573  24000001 24000001 
07.06.2021 22:12:41.576  a4000002 a4000002 
07.06.2021 22:12:41.795  a4000002 a5000002 
07.06.2021 22:12:41.807  a4000002 a4000002 
07.06.2021 22:12:41.810  a4000002 a5000002 
07.06.2021 22:12:41.864  a4000002 a4000002 
07.06.2021 22:12:41.879  a4000002 a5000002 
07.06.2021 22:12:41.882  a4000002 a4000002 
07.06.2021 22:12:41.996  a5000002 a5000002 
07.06.2021 22:12:42.005  a4000002 a4000002 
07.06.2021 22:12:42.008  a5000002 a5000002 
07.06.2021 22:12:42.086  a4000002 a5000002 
07.06.2021 22:12:42.095  a5000002 a5000002 
07.06.2021 22:12:42.098  a4000002 a5000002 
07.06.2021 22:12:42.110  a4000002 a4000002 
07.06.2021 22:12:42.113  a4000002 a5000002 
07.06.2021 22:12:42.116  a4000002 a4000002 
07.06.2021 22:12:45.197  a5000002 a5000002 
07.06.2021 22:12:45.209  a4000002 a4000002 
07.06.2021 22:12:45.212  a5000002 a5000002 
07.06.2021 22:12:45.290  a4000002 a5000002 
07.06.2021 22:12:45.299  a5000002 a5000002 
07.06.2021 22:12:45.302  a4000002 a5000002 
07.06.2021 22:12:45.311  a4000002 a4000002 
07.06.2021 22:12:45.317  a4000002 a5000002 
07.06.2021 22:12:45.320  a4000002 a4000002 
07.06.2021 22:12:45.410  a5000002 a5000002 
07.06.2021 22:12:45.518  a4000002 a5000002 
07.06.2021 22:12:45.536  a4000002 a4000002 
07.06.2021 22:12:45.551  a4000002 a5000002 
07.06.2021 22:12:45.554  a4000002 a4000002 
07.06.2021 22:12:45.626  a5000002 a5000002 
07.06.2021 22:12:45.641  a4000002 a4000002 
07.06.2021 22:12:45.644  a5000002 a5000002 
07.06.2021 22:12:45.722  a4000002 a5000002 
07.06.2021 22:12:45.731  a5000002 a5000002 
07.06.2021 22:12:45.734  a4000002 a5000002 
07.06.2021 22:12:45.746  a4000002 a4000002 
07.06.2021 22:12:45.749  a4000002 a5000002 
07.06.2021 22:12:45.752  a4000002 a4000002 
07.06.2021 22:12:45.845  a5000002 a5000002 
07.06.2021 22:12:45.857  a4000002 a4000002 
07.06.2021 22:12:45.860  a5000002 a5000002 
07.06.2021 22:12:45.968  a4000002 a5000002 
07.06.2021 22:12:45.983  a5000002 a5000002 
07.06.2021 22:12:45.986  a4000002 a4000002 
07.06.2021 22:12:46.001  a4000002 a5000002 
07.06.2021 22:12:46.004  a4000002 a4000002 
07.06.2021 22:12:46.097  a5000002 a5000002 
07.06.2021 22:12:46.109  a4000002 a4000002 
07.06.2021 22:12:46.112  a5000002 a5000002 
07.06.2021 22:12:46.214  a4000002 a5000002 
07.06.2021 22:12:46.217  a5000002 a5000002 
07.06.2021 22:12:46.220  a4000002 a5000002 
07.06.2021 22:12:46.238  a4000002 a4000002 
07.06.2021 22:12:46.352  a5000002 a5000002 
07.06.2021 22:12:46.361  a4000002 a4000002 
07.06.2021 22:12:46.364  a5000002 a5000002 
07.06.2021 22:12:46.466  a4000002 a5000002 
07.06.2021 22:12:46.469  a5000002 a5000002 
07.06.2021 22:12:46.472  a4000002 a5000002 
07.06.2021 22:12:46.490  a4000002 a4000002 
07.06.2021 22:12:46.580  a5000002 a5000002 
07.06.2021 22:12:46.595  a4000002 a4000002 
07.06.2021 22:12:46.598  a5000002 a5000002 
07.06.2021 22:12:46.688  a4000002 a5000002 
07.06.2021 22:12:46.703  a5000002 a5000002 
07.06.2021 22:12:46.706  a4000002 a5000002 
07.06.2021 22:12:46.709  a4000002 a4000002 
07.06.2021 22:12:46.721  a4000002 a5000002 
07.06.2021 22:12:46.724  a4000002 a4000002 
07.06.2021 22:12:46.814  a4000002 a5000002 
07.06.2021 22:12:46.820  a5000002 a5000002 
07.06.2021 22:12:46.829  a4000002 a5000002 
07.06.2021 22:12:46.832  a5000002 a5000002 
07.06.2021 22:12:46.922  a4000002 a5000002 
07.06.2021 22:12:46.940  a4000002 a4000002 
07.06.2021 22:12:46.955  a4000002 a5000002 
07.06.2021 22:12:46.958  a4000002 a4000002 
07.06.2021 22:12:47.024  a5000002 a5000002 
07.06.2021 22:12:47.027  a4000002 a4000002 
07.06.2021 22:12:47.030  a5000002 a5000002 
07.06.2021 22:12:47.954  a4000002 a5000002 
07.06.2021 22:12:47.963  a5000002 a5000002 
07.06.2021 22:12:47.966  a4000002 a5000002 
07.06.2021 22:12:47.975  a4000002 a4000002 
07.06.2021 22:12:47.981  a4000002 a5000002 
07.06.2021 22:12:47.984  a4000002 a4000002 
07.06.2021 22:12:48.068  a5000002 a5000002 
07.06.2021 22:12:48.071  a4000002 a4000002 
07.06.2021 22:12:48.074  a5000002 a5000002 
07.06.2021 22:12:48.164  a4000002 a5000002 
07.06.2021 22:12:48.179  a5000002 a5000002 
07.06.2021 22:12:48.182  a4000002 a5000002 
07.06.2021 22:12:48.185  a4000002 a4000002 
07.06.2021 22:12:48.197  a4000002 a5000002 
07.06.2021 22:12:48.200  a4000002 a4000002 
07.06.2021 22:12:48.296  a5000002 a5000002 
07.06.2021 22:12:48.305  a4000002 a4000002 
07.06.2021 22:12:48.308  a5000002 a5000002 
07.06.2021 22:12:48.560  a4000002 a5000002 
07.06.2021 22:12:48.578  a4000002 a4000002 
07.06.2021 22:12:48.593  a4000002 a5000002 
07.06.2021 22:12:48.596  a4000002 a4000002 
07.06.2021 22:12:48.671  a5000002 a5000002 
07.06.2021 22:12:48.683  a4000002 a4000002 
07.06.2021 22:12:48.686  a5000002 a5000002 
07.06.2021 22:12:48.776  a4000002 a5000002 
07.06.2021 22:12:48.791  a5000002 a5000002 
07.06.2021 22:12:48.794  a4000002 a5000002 
07.06.2021 22:12:48.797  a4000002 a4000002 
07.06.2021 22:12:48.809  a4000002 a5000002 
07.06.2021 22:12:48.812  a4000002 a4000002 
07.06.2021 22:12:48.854  a5000002 a4000002 
07.06.2021 22:12:48.863  a4000002 a4000002 
07.06.2021 22:12:48.866  a5000002 a4000002 
07.06.2021 22:12:48.908  a4000002 a4000002 
07.06.2021 22:12:48.917  a5000002 a4000002 
07.06.2021 22:12:48.920  a4000002 a4000002 
07.06.2021 22:12:49.067  a4000002 a5000002 
07.06.2021 22:12:49.079  a4000002 a4000002 
07.06.2021 22:12:49.082  a4000002 a5000002 
07.06.2021 22:12:49.145  a4000002 a4000002 
07.06.2021 22:12:49.151  a4000002 a5000002 
07.06.2021 22:12:49.154  a4000002 a4000002 
07.06.2021 22:12:49.214  a4000002 a5000002 
07.06.2021 22:12:49.223  a4000002 a4000002 
07.06.2021 22:12:49.226  a4000002 a5000002 
07.06.2021 22:12:49.280  a4000002 a4000002 
07.06.2021 22:12:49.295  a4000002 a5000002 
07.06.2021 22:12:49.298  a4000002 a4000002 
07.06.2021 22:12:49.361  a5000002 a5000002 
07.06.2021 22:12:49.367  a4000002 a4000002 
07.06.2021 22:12:49.370  a5000002 a5000002 
07.06.2021 22:12:49.442  a4000002 a5000002 
07.06.2021 22:12:49.460  a4000002 a4000002 
07.06.2021 22:12:49.475  a4000002 a5000002 
07.06.2021 22:12:49.478  a4000002 a4000002 
07.06.2021 22:12:49.571  a5000002 a5000002 
07.06.2021 22:12:49.583  a4000002 a4000002 
07.06.2021 22:12:49.586  a5000002 a5000002 
07.06.2021 22:12:49.676  a4000002 a5000002 
07.06.2021 22:12:49.691  a5000002 a5000002 
07.06.2021 22:12:49.694  a4000002 a5000002 
07.06.2021 22:12:49.697  a4000002 a4000002 
07.06.2021 22:12:49.709  a4000002 a5000002 
07.06.2021 22:12:49.712  a4000002 a4000002 
07.06.2021 22:12:49.796  a5000002 a5000002 
07.06.2021 22:12:49.799  a4000002 a4000002 
07.06.2021 22:12:49.802  a5000002 a5000002 
07.06.2021 22:12:49.892  a4000002 a5000002 
07.06.2021 22:12:49.907  a5000002 a5000002 
07.06.2021 22:12:49.910  a4000002 a5000002 
07.06.2021 22:12:49.913  a4000002 a4000002 
07.06.2021 22:12:49.925  a4000002 a5000002 
07.06.2021 22:12:49.928  a4000002 a4000002 
07.06.2021 22:12:50.024  a5000002 a5000002 
07.06.2021 22:12:50.033  a4000002 a4000002 
07.06.2021 22:12:50.036  a5000002 a5000002 
07.06.2021 22:12:50.126  a4000002 a5000002 
07.06.2021 22:12:50.141  a5000002 a5000002 
07.06.2021 22:12:50.144  a4000002 a5000002 
07.06.2021 22:12:50.147  a4000002 a4000002 
07.06.2021 22:12:50.159  a4000002 a5000002 
07.06.2021 22:12:50.162  a4000002 a4000002 
07.06.2021 22:12:50.246  a5000002 a5000002 
07.06.2021 22:12:50.249  a4000002 a4000002 
07.06.2021 22:12:50.252  a5000002 a5000002 
07.06.2021 22:12:50.345  a4000002 a5000002 
07.06.2021 22:12:50.357  a5000002 a5000002 
07.06.2021 22:12:50.360  a4000002 a5000002 
07.06.2021 22:12:50.363  a4000002 a4000002 
07.06.2021 22:12:50.375  a4000002 a5000002 
07.06.2021 22:12:50.378  a4000002 a4000002 
07.06.2021 22:12:50.525  a4000002 a5000002 
07.06.2021 22:12:50.537  a4000002 a4000002 
07.06.2021 22:12:50.540  a4000002 a5000002 
07.06.2021 22:12:50.594  a4000002 a4000002 
07.06.2021 22:12:50.609  a4000002 a5000002 
07.06.2021 22:12:50.612  a4000002 a4000002 
07.06.2021 22:12:50.834  a4000002 a5000002 
07.06.2021 22:12:50.843  a4000002 a4000002 
07.06.2021 22:12:50.846  a4000002 a5000002 
07.06.2021 22:12:51.104  a4000002 a4000002 
07.06.2021 22:12:51.113  a4000002 a5000002 
07.06.2021 22:12:51.116  a4000002 a4000002 
07.06.2021 22:12:51.260  a5000002 a4000002 
07.06.2021 22:12:51.335  a4000002 a4000002 
07.06.2021 22:12:51.347  a5000002 a4000002 
07.06.2021 22:12:51.350  a4000002 a4000002 
07.06.2021 22:12:51.533  a5000002 a5000002 
07.06.2021 22:12:51.545  a4000002 a4000002 
07.06.2021 22:12:51.548  a5000002 a5000002 
07.06.2021 22:12:51.638  a4000002 a5000002 
07.06.2021 22:12:51.653  a5000002 a5000002 
07.06.2021 22:12:51.656  a4000002 a5000002 
07.06.2021 22:12:51.659  a4000002 a4000002 
07.06.2021 22:12:51.671  a4000002 a5000002 
07.06.2021 22:12:51.674  a4000002 a4000002 
07.06.2021 22:12:51.758  a5000002 a5000002 
07.06.2021 22:12:51.761  a4000002 a4000002 
07.06.2021 22:12:51.764  a5000002 a5000002 
07.06.2021 22:12:51.854  a4000002 a5000002 
07.06.2021 22:12:51.869  a5000002 a5000002 
07.06.2021 22:12:51.872  a4000002 a5000002 
07.06.2021 22:12:51.875  a4000002 a4000002 
07.06.2021 22:12:51.887  a4000002 a5000002 
07.06.2021 22:12:51.890  a4000002 a4000002 
07.06.2021 22:12:51.983  a5000002 a5000002 
07.06.2021 22:12:51.995  a4000002 a4000002 
07.06.2021 22:12:51.998  a5000002 a5000002 
07.06.2021 22:12:52.088  a4000002 a5000002 
07.06.2021 22:12:52.103  a5000002 a5000002 
07.06.2021 22:12:52.106  a4000002 a5000002 
07.06.2021 22:12:52.109  a4000002 a4000002 
07.06.2021 22:12:52.121  a4000002 a5000002 
07.06.2021 22:12:52.124  a4000002 a4000002 
07.06.2021 22:12:52.208  a5000002 a5000002 
07.06.2021 22:12:52.211  a4000002 a4000002 
07.06.2021 22:12:52.214  a5000002 a5000002 
07.06.2021 22:12:52.304  a4000002 a5000002 
07.06.2021 22:12:52.319  a5000002 a5000002 
07.06.2021 22:12:52.322  a4000002 a5000002 
07.06.2021 22:12:52.325  a4000002 a4000002 
07.06.2021 22:12:52.337  a4000002 a5000002 
07.06.2021 22:12:52.340  a4000002 a4000002 
07.06.2021 22:12:55.448  a4000002 a5000002 
07.06.2021 22:12:55.451  a4000002 a4000002 
07.06.2021 22:12:55.454  a4000002 a5000002 
07.06.2021 22:12:55.508  a4000002 a4000002 
07.06.2021 22:12:55.523  a4000002 a5000002 
07.06.2021 22:12:55.526  a4000002 a4000002 
07.06.2021 22:19:36.849  a4000003 a4000003 
07.06.2021 22:19:36.852  a4000003 ac000003 
07.06.2021 22:19:36.855  a4000002 a4000002 
07.06.2021 22:19:36.858  a4000003 ac000003 
07.06.2021 22:19:36.885  a4000003 a4000003 
07.06.2021 22:19:36.888  a4000002 a4000002 
07.06.2021 22:19:36.891  a4000003 ac000003 
07.06.2021 22:19:36.894  a4000002 a4000002 
07.06.2021 22:19:36.990  a4000002 ac000002 
07.06.2021 22:19:36.999  a4000002 a4000002 
07.06.2021 22:19:37.002  a4000002 ac000002 
07.06.2021 22:19:37.029  a4000002 a4000002 
07.06.2021 22:19:37.035  a4000002 ac000002 
07.06.2021 22:19:37.038  a4000002 a4000002 
07.06.2021 22:19:37.137  a4000003 a4000003 
07.06.2021 22:19:37.143  a4000002 a4000002 
07.06.2021 22:19:37.146  a4000003 ac000003 
07.06.2021 22:19:37.173  a4000003 a4000003 
07.06.2021 22:19:37.179  a4000003 ac000003 
07.06.2021 22:19:37.182  a4000003 a4000003 
07.06.2021 22:19:37.290  a5000003 a5000003 
07.06.2021 22:19:37.305  a4000003 a4000003 
07.06.2021 22:19:37.308  a5000003 a5000003 
07.06.2021 22:19:37.398  a4000003 a5000003 
07.06.2021 22:19:37.413  a5000003 a5000003 
07.06.2021 22:19:37.416  a4000003 a5000003 
07.06.2021 22:19:37.419  a4000003 a4000003 
07.06.2021 22:19:37.431  a4000003 a5000003 
07.06.2021 22:19:37.434  a4000003 a4000003 
07.06.2021 22:19:37.512  a5000003 a5000003 
07.06.2021 22:19:37.521  a4000003 a4000003 
07.06.2021 22:19:37.524  a5000003 a5000003 
07.06.2021 22:19:37.614  a4000003 a5000003 
07.06.2021 22:19:37.629  a5000003 a5000003 
07.06.2021 22:19:37.632  a4000003 a5000003 
07.06.2021 22:19:37.635  a4000003 a4000003 
07.06.2021 22:19:37.647  a4000003 a5000003 
07.06.2021 22:19:37.650  a4000003 a4000003 
07.06.2021 22:39:15.973  a4000002 a4000002 
07.06.2021 22:39:15.976  a4000003 a4000003 
07.06.2021 22:39:15.979  a4000002 a4000002 
07.06.2021 22:39:15.982  a4000002 ac000002 
07.06.2021 22:39:15.994  a4000002 a4000002 
07.06.2021 22:39:15.997  a4000002 ac000002 
07.06.2021 22:39:16.024  a4000002 a4000002 
07.06.2021 22:39:16.030  a4000002 ac000002 
07.06.2021 22:39:16.033  a4000002 a4000002 
07.06.2021 22:39:26.137  a4000001 a4000001 
07.06.2021 22:39:26.140  24000001 24800001 
07.06.2021 22:39:26.146  a4000002 a4000002 
07.06.2021 22:39:26.149  24000001 24800001 
07.06.2021 22:39:26.155  24000001 24000001 
07.06.2021 22:39:26.164  24000001 24800001 
07.06.2021 22:39:26.167  24000001 24000001 
