
Servicedata V1.0 PLC:\DEBUG\SlaveStateA.service.trace created 16.06.2021 11:48:18 (local time)
hostname: hu, Software: 606421 04, built: 08.10.2014 08:59
-----------------------------------------------------------------------------------------------
                     ms  Virtual BusModule state(s)
16.06.2021 11:05:14.355  24000000 2c000000 
16.06.2021 11:05:14.508  24000001 2c000000 
16.06.2021 11:05:14.520  24000000 2c000000 
16.06.2021 11:05:14.523  24000001 2c000001 
16.06.2021 11:05:14.649  24000001 24000001 
16.06.2021 11:05:14.667  24000001 2c000001 
16.06.2021 11:05:14.670  24000001 24000001 
16.06.2021 11:05:56.500  24000002 24000002 
16.06.2021 11:05:56.503  a4000002 a4000002 
16.06.2021 11:05:56.509  24000001 24000001 
16.06.2021 11:05:56.512  a4000002 a4000002 
16.06.2021 11:05:56.764  a4000002 a5000002 
16.06.2021 11:05:56.821  a4000002 a4000002 
16.06.2021 11:05:56.833  a4000002 a5000002 
16.06.2021 11:05:56.836  a4000002 a4000002 
16.06.2021 11:05:56.956  a5000002 a5000002 
16.06.2021 11:05:56.959  a4000002 a4000002 
16.06.2021 11:05:56.962  a5000002 a5000002 
16.06.2021 11:05:57.040  a4000002 a5000002 
16.06.2021 11:05:57.049  a5000002 a5000002 
16.06.2021 11:05:57.052  a4000002 a5000002 
16.06.2021 11:05:57.061  a4000002 a4000002 
16.06.2021 11:05:57.067  a4000002 a5000002 
16.06.2021 11:05:57.070  a4000002 a4000002 
16.06.2021 11:06:00.151  a5000002 a5000002 
16.06.2021 11:06:00.163  a4000002 a4000002 
16.06.2021 11:06:00.166  a5000002 a5000002 
16.06.2021 11:06:00.244  a4000002 a5000002 
16.06.2021 11:06:00.253  a5000002 a5000002 
16.06.2021 11:06:00.256  a4000002 a5000002 
16.06.2021 11:06:00.265  a4000002 a4000002 
16.06.2021 11:06:00.271  a4000002 a5000002 
16.06.2021 11:06:00.274  a4000002 a4000002 
16.06.2021 11:06:00.373  a5000002 a5000002 
16.06.2021 11:06:00.379  a4000002 a4000002 
16.06.2021 11:06:00.382  a5000002 a5000002 
16.06.2021 11:06:00.481  a4000002 a5000002 
16.06.2021 11:06:00.487  a5000002 a5000002 
16.06.2021 11:06:00.490  a4000002 a5000002 
16.06.2021 11:06:00.502  a4000002 a4000002 
16.06.2021 11:06:00.505  a4000002 a5000002 
16.06.2021 11:06:00.508  a4000002 a4000002 
16.06.2021 11:06:00.592  a5000002 a5000002 
16.06.2021 11:06:00.595  a4000002 a4000002 
16.06.2021 11:06:00.598  a5000002 a5000002 
16.06.2021 11:06:00.676  a4000002 a5000002 
16.06.2021 11:06:00.685  a5000002 a5000002 
16.06.2021 11:06:00.688  a4000002 a5000002 
16.06.2021 11:06:00.697  a4000002 a4000002 
16.06.2021 11:06:00.703  a4000002 a5000002 
16.06.2021 11:06:00.706  a4000002 a4000002 
16.06.2021 11:06:00.943  a5000002 a5000002 
16.06.2021 11:06:00.955  a4000002 a4000002 
16.06.2021 11:06:00.958  a5000002 a5000002 
16.06.2021 11:06:01.144  a4000002 a5000002 
16.06.2021 11:06:01.153  a5000002 a5000002 
16.06.2021 11:06:01.156  a4000002 a5000002 
16.06.2021 11:06:01.168  a4000002 a4000002 
16.06.2021 11:06:01.171  a4000002 a5000002 
16.06.2021 11:06:01.174  a4000002 a4000002 
16.06.2021 11:06:01.276  a5000002 a5000002 
16.06.2021 11:06:01.279  a4000002 a4000002 
16.06.2021 11:06:01.282  a5000002 a5000002 
16.06.2021 11:06:01.384  a4000002 a5000002 
16.06.2021 11:06:01.387  a5000002 a5000002 
16.06.2021 11:06:01.390  a4000002 a5000002 
16.06.2021 11:06:01.408  a4000002 a4000002 
16.06.2021 11:06:01.522  a5000002 a5000002 
16.06.2021 11:06:01.531  a4000002 a4000002 
16.06.2021 11:06:01.534  a5000002 a5000002 
16.06.2021 11:06:01.636  a4000002 a5000002 
16.06.2021 11:06:01.639  a5000002 a5000002 
16.06.2021 11:06:01.642  a4000002 a5000002 
16.06.2021 11:06:01.660  a4000002 a4000002 
16.06.2021 11:06:01.750  a5000002 a5000002 
16.06.2021 11:06:01.765  a4000002 a4000002 
16.06.2021 11:06:01.768  a5000002 a5000002 
16.06.2021 11:06:01.858  a4000002 a5000002 
16.06.2021 11:06:01.873  a5000002 a5000002 
16.06.2021 11:06:01.876  a4000002 a5000002 
16.06.2021 11:06:01.879  a4000002 a4000002 
16.06.2021 11:06:01.891  a4000002 a5000002 
16.06.2021 11:06:01.894  a4000002 a4000002 
16.06.2021 11:06:01.984  a4000002 a5000002 
16.06.2021 11:06:01.990  a5000002 a5000002 
16.06.2021 11:06:01.999  a4000002 a4000002 
16.06.2021 11:06:02.002  a5000002 a5000002 
16.06.2021 11:06:02.092  a4000002 a5000002 
16.06.2021 11:06:02.107  a5000002 a5000002 
16.06.2021 11:06:02.110  a4000002 a5000002 
16.06.2021 11:06:02.113  a4000002 a4000002 
16.06.2021 11:06:02.125  a4000002 a5000002 
16.06.2021 11:06:02.128  a4000002 a4000002 
16.06.2021 11:06:02.200  a5000002 a5000002 
16.06.2021 11:06:02.215  a4000002 a4000002 
16.06.2021 11:06:02.218  a5000002 a5000002 
16.06.2021 11:06:03.139  a4000002 a5000002 
16.06.2021 11:06:03.151  a5000002 a5000002 
16.06.2021 11:06:03.154  a4000002 a5000002 
16.06.2021 11:06:03.163  a4000002 a4000002 
16.06.2021 11:06:03.169  a4000002 a5000002 
16.06.2021 11:06:03.172  a4000002 a4000002 
16.06.2021 11:06:03.253  a5000002 a5000002 
16.06.2021 11:06:03.259  a4000002 a4000002 
16.06.2021 11:06:03.262  a5000002 a5000002 
16.06.2021 11:06:03.352  a4000002 a5000002 
16.06.2021 11:06:03.367  a5000002 a5000002 
16.06.2021 11:06:03.370  a4000002 a5000002 
16.06.2021 11:06:03.373  a4000002 a4000002 
16.06.2021 11:06:03.385  a4000002 a5000002 
16.06.2021 11:06:03.388  a4000002 a4000002 
16.06.2021 11:06:03.472  a5000002 a5000002 
16.06.2021 11:06:03.475  a4000002 a4000002 
16.06.2021 11:06:03.478  a5000002 a5000002 
16.06.2021 11:06:03.766  a4000002 a5000002 
16.06.2021 11:06:03.784  a4000002 a4000002 
16.06.2021 11:06:03.799  a4000002 a5000002 
16.06.2021 11:06:03.802  a4000002 a4000002 
16.06.2021 11:06:03.874  a5000002 a5000002 
16.06.2021 11:06:03.889  a4000002 a4000002 
16.06.2021 11:06:03.892  a5000002 a5000002 
16.06.2021 11:06:03.982  a4000002 a5000002 
16.06.2021 11:06:03.997  a5000002 a5000002 
16.06.2021 11:06:04.000  a4000002 a5000002 
16.06.2021 11:06:04.003  a4000002 a4000002 
16.06.2021 11:06:04.015  a4000002 a5000002 
16.06.2021 11:06:04.018  a4000002 a4000002 
16.06.2021 11:06:04.060  a5000002 a4000002 
16.06.2021 11:06:04.069  a4000002 a4000002 
16.06.2021 11:06:04.072  a5000002 a4000002 
16.06.2021 11:06:04.108  a4000002 a4000002 
16.06.2021 11:06:04.123  a5000002 a4000002 
16.06.2021 11:06:04.126  a4000002 a4000002 
16.06.2021 11:06:04.273  a4000002 a5000002 
16.06.2021 11:06:04.285  a4000002 a4000002 
16.06.2021 11:06:04.288  a4000002 a5000002 
16.06.2021 11:06:04.351  a4000002 a4000002 
16.06.2021 11:06:04.357  a4000002 a5000002 
16.06.2021 11:06:04.360  a4000002 a4000002 
16.06.2021 11:06:04.420  a4000002 a5000002 
16.06.2021 11:06:04.429  a4000002 a4000002 
16.06.2021 11:06:04.432  a4000002 a5000002 
16.06.2021 11:06:04.486  a4000002 a4000002 
16.06.2021 11:06:04.501  a4000002 a5000002 
16.06.2021 11:06:04.504  a4000002 a4000002 
16.06.2021 11:06:04.564  a5000002 a5000002 
16.06.2021 11:06:04.573  a4000002 a4000002 
16.06.2021 11:06:04.576  a5000002 a5000002 
16.06.2021 11:06:04.642  a4000002 a5000002 
16.06.2021 11:06:04.645  a5000002 a5000002 
16.06.2021 11:06:04.648  a4000002 a5000002 
16.06.2021 11:06:04.666  a4000002 a4000002 
16.06.2021 11:06:04.681  a4000002 a5000002 
16.06.2021 11:06:04.684  a4000002 a4000002 
16.06.2021 11:06:04.774  a5000002 a5000002 
16.06.2021 11:06:04.789  a4000002 a4000002 
16.06.2021 11:06:04.792  a5000002 a5000002 
16.06.2021 11:06:04.882  a4000002 a5000002 
16.06.2021 11:06:04.897  a5000002 a5000002 
16.06.2021 11:06:04.900  a4000002 a5000002 
16.06.2021 11:06:04.903  a4000002 a4000002 
16.06.2021 11:06:04.915  a4000002 a5000002 
16.06.2021 11:06:04.918  a4000002 a4000002 
16.06.2021 11:06:05.002  a5000002 a5000002 
16.06.2021 11:06:05.005  a4000002 a4000002 
16.06.2021 11:06:05.008  a5000002 a5000002 
16.06.2021 11:06:05.098  a4000002 a5000002 
16.06.2021 11:06:05.113  a5000002 a5000002 
16.06.2021 11:06:05.116  a4000002 a5000002 
16.06.2021 11:06:05.119  a4000002 a4000002 
16.06.2021 11:06:05.131  a4000002 a5000002 
16.06.2021 11:06:05.134  a4000002 a4000002 
16.06.2021 11:06:05.230  a5000002 a5000002 
16.06.2021 11:06:05.239  a4000002 a4000002 
16.06.2021 11:06:05.242  a5000002 a5000002 
16.06.2021 11:06:05.332  a4000002 a5000002 
16.06.2021 11:06:05.347  a5000002 a5000002 
16.06.2021 11:06:05.350  a4000002 a5000002 
16.06.2021 11:06:05.353  a4000002 a4000002 
16.06.2021 11:06:05.365  a4000002 a5000002 
16.06.2021 11:06:05.368  a4000002 a4000002 
16.06.2021 11:06:05.452  a5000002 a5000002 
16.06.2021 11:06:05.455  a4000002 a4000002 
16.06.2021 11:06:05.458  a5000002 a5000002 
16.06.2021 11:06:05.551  a4000002 a5000002 
16.06.2021 11:06:05.563  a5000002 a5000002 
16.06.2021 11:06:05.566  a4000002 a5000002 
16.06.2021 11:06:05.569  a4000002 a4000002 
16.06.2021 11:06:05.581  a4000002 a5000002 
16.06.2021 11:06:05.584  a4000002 a4000002 
16.06.2021 11:06:05.731  a4000002 a5000002 
16.06.2021 11:06:05.743  a4000002 a4000002 
16.06.2021 11:06:05.746  a4000002 a5000002 
16.06.2021 11:06:05.803  a4000002 a4000002 
16.06.2021 11:06:05.815  a4000002 a5000002 
16.06.2021 11:06:05.818  a4000002 a4000002 
16.06.2021 11:06:06.190  a4000002 a5000002 
16.06.2021 11:06:06.193  a4000002 a4000002 
16.06.2021 11:06:06.196  a4000002 a5000002 
16.06.2021 11:06:06.262  a4000002 a4000002 
16.06.2021 11:06:06.265  a4000002 a5000002 
16.06.2021 11:06:06.268  a4000002 a4000002 
16.06.2021 11:06:06.403  a5000002 a4000002 
16.06.2021 11:06:06.409  a4000002 a4000002 
16.06.2021 11:06:06.412  a5000002 a4000002 
16.06.2021 11:06:06.484  a4000002 a4000002 
16.06.2021 11:06:06.682  a5000002 a5000002 
16.06.2021 11:06:06.772  a4000002 a5000002 
16.06.2021 11:06:06.787  a5000002 a5000002 
16.06.2021 11:06:06.790  a4000002 a5000002 
16.06.2021 11:06:06.793  a4000002 a4000002 
16.06.2021 11:06:06.805  a4000002 a5000002 
16.06.2021 11:06:06.808  a4000002 a4000002 
16.06.2021 11:06:06.892  a5000002 a5000002 
16.06.2021 11:06:06.895  a4000002 a4000002 
16.06.2021 11:06:06.898  a5000002 a5000002 
16.06.2021 11:06:06.988  a4000002 a5000002 
16.06.2021 11:06:07.003  a5000002 a5000002 
16.06.2021 11:06:07.006  a4000002 a5000002 
16.06.2021 11:06:07.009  a4000002 a4000002 
16.06.2021 11:06:07.021  a4000002 a5000002 
16.06.2021 11:06:07.024  a4000002 a4000002 
16.06.2021 11:06:07.117  a5000002 a5000002 
16.06.2021 11:06:07.129  a4000002 a4000002 
16.06.2021 11:06:07.132  a5000002 a5000002 
16.06.2021 11:06:07.222  a4000002 a5000002 
16.06.2021 11:06:07.237  a5000002 a5000002 
16.06.2021 11:06:07.240  a4000002 a5000002 
16.06.2021 11:06:07.243  a4000002 a4000002 
16.06.2021 11:06:07.255  a4000002 a5000002 
16.06.2021 11:06:07.258  a4000002 a4000002 
16.06.2021 11:06:07.342  a5000002 a5000002 
16.06.2021 11:06:07.345  a4000002 a4000002 
16.06.2021 11:06:07.348  a5000002 a5000002 
16.06.2021 11:06:07.438  a4000002 a5000002 
16.06.2021 11:06:07.453  a5000002 a5000002 
16.06.2021 11:06:07.456  a4000002 a5000002 
16.06.2021 11:06:07.459  a4000002 a4000002 
16.06.2021 11:06:07.471  a4000002 a5000002 
16.06.2021 11:06:07.474  a4000002 a4000002 
16.06.2021 11:06:10.534  a4000002 a5000002 
16.06.2021 11:06:10.549  a4000002 a4000002 
16.06.2021 11:06:10.552  a4000002 a5000002 
16.06.2021 11:06:10.606  a4000002 a4000002 
16.06.2021 11:06:10.621  a4000002 a5000002 
16.06.2021 11:06:10.624  a4000002 a4000002 
16.06.2021 11:07:00.745  a4000003 a4000003 
16.06.2021 11:07:00.748  a4000003 ac000003 
16.06.2021 11:07:00.751  a4000002 a4000002 
16.06.2021 11:07:00.754  a4000003 ac000003 
16.06.2021 11:07:00.766  a4000002 ac000002 
16.06.2021 11:07:00.769  a4000003 ac000003 
16.06.2021 11:07:00.772  a4000002 ac000002 
16.06.2021 11:07:00.781  a4000002 a4000002 
16.06.2021 11:07:00.787  a4000002 ac000002 
16.06.2021 11:07:00.790  a4000002 a4000002 
16.06.2021 11:07:00.871  a4000002 ac000002 
16.06.2021 11:07:00.877  a4000002 a4000002 
16.06.2021 11:07:00.880  a4000002 ac000002 
16.06.2021 11:07:00.907  a4000002 a4000002 
16.06.2021 11:07:00.913  a4000002 ac000002 
16.06.2021 11:07:00.916  a4000002 a4000002 
16.06.2021 11:07:01.015  a4000003 a4000003 
16.06.2021 11:07:01.021  a4000002 a4000002 
16.06.2021 11:07:01.024  a4000003 ac000003 
16.06.2021 11:07:01.051  a4000003 a4000003 
16.06.2021 11:07:01.057  a4000003 ac000003 
16.06.2021 11:07:01.060  a4000003 a4000003 
16.06.2021 11:07:01.168  a5000003 a5000003 
16.06.2021 11:07:01.183  a4000003 a4000003 
16.06.2021 11:07:01.186  a5000003 a5000003 
16.06.2021 11:07:01.276  a4000003 a5000003 
16.06.2021 11:07:01.291  a5000003 a5000003 
16.06.2021 11:07:01.294  a4000003 a5000003 
16.06.2021 11:07:01.297  a4000003 a4000003 
16.06.2021 11:07:01.309  a4000003 a5000003 
16.06.2021 11:07:01.312  a4000003 a4000003 
16.06.2021 11:07:01.390  a5000003 a5000003 
16.06.2021 11:07:01.399  a4000003 a4000003 
16.06.2021 11:07:01.402  a5000003 a5000003 
16.06.2021 11:07:01.492  a4000003 a5000003 
16.06.2021 11:07:01.507  a5000003 a5000003 
16.06.2021 11:07:01.510  a4000003 a5000003 
16.06.2021 11:07:01.513  a4000003 a4000003 
16.06.2021 11:07:01.525  a4000003 a5000003 
16.06.2021 11:07:01.528  a4000003 a4000003 
16.06.2021 11:48:02.397  a4000002 a4000002 
16.06.2021 11:48:02.403  a4000003 a4000003 
16.06.2021 11:48:02.406  a4000002 ac000002 
16.06.2021 11:48:02.433  a4000002 a4000002 
16.06.2021 11:48:02.439  a4000002 ac000002 
16.06.2021 11:48:02.442  a4000002 a4000002 
16.06.2021 11:48:17.209  a4000001 a4000001 
16.06.2021 11:48:17.212  24000001 24800001 
16.06.2021 11:48:17.217  a4000002 a4000002 
16.06.2021 11:48:17.220  24000001 24800001 
16.06.2021 11:48:17.226  24000001 24000001 
16.06.2021 11:48:17.235  24000001 24800001 
16.06.2021 11:48:17.238  24000001 24000001 

Servicedata V1.0 PLC:\DEBUG\SlaveStateA.service.trace created 16.06.2021 20:54:19 (local time)
hostname: hu, Software: 606421 04, built: 08.10.2014 08:59
-----------------------------------------------------------------------------------------------
                     ms  Virtual BusModule state(s)
16.06.2021 19:28:02.669  24000000 2c000000 
16.06.2021 19:28:02.681  00000000 00000000 
16.06.2021 19:28:02.684  24000000 2c000000 
16.06.2021 19:28:02.825  24000001 2c000000 
16.06.2021 19:28:02.828  24000000 2c000000 
16.06.2021 19:28:02.831  24000001 2c000000 
16.06.2021 19:28:02.837  24000001 2c000001 
16.06.2021 19:28:02.849  24000001 2c000000 
16.06.2021 19:28:02.852  24000001 2c000001 
16.06.2021 19:28:02.966  24000001 24000001 
16.06.2021 19:28:02.975  24000001 2c000001 
16.06.2021 19:28:02.978  24000001 24000001 
16.06.2021 19:28:32.412  24000002 24000002 
16.06.2021 19:28:32.415  a4000002 a4000002 
16.06.2021 19:28:32.421  24000001 24000001 
16.06.2021 19:28:32.424  a4000002 a4000002 
16.06.2021 19:28:32.640  a4000002 a5000002 
16.06.2021 19:28:32.700  a4000002 a4000002 
16.06.2021 19:28:32.709  a4000002 a5000002 
16.06.2021 19:28:32.712  a4000002 a4000002 
16.06.2021 19:28:32.838  a5000002 a5000002 
16.06.2021 19:28:32.916  a4000002 a5000002 
16.06.2021 19:28:32.925  a5000002 a5000002 
16.06.2021 19:28:32.928  a4000002 a5000002 
16.06.2021 19:28:32.937  a4000002 a4000002 
16.06.2021 19:28:32.943  a4000002 a5000002 
16.06.2021 19:28:32.946  a4000002 a4000002 
16.06.2021 19:28:36.027  a5000002 a5000002 
16.06.2021 19:28:36.039  a4000002 a4000002 
16.06.2021 19:28:36.042  a5000002 a5000002 
16.06.2021 19:28:36.120  a4000002 a5000002 
16.06.2021 19:28:36.129  a5000002 a5000002 
16.06.2021 19:28:36.132  a4000002 a5000002 
16.06.2021 19:28:36.141  a4000002 a4000002 
16.06.2021 19:28:36.147  a4000002 a5000002 
16.06.2021 19:28:36.150  a4000002 a4000002 
16.06.2021 19:28:36.252  a5000002 a5000002 
16.06.2021 19:28:36.255  a4000002 a4000002 
16.06.2021 19:28:36.258  a5000002 a5000002 
16.06.2021 19:28:36.360  a4000002 a5000002 
16.06.2021 19:28:36.363  a5000002 a5000002 
16.06.2021 19:28:36.366  a4000002 a5000002 
16.06.2021 19:28:36.384  a4000002 a4000002 
16.06.2021 19:28:36.474  a5000002 a5000002 
16.06.2021 19:28:36.552  a4000002 a5000002 
16.06.2021 19:28:36.561  a5000002 a5000002 
16.06.2021 19:28:36.564  a4000002 a5000002 
16.06.2021 19:28:36.573  a4000002 a4000002 
16.06.2021 19:28:36.579  a4000002 a5000002 
16.06.2021 19:28:36.582  a4000002 a4000002 
16.06.2021 19:28:36.675  a5000002 a5000002 
16.06.2021 19:28:36.687  a4000002 a4000002 
16.06.2021 19:28:36.690  a5000002 a5000002 
16.06.2021 19:28:36.768  a4000002 a5000002 
16.06.2021 19:28:36.777  a5000002 a5000002 
16.06.2021 19:28:36.780  a4000002 a5000002 
16.06.2021 19:28:36.789  a4000002 a4000002 
16.06.2021 19:28:36.795  a4000002 a5000002 
16.06.2021 19:28:36.798  a4000002 a4000002 
16.06.2021 19:28:36.894  a5000002 a5000002 
16.06.2021 19:28:36.903  a4000002 a4000002 
16.06.2021 19:28:36.906  a5000002 a5000002 
16.06.2021 19:28:37.008  a4000002 a5000002 
16.06.2021 19:28:37.011  a5000002 a5000002 
16.06.2021 19:28:37.014  a4000002 a5000002 
16.06.2021 19:28:37.032  a4000002 a4000002 
16.06.2021 19:28:37.143  a5000002 a5000002 
16.06.2021 19:28:37.155  a4000002 a4000002 
16.06.2021 19:28:37.158  a5000002 a5000002 
16.06.2021 19:28:37.260  a4000002 a5000002 
16.06.2021 19:28:37.263  a5000002 a5000002 
16.06.2021 19:28:37.266  a4000002 a5000002 
16.06.2021 19:28:37.284  a4000002 a4000002 
16.06.2021 19:28:37.374  a5000002 a5000002 
16.06.2021 19:28:37.389  a4000002 a4000002 
16.06.2021 19:28:37.392  a5000002 a5000002 
16.06.2021 19:28:37.494  a4000002 a5000002 
16.06.2021 19:28:37.497  a5000002 a5000002 
16.06.2021 19:28:37.500  a4000002 a5000002 
16.06.2021 19:28:37.518  a4000002 a4000002 
16.06.2021 19:28:37.626  a4000002 a5000002 
16.06.2021 19:28:37.629  a5000002 a5000002 
16.06.2021 19:28:37.641  a4000002 a5000002 
16.06.2021 19:28:37.644  a5000002 a5000002 
16.06.2021 19:28:37.707  a4000002 a5000002 
16.06.2021 19:28:37.713  a5000002 a5000002 
16.06.2021 19:28:37.716  a4000002 a5000002 
16.06.2021 19:28:37.725  a4000002 a4000002 
16.06.2021 19:28:37.731  a4000002 a5000002 
16.06.2021 19:28:37.734  a4000002 a4000002 
16.06.2021 19:28:37.809  a5000002 a5000002 
16.06.2021 19:28:37.821  a4000002 a4000002 
16.06.2021 19:28:37.824  a5000002 a5000002 
16.06.2021 19:28:38.745  a4000002 a5000002 
16.06.2021 19:28:38.757  a5000002 a5000002 
16.06.2021 19:28:38.760  a4000002 a5000002 
16.06.2021 19:28:38.769  a4000002 a4000002 
16.06.2021 19:28:38.775  a4000002 a5000002 
16.06.2021 19:28:38.778  a4000002 a4000002 
16.06.2021 19:28:38.859  a5000002 a5000002 
16.06.2021 19:28:38.865  a4000002 a4000002 
16.06.2021 19:28:38.868  a5000002 a5000002 
16.06.2021 19:28:38.958  a4000002 a5000002 
16.06.2021 19:28:38.973  a5000002 a5000002 
16.06.2021 19:28:38.976  a4000002 a5000002 
16.06.2021 19:28:38.979  a4000002 a4000002 
16.06.2021 19:28:38.991  a4000002 a5000002 
16.06.2021 19:28:38.994  a4000002 a4000002 
16.06.2021 19:28:39.084  a5000002 a5000002 
16.06.2021 19:28:39.372  a4000002 a5000002 
16.06.2021 19:28:39.387  a5000002 a5000002 
16.06.2021 19:28:39.390  a4000002 a5000002 
16.06.2021 19:28:39.393  a4000002 a4000002 
16.06.2021 19:28:39.405  a4000002 a5000002 
16.06.2021 19:28:39.408  a4000002 a4000002 
16.06.2021 19:28:39.483  a5000002 a5000002 
16.06.2021 19:28:39.495  a4000002 a4000002 
16.06.2021 19:28:39.498  a5000002 a5000002 
16.06.2021 19:28:39.588  a4000002 a5000002 
16.06.2021 19:28:39.603  a5000002 a5000002 
16.06.2021 19:28:39.606  a4000002 a5000002 
16.06.2021 19:28:39.609  a4000002 a4000002 
16.06.2021 19:28:39.621  a4000002 a5000002 
16.06.2021 19:28:39.624  a4000002 a4000002 
16.06.2021 19:28:39.666  a5000002 a4000002 
16.06.2021 19:28:39.675  a4000002 a4000002 
16.06.2021 19:28:39.678  a5000002 a4000002 
16.06.2021 19:28:39.717  a4000002 a4000002 
16.06.2021 19:28:39.729  a5000002 a4000002 
16.06.2021 19:28:39.732  a4000002 a4000002 
16.06.2021 19:28:39.882  a4000002 a5000002 
16.06.2021 19:28:39.891  a4000002 a4000002 
16.06.2021 19:28:39.894  a4000002 a5000002 
16.06.2021 19:28:39.960  a4000002 a4000002 
16.06.2021 19:28:39.963  a4000002 a5000002 
16.06.2021 19:28:39.966  a4000002 a4000002 
16.06.2021 19:28:40.029  a4000002 a5000002 
16.06.2021 19:28:40.035  a4000002 a4000002 
16.06.2021 19:28:40.038  a4000002 a5000002 
16.06.2021 19:28:40.092  a4000002 a4000002 
16.06.2021 19:28:40.107  a4000002 a5000002 
16.06.2021 19:28:40.110  a4000002 a4000002 
16.06.2021 19:28:40.170  a5000002 a5000002 
16.06.2021 19:28:40.179  a4000002 a4000002 
16.06.2021 19:28:40.182  a5000002 a5000002 
16.06.2021 19:28:40.254  a4000002 a5000002 
16.06.2021 19:28:40.272  a4000002 a4000002 
16.06.2021 19:28:40.287  a4000002 a5000002 
16.06.2021 19:28:40.290  a4000002 a4000002 
16.06.2021 19:28:40.380  a5000002 a5000002 
16.06.2021 19:28:40.395  a4000002 a4000002 
16.06.2021 19:28:40.398  a5000002 a5000002 
16.06.2021 19:28:40.488  a4000002 a5000002 
16.06.2021 19:28:40.503  a5000002 a5000002 
16.06.2021 19:28:40.506  a4000002 a5000002 
16.06.2021 19:28:40.509  a4000002 a4000002 
16.06.2021 19:28:40.521  a4000002 a5000002 
16.06.2021 19:28:40.524  a4000002 a4000002 
16.06.2021 19:28:40.608  a5000002 a5000002 
16.06.2021 19:28:40.611  a4000002 a4000002 
16.06.2021 19:28:40.614  a5000002 a5000002 
16.06.2021 19:28:40.707  a4000002 a5000002 
16.06.2021 19:28:40.719  a5000002 a5000002 
16.06.2021 19:28:40.722  a4000002 a5000002 
16.06.2021 19:28:40.725  a4000002 a4000002 
16.06.2021 19:28:40.737  a4000002 a5000002 
16.06.2021 19:28:40.740  a4000002 a4000002 
16.06.2021 19:28:40.839  a5000002 a5000002 
16.06.2021 19:28:40.845  a4000002 a4000002 
16.06.2021 19:28:40.848  a5000002 a5000002 
16.06.2021 19:28:40.938  a4000002 a5000002 
16.06.2021 19:28:40.953  a5000002 a5000002 
16.06.2021 19:28:40.956  a4000002 a5000002 
16.06.2021 19:28:40.959  a4000002 a4000002 
16.06.2021 19:28:40.971  a4000002 a5000002 
16.06.2021 19:28:40.974  a4000002 a4000002 
16.06.2021 19:28:41.058  a5000002 a5000002 
16.06.2021 19:28:41.061  a4000002 a4000002 
16.06.2021 19:28:41.064  a5000002 a5000002 
16.06.2021 19:28:41.154  a4000002 a5000002 
16.06.2021 19:28:41.169  a5000002 a5000002 
16.06.2021 19:28:41.172  a4000002 a5000002 
16.06.2021 19:28:41.175  a4000002 a4000002 
16.06.2021 19:28:41.187  a4000002 a5000002 
16.06.2021 19:28:41.190  a4000002 a4000002 
16.06.2021 19:28:41.337  a4000002 a5000002 
16.06.2021 19:28:41.349  a4000002 a4000002 
16.06.2021 19:28:41.352  a4000002 a5000002 
16.06.2021 19:28:41.406  a4000002 a4000002 
16.06.2021 19:28:41.421  a4000002 a5000002 
16.06.2021 19:28:41.424  a4000002 a4000002 
16.06.2021 19:28:41.649  a4000002 a5000002 
16.06.2021 19:28:41.655  a4000002 a4000002 
16.06.2021 19:28:41.658  a4000002 a5000002 
16.06.2021 19:28:41.724  a4000002 a4000002 
16.06.2021 19:28:41.727  a4000002 a5000002 
16.06.2021 19:28:41.730  a4000002 a4000002 
16.06.2021 19:28:41.862  a5000002 a4000002 
16.06.2021 19:28:41.871  a4000002 a4000002 
16.06.2021 19:28:41.874  a5000002 a4000002 
16.06.2021 19:28:41.940  a4000002 a4000002 
16.06.2021 19:28:41.943  a5000002 a4000002 
16.06.2021 19:28:41.946  a4000002 a4000002 
16.06.2021 19:28:42.144  a5000002 a5000002 
16.06.2021 19:28:42.234  a4000002 a5000002 
16.06.2021 19:28:42.249  a5000002 a5000002 
16.06.2021 19:28:42.252  a4000002 a5000002 
16.06.2021 19:28:42.255  a4000002 a4000002 
16.06.2021 19:28:42.267  a4000002 a5000002 
16.06.2021 19:28:42.270  a4000002 a4000002 
16.06.2021 19:28:42.354  a5000002 a5000002 
16.06.2021 19:28:42.357  a4000002 a4000002 
16.06.2021 19:28:42.360  a5000002 a5000002 
16.06.2021 19:28:42.450  a4000002 a5000002 
16.06.2021 19:28:42.465  a5000002 a5000002 
16.06.2021 19:28:42.468  a4000002 a5000002 
16.06.2021 19:28:42.471  a4000002 a4000002 
16.06.2021 19:28:42.483  a4000002 a5000002 
16.06.2021 19:28:42.486  a4000002 a4000002 
16.06.2021 19:28:42.588  a5000002 a5000002 
16.06.2021 19:28:42.591  a4000002 a4000002 
16.06.2021 19:28:42.594  a5000002 a5000002 
16.06.2021 19:28:42.684  a4000002 a5000002 
16.06.2021 19:28:42.699  a5000002 a5000002 
16.06.2021 19:28:42.702  a4000002 a5000002 
16.06.2021 19:28:42.705  a4000002 a4000002 
16.06.2021 19:28:42.717  a4000002 a5000002 
16.06.2021 19:28:42.720  a4000002 a4000002 
16.06.2021 19:28:42.804  a5000002 a5000002 
16.06.2021 19:28:42.807  a4000002 a4000002 
16.06.2021 19:28:42.810  a5000002 a5000002 
16.06.2021 19:28:42.900  a4000002 a5000002 
16.06.2021 19:28:42.915  a5000002 a5000002 
16.06.2021 19:28:42.918  a4000002 a5000002 
16.06.2021 19:28:42.921  a4000002 a4000002 
16.06.2021 19:28:42.933  a4000002 a5000002 
16.06.2021 19:28:42.936  a4000002 a4000002 
16.06.2021 19:28:45.963  a4000002 a5000002 
16.06.2021 19:28:45.975  a4000002 a4000002 
16.06.2021 19:28:45.978  a4000002 a5000002 
16.06.2021 19:28:46.032  a4000002 a4000002 
16.06.2021 19:28:46.047  a4000002 a5000002 
16.06.2021 19:28:46.050  a4000002 a4000002 
16.06.2021 19:29:25.227  a4000003 a4000003 
16.06.2021 19:29:25.230  a4000003 ac000003 
16.06.2021 19:29:25.233  a4000002 a4000002 
16.06.2021 19:29:25.236  a4000003 ac000003 
16.06.2021 19:29:25.254  a4000002 ac000002 
16.06.2021 19:29:25.263  a4000002 a4000002 
16.06.2021 19:29:25.269  a4000002 ac000002 
16.06.2021 19:29:25.272  a4000002 a4000002 
16.06.2021 19:29:25.356  a4000002 ac000002 
16.06.2021 19:29:25.359  a4000002 a4000002 
16.06.2021 19:29:25.362  a4000002 ac000002 
16.06.2021 19:29:25.389  a4000002 a4000002 
16.06.2021 19:29:25.395  a4000002 ac000002 
16.06.2021 19:29:25.398  a4000002 a4000002 
16.06.2021 19:29:25.515  a4000003 a4000003 
16.06.2021 19:29:25.521  a4000002 a4000002 
16.06.2021 19:29:25.524  a4000003 ac000003 
16.06.2021 19:29:25.551  a4000003 a4000003 
16.06.2021 19:29:25.557  a4000003 ac000003 
16.06.2021 19:29:25.560  a4000003 a4000003 
16.06.2021 19:29:25.662  a5000003 a5000003 
16.06.2021 19:29:25.665  a4000003 a4000003 
16.06.2021 19:29:25.668  a5000003 a5000003 
16.06.2021 19:29:25.758  a4000003 a5000003 
16.06.2021 19:29:25.773  a5000003 a5000003 
16.06.2021 19:29:25.776  a4000003 a5000003 
16.06.2021 19:29:25.779  a4000003 a4000003 
16.06.2021 19:29:25.791  a4000003 a5000003 
16.06.2021 19:29:25.794  a4000003 a4000003 
16.06.2021 19:29:25.872  a5000003 a5000003 
16.06.2021 19:29:25.881  a4000003 a4000003 
16.06.2021 19:29:25.884  a5000003 a5000003 
16.06.2021 19:29:25.974  a4000003 a5000003 
16.06.2021 19:29:25.989  a5000003 a5000003 
16.06.2021 19:29:25.992  a4000003 a5000003 
16.06.2021 19:29:25.995  a4000003 a4000003 
16.06.2021 19:29:26.007  a4000003 a5000003 
16.06.2021 19:29:26.010  a4000003 a4000003 
16.06.2021 19:32:13.970  a4000002 a4000002 
16.06.2021 19:32:13.973  a4000002 ac000002 
16.06.2021 19:32:13.985  a4000002 a4000002 
16.06.2021 19:32:13.988  a4000002 ac000002 
16.06.2021 19:32:14.015  a4000002 a4000002 
16.06.2021 19:32:14.021  a4000002 ac000002 
16.06.2021 19:32:14.024  a4000002 a4000002 
16.06.2021 20:32:16.214  a4000003 a4000003 
16.06.2021 20:32:16.217  a4000003 ac000003 
16.06.2021 20:32:16.220  a4000002 a4000002 
16.06.2021 20:32:16.223  a4000003 ac000003 
16.06.2021 20:32:16.250  a4000003 a4000003 
16.06.2021 20:32:16.256  a4000003 ac000003 
16.06.2021 20:32:16.259  a4000003 a4000003 
16.06.2021 20:32:37.517  a4000002 a4000002 
16.06.2021 20:32:37.523  a4000002 ac000002 
16.06.2021 20:32:37.532  a4000002 a4000002 
16.06.2021 20:32:37.535  a4000002 ac000002 
16.06.2021 20:32:37.562  a4000002 a4000002 
16.06.2021 20:32:37.568  a4000002 ac000002 
16.06.2021 20:32:37.571  a4000002 a4000002 
16.06.2021 20:47:59.064  a4000003 a4000003 
16.06.2021 20:47:59.067  a4000003 ac000003 
16.06.2021 20:47:59.070  a4000002 a4000002 
16.06.2021 20:47:59.073  a4000003 ac000003 
16.06.2021 20:47:59.100  a4000003 a4000003 
16.06.2021 20:47:59.106  a4000003 ac000003 
16.06.2021 20:47:59.109  a4000003 a4000003 
16.06.2021 20:54:02.893  a4000002 a4000002 
16.06.2021 20:54:02.902  a4000002 ac000002 
16.06.2021 20:54:02.908  a4000003 a4000003 
16.06.2021 20:54:02.911  a4000002 ac000002 
16.06.2021 20:54:02.938  a4000002 a4000002 
16.06.2021 20:54:02.944  a4000002 ac000002 
16.06.2021 20:54:02.947  a4000002 a4000002 
16.06.2021 20:54:19.585  a4000001 a4000001 
16.06.2021 20:54:19.588  24000001 24800001 
16.06.2021 20:54:19.594  a4000002 a4000002 
16.06.2021 20:54:19.597  24000001 24800001 
16.06.2021 20:54:19.603  24000001 24000001 
16.06.2021 20:54:19.612  24000001 24800001 
16.06.2021 20:54:19.615  24000001 24000001 

Servicedata V1.0 PLC:\DEBUG\SlaveStateA.service.trace created 19.06.2021 17:39:55 (local time)
hostname: hu, Software: 606421 04, built: 08.10.2014 08:59
-----------------------------------------------------------------------------------------------
                     ms  Virtual BusModule state(s)
19.06.2021 11:49:23.395  24000000 2c000000 
19.06.2021 11:49:23.413  00000000 00000000 
19.06.2021 11:49:23.416  24000000 2c000000 
19.06.2021 11:49:23.554  24000001 2c000000 
19.06.2021 11:49:23.560  24000000 2c000000 
19.06.2021 11:49:23.563  24000001 2c000000 
19.06.2021 11:49:23.566  24000001 2c000001 
19.06.2021 11:49:23.581  24000001 2c000000 
19.06.2021 11:49:23.584  24000001 2c000001 
19.06.2021 11:49:23.695  24000001 24000001 
19.06.2021 11:49:23.707  24000001 2c000001 
19.06.2021 11:49:23.710  24000001 24000001 
19.06.2021 11:49:39.275  24000002 24000002 
19.06.2021 11:49:39.278  a4000002 a4000002 
19.06.2021 11:49:39.284  24000001 24000001 
19.06.2021 11:49:39.287  a4000002 a4000002 
19.06.2021 11:49:39.521  a4000002 a5000002 
19.06.2021 11:49:39.578  a4000002 a4000002 
19.06.2021 11:49:39.590  a4000002 a5000002 
19.06.2021 11:49:39.593  a4000002 a4000002 
19.06.2021 11:49:39.713  a5000002 a5000002 
19.06.2021 11:49:39.716  a4000002 a4000002 
19.06.2021 11:49:39.719  a5000002 a5000002 
19.06.2021 11:49:39.797  a4000002 a5000002 
19.06.2021 11:49:39.806  a5000002 a5000002 
19.06.2021 11:49:39.809  a4000002 a5000002 
19.06.2021 11:49:39.818  a4000002 a4000002 
19.06.2021 11:49:39.824  a4000002 a5000002 
19.06.2021 11:49:39.827  a4000002 a4000002 
19.06.2021 11:49:42.908  a5000002 a5000002 
19.06.2021 11:49:42.920  a4000002 a4000002 
19.06.2021 11:49:42.923  a5000002 a5000002 
19.06.2021 11:49:43.001  a4000002 a5000002 
19.06.2021 11:49:43.010  a5000002 a5000002 
19.06.2021 11:49:43.013  a4000002 a5000002 
19.06.2021 11:49:43.022  a4000002 a4000002 
19.06.2021 11:49:43.028  a4000002 a5000002 
19.06.2021 11:49:43.031  a4000002 a4000002 
19.06.2021 11:49:43.130  a5000002 a5000002 
19.06.2021 11:49:43.136  a4000002 a4000002 
19.06.2021 11:49:43.139  a5000002 a5000002 
19.06.2021 11:49:43.238  a4000002 a5000002 
19.06.2021 11:49:43.244  a5000002 a5000002 
19.06.2021 11:49:43.247  a4000002 a5000002 
19.06.2021 11:49:43.259  a4000002 a4000002 
19.06.2021 11:49:43.262  a4000002 a5000002 
19.06.2021 11:49:43.265  a4000002 a4000002 
19.06.2021 11:49:43.349  a5000002 a5000002 
19.06.2021 11:49:43.352  a4000002 a4000002 
19.06.2021 11:49:43.355  a5000002 a5000002 
19.06.2021 11:49:43.433  a4000002 a5000002 
19.06.2021 11:49:43.442  a5000002 a5000002 
19.06.2021 11:49:43.445  a4000002 a5000002 
19.06.2021 11:49:43.454  a4000002 a4000002 
19.06.2021 11:49:43.460  a4000002 a5000002 
19.06.2021 11:49:43.463  a4000002 a4000002 
19.06.2021 11:49:43.556  a5000002 a5000002 
19.06.2021 11:49:43.568  a4000002 a4000002 
19.06.2021 11:49:43.571  a5000002 a5000002 
19.06.2021 11:49:43.790  a4000002 a5000002 
19.06.2021 11:49:43.802  a5000002 a5000002 
19.06.2021 11:49:43.805  a4000002 a5000002 
19.06.2021 11:49:43.811  a4000002 a4000002 
19.06.2021 11:49:43.820  a4000002 a5000002 
19.06.2021 11:49:43.823  a4000002 a4000002 
19.06.2021 11:49:43.916  a5000002 a5000002 
19.06.2021 11:49:43.928  a4000002 a4000002 
19.06.2021 11:49:43.931  a5000002 a5000002 
19.06.2021 11:49:44.039  a4000002 a5000002 
19.06.2021 11:49:44.054  a5000002 a5000002 
19.06.2021 11:49:44.057  a4000002 a5000002 
19.06.2021 11:49:44.060  a4000002 a4000002 
19.06.2021 11:49:44.072  a4000002 a5000002 
19.06.2021 11:49:44.075  a4000002 a4000002 
19.06.2021 11:49:44.174  a5000002 a5000002 
19.06.2021 11:49:44.180  a4000002 a4000002 
19.06.2021 11:49:44.183  a5000002 a5000002 
19.06.2021 11:49:44.285  a4000002 a5000002 
19.06.2021 11:49:44.288  a5000002 a5000002 
19.06.2021 11:49:44.291  a4000002 a5000002 
19.06.2021 11:49:44.309  a4000002 a4000002 
19.06.2021 11:49:44.399  a5000002 a5000002 
19.06.2021 11:49:44.414  a4000002 a4000002 
19.06.2021 11:49:44.417  a5000002 a5000002 
19.06.2021 11:49:44.507  a4000002 a5000002 
19.06.2021 11:49:44.522  a5000002 a5000002 
19.06.2021 11:49:44.525  a4000002 a5000002 
19.06.2021 11:49:44.528  a4000002 a4000002 
19.06.2021 11:49:44.540  a4000002 a5000002 
19.06.2021 11:49:44.543  a4000002 a4000002 
19.06.2021 11:49:44.633  a4000002 a5000002 
19.06.2021 11:49:44.639  a5000002 a5000002 
19.06.2021 11:49:44.648  a4000002 a5000002 
19.06.2021 11:49:44.651  a5000002 a5000002 
19.06.2021 11:49:44.711  a4000002 a5000002 
19.06.2021 11:49:44.720  a5000002 a5000002 
19.06.2021 11:49:44.723  a4000002 a5000002 
19.06.2021 11:49:44.732  a4000002 a4000002 
19.06.2021 11:49:44.738  a4000002 a5000002 
19.06.2021 11:49:44.741  a4000002 a4000002 
19.06.2021 11:49:44.819  a5000002 a5000002 
19.06.2021 11:49:44.828  a4000002 a4000002 
19.06.2021 11:49:44.831  a5000002 a5000002 
19.06.2021 11:49:45.755  a4000002 a5000002 
19.06.2021 11:49:45.764  a5000002 a5000002 
19.06.2021 11:49:45.767  a4000002 a5000002 
19.06.2021 11:49:45.776  a4000002 a4000002 
19.06.2021 11:49:45.782  a4000002 a5000002 
19.06.2021 11:49:45.785  a4000002 a4000002 
19.06.2021 11:49:45.869  a5000002 a5000002 
19.06.2021 11:49:45.872  a4000002 a4000002 
19.06.2021 11:49:45.875  a5000002 a5000002 
19.06.2021 11:49:45.965  a4000002 a5000002 
19.06.2021 11:49:45.980  a5000002 a5000002 
19.06.2021 11:49:45.983  a4000002 a5000002 
19.06.2021 11:49:45.986  a4000002 a4000002 
19.06.2021 11:49:45.998  a4000002 a5000002 
19.06.2021 11:49:46.001  a4000002 a4000002 
19.06.2021 11:49:46.109  a5000002 a5000002 
19.06.2021 11:49:46.124  a4000002 a4000002 
19.06.2021 11:49:46.127  a5000002 a5000002 
19.06.2021 11:49:46.373  a4000002 a5000002 
19.06.2021 11:49:46.376  a5000002 a5000002 
19.06.2021 11:49:46.379  a4000002 a5000002 
19.06.2021 11:49:46.391  a4000002 a4000002 
19.06.2021 11:49:46.394  a4000002 a5000002 
19.06.2021 11:49:46.397  a4000002 a4000002 
19.06.2021 11:49:46.490  a5000002 a5000002 
19.06.2021 11:49:46.502  a4000002 a4000002 
19.06.2021 11:49:46.505  a5000002 a5000002 
19.06.2021 11:49:46.595  a4000002 a5000002 
19.06.2021 11:49:46.610  a5000002 a5000002 
19.06.2021 11:49:46.613  a4000002 a5000002 
19.06.2021 11:49:46.616  a4000002 a4000002 
19.06.2021 11:49:46.628  a4000002 a5000002 
19.06.2021 11:49:46.631  a4000002 a4000002 
19.06.2021 11:49:46.673  a5000002 a4000002 
19.06.2021 11:49:46.682  a4000002 a4000002 
19.06.2021 11:49:46.685  a5000002 a4000002 
19.06.2021 11:49:46.724  a4000002 a4000002 
19.06.2021 11:49:46.736  a5000002 a4000002 
19.06.2021 11:49:46.739  a4000002 a4000002 
19.06.2021 11:49:46.883  a4000002 a5000002 
19.06.2021 11:49:46.928  a4000002 a4000002 
19.06.2021 11:49:46.934  a4000002 a5000002 
19.06.2021 11:49:46.937  a4000002 a4000002 
19.06.2021 11:49:46.997  a4000002 a5000002 
19.06.2021 11:49:47.006  a4000002 a4000002 
19.06.2021 11:49:47.009  a4000002 a5000002 
19.06.2021 11:49:47.063  a4000002 a4000002 
19.06.2021 11:49:47.078  a4000002 a5000002 
19.06.2021 11:49:47.081  a4000002 a4000002 
19.06.2021 11:49:47.144  a5000002 a5000002 
19.06.2021 11:49:47.150  a4000002 a4000002 
19.06.2021 11:49:47.153  a5000002 a5000002 
19.06.2021 11:49:47.225  a4000002 a5000002 
19.06.2021 11:49:47.243  a4000002 a4000002 
19.06.2021 11:49:47.258  a4000002 a5000002 
19.06.2021 11:49:47.261  a4000002 a4000002 
19.06.2021 11:49:47.354  a5000002 a5000002 
19.06.2021 11:49:47.366  a4000002 a4000002 
19.06.2021 11:49:47.369  a5000002 a5000002 
19.06.2021 11:49:47.459  a4000002 a5000002 
19.06.2021 11:49:47.474  a5000002 a5000002 
19.06.2021 11:49:47.477  a4000002 a5000002 
19.06.2021 11:49:47.480  a4000002 a4000002 
19.06.2021 11:49:47.492  a4000002 a5000002 
19.06.2021 11:49:47.495  a4000002 a4000002 
19.06.2021 11:49:47.579  a5000002 a5000002 
19.06.2021 11:49:47.582  a4000002 a4000002 
19.06.2021 11:49:47.585  a5000002 a5000002 
19.06.2021 11:49:47.675  a4000002 a5000002 
19.06.2021 11:49:47.690  a5000002 a5000002 
19.06.2021 11:49:47.693  a4000002 a5000002 
19.06.2021 11:49:47.696  a4000002 a4000002 
19.06.2021 11:49:47.708  a4000002 a5000002 
19.06.2021 11:49:47.711  a4000002 a4000002 
19.06.2021 11:49:47.810  a5000002 a5000002 
19.06.2021 11:49:47.816  a4000002 a4000002 
19.06.2021 11:49:47.819  a5000002 a5000002 
19.06.2021 11:49:47.909  a4000002 a5000002 
19.06.2021 11:49:47.924  a5000002 a5000002 
19.06.2021 11:49:47.927  a4000002 a5000002 
19.06.2021 11:49:47.930  a4000002 a4000002 
19.06.2021 11:49:47.942  a4000002 a5000002 
19.06.2021 11:49:47.945  a4000002 a4000002 
19.06.2021 11:49:48.029  a5000002 a5000002 
19.06.2021 11:49:48.032  a4000002 a4000002 
19.06.2021 11:49:48.035  a5000002 a5000002 
19.06.2021 11:49:48.125  a4000002 a5000002 
19.06.2021 11:49:48.140  a5000002 a5000002 
19.06.2021 11:49:48.143  a4000002 a5000002 
19.06.2021 11:49:48.146  a4000002 a4000002 
19.06.2021 11:49:48.158  a4000002 a5000002 
19.06.2021 11:49:48.161  a4000002 a4000002 
19.06.2021 11:49:48.308  a4000002 a5000002 
19.06.2021 11:49:48.320  a4000002 a4000002 
19.06.2021 11:49:48.323  a4000002 a5000002 
19.06.2021 11:49:48.377  a4000002 a4000002 
19.06.2021 11:49:48.392  a4000002 a5000002 
19.06.2021 11:49:48.395  a4000002 a4000002 
19.06.2021 11:49:48.632  a4000002 a5000002 
19.06.2021 11:49:48.644  a4000002 a4000002 
19.06.2021 11:49:48.647  a4000002 a5000002 
19.06.2021 11:49:48.791  a4000002 a4000002 
19.06.2021 11:49:48.953  a5000002 a4000002 
19.06.2021 11:49:49.028  a4000002 a4000002 
19.06.2021 11:49:49.040  a5000002 a4000002 
19.06.2021 11:49:49.043  a4000002 a4000002 
19.06.2021 11:49:49.226  a5000002 a5000002 
19.06.2021 11:49:49.238  a4000002 a4000002 
19.06.2021 11:49:49.241  a5000002 a5000002 
19.06.2021 11:49:49.331  a4000002 a5000002 
19.06.2021 11:49:49.346  a5000002 a5000002 
19.06.2021 11:49:49.349  a4000002 a5000002 
19.06.2021 11:49:49.352  a4000002 a4000002 
19.06.2021 11:49:49.364  a4000002 a5000002 
19.06.2021 11:49:49.367  a4000002 a4000002 
19.06.2021 11:49:49.451  a5000002 a5000002 
19.06.2021 11:49:49.454  a4000002 a4000002 
19.06.2021 11:49:49.457  a5000002 a5000002 
19.06.2021 11:49:49.547  a4000002 a5000002 
19.06.2021 11:49:49.562  a5000002 a5000002 
19.06.2021 11:49:49.565  a4000002 a5000002 
19.06.2021 11:49:49.568  a4000002 a4000002 
19.06.2021 11:49:49.580  a4000002 a5000002 
19.06.2021 11:49:49.583  a4000002 a4000002 
19.06.2021 11:49:49.676  a5000002 a5000002 
19.06.2021 11:49:49.688  a4000002 a4000002 
19.06.2021 11:49:49.691  a5000002 a5000002 
19.06.2021 11:49:49.781  a4000002 a5000002 
19.06.2021 11:49:49.796  a5000002 a5000002 
19.06.2021 11:49:49.799  a4000002 a5000002 
19.06.2021 11:49:49.802  a4000002 a4000002 
19.06.2021 11:49:49.814  a4000002 a5000002 
19.06.2021 11:49:49.817  a4000002 a4000002 
19.06.2021 11:49:49.901  a5000002 a5000002 
19.06.2021 11:49:49.904  a4000002 a4000002 
19.06.2021 11:49:49.907  a5000002 a5000002 
19.06.2021 11:49:49.997  a4000002 a5000002 
19.06.2021 11:49:50.012  a5000002 a5000002 
19.06.2021 11:49:50.015  a4000002 a5000002 
19.06.2021 11:49:50.018  a4000002 a4000002 
19.06.2021 11:49:50.030  a4000002 a5000002 
19.06.2021 11:49:50.033  a4000002 a4000002 
19.06.2021 11:49:53.081  a4000002 a5000002 
19.06.2021 11:49:53.090  a4000002 a4000002 
19.06.2021 11:49:53.093  a4000002 a5000002 
19.06.2021 11:49:53.147  a4000002 a4000002 
19.06.2021 11:49:53.162  a4000002 a5000002 
19.06.2021 11:49:53.165  a4000002 a4000002 
19.06.2021 11:50:10.346  a4000003 a4000003 
19.06.2021 11:50:10.349  a4000003 ac000003 
19.06.2021 11:50:10.352  a4000002 a4000002 
19.06.2021 11:50:10.355  a4000003 ac000003 
19.06.2021 11:50:10.367  a4000002 ac000002 
19.06.2021 11:50:10.370  a4000003 ac000003 
19.06.2021 11:50:10.373  a4000002 ac000002 
19.06.2021 11:50:10.382  a4000002 a4000002 
19.06.2021 11:50:10.388  a4000002 ac000002 
19.06.2021 11:50:10.391  a4000002 a4000002 
19.06.2021 11:50:10.472  a4000002 ac000002 
19.06.2021 11:50:10.478  a4000002 a4000002 
19.06.2021 11:50:10.481  a4000002 ac000002 
19.06.2021 11:50:10.508  a4000002 a4000002 
19.06.2021 11:50:10.514  a4000002 ac000002 
19.06.2021 11:50:10.517  a4000002 a4000002 
19.06.2021 11:50:10.616  a4000003 a4000003 
19.06.2021 11:50:10.622  a4000002 a4000002 
19.06.2021 11:50:10.625  a4000003 ac000003 
19.06.2021 11:50:10.652  a4000003 a4000003 
19.06.2021 11:50:10.658  a4000003 ac000003 
19.06.2021 11:50:10.661  a4000003 a4000003 
19.06.2021 11:50:10.769  a5000003 a5000003 
19.06.2021 11:50:10.784  a4000003 a4000003 
19.06.2021 11:50:10.787  a5000003 a5000003 
19.06.2021 11:50:10.877  a4000003 a5000003 
19.06.2021 11:50:10.892  a5000003 a5000003 
19.06.2021 11:50:10.895  a4000003 a5000003 
19.06.2021 11:50:10.898  a4000003 a4000003 
19.06.2021 11:50:10.910  a4000003 a5000003 
19.06.2021 11:50:10.913  a4000003 a4000003 
19.06.2021 11:50:10.991  a5000003 a5000003 
19.06.2021 11:50:11.000  a4000003 a4000003 
19.06.2021 11:50:11.003  a5000003 a5000003 
19.06.2021 11:50:11.093  a4000003 a5000003 
19.06.2021 11:50:11.108  a5000003 a5000003 
19.06.2021 11:50:11.111  a4000003 a5000003 
19.06.2021 11:50:11.114  a4000003 a4000003 
19.06.2021 11:50:11.126  a4000003 a5000003 
19.06.2021 11:50:11.129  a4000003 a4000003 
19.06.2021 15:45:16.620  a4000002 a4000002 
19.06.2021 15:45:16.629  a4000002 ac000002 
19.06.2021 15:45:16.632  a4000003 a4000003 
19.06.2021 15:45:16.635  a4000002 ac000002 
19.06.2021 15:45:16.662  a4000002 a4000002 
19.06.2021 15:45:16.668  a4000002 ac000002 
19.06.2021 15:45:16.671  a4000002 a4000002 
19.06.2021 15:45:30.468  a4000003 a4000003 
19.06.2021 15:45:30.471  a4000003 ac000003 
19.06.2021 15:45:30.474  a4000002 a4000002 
19.06.2021 15:45:30.477  a4000003 ac000003 
19.06.2021 15:45:30.504  a4000003 a4000003 
19.06.2021 15:45:30.510  a4000003 ac000003 
19.06.2021 15:45:30.513  a4000003 a4000003 
19.06.2021 16:35:18.464  a4000002 a4000002 
19.06.2021 16:35:18.470  a4000003 a4000003 
19.06.2021 16:35:18.473  a4000002 ac000002 
19.06.2021 16:35:18.488  a4000002 a4000002 
19.06.2021 16:35:18.491  a4000002 ac000002 
19.06.2021 16:35:18.518  a4000002 a4000002 
19.06.2021 16:35:18.524  a4000002 ac000002 
19.06.2021 16:35:18.527  a4000002 a4000002 
19.06.2021 17:39:54.676  a4000001 a4000001 
19.06.2021 17:39:54.679  24000001 24800001 
19.06.2021 17:39:54.685  a4000002 a4000002 
19.06.2021 17:39:54.688  24000001 24800001 
19.06.2021 17:39:54.694  24000001 24000001 
19.06.2021 17:39:54.703  24000001 24800001 
19.06.2021 17:39:54.706  24000001 24000001 

Servicedata V1.0 PLC:\DEBUG\SlaveStateA.service.trace created 22.06.2021 09:01:31 (local time)
hostname: hu, Software: 606421 04, built: 08.10.2014 08:59
-----------------------------------------------------------------------------------------------
                     ms  Virtual BusModule state(s)
22.06.2021 08:37:29.460  24000000 2c000000 
22.06.2021 08:37:29.478  00000000 00000000 
22.06.2021 08:37:29.481  24000000 2c000000 
22.06.2021 08:37:29.619  24000001 2c000000 
22.06.2021 08:37:29.625  24000000 2c000000 
22.06.2021 08:37:29.628  24000001 2c000000 
22.06.2021 08:37:29.631  24000001 2c000001 
22.06.2021 08:37:29.646  24000001 2c000000 
22.06.2021 08:37:29.649  24000001 2c000001 
22.06.2021 08:37:29.760  24000001 24000001 
22.06.2021 08:37:29.772  24000001 2c000001 
22.06.2021 08:37:29.775  24000001 24000001 
22.06.2021 08:37:43.032  24000002 24000002 
22.06.2021 08:37:43.035  a4000002 a4000002 
22.06.2021 08:37:43.041  24000001 24000001 
22.06.2021 08:37:43.044  a4000002 a4000002 
22.06.2021 08:37:43.299  a4000002 a5000002 
22.06.2021 08:37:43.311  a4000002 a4000002 
22.06.2021 08:37:43.314  a4000002 a5000002 
22.06.2021 08:37:43.368  a4000002 a4000002 
22.06.2021 08:37:43.383  a4000002 a5000002 
22.06.2021 08:37:43.386  a4000002 a4000002 
22.06.2021 08:37:43.500  a5000002 a5000002 
22.06.2021 08:37:43.509  a4000002 a4000002 
22.06.2021 08:37:43.512  a5000002 a5000002 
22.06.2021 08:37:43.590  a4000002 a5000002 
22.06.2021 08:37:43.599  a5000002 a5000002 
22.06.2021 08:37:43.602  a4000002 a5000002 
22.06.2021 08:37:43.611  a4000002 a4000002 
22.06.2021 08:37:43.617  a4000002 a5000002 
22.06.2021 08:37:43.620  a4000002 a4000002 
22.06.2021 08:37:46.701  a5000002 a5000002 
22.06.2021 08:37:46.713  a4000002 a4000002 
22.06.2021 08:37:46.716  a5000002 a5000002 
22.06.2021 08:37:46.794  a4000002 a5000002 
22.06.2021 08:37:46.803  a5000002 a5000002 
22.06.2021 08:37:46.806  a4000002 a5000002 
22.06.2021 08:37:46.815  a4000002 a4000002 
22.06.2021 08:37:46.821  a4000002 a5000002 
22.06.2021 08:37:46.824  a4000002 a4000002 
22.06.2021 08:37:46.914  a5000002 a5000002 
22.06.2021 08:37:47.022  a4000002 a5000002 
22.06.2021 08:37:47.040  a4000002 a4000002 
22.06.2021 08:37:47.055  a4000002 a5000002 
22.06.2021 08:37:47.058  a4000002 a4000002 
22.06.2021 08:37:47.130  a5000002 a5000002 
22.06.2021 08:37:47.145  a4000002 a4000002 
22.06.2021 08:37:47.148  a5000002 a5000002 
22.06.2021 08:37:47.226  a4000002 a5000002 
22.06.2021 08:37:47.235  a5000002 a5000002 
22.06.2021 08:37:47.238  a4000002 a5000002 
22.06.2021 08:37:47.247  a4000002 a4000002 
22.06.2021 08:37:47.253  a4000002 a5000002 
22.06.2021 08:37:47.256  a4000002 a4000002 
22.06.2021 08:37:47.349  a5000002 a5000002 
22.06.2021 08:37:47.361  a4000002 a4000002 
22.06.2021 08:37:47.364  a5000002 a5000002 
22.06.2021 08:37:47.442  a4000002 a5000002 
22.06.2021 08:37:47.451  a5000002 a5000002 
22.06.2021 08:37:47.454  a4000002 a5000002 
22.06.2021 08:37:47.463  a4000002 a4000002 
22.06.2021 08:37:47.469  a4000002 a5000002 
22.06.2021 08:37:47.472  a4000002 a4000002 
22.06.2021 08:37:47.568  a5000002 a5000002 
22.06.2021 08:37:47.577  a4000002 a4000002 
22.06.2021 08:37:47.580  a5000002 a5000002 
22.06.2021 08:37:47.682  a4000002 a5000002 
22.06.2021 08:37:47.685  a5000002 a5000002 
22.06.2021 08:37:47.688  a4000002 a5000002 
22.06.2021 08:37:47.706  a4000002 a4000002 
22.06.2021 08:37:47.820  a5000002 a5000002 
22.06.2021 08:37:47.829  a4000002 a4000002 
22.06.2021 08:37:47.832  a5000002 a5000002 
22.06.2021 08:37:47.934  a4000002 a5000002 
22.06.2021 08:37:47.937  a5000002 a5000002 
22.06.2021 08:37:47.940  a4000002 a5000002 
22.06.2021 08:37:47.958  a4000002 a4000002 
22.06.2021 08:37:48.048  a5000002 a4000002 
22.06.2021 08:37:48.051  a5000002 a5000002 
22.06.2021 08:37:48.063  a4000002 a4000002 
22.06.2021 08:37:48.066  a5000002 a5000002 
22.06.2021 08:37:48.159  a4000002 a5000002 
22.06.2021 08:37:48.171  a5000002 a5000002 
22.06.2021 08:37:48.174  a4000002 a5000002 
22.06.2021 08:37:48.177  a4000002 a4000002 
22.06.2021 08:37:48.189  a4000002 a5000002 
22.06.2021 08:37:48.192  a4000002 a4000002 
22.06.2021 08:37:48.426  a4000002 a5000002 
22.06.2021 08:37:48.435  a5000002 a5000002 
22.06.2021 08:37:48.441  a4000002 a4000002 
22.06.2021 08:37:48.444  a5000002 a5000002 
22.06.2021 08:37:48.534  a4000002 a5000002 
22.06.2021 08:37:48.549  a5000002 a5000002 
22.06.2021 08:37:48.552  a4000002 a5000002 
22.06.2021 08:37:48.555  a4000002 a4000002 
22.06.2021 08:37:48.567  a4000002 a5000002 
22.06.2021 08:37:48.570  a4000002 a4000002 
22.06.2021 08:37:48.642  a5000002 a5000002 
22.06.2021 08:37:49.566  a4000002 a5000002 
22.06.2021 08:37:49.575  a5000002 a5000002 
22.06.2021 08:37:49.578  a4000002 a5000002 
22.06.2021 08:37:49.587  a4000002 a4000002 
22.06.2021 08:37:49.593  a4000002 a5000002 
22.06.2021 08:37:49.596  a4000002 a4000002 
22.06.2021 08:37:49.680  a5000002 a5000002 
22.06.2021 08:37:49.683  a4000002 a4000002 
22.06.2021 08:37:49.686  a5000002 a5000002 
22.06.2021 08:37:49.776  a4000002 a5000002 
22.06.2021 08:37:49.791  a5000002 a5000002 
22.06.2021 08:37:49.794  a4000002 a5000002 
22.06.2021 08:37:49.797  a4000002 a4000002 
22.06.2021 08:37:49.809  a4000002 a5000002 
22.06.2021 08:37:49.812  a4000002 a4000002 
22.06.2021 08:37:49.920  a5000002 a5000002 
22.06.2021 08:37:49.935  a4000002 a4000002 
22.06.2021 08:37:49.938  a5000002 a5000002 
22.06.2021 08:37:50.211  a4000002 a5000002 
22.06.2021 08:37:50.223  a5000002 a5000002 
22.06.2021 08:37:50.226  a4000002 a5000002 
22.06.2021 08:37:50.232  a4000002 a4000002 
22.06.2021 08:37:50.241  a4000002 a5000002 
22.06.2021 08:37:50.244  a4000002 a4000002 
22.06.2021 08:37:50.325  a5000002 a5000002 
22.06.2021 08:37:50.331  a4000002 a4000002 
22.06.2021 08:37:50.334  a5000002 a5000002 
22.06.2021 08:37:50.424  a4000002 a5000002 
22.06.2021 08:37:50.439  a5000002 a5000002 
22.06.2021 08:37:50.442  a4000002 a5000002 
22.06.2021 08:37:50.445  a4000002 a4000002 
22.06.2021 08:37:50.457  a4000002 a5000002 
22.06.2021 08:37:50.460  a4000002 a4000002 
22.06.2021 08:37:50.505  a5000002 a4000002 
22.06.2021 08:37:50.511  a4000002 a4000002 
22.06.2021 08:37:50.514  a5000002 a4000002 
22.06.2021 08:37:50.553  a4000002 a4000002 
22.06.2021 08:37:50.565  a5000002 a4000002 
22.06.2021 08:37:50.568  a4000002 a4000002 
22.06.2021 08:37:50.721  a4000002 a5000002 
22.06.2021 08:37:50.727  a4000002 a4000002 
22.06.2021 08:37:50.730  a4000002 a5000002 
22.06.2021 08:37:50.802  a4000002 a4000002 
22.06.2021 08:37:50.868  a4000002 a5000002 
22.06.2021 08:37:50.871  a4000002 a4000002 
22.06.2021 08:37:50.874  a4000002 a5000002 
22.06.2021 08:37:50.928  a4000002 a4000002 
22.06.2021 08:37:50.943  a4000002 a5000002 
22.06.2021 08:37:50.946  a4000002 a4000002 
22.06.2021 08:37:51.009  a5000002 a5000002 
22.06.2021 08:37:51.015  a4000002 a4000002 
22.06.2021 08:37:51.018  a5000002 a5000002 
22.06.2021 08:37:51.090  a4000002 a5000002 
22.06.2021 08:37:51.108  a4000002 a4000002 
22.06.2021 08:37:51.123  a4000002 a5000002 
22.06.2021 08:37:51.126  a4000002 a4000002 
22.06.2021 08:37:51.219  a5000002 a5000002 
22.06.2021 08:37:51.231  a4000002 a4000002 
22.06.2021 08:37:51.234  a5000002 a5000002 
22.06.2021 08:37:51.324  a4000002 a5000002 
22.06.2021 08:37:51.339  a5000002 a5000002 
22.06.2021 08:37:51.342  a4000002 a5000002 
22.06.2021 08:37:51.345  a4000002 a4000002 
22.06.2021 08:37:51.357  a4000002 a5000002 
22.06.2021 08:37:51.360  a4000002 a4000002 
22.06.2021 08:37:51.444  a5000002 a5000002 
22.06.2021 08:37:51.447  a4000002 a4000002 
22.06.2021 08:37:51.450  a5000002 a5000002 
22.06.2021 08:37:51.540  a4000002 a5000002 
22.06.2021 08:37:51.555  a5000002 a5000002 
22.06.2021 08:37:51.558  a4000002 a5000002 
22.06.2021 08:37:51.561  a4000002 a4000002 
22.06.2021 08:37:51.573  a4000002 a5000002 
22.06.2021 08:37:51.576  a4000002 a4000002 
22.06.2021 08:37:51.672  a5000002 a5000002 
22.06.2021 08:37:51.681  a4000002 a4000002 
22.06.2021 08:37:51.684  a5000002 a5000002 
22.06.2021 08:37:51.774  a4000002 a5000002 
22.06.2021 08:37:51.789  a5000002 a5000002 
22.06.2021 08:37:51.792  a4000002 a5000002 
22.06.2021 08:37:51.795  a4000002 a4000002 
22.06.2021 08:37:51.807  a4000002 a5000002 
22.06.2021 08:37:51.810  a4000002 a4000002 
22.06.2021 08:37:51.894  a5000002 a5000002 
22.06.2021 08:37:51.897  a4000002 a4000002 
22.06.2021 08:37:51.900  a5000002 a5000002 
22.06.2021 08:37:51.990  a4000002 a5000002 
22.06.2021 08:37:52.005  a5000002 a5000002 
22.06.2021 08:37:52.008  a4000002 a5000002 
22.06.2021 08:37:52.011  a4000002 a4000002 
22.06.2021 08:37:52.023  a4000002 a5000002 
22.06.2021 08:37:52.026  a4000002 a4000002 
22.06.2021 08:37:52.179  a4000002 a5000002 
22.06.2021 08:37:52.185  a4000002 a4000002 
22.06.2021 08:37:52.188  a4000002 a5000002 
22.06.2021 08:37:52.242  a4000002 a4000002 
22.06.2021 08:37:52.257  a4000002 a5000002 
22.06.2021 08:37:52.260  a4000002 a4000002 
22.06.2021 08:37:52.488  a4000002 a5000002 
22.06.2021 08:37:52.491  a4000002 a4000002 
22.06.2021 08:37:52.494  a4000002 a5000002 
22.06.2021 08:37:52.560  a4000002 a4000002 
22.06.2021 08:37:52.563  a4000002 a5000002 
22.06.2021 08:37:52.566  a4000002 a4000002 
22.06.2021 08:37:52.701  a5000002 a4000002 
22.06.2021 08:37:52.707  a4000002 a4000002 
22.06.2021 08:37:52.710  a5000002 a4000002 
22.06.2021 08:37:52.782  a4000002 a4000002 
22.06.2021 08:37:52.797  a5000002 a4000002 
22.06.2021 08:37:52.800  a4000002 a4000002 
22.06.2021 08:37:52.980  a5000002 a5000002 
22.06.2021 08:37:53.070  a4000002 a5000002 
22.06.2021 08:37:53.085  a5000002 a5000002 
22.06.2021 08:37:53.088  a4000002 a5000002 
22.06.2021 08:37:53.091  a4000002 a4000002 
22.06.2021 08:37:53.103  a4000002 a5000002 
22.06.2021 08:37:53.106  a4000002 a4000002 
22.06.2021 08:37:53.190  a5000002 a5000002 
22.06.2021 08:37:53.193  a4000002 a4000002 
22.06.2021 08:37:53.196  a5000002 a5000002 
22.06.2021 08:37:53.352  a4000002 a5000002 
22.06.2021 08:37:53.355  a5000002 a5000002 
22.06.2021 08:37:53.358  a4000002 a5000002 
22.06.2021 08:37:53.376  a4000002 a4000002 
22.06.2021 08:37:53.484  a5000002 a5000002 
22.06.2021 08:37:53.574  a4000002 a5000002 
22.06.2021 08:37:53.589  a5000002 a5000002 
22.06.2021 08:37:53.592  a4000002 a5000002 
22.06.2021 08:37:53.595  a4000002 a4000002 
22.06.2021 08:37:53.607  a4000002 a5000002 
22.06.2021 08:37:53.610  a4000002 a4000002 
22.06.2021 08:37:53.694  a5000002 a5000002 
22.06.2021 08:37:53.697  a4000002 a4000002 
22.06.2021 08:37:53.700  a5000002 a5000002 
22.06.2021 08:37:53.790  a4000002 a5000002 
22.06.2021 08:37:53.805  a5000002 a5000002 
22.06.2021 08:37:53.808  a4000002 a5000002 
22.06.2021 08:37:53.811  a4000002 a4000002 
22.06.2021 08:37:53.823  a4000002 a5000002 
22.06.2021 08:37:53.826  a4000002 a4000002 
22.06.2021 08:37:57.012  a4000002 a5000002 
22.06.2021 08:37:57.027  a4000002 a4000002 
22.06.2021 08:37:57.031  a4000002 a5000002 
22.06.2021 08:37:57.084  a4000002 a4000002 
22.06.2021 08:37:57.099  a4000002 a5000002 
22.06.2021 08:37:57.103  a4000002 a4000002 
22.06.2021 08:41:09.066  a4000003 a4000003 
22.06.2021 08:41:09.069  a4000003 ac000003 
22.06.2021 08:41:09.072  a4000002 a4000002 
22.06.2021 08:41:09.075  a4000003 ac000003 
22.06.2021 08:41:09.102  a4000003 a4000003 
22.06.2021 08:41:09.105  a4000002 a4000002 
22.06.2021 08:41:09.108  a4000003 ac000003 
22.06.2021 08:41:09.111  a4000002 a4000002 
22.06.2021 08:41:09.207  a4000002 ac000002 
22.06.2021 08:41:09.216  a4000002 a4000002 
22.06.2021 08:41:09.219  a4000002 ac000002 
22.06.2021 08:41:09.246  a4000002 a4000002 
22.06.2021 08:41:09.252  a4000002 ac000002 
22.06.2021 08:41:09.255  a4000002 a4000002 
22.06.2021 08:41:09.372  a4000003 a4000003 
22.06.2021 08:41:09.375  a4000003 ac000003 
22.06.2021 08:41:09.378  a4000002 a4000002 
22.06.2021 08:41:09.381  a4000003 ac000003 
22.06.2021 08:41:09.408  a4000003 a4000003 
22.06.2021 08:41:09.414  a4000003 ac000003 
22.06.2021 08:41:09.417  a4000003 a4000003 
22.06.2021 08:41:09.525  a5000003 a5000003 
22.06.2021 08:41:09.540  a4000003 a4000003 
22.06.2021 08:41:09.543  a5000003 a5000003 
22.06.2021 08:41:09.633  a4000003 a5000003 
22.06.2021 08:41:09.648  a5000003 a5000003 
22.06.2021 08:41:09.651  a4000003 a5000003 
22.06.2021 08:41:09.654  a4000003 a4000003 
22.06.2021 08:41:09.666  a4000003 a5000003 
22.06.2021 08:41:09.669  a4000003 a4000003 
22.06.2021 08:41:09.747  a5000003 a5000003 
22.06.2021 08:41:09.756  a4000003 a4000003 
22.06.2021 08:41:09.759  a5000003 a5000003 
22.06.2021 08:41:09.849  a4000003 a5000003 
22.06.2021 08:41:09.864  a5000003 a5000003 
22.06.2021 08:41:09.867  a4000003 a5000003 
22.06.2021 08:41:09.870  a4000003 a4000003 
22.06.2021 08:41:09.882  a4000003 a5000003 
22.06.2021 08:41:09.885  a4000003 a4000003 
22.06.2021 09:01:21.706  a4000002 a4000002 
22.06.2021 09:01:21.709  a4000003 a4000003 
22.06.2021 09:01:21.712  a4000002 ac000002 
22.06.2021 09:01:21.727  a4000002 a4000002 
22.06.2021 09:01:21.730  a4000002 ac000002 
22.06.2021 09:01:21.757  a4000002 a4000002 
22.06.2021 09:01:21.763  a4000002 ac000002 
22.06.2021 09:01:21.766  a4000002 a4000002 
22.06.2021 09:01:31.096  a4000001 a4000001 
22.06.2021 09:01:31.099  24000001 24800001 
22.06.2021 09:01:31.105  a4000002 a4000002 
22.06.2021 09:01:31.108  24000001 24800001 
22.06.2021 09:01:31.114  24000001 24000001 
22.06.2021 09:01:31.123  24000001 24800001 
22.06.2021 09:01:31.126  24000001 24000001 

Servicedata V1.0 PLC:\DEBUG\SlaveStateA.service.trace created 22.06.2021 11:24:16 (local time)
hostname: hu, Software: 606421 04, built: 08.10.2014 08:59
-----------------------------------------------------------------------------------------------
                     ms  Virtual BusModule state(s)
22.06.2021 11:22:27.043  24000000 2c000000 
22.06.2021 11:22:27.052  00000000 00000000 
22.06.2021 11:22:27.055  24000000 2c000000 
22.06.2021 11:22:27.202  24000001 2c000000 
22.06.2021 11:22:27.211  24000001 2c000001 
22.06.2021 11:22:27.220  24000000 2c000000 
22.06.2021 11:22:27.223  24000001 2c000001 
22.06.2021 11:22:27.340  24000001 24000001 
22.06.2021 11:22:27.346  24000001 2c000001 
22.06.2021 11:22:27.349  24000001 24000001 
22.06.2021 11:22:52.255  24000002 24000002 
22.06.2021 11:22:52.258  a4000002 a4000002 
22.06.2021 11:22:52.264  24000001 24000001 
22.06.2021 11:22:52.267  a4000002 a4000002 
22.06.2021 11:22:52.501  a4000002 a5000002 
22.06.2021 11:22:52.516  a4000002 a4000002 
22.06.2021 11:22:52.519  a4000002 a5000002 
22.06.2021 11:22:52.573  a4000002 a4000002 
22.06.2021 11:22:52.588  a4000002 a5000002 
22.06.2021 11:22:52.591  a4000002 a4000002 
22.06.2021 11:22:52.705  a5000002 a5000002 
22.06.2021 11:22:52.714  a4000002 a4000002 
22.06.2021 11:22:52.717  a5000002 a5000002 
22.06.2021 11:22:52.795  a4000002 a5000002 
22.06.2021 11:22:52.804  a5000002 a5000002 
22.06.2021 11:22:52.807  a4000002 a5000002 
22.06.2021 11:22:52.816  a4000002 a4000002 
22.06.2021 11:22:52.822  a4000002 a5000002 
22.06.2021 11:22:52.825  a4000002 a4000002 
22.06.2021 11:22:55.906  a5000002 a5000002 
22.06.2021 11:22:55.918  a4000002 a4000002 
22.06.2021 11:22:55.921  a5000002 a5000002 
22.06.2021 11:22:55.999  a4000002 a5000002 
22.06.2021 11:22:56.008  a5000002 a5000002 
22.06.2021 11:22:56.011  a4000002 a5000002 
22.06.2021 11:22:56.020  a4000002 a4000002 
22.06.2021 11:22:56.026  a4000002 a5000002 
22.06.2021 11:22:56.029  a4000002 a4000002 
22.06.2021 11:22:56.113  a5000002 a5000002 
22.06.2021 11:22:56.116  a4000002 a4000002 
22.06.2021 11:22:56.119  a5000002 a5000002 
22.06.2021 11:22:56.227  a4000002 a5000002 
22.06.2021 11:22:56.245  a4000002 a4000002 
22.06.2021 11:22:56.338  a5000002 a5000002 
22.06.2021 11:22:56.350  a4000002 a4000002 
22.06.2021 11:22:56.353  a5000002 a5000002 
22.06.2021 11:22:56.431  a4000002 a5000002 
22.06.2021 11:22:56.440  a5000002 a5000002 
22.06.2021 11:22:56.443  a4000002 a5000002 
22.06.2021 11:22:56.452  a4000002 a4000002 
22.06.2021 11:22:56.458  a4000002 a5000002 
22.06.2021 11:22:56.461  a4000002 a4000002 
22.06.2021 11:22:56.605  a5000002 a5000002 
22.06.2021 11:22:56.791  a4000002 a5000002 
22.06.2021 11:22:56.800  a5000002 a5000002 
22.06.2021 11:22:56.803  a4000002 a5000002 
22.06.2021 11:22:56.812  a4000002 a4000002 
22.06.2021 11:22:56.818  a4000002 a5000002 
22.06.2021 11:22:56.821  a4000002 a4000002 
22.06.2021 11:22:56.918  a5000002 a5000002 
22.06.2021 11:22:56.926  a4000002 a4000002 
22.06.2021 11:22:56.929  a5000002 a5000002 
22.06.2021 11:22:57.031  a4000002 a5000002 
22.06.2021 11:22:57.034  a5000002 a5000002 
22.06.2021 11:22:57.037  a4000002 a5000002 
22.06.2021 11:22:57.055  a4000002 a4000002 
22.06.2021 11:22:57.166  a5000002 a5000002 
22.06.2021 11:22:57.178  a4000002 a4000002 
22.06.2021 11:22:57.181  a5000002 a5000002 
22.06.2021 11:22:57.283  a4000002 a5000002 
22.06.2021 11:22:57.286  a5000002 a5000002 
22.06.2021 11:22:57.289  a4000002 a5000002 
22.06.2021 11:22:57.307  a4000002 a4000002 
22.06.2021 11:22:57.397  a5000002 a5000002 
22.06.2021 11:22:57.412  a4000002 a4000002 
22.06.2021 11:22:57.415  a5000002 a5000002 
22.06.2021 11:22:57.505  a4000002 a5000002 
22.06.2021 11:22:57.520  a5000002 a5000002 
22.06.2021 11:22:57.523  a4000002 a5000002 
22.06.2021 11:22:57.526  a4000002 a4000002 
22.06.2021 11:22:57.538  a4000002 a5000002 
22.06.2021 11:22:57.541  a4000002 a4000002 
22.06.2021 11:22:57.631  a4000002 a5000002 
22.06.2021 11:22:57.637  a5000002 a5000002 
22.06.2021 11:22:57.646  a4000002 a4000002 
22.06.2021 11:22:57.649  a5000002 a5000002 
22.06.2021 11:22:57.739  a4000002 a5000002 
22.06.2021 11:22:57.754  a5000002 a5000002 
22.06.2021 11:22:57.757  a4000002 a5000002 
22.06.2021 11:22:57.760  a4000002 a4000002 
22.06.2021 11:22:57.772  a4000002 a5000002 
22.06.2021 11:22:57.775  a4000002 a4000002 
22.06.2021 11:22:57.847  a5000002 a5000002 
22.06.2021 11:22:58.769  a4000002 a5000002 
22.06.2021 11:22:58.780  a5000002 a5000002 
22.06.2021 11:22:58.783  a4000002 a5000002 
22.06.2021 11:22:58.792  a4000002 a4000002 
22.06.2021 11:22:58.799  a4000002 a5000002 
22.06.2021 11:22:58.801  a4000002 a4000002 
22.06.2021 11:22:58.883  a5000002 a5000002 
22.06.2021 11:22:58.888  a4000002 a4000002 
22.06.2021 11:22:58.892  a5000002 a5000002 
22.06.2021 11:22:58.981  a4000002 a5000002 
22.06.2021 11:22:58.996  a5000002 a5000002 
22.06.2021 11:22:58.999  a4000002 a5000002 
22.06.2021 11:22:59.003  a4000002 a4000002 
22.06.2021 11:22:59.014  a4000002 a5000002 
22.06.2021 11:22:59.017  a4000002 a4000002 
22.06.2021 11:22:59.126  a5000002 a5000002 
22.06.2021 11:22:59.413  a4000002 a5000002 
22.06.2021 11:22:59.429  a5000002 a5000002 
22.06.2021 11:22:59.432  a4000002 a5000002 
22.06.2021 11:22:59.434  a4000002 a4000002 
22.06.2021 11:22:59.446  a4000002 a5000002 
22.06.2021 11:22:59.449  a4000002 a4000002 
22.06.2021 11:22:59.527  a5000002 a5000002 
22.06.2021 11:22:59.536  a4000002 a4000002 
22.06.2021 11:22:59.540  a5000002 a5000002 
22.06.2021 11:22:59.629  a4000002 a5000002 
22.06.2021 11:22:59.644  a5000002 a5000002 
22.06.2021 11:22:59.647  a4000002 a5000002 
22.06.2021 11:22:59.651  a4000002 a4000002 
22.06.2021 11:22:59.662  a4000002 a5000002 
22.06.2021 11:22:59.665  a4000002 a4000002 
22.06.2021 11:22:59.707  a5000002 a4000002 
22.06.2021 11:22:59.716  a4000002 a4000002 
22.06.2021 11:22:59.720  a5000002 a4000002 
22.06.2021 11:22:59.758  a4000002 a4000002 
22.06.2021 11:22:59.770  a5000002 a4000002 
22.06.2021 11:22:59.773  a4000002 a4000002 
22.06.2021 11:22:59.923  a4000002 a5000002 
22.06.2021 11:22:59.932  a4000002 a4000002 
22.06.2021 11:22:59.936  a4000002 a5000002 
22.06.2021 11:23:00.001  a4000002 a4000002 
22.06.2021 11:23:00.004  a4000002 a5000002 
22.06.2021 11:23:00.008  a4000002 a4000002 
22.06.2021 11:23:00.070  a4000002 a5000002 
22.06.2021 11:23:00.076  a4000002 a4000002 
22.06.2021 11:23:00.080  a4000002 a5000002 
22.06.2021 11:23:00.133  a4000002 a4000002 
22.06.2021 11:23:00.149  a4000002 a5000002 
22.06.2021 11:23:00.152  a4000002 a4000002 
22.06.2021 11:23:00.211  a5000002 a5000002 
22.06.2021 11:23:00.220  a4000002 a4000002 
22.06.2021 11:23:00.224  a5000002 a5000002 
22.06.2021 11:23:00.296  a4000002 a5000002 
22.06.2021 11:23:00.313  a4000002 a4000002 
22.06.2021 11:23:00.329  a4000002 a5000002 
22.06.2021 11:23:00.332  a4000002 a4000002 
22.06.2021 11:23:00.422  a5000002 a5000002 
22.06.2021 11:23:00.436  a4000002 a4000002 
22.06.2021 11:23:00.440  a5000002 a5000002 
22.06.2021 11:23:00.529  a4000002 a5000002 
22.06.2021 11:23:00.544  a5000002 a5000002 
22.06.2021 11:23:00.548  a4000002 a5000002 
22.06.2021 11:23:00.551  a4000002 a4000002 
22.06.2021 11:23:00.562  a4000002 a5000002 
22.06.2021 11:23:00.565  a4000002 a4000002 
22.06.2021 11:23:00.650  a5000002 a5000002 
22.06.2021 11:23:00.653  a4000002 a4000002 
22.06.2021 11:23:00.656  a5000002 a5000002 
22.06.2021 11:23:00.746  a4000002 a5000002 
22.06.2021 11:23:00.761  a5000002 a5000002 
22.06.2021 11:23:00.764  a4000002 a5000002 
22.06.2021 11:23:00.767  a4000002 a4000002 
22.06.2021 11:23:00.779  a4000002 a5000002 
22.06.2021 11:23:00.781  a4000002 a4000002 
22.06.2021 11:23:00.878  a5000002 a5000002 
22.06.2021 11:23:00.887  a4000002 a4000002 
22.06.2021 11:23:00.890  a5000002 a5000002 
22.06.2021 11:23:00.980  a4000002 a5000002 
22.06.2021 11:23:00.995  a5000002 a5000002 
22.06.2021 11:23:00.998  a4000002 a5000002 
22.06.2021 11:23:01.001  a4000002 a4000002 
22.06.2021 11:23:01.013  a4000002 a5000002 
22.06.2021 11:23:01.016  a4000002 a4000002 
22.06.2021 11:23:01.100  a5000002 a5000002 
22.06.2021 11:23:01.103  a4000002 a4000002 
22.06.2021 11:23:01.106  a5000002 a5000002 
22.06.2021 11:23:01.196  a4000002 a5000002 
22.06.2021 11:23:01.211  a5000002 a5000002 
22.06.2021 11:23:01.214  a4000002 a5000002 
22.06.2021 11:23:01.217  a4000002 a4000002 
22.06.2021 11:23:01.229  a4000002 a5000002 
22.06.2021 11:23:01.232  a4000002 a4000002 
22.06.2021 11:23:01.379  a4000002 a5000002 
22.06.2021 11:23:01.391  a4000002 a4000002 
22.06.2021 11:23:01.394  a4000002 a5000002 
22.06.2021 11:23:01.448  a4000002 a4000002 
22.06.2021 11:23:01.463  a4000002 a5000002 
22.06.2021 11:23:01.466  a4000002 a4000002 
22.06.2021 11:23:01.838  a4000002 a5000002 
22.06.2021 11:23:01.841  a4000002 a4000002 
22.06.2021 11:23:01.844  a4000002 a5000002 
22.06.2021 11:23:01.910  a4000002 a4000002 
22.06.2021 11:23:01.913  a4000002 a5000002 
22.06.2021 11:23:01.916  a4000002 a4000002 
22.06.2021 11:23:02.054  a5000002 a4000002 
22.06.2021 11:23:02.057  a4000002 a4000002 
22.06.2021 11:23:02.060  a5000002 a4000002 
22.06.2021 11:23:02.135  a4000002 a4000002 
22.06.2021 11:23:02.147  a5000002 a4000002 
22.06.2021 11:23:02.150  a4000002 a4000002 
22.06.2021 11:23:02.330  a5000002 a5000002 
22.06.2021 11:23:02.345  a4000002 a4000002 
22.06.2021 11:23:02.348  a5000002 a5000002 
22.06.2021 11:23:02.438  a4000002 a5000002 
22.06.2021 11:23:02.453  a5000002 a5000002 
22.06.2021 11:23:02.456  a4000002 a5000002 
22.06.2021 11:23:02.459  a4000002 a4000002 
22.06.2021 11:23:02.471  a4000002 a5000002 
22.06.2021 11:23:02.474  a4000002 a4000002 
22.06.2021 11:23:02.558  a5000002 a5000002 
22.06.2021 11:23:02.561  a4000002 a4000002 
22.06.2021 11:23:02.564  a5000002 a5000002 
22.06.2021 11:23:02.654  a4000002 a5000002 
22.06.2021 11:23:02.669  a5000002 a5000002 
22.06.2021 11:23:02.672  a4000002 a5000002 
22.06.2021 11:23:02.675  a4000002 a4000002 
22.06.2021 11:23:02.687  a4000002 a5000002 
22.06.2021 11:23:02.690  a4000002 a4000002 
22.06.2021 11:23:02.783  a5000002 a5000002 
22.06.2021 11:23:02.795  a4000002 a4000002 
22.06.2021 11:23:02.798  a5000002 a5000002 
22.06.2021 11:23:02.888  a4000002 a5000002 
22.06.2021 11:23:02.903  a5000002 a5000002 
22.06.2021 11:23:02.906  a4000002 a5000002 
22.06.2021 11:23:02.909  a4000002 a4000002 
22.06.2021 11:23:02.921  a4000002 a5000002 
22.06.2021 11:23:02.924  a4000002 a4000002 
22.06.2021 11:23:03.008  a5000002 a5000002 
22.06.2021 11:23:03.011  a4000002 a4000002 
22.06.2021 11:23:03.014  a5000002 a5000002 
22.06.2021 11:23:03.104  a4000002 a5000002 
22.06.2021 11:23:03.119  a5000002 a5000002 
22.06.2021 11:23:03.122  a4000002 a5000002 
22.06.2021 11:23:03.125  a4000002 a4000002 
22.06.2021 11:23:03.137  a4000002 a5000002 
22.06.2021 11:23:03.140  a4000002 a4000002 
22.06.2021 11:23:06.185  a4000002 a5000002 
22.06.2021 11:23:06.197  a4000002 a4000002 
22.06.2021 11:23:06.200  a4000002 a5000002 
22.06.2021 11:23:06.254  a4000002 a4000002 
22.06.2021 11:23:06.269  a4000002 a5000002 
22.06.2021 11:23:06.272  a4000002 a4000002 
22.06.2021 11:23:48.905  a4000003 a4000003 
22.06.2021 11:23:48.908  a4000003 ac000003 
22.06.2021 11:23:48.911  a4000002 a4000002 
22.06.2021 11:23:48.914  a4000003 ac000003 
22.06.2021 11:23:48.932  a4000002 ac000002 
22.06.2021 11:23:48.941  a4000002 a4000002 
22.06.2021 11:23:48.947  a4000003 ac000003 
22.06.2021 11:23:48.950  a4000002 a4000002 
22.06.2021 11:23:49.040  a4000002 ac000002 
22.06.2021 11:23:49.067  a4000002 a4000002 
22.06.2021 11:23:49.073  a4000002 ac000002 
22.06.2021 11:23:49.076  a4000002 a4000002 
22.06.2021 11:23:49.175  a4000003 a4000003 
22.06.2021 11:23:49.181  a4000002 a4000002 
22.06.2021 11:23:49.184  a4000003 ac000003 
22.06.2021 11:23:49.211  a4000003 a4000003 
22.06.2021 11:23:49.217  a4000003 ac000003 
22.06.2021 11:23:49.220  a4000003 a4000003 
22.06.2021 11:23:49.322  a5000003 a5000003 
22.06.2021 11:23:49.325  a4000003 a4000003 
22.06.2021 11:23:49.328  a5000003 a5000003 
22.06.2021 11:23:49.418  a4000003 a5000003 
22.06.2021 11:23:49.433  a5000003 a5000003 
22.06.2021 11:23:49.436  a4000003 a5000003 
22.06.2021 11:23:49.439  a4000003 a4000003 
22.06.2021 11:23:49.451  a4000003 a5000003 
22.06.2021 11:23:49.454  a4000003 a4000003 
22.06.2021 11:23:49.532  a5000003 a5000003 
22.06.2021 11:23:49.541  a4000003 a4000003 
22.06.2021 11:23:49.544  a5000003 a5000003 
22.06.2021 11:23:49.637  a4000003 a5000003 
22.06.2021 11:23:49.649  a5000003 a5000003 
22.06.2021 11:23:49.652  a4000003 a5000003 
22.06.2021 11:23:49.655  a4000003 a4000003 
22.06.2021 11:23:49.667  a4000003 a5000003 
22.06.2021 11:23:49.670  a4000003 a4000003 
22.06.2021 11:24:16.172  a4000001 a4000001 
22.06.2021 11:24:16.175  24000001 24800001 
22.06.2021 11:24:16.181  a4000003 a4000003 
22.06.2021 11:24:16.184  24000001 24800001 
22.06.2021 11:24:16.190  24000001 24000001 
22.06.2021 11:24:16.199  24000001 24800001 
22.06.2021 11:24:16.202  24000001 24000001 

Servicedata V1.0 PLC:\DEBUG\SlaveStateA.service.trace created 25.06.2021 12:35:32 (local time)
hostname: hu, Software: 606421 04, built: 08.10.2014 08:59
-----------------------------------------------------------------------------------------------
                     ms  Virtual BusModule state(s)
25.06.2021 12:22:05.160  24000000 2c000000 
25.06.2021 12:22:05.178  00000000 00000000 
25.06.2021 12:22:05.181  24000000 2c000000 
25.06.2021 12:22:05.319  24000001 2c000000 
25.06.2021 12:22:05.325  24000000 2c000000 
25.06.2021 12:22:05.328  24000001 2c000001 
25.06.2021 12:22:05.346  24000001 2c000000 
25.06.2021 12:22:05.349  24000001 2c000001 
25.06.2021 12:22:05.457  24000001 24000001 
25.06.2021 12:22:05.472  24000001 2c000001 
25.06.2021 12:22:05.475  24000001 24000001 
25.06.2021 12:22:57.445  24000002 24000002 
25.06.2021 12:22:57.448  a4000002 a4000002 
25.06.2021 12:22:57.454  24000001 24000001 
25.06.2021 12:22:57.457  a4000002 a4000002 
25.06.2021 12:22:57.682  a4000002 a5000002 
25.06.2021 12:22:57.688  a4000002 a4000002 
25.06.2021 12:22:57.691  a4000002 a5000002 
25.06.2021 12:22:57.745  a4000002 a4000002 
25.06.2021 12:22:57.760  a4000002 a5000002 
25.06.2021 12:22:57.763  a4000002 a4000002 
25.06.2021 12:22:57.883  a5000002 a5000002 
25.06.2021 12:22:57.886  a4000002 a4000002 
25.06.2021 12:22:57.889  a5000002 a5000002 
25.06.2021 12:22:57.967  a4000002 a5000002 
25.06.2021 12:22:57.976  a5000002 a5000002 
25.06.2021 12:22:57.979  a4000002 a5000002 
25.06.2021 12:22:57.988  a4000002 a4000002 
25.06.2021 12:22:57.994  a4000002 a5000002 
25.06.2021 12:22:57.997  a4000002 a4000002 
25.06.2021 12:23:01.078  a5000002 a5000002 
25.06.2021 12:23:01.090  a4000002 a4000002 
25.06.2021 12:23:01.093  a5000002 a5000002 
25.06.2021 12:23:01.171  a4000002 a5000002 
25.06.2021 12:23:01.180  a5000002 a5000002 
25.06.2021 12:23:01.183  a4000002 a5000002 
25.06.2021 12:23:01.192  a4000002 a4000002 
25.06.2021 12:23:01.198  a4000002 a5000002 
25.06.2021 12:23:01.201  a4000002 a4000002 
25.06.2021 12:23:01.294  a5000002 a5000002 
25.06.2021 12:23:01.306  a4000002 a4000002 
25.06.2021 12:23:01.309  a5000002 a5000002 
25.06.2021 12:23:01.402  a4000002 a5000002 
25.06.2021 12:23:01.414  a5000002 a5000002 
25.06.2021 12:23:01.417  a4000002 a5000002 
25.06.2021 12:23:01.423  a4000002 a4000002 
25.06.2021 12:23:01.432  a4000002 a5000002 
25.06.2021 12:23:01.435  a4000002 a4000002 
25.06.2021 12:23:01.513  a5000002 a5000002 
25.06.2021 12:23:01.522  a4000002 a4000002 
25.06.2021 12:23:01.525  a5000002 a5000002 
25.06.2021 12:23:01.603  a4000002 a5000002 
25.06.2021 12:23:01.612  a5000002 a5000002 
25.06.2021 12:23:01.615  a4000002 a5000002 
25.06.2021 12:23:01.624  a4000002 a4000002 
25.06.2021 12:23:01.630  a4000002 a5000002 
25.06.2021 12:23:01.633  a4000002 a4000002 
25.06.2021 12:23:01.726  a5000002 a5000002 
25.06.2021 12:23:01.738  a4000002 a4000002 
25.06.2021 12:23:01.741  a5000002 a5000002 
25.06.2021 12:23:01.942  a4000002 a5000002 
25.06.2021 12:23:01.954  a5000002 a5000002 
25.06.2021 12:23:01.957  a4000002 a5000002 
25.06.2021 12:23:01.960  a4000002 a4000002 
25.06.2021 12:23:01.972  a4000002 a5000002 
25.06.2021 12:23:01.975  a4000002 a4000002 
25.06.2021 12:23:02.065  a5000002 a5000002 
25.06.2021 12:23:02.080  a4000002 a4000002 
25.06.2021 12:23:02.083  a5000002 a5000002 
25.06.2021 12:23:02.191  a4000002 a5000002 
25.06.2021 12:23:02.209  a4000002 a4000002 
25.06.2021 12:23:02.320  a5000002 a5000002 
25.06.2021 12:23:02.332  a4000002 a4000002 
25.06.2021 12:23:02.335  a5000002 a5000002 
25.06.2021 12:23:02.437  a4000002 a5000002 
25.06.2021 12:23:02.440  a5000002 a5000002 
25.06.2021 12:23:02.443  a4000002 a5000002 
25.06.2021 12:23:02.461  a4000002 a4000002 
25.06.2021 12:23:02.551  a5000002 a5000002 
25.06.2021 12:23:02.566  a4000002 a4000002 
25.06.2021 12:23:02.569  a5000002 a5000002 
25.06.2021 12:23:02.659  a4000002 a5000002 
25.06.2021 12:23:02.674  a5000002 a5000002 
25.06.2021 12:23:02.677  a4000002 a5000002 
25.06.2021 12:23:02.680  a4000002 a4000002 
25.06.2021 12:23:02.692  a4000002 a5000002 
25.06.2021 12:23:02.695  a4000002 a4000002 
25.06.2021 12:23:02.785  a4000002 a5000002 
25.06.2021 12:23:02.791  a5000002 a5000002 
25.06.2021 12:23:02.800  a4000002 a4000002 
25.06.2021 12:23:02.803  a5000002 a5000002 
25.06.2021 12:23:02.893  a4000002 a5000002 
25.06.2021 12:23:02.908  a5000002 a5000002 
25.06.2021 12:23:02.911  a4000002 a5000002 
25.06.2021 12:23:02.914  a4000002 a4000002 
25.06.2021 12:23:02.926  a4000002 a5000002 
25.06.2021 12:23:02.929  a4000002 a4000002 
25.06.2021 12:23:03.001  a5000002 a5000002 
25.06.2021 12:23:03.016  a4000002 a4000002 
25.06.2021 12:23:03.019  a5000002 a5000002 
25.06.2021 12:23:03.940  a4000002 a5000002 
25.06.2021 12:23:03.952  a5000002 a5000002 
25.06.2021 12:23:03.955  a4000002 a5000002 
25.06.2021 12:23:03.964  a4000002 a4000002 
25.06.2021 12:23:03.970  a4000002 a5000002 
25.06.2021 12:23:03.973  a4000002 a4000002 
25.06.2021 12:23:04.054  a5000002 a5000002 
25.06.2021 12:23:04.060  a4000002 a4000002 
25.06.2021 12:23:04.063  a5000002 a5000002 
25.06.2021 12:23:04.153  a4000002 a5000002 
25.06.2021 12:23:04.168  a5000002 a5000002 
25.06.2021 12:23:04.171  a4000002 a5000002 
25.06.2021 12:23:04.174  a4000002 a4000002 
25.06.2021 12:23:04.186  a4000002 a5000002 
25.06.2021 12:23:04.189  a4000002 a4000002 
25.06.2021 12:23:04.273  a5000002 a5000002 
25.06.2021 12:23:04.276  a4000002 a4000002 
25.06.2021 12:23:04.279  a5000002 a5000002 
25.06.2021 12:23:04.567  a4000002 a5000002 
25.06.2021 12:23:04.585  a4000002 a4000002 
25.06.2021 12:23:04.600  a4000002 a5000002 
25.06.2021 12:23:04.603  a4000002 a4000002 
25.06.2021 12:23:04.675  a5000002 a5000002 
25.06.2021 12:23:04.690  a4000002 a4000002 
25.06.2021 12:23:04.693  a5000002 a5000002 
25.06.2021 12:23:04.783  a4000002 a5000002 
25.06.2021 12:23:04.798  a5000002 a5000002 
25.06.2021 12:23:04.801  a4000002 a5000002 
25.06.2021 12:23:04.804  a4000002 a4000002 
25.06.2021 12:23:04.816  a4000002 a5000002 
25.06.2021 12:23:04.819  a4000002 a4000002 
25.06.2021 12:23:04.861  a5000002 a4000002 
25.06.2021 12:23:04.870  a4000002 a4000002 
25.06.2021 12:23:04.873  a5000002 a4000002 
25.06.2021 12:23:04.909  a4000002 a4000002 
25.06.2021 12:23:04.924  a5000002 a4000002 
25.06.2021 12:23:04.927  a4000002 a4000002 
25.06.2021 12:23:05.074  a4000002 a5000002 
25.06.2021 12:23:05.086  a4000002 a4000002 
25.06.2021 12:23:05.089  a4000002 a5000002 
25.06.2021 12:23:05.152  a4000002 a4000002 
25.06.2021 12:23:05.158  a4000002 a5000002 
25.06.2021 12:23:05.161  a4000002 a4000002 
25.06.2021 12:23:05.221  a4000002 a5000002 
25.06.2021 12:23:05.230  a4000002 a4000002 
25.06.2021 12:23:05.233  a4000002 a5000002 
25.06.2021 12:23:05.287  a4000002 a4000002 
25.06.2021 12:23:05.302  a4000002 a5000002 
25.06.2021 12:23:05.305  a4000002 a4000002 
25.06.2021 12:23:05.365  a5000002 a5000002 
25.06.2021 12:23:05.374  a4000002 a4000002 
25.06.2021 12:23:05.377  a5000002 a5000002 
25.06.2021 12:23:05.443  a4000002 a5000002 
25.06.2021 12:23:05.446  a5000002 a5000002 
25.06.2021 12:23:05.449  a4000002 a5000002 
25.06.2021 12:23:05.467  a4000002 a4000002 
25.06.2021 12:23:05.482  a4000002 a5000002 
25.06.2021 12:23:05.485  a4000002 a4000002 
25.06.2021 12:23:05.575  a5000002 a5000002 
25.06.2021 12:23:05.590  a4000002 a4000002 
25.06.2021 12:23:05.593  a5000002 a5000002 
25.06.2021 12:23:05.683  a4000002 a5000002 
25.06.2021 12:23:05.698  a5000002 a5000002 
25.06.2021 12:23:05.701  a4000002 a5000002 
25.06.2021 12:23:05.704  a4000002 a4000002 
25.06.2021 12:23:05.716  a4000002 a5000002 
25.06.2021 12:23:05.719  a4000002 a4000002 
25.06.2021 12:23:05.803  a5000002 a5000002 
25.06.2021 12:23:05.806  a4000002 a4000002 
25.06.2021 12:23:05.809  a5000002 a5000002 
25.06.2021 12:23:05.899  a4000002 a5000002 
25.06.2021 12:23:05.914  a5000002 a5000002 
25.06.2021 12:23:05.917  a4000002 a5000002 
25.06.2021 12:23:05.920  a4000002 a4000002 
25.06.2021 12:23:05.932  a4000002 a5000002 
25.06.2021 12:23:05.935  a4000002 a4000002 
25.06.2021 12:23:06.031  a5000002 a5000002 
25.06.2021 12:23:06.040  a4000002 a4000002 
25.06.2021 12:23:06.043  a5000002 a5000002 
25.06.2021 12:23:06.133  a4000002 a5000002 
25.06.2021 12:23:06.148  a5000002 a5000002 
25.06.2021 12:23:06.151  a4000002 a5000002 
25.06.2021 12:23:06.154  a4000002 a4000002 
25.06.2021 12:23:06.166  a4000002 a5000002 
25.06.2021 12:23:06.169  a4000002 a4000002 
25.06.2021 12:23:06.253  a5000002 a5000002 
25.06.2021 12:23:06.256  a4000002 a4000002 
25.06.2021 12:23:06.259  a5000002 a5000002 
25.06.2021 12:23:06.349  a4000002 a5000002 
25.06.2021 12:23:06.364  a5000002 a5000002 
25.06.2021 12:23:06.367  a4000002 a5000002 
25.06.2021 12:23:06.370  a4000002 a4000002 
25.06.2021 12:23:06.382  a4000002 a5000002 
25.06.2021 12:23:06.385  a4000002 a4000002 
25.06.2021 12:23:06.532  a4000002 a5000002 
25.06.2021 12:23:06.544  a4000002 a4000002 
25.06.2021 12:23:06.547  a4000002 a5000002 
25.06.2021 12:23:06.601  a4000002 a4000002 
25.06.2021 12:23:06.616  a4000002 a5000002 
25.06.2021 12:23:06.619  a4000002 a4000002 
25.06.2021 12:23:06.931  a4000002 a5000002 
25.06.2021 12:23:06.940  a4000002 a4000002 
25.06.2021 12:23:06.943  a4000002 a5000002 
25.06.2021 12:23:07.069  a4000002 a4000002 
25.06.2021 12:23:07.084  a4000002 a5000002 
25.06.2021 12:23:07.087  a4000002 a4000002 
25.06.2021 12:23:07.204  a5000002 a4000002 
25.06.2021 12:23:07.210  a4000002 a4000002 
25.06.2021 12:23:07.213  a5000002 a4000002 
25.06.2021 12:23:07.285  a4000002 a4000002 
25.06.2021 12:23:07.483  a5000002 a5000002 
25.06.2021 12:23:07.573  a4000002 a5000002 
25.06.2021 12:23:07.588  a5000002 a5000002 
25.06.2021 12:23:07.591  a4000002 a5000002 
25.06.2021 12:23:07.594  a4000002 a4000002 
25.06.2021 12:23:07.606  a4000002 a5000002 
25.06.2021 12:23:07.609  a4000002 a4000002 
25.06.2021 12:23:07.693  a5000002 a5000002 
25.06.2021 12:23:07.696  a4000002 a4000002 
25.06.2021 12:23:07.699  a5000002 a5000002 
25.06.2021 12:23:07.789  a4000002 a5000002 
25.06.2021 12:23:07.804  a5000002 a5000002 
25.06.2021 12:23:07.807  a4000002 a5000002 
25.06.2021 12:23:07.810  a4000002 a4000002 
25.06.2021 12:23:07.822  a4000002 a5000002 
25.06.2021 12:23:07.825  a4000002 a4000002 
25.06.2021 12:23:07.921  a5000002 a5000002 
25.06.2021 12:23:07.930  a4000002 a4000002 
25.06.2021 12:23:07.933  a5000002 a5000002 
25.06.2021 12:23:08.023  a4000002 a5000002 
25.06.2021 12:23:08.038  a5000002 a5000002 
25.06.2021 12:23:08.041  a4000002 a5000002 
25.06.2021 12:23:08.044  a4000002 a4000002 
25.06.2021 12:23:08.056  a4000002 a5000002 
25.06.2021 12:23:08.059  a4000002 a4000002 
25.06.2021 12:23:08.143  a5000002 a5000002 
25.06.2021 12:23:08.146  a4000002 a4000002 
25.06.2021 12:23:08.149  a5000002 a5000002 
25.06.2021 12:23:08.239  a4000002 a5000002 
25.06.2021 12:23:08.254  a5000002 a5000002 
25.06.2021 12:23:08.257  a4000002 a5000002 
25.06.2021 12:23:08.260  a4000002 a4000002 
25.06.2021 12:23:08.272  a4000002 a5000002 
25.06.2021 12:23:08.275  a4000002 a4000002 
25.06.2021 12:23:11.305  a4000002 a5000002 
25.06.2021 12:23:11.314  a4000002 a4000002 
25.06.2021 12:23:11.317  a4000002 a5000002 
25.06.2021 12:23:11.371  a4000002 a4000002 
25.06.2021 12:23:11.386  a4000002 a5000002 
25.06.2021 12:23:11.389  a4000002 a4000002 
25.06.2021 12:23:20.128  a4000003 a4000003 
25.06.2021 12:23:20.131  a4000003 ac000003 
25.06.2021 12:23:20.134  a4000002 a4000002 
25.06.2021 12:23:20.137  a4000003 ac000003 
25.06.2021 12:23:20.149  a4000002 ac000002 
25.06.2021 12:23:20.152  a4000003 ac000003 
25.06.2021 12:23:20.155  a4000002 ac000002 
25.06.2021 12:23:20.164  a4000002 a4000002 
25.06.2021 12:23:20.170  a4000002 ac000002 
25.06.2021 12:23:20.173  a4000002 a4000002 
25.06.2021 12:23:20.254  a4000002 ac000002 
25.06.2021 12:23:20.260  a4000002 a4000002 
25.06.2021 12:23:20.263  a4000002 ac000002 
25.06.2021 12:23:20.290  a4000002 a4000002 
25.06.2021 12:23:20.296  a4000002 ac000002 
25.06.2021 12:23:20.299  a4000002 a4000002 
25.06.2021 12:23:20.416  a4000003 a4000003 
25.06.2021 12:23:20.419  a4000003 ac000003 
25.06.2021 12:23:20.422  a4000002 a4000002 
25.06.2021 12:23:20.425  a4000003 ac000003 
25.06.2021 12:23:20.452  a4000003 a4000003 
25.06.2021 12:23:20.458  a4000003 ac000003 
25.06.2021 12:23:20.461  a4000003 a4000003 
25.06.2021 12:23:20.563  a5000003 a5000003 
25.06.2021 12:23:20.566  a4000003 a4000003 
25.06.2021 12:23:20.569  a5000003 a5000003 
25.06.2021 12:23:20.659  a4000003 a5000003 
25.06.2021 12:23:20.674  a5000003 a5000003 
25.06.2021 12:23:20.677  a4000003 a5000003 
25.06.2021 12:23:20.680  a4000003 a4000003 
25.06.2021 12:23:20.692  a4000003 a5000003 
25.06.2021 12:23:20.695  a4000003 a4000003 
25.06.2021 12:23:20.773  a5000003 a5000003 
25.06.2021 12:23:20.782  a4000003 a4000003 
25.06.2021 12:23:20.785  a5000003 a5000003 
25.06.2021 12:23:20.875  a4000003 a5000003 
25.06.2021 12:23:20.890  a5000003 a5000003 
25.06.2021 12:23:20.893  a4000003 a5000003 
25.06.2021 12:23:20.896  a4000003 a4000003 
25.06.2021 12:23:20.908  a4000003 a5000003 
25.06.2021 12:23:20.911  a4000003 a4000003 
25.06.2021 12:35:18.438  a4000002 a4000002 
25.06.2021 12:35:18.447  a4000002 ac000002 
25.06.2021 12:35:18.450  a4000003 a4000003 
25.06.2021 12:35:18.453  a4000002 ac000002 
25.06.2021 12:35:18.480  a4000002 a4000002 
25.06.2021 12:35:18.486  a4000002 ac000002 
25.06.2021 12:35:18.489  a4000002 a4000002 
25.06.2021 12:35:18.510  a4000002 ac000002 
25.06.2021 12:35:18.522  a4000002 a4000002 
25.06.2021 12:35:18.525  a4000002 ac000002 
25.06.2021 12:35:18.543  a4000002 a4000002 
25.06.2021 12:35:18.558  a4000002 ac000002 
25.06.2021 12:35:18.561  a4000002 a4000002 
25.06.2021 12:35:32.301  a4000001 a4000001 
25.06.2021 12:35:32.304  24000001 24800001 
25.06.2021 12:35:32.310  a4000002 a4000002 
25.06.2021 12:35:32.313  24000001 24800001 
25.06.2021 12:35:32.319  24000001 24000001 
25.06.2021 12:35:32.328  24000001 24800001 
25.06.2021 12:35:32.331  24000001 24000001 

Servicedata V1.0 PLC:\DEBUG\SlaveStateA.service.trace created 27.06.2021 12:44:46 (local time)
hostname: hu, Software: 606421 04, built: 08.10.2014 08:59
-----------------------------------------------------------------------------------------------
                     ms  Virtual BusModule state(s)
27.06.2021 12:02:17.267  24000000 2c000000 
27.06.2021 12:02:17.273  00000000 00000000 
27.06.2021 12:02:17.276  24000000 2c000000 
27.06.2021 12:02:17.426  24000001 2c000000 
27.06.2021 12:02:17.438  24000001 2c000001 
27.06.2021 12:02:17.441  24000000 2c000000 
27.06.2021 12:02:17.444  24000001 2c000001 
27.06.2021 12:02:17.570  24000001 24000001 
27.06.2021 12:03:50.250  24000002 24000002 
27.06.2021 12:03:50.253  a4000002 a4000002 
27.06.2021 12:03:50.259  24000001 24000001 
27.06.2021 12:03:50.262  a4000002 a4000002 
27.06.2021 12:03:50.532  a4000002 a5000002 
27.06.2021 12:03:50.547  a4000002 a4000002 
27.06.2021 12:03:50.550  a4000002 a5000002 
27.06.2021 12:03:50.604  a4000002 a4000002 
27.06.2021 12:03:50.619  a4000002 a5000002 
27.06.2021 12:03:50.622  a4000002 a4000002 
27.06.2021 12:03:50.736  a5000002 a5000002 
27.06.2021 12:03:50.745  a4000002 a4000002 
27.06.2021 12:03:50.748  a5000002 a5000002 
27.06.2021 12:03:50.826  a4000002 a5000002 
27.06.2021 12:03:50.835  a5000002 a5000002 
27.06.2021 12:03:50.838  a4000002 a5000002 
27.06.2021 12:03:50.850  a4000002 a4000002 
27.06.2021 12:03:50.853  a4000002 a5000002 
27.06.2021 12:03:50.856  a4000002 a4000002 
27.06.2021 12:03:53.937  a5000002 a5000002 
27.06.2021 12:03:53.949  a4000002 a4000002 
27.06.2021 12:03:53.952  a5000002 a5000002 
27.06.2021 12:03:54.030  a4000002 a5000002 
27.06.2021 12:03:54.039  a5000002 a5000002 
27.06.2021 12:03:54.042  a4000002 a5000002 
27.06.2021 12:03:54.054  a4000002 a4000002 
27.06.2021 12:03:54.057  a4000002 a5000002 
27.06.2021 12:03:54.060  a4000002 a4000002 
27.06.2021 12:03:54.144  a5000002 a5000002 
27.06.2021 12:03:54.147  a4000002 a4000002 
27.06.2021 12:03:54.150  a5000002 a5000002 
27.06.2021 12:03:54.252  a4000002 a5000002 
27.06.2021 12:03:54.255  a5000002 a5000002 
27.06.2021 12:03:54.258  a4000002 a5000002 
27.06.2021 12:03:54.276  a4000002 a4000002 
27.06.2021 12:03:54.366  a5000002 a5000002 
27.06.2021 12:03:54.447  a4000002 a5000002 
27.06.2021 12:03:54.453  a5000002 a5000002 
27.06.2021 12:03:54.456  a4000002 a5000002 
27.06.2021 12:03:54.468  a4000002 a4000002 
27.06.2021 12:03:54.471  a4000002 a5000002 
27.06.2021 12:03:54.474  a4000002 a4000002 
27.06.2021 12:03:54.567  a5000002 a5000002 
27.06.2021 12:03:54.579  a4000002 a4000002 
27.06.2021 12:03:54.582  a5000002 a5000002 
27.06.2021 12:03:54.663  a4000002 a5000002 
27.06.2021 12:03:54.669  a5000002 a5000002 
27.06.2021 12:03:54.672  a4000002 a5000002 
27.06.2021 12:03:54.684  a4000002 a4000002 
27.06.2021 12:03:54.687  a4000002 a5000002 
27.06.2021 12:03:54.690  a4000002 a4000002 
27.06.2021 12:03:54.786  a5000002 a5000002 
27.06.2021 12:03:54.795  a4000002 a4000002 
27.06.2021 12:03:54.798  a5000002 a5000002 
27.06.2021 12:03:54.900  a4000002 a5000002 
27.06.2021 12:03:54.903  a5000002 a5000002 
27.06.2021 12:03:54.906  a4000002 a5000002 
27.06.2021 12:03:54.924  a4000002 a4000002 
27.06.2021 12:03:55.038  a5000002 a5000002 
27.06.2021 12:03:55.047  a4000002 a4000002 
27.06.2021 12:03:55.050  a5000002 a5000002 
27.06.2021 12:03:55.152  a4000002 a5000002 
27.06.2021 12:03:55.155  a5000002 a5000002 
27.06.2021 12:03:55.158  a4000002 a5000002 
27.06.2021 12:03:55.176  a4000002 a4000002 
27.06.2021 12:03:55.266  a5000002 a5000002 
27.06.2021 12:03:55.281  a4000002 a4000002 
27.06.2021 12:03:55.284  a5000002 a5000002 
27.06.2021 12:03:55.383  a4000002 a5000002 
27.06.2021 12:03:55.389  a5000002 a5000002 
27.06.2021 12:03:55.392  a4000002 a5000002 
27.06.2021 12:03:55.410  a4000002 a4000002 
27.06.2021 12:03:55.506  a4000002 a5000002 
27.06.2021 12:03:55.515  a4000002 a4000002 
27.06.2021 12:03:55.518  a5000002 a5000002 
27.06.2021 12:03:55.608  a4000002 a5000002 
27.06.2021 12:03:55.623  a5000002 a5000002 
27.06.2021 12:03:55.626  a4000002 a5000002 
27.06.2021 12:03:55.629  a4000002 a4000002 
27.06.2021 12:03:55.641  a4000002 a5000002 
27.06.2021 12:03:55.644  a4000002 a4000002 
27.06.2021 12:03:55.716  a5000002 a5000002 
27.06.2021 12:03:56.658  a4000002 a5000002 
27.06.2021 12:03:56.667  a5000002 a5000002 
27.06.2021 12:03:56.670  a4000002 a5000002 
27.06.2021 12:03:56.679  a4000002 a4000002 
27.06.2021 12:03:56.685  a4000002 a5000002 
27.06.2021 12:03:56.688  a4000002 a4000002 
27.06.2021 12:03:56.772  a5000002 a5000002 
27.06.2021 12:03:56.775  a4000002 a4000002 
27.06.2021 12:03:56.778  a5000002 a5000002 
27.06.2021 12:03:56.868  a4000002 a5000002 
27.06.2021 12:03:56.883  a5000002 a5000002 
27.06.2021 12:03:56.886  a4000002 a5000002 
27.06.2021 12:03:56.889  a4000002 a4000002 
27.06.2021 12:03:56.901  a4000002 a5000002 
27.06.2021 12:03:56.904  a4000002 a4000002 
27.06.2021 12:03:57.003  a5000002 a5000002 
27.06.2021 12:03:57.009  a4000002 a4000002 
27.06.2021 12:03:57.012  a5000002 a5000002 
27.06.2021 12:03:57.294  a4000002 a5000002 
27.06.2021 12:03:57.297  a5000002 a5000002 
27.06.2021 12:03:57.300  a4000002 a5000002 
27.06.2021 12:03:57.318  a4000002 a4000002 
27.06.2021 12:03:57.408  a5000002 a5000002 
27.06.2021 12:03:57.423  a4000002 a4000002 
27.06.2021 12:03:57.426  a5000002 a5000002 
27.06.2021 12:03:57.519  a4000002 a5000002 
27.06.2021 12:03:57.531  a5000002 a5000002 
27.06.2021 12:03:57.534  a4000002 a5000002 
27.06.2021 12:03:57.537  a4000002 a4000002 
27.06.2021 12:03:57.549  a4000002 a5000002 
27.06.2021 12:03:57.552  a4000002 a4000002 
27.06.2021 12:03:57.597  a5000002 a4000002 
27.06.2021 12:03:57.603  a4000002 a4000002 
27.06.2021 12:03:57.606  a5000002 a4000002 
27.06.2021 12:03:57.642  a4000002 a4000002 
27.06.2021 12:03:57.804  a4000002 a5000002 
27.06.2021 12:03:57.819  a4000002 a4000002 
27.06.2021 12:03:57.822  a4000002 a5000002 
27.06.2021 12:03:57.882  a4000002 a4000002 
27.06.2021 12:03:57.891  a4000002 a5000002 
27.06.2021 12:03:57.894  a4000002 a4000002 
27.06.2021 12:03:57.951  a4000002 a5000002 
27.06.2021 12:03:57.963  a4000002 a4000002 
27.06.2021 12:03:57.966  a4000002 a5000002 
27.06.2021 12:03:58.020  a4000002 a4000002 
27.06.2021 12:03:58.035  a4000002 a5000002 
27.06.2021 12:03:58.038  a4000002 a4000002 
27.06.2021 12:03:58.101  a5000002 a5000002 
27.06.2021 12:03:58.107  a4000002 a4000002 
27.06.2021 12:03:58.110  a5000002 a5000002 
27.06.2021 12:03:58.182  a4000002 a5000002 
27.06.2021 12:03:58.200  a4000002 a4000002 
27.06.2021 12:03:58.215  a4000002 a5000002 
27.06.2021 12:03:58.218  a4000002 a4000002 
27.06.2021 12:03:58.311  a5000002 a5000002 
27.06.2021 12:03:58.323  a4000002 a4000002 
27.06.2021 12:03:58.326  a5000002 a5000002 
27.06.2021 12:03:58.416  a4000002 a5000002 
27.06.2021 12:03:58.431  a5000002 a5000002 
27.06.2021 12:03:58.434  a4000002 a5000002 
27.06.2021 12:03:58.437  a4000002 a4000002 
27.06.2021 12:03:58.449  a4000002 a5000002 
27.06.2021 12:03:58.452  a4000002 a4000002 
27.06.2021 12:03:58.536  a5000002 a5000002 
27.06.2021 12:03:58.539  a4000002 a4000002 
27.06.2021 12:03:58.542  a5000002 a5000002 
27.06.2021 12:03:58.632  a4000002 a5000002 
27.06.2021 12:03:58.647  a5000002 a5000002 
27.06.2021 12:03:58.650  a4000002 a5000002 
27.06.2021 12:03:58.653  a4000002 a4000002 
27.06.2021 12:03:58.665  a4000002 a5000002 
27.06.2021 12:03:58.668  a4000002 a4000002 
27.06.2021 12:03:58.764  a5000002 a5000002 
27.06.2021 12:03:58.773  a4000002 a4000002 
27.06.2021 12:03:58.776  a5000002 a5000002 
27.06.2021 12:03:58.866  a4000002 a5000002 
27.06.2021 12:03:58.881  a5000002 a5000002 
27.06.2021 12:03:58.884  a4000002 a5000002 
27.06.2021 12:03:58.887  a4000002 a4000002 
27.06.2021 12:03:58.899  a4000002 a5000002 
27.06.2021 12:03:58.902  a4000002 a4000002 
27.06.2021 12:03:58.986  a5000002 a5000002 
27.06.2021 12:03:58.989  a4000002 a4000002 
27.06.2021 12:03:58.992  a5000002 a5000002 
27.06.2021 12:03:59.082  a4000002 a5000002 
27.06.2021 12:03:59.097  a5000002 a5000002 
27.06.2021 12:03:59.100  a4000002 a5000002 
27.06.2021 12:03:59.103  a4000002 a4000002 
27.06.2021 12:03:59.115  a4000002 a5000002 
27.06.2021 12:03:59.118  a4000002 a4000002 
27.06.2021 12:03:59.292  a4000002 a5000002 
27.06.2021 12:03:59.295  a4000002 a4000002 
27.06.2021 12:03:59.298  a4000002 a5000002 
27.06.2021 12:03:59.352  a4000002 a4000002 
27.06.2021 12:03:59.367  a4000002 a5000002 
27.06.2021 12:03:59.370  a4000002 a4000002 
27.06.2021 12:03:59.604  a4000002 a5000002 
27.06.2021 12:03:59.670  a4000002 a4000002 
27.06.2021 12:03:59.673  a4000002 a5000002 
27.06.2021 12:03:59.676  a4000002 a4000002 
27.06.2021 12:03:59.814  a5000002 a4000002 
27.06.2021 12:03:59.817  a4000002 a4000002 
27.06.2021 12:03:59.820  a5000002 a4000002 
27.06.2021 12:03:59.892  a4000002 a4000002 
27.06.2021 12:03:59.907  a5000002 a4000002 
27.06.2021 12:03:59.910  a4000002 a4000002 
27.06.2021 12:04:00.090  a5000002 a5000002 
27.06.2021 12:04:00.105  a4000002 a4000002 
27.06.2021 12:04:00.108  a5000002 a5000002 
27.06.2021 12:04:00.198  a4000002 a5000002 
27.06.2021 12:04:00.213  a5000002 a5000002 
27.06.2021 12:04:00.216  a4000002 a5000002 
27.06.2021 12:04:00.219  a4000002 a4000002 
27.06.2021 12:04:00.231  a4000002 a5000002 
27.06.2021 12:04:00.234  a4000002 a4000002 
27.06.2021 12:04:00.318  a5000002 a5000002 
27.06.2021 12:04:00.321  a4000002 a4000002 
27.06.2021 12:04:00.324  a5000002 a5000002 
27.06.2021 12:04:00.579  a4000002 a5000002 
27.06.2021 12:04:00.591  a5000002 a5000002 
27.06.2021 12:04:00.594  a4000002 a5000002 
27.06.2021 12:04:00.600  a4000002 a4000002 
27.06.2021 12:04:00.609  a4000002 a5000002 
27.06.2021 12:04:00.612  a4000002 a4000002 
27.06.2021 12:04:00.705  a5000002 a5000002 
27.06.2021 12:04:00.717  a4000002 a4000002 
27.06.2021 12:04:00.720  a5000002 a5000002 
27.06.2021 12:04:00.810  a4000002 a5000002 
27.06.2021 12:04:00.825  a5000002 a5000002 
27.06.2021 12:04:00.828  a4000002 a5000002 
27.06.2021 12:04:00.831  a4000002 a4000002 
27.06.2021 12:04:00.843  a4000002 a5000002 
27.06.2021 12:04:00.846  a4000002 a4000002 
27.06.2021 12:04:00.930  a5000002 a5000002 
27.06.2021 12:04:00.933  a4000002 a4000002 
27.06.2021 12:04:00.936  a5000002 a5000002 
27.06.2021 12:04:01.026  a4000002 a5000002 
27.06.2021 12:04:01.041  a5000002 a5000002 
27.06.2021 12:04:01.044  a4000002 a5000002 
27.06.2021 12:04:01.047  a4000002 a4000002 
27.06.2021 12:04:01.059  a4000002 a5000002 
27.06.2021 12:04:01.062  a4000002 a4000002 
27.06.2021 12:04:04.068  a4000002 a5000002 
27.06.2021 12:04:04.122  a4000002 a4000002 
27.06.2021 12:04:04.137  a4000002 a5000002 
27.06.2021 12:04:04.140  a4000002 a4000002 
27.06.2021 12:05:18.328  a4000003 a4000003 
27.06.2021 12:05:18.331  a4000003 ac000003 
27.06.2021 12:05:18.334  a4000002 a4000002 
27.06.2021 12:05:18.337  a4000003 ac000003 
27.06.2021 12:05:18.364  a4000002 a4000002 
27.06.2021 12:05:18.370  a4000003 ac000003 
27.06.2021 12:05:18.373  a4000002 a4000002 
27.06.2021 12:05:18.469  a4000002 ac000002 
27.06.2021 12:05:18.478  a4000002 a4000002 
27.06.2021 12:05:18.481  a4000002 ac000002 
27.06.2021 12:05:18.508  a4000002 a4000002 
27.06.2021 12:05:18.514  a4000002 ac000002 
27.06.2021 12:05:18.517  a4000002 a4000002 
27.06.2021 12:05:18.616  a4000003 a4000003 
27.06.2021 12:05:18.622  a4000002 a4000002 
27.06.2021 12:05:18.625  a4000003 ac000003 
27.06.2021 12:05:18.652  a4000003 a4000003 
27.06.2021 12:05:18.658  a4000003 ac000003 
27.06.2021 12:05:18.661  a4000003 a4000003 
27.06.2021 12:05:18.763  a5000003 a5000003 
27.06.2021 12:05:18.766  a4000003 a4000003 
27.06.2021 12:05:18.769  a5000003 a5000003 
27.06.2021 12:05:18.859  a4000003 a5000003 
27.06.2021 12:05:18.874  a5000003 a5000003 
27.06.2021 12:05:18.877  a4000003 a5000003 
27.06.2021 12:05:18.880  a4000003 a4000003 
27.06.2021 12:05:18.892  a4000003 a5000003 
27.06.2021 12:05:18.895  a4000003 a4000003 
27.06.2021 12:05:18.973  a5000003 a5000003 
27.06.2021 12:05:18.982  a4000003 a4000003 
27.06.2021 12:05:18.985  a5000003 a5000003 
27.06.2021 12:05:19.075  a4000003 a5000003 
27.06.2021 12:05:19.090  a5000003 a5000003 
27.06.2021 12:05:19.093  a4000003 a5000003 
27.06.2021 12:05:19.096  a4000003 a4000003 
27.06.2021 12:05:19.108  a4000003 a5000003 
27.06.2021 12:05:19.111  a4000003 a4000003 
27.06.2021 12:12:46.728  a4000002 a4000002 
27.06.2021 12:12:46.734  a4000002 ac000002 
27.06.2021 12:12:46.737  a4000003 a4000003 
27.06.2021 12:12:46.740  a4000002 ac000002 
27.06.2021 12:12:46.767  a4000002 a4000002 
27.06.2021 12:12:46.773  a4000002 ac000002 
27.06.2021 12:12:46.776  a4000002 a4000002 
27.06.2021 12:12:46.797  a4000002 ac000002 
27.06.2021 12:12:46.809  a4000002 a4000002 
27.06.2021 12:12:46.812  a4000002 ac000002 
27.06.2021 12:12:46.830  a4000002 a4000002 
27.06.2021 12:12:46.845  a4000002 ac000002 
27.06.2021 12:12:46.848  a4000002 a4000002 
27.06.2021 12:39:13.321  a4000003 a4000003 
27.06.2021 12:39:13.324  a4000003 ac000003 
27.06.2021 12:39:13.327  a4000002 a4000002 
27.06.2021 12:39:13.331  a4000003 ac000003 
27.06.2021 12:39:13.357  a4000003 a4000003 
27.06.2021 12:39:13.363  a4000003 ac000003 
27.06.2021 12:39:13.366  a4000003 a4000003 
27.06.2021 12:44:41.996  a4000002 a4000002 
27.06.2021 12:44:42.005  a4000002 ac000002 
27.06.2021 12:44:42.011  a4000003 a4000003 
27.06.2021 12:44:42.014  a4000002 ac000002 
27.06.2021 12:44:42.041  a4000002 a4000002 
27.06.2021 12:44:42.047  a4000002 ac000002 
27.06.2021 12:44:42.050  a4000002 a4000002 
27.06.2021 12:44:45.998  a4000001 a4000001 
27.06.2021 12:44:46.001  24000001 24800001 
27.06.2021 12:44:46.007  a4000002 a4000002 
27.06.2021 12:44:46.010  24000001 24800001 
27.06.2021 12:44:46.016  24000001 24000001 
27.06.2021 12:44:46.025  24000001 24800001 
27.06.2021 12:44:46.028  24000001 24000001 

Servicedata V1.0 PLC:\DEBUG\SlaveStateA.service.trace created 27.06.2021 16:23:55 (local time)
hostname: hu, Software: 606421 04, built: 08.10.2014 08:59
-----------------------------------------------------------------------------------------------
                     ms  Virtual BusModule state(s)
27.06.2021 16:20:28.936  24000000 2c000000 
27.06.2021 16:20:28.951  00000000 00000000 
27.06.2021 16:20:28.954  24000000 2c000000 
27.06.2021 16:20:29.092  24000001 2c000000 
27.06.2021 16:20:29.098  24000000 2c000000 
27.06.2021 16:20:29.101  24000001 2c000000 
27.06.2021 16:20:29.104  24000001 2c000001 
27.06.2021 16:20:29.119  24000001 2c000000 
27.06.2021 16:20:29.122  24000001 2c000001 
27.06.2021 16:20:29.233  24000001 24000001 
27.06.2021 16:20:29.245  24000001 2c000001 
27.06.2021 16:20:29.248  24000001 24000001 
27.06.2021 16:21:03.991  24000002 24000002 
27.06.2021 16:21:03.994  a4000002 a4000002 
27.06.2021 16:21:04.000  24000001 24000001 
27.06.2021 16:21:04.003  a4000002 a4000002 
27.06.2021 16:21:04.225  a4000002 a5000002 
27.06.2021 16:21:04.234  a4000002 a4000002 
27.06.2021 16:21:04.237  a4000002 a5000002 
27.06.2021 16:21:04.291  a4000002 a4000002 
27.06.2021 16:21:04.306  a4000002 a5000002 
27.06.2021 16:21:04.309  a4000002 a4000002 
27.06.2021 16:21:04.423  a5000002 a5000002 
27.06.2021 16:21:04.432  a4000002 a4000002 
27.06.2021 16:21:04.435  a5000002 a5000002 
27.06.2021 16:21:04.513  a4000002 a5000002 
27.06.2021 16:21:04.522  a5000002 a5000002 
27.06.2021 16:21:04.525  a4000002 a5000002 
27.06.2021 16:21:04.534  a4000002 a4000002 
27.06.2021 16:21:04.540  a4000002 a5000002 
27.06.2021 16:21:04.543  a4000002 a4000002 
27.06.2021 16:21:07.624  a5000002 a5000002 
27.06.2021 16:21:07.636  a4000002 a4000002 
27.06.2021 16:21:07.639  a5000002 a5000002 
27.06.2021 16:21:07.717  a4000002 a5000002 
27.06.2021 16:21:07.726  a5000002 a5000002 
27.06.2021 16:21:07.729  a4000002 a5000002 
27.06.2021 16:21:07.738  a4000002 a4000002 
27.06.2021 16:21:07.744  a4000002 a5000002 
27.06.2021 16:21:07.747  a4000002 a4000002 
27.06.2021 16:21:07.837  a5000002 a5000002 
27.06.2021 16:21:07.852  a4000002 a4000002 
27.06.2021 16:21:07.855  a5000002 a5000002 
27.06.2021 16:21:07.945  a4000002 a5000002 
27.06.2021 16:21:07.960  a5000002 a5000002 
27.06.2021 16:21:07.963  a4000002 a5000002 
27.06.2021 16:21:07.966  a4000002 a4000002 
27.06.2021 16:21:07.978  a4000002 a5000002 
27.06.2021 16:21:07.981  a4000002 a4000002 
27.06.2021 16:21:08.056  a5000002 a5000002 
27.06.2021 16:21:08.068  a4000002 a4000002 
27.06.2021 16:21:08.071  a5000002 a5000002 
27.06.2021 16:21:08.149  a4000002 a5000002 
27.06.2021 16:21:08.158  a5000002 a5000002 
27.06.2021 16:21:08.161  a4000002 a5000002 
27.06.2021 16:21:08.170  a4000002 a4000002 
27.06.2021 16:21:08.176  a4000002 a5000002 
27.06.2021 16:21:08.179  a4000002 a4000002 
27.06.2021 16:21:08.443  a5000002 a5000002 
27.06.2021 16:21:08.446  a4000002 a4000002 
27.06.2021 16:21:08.449  a5000002 a5000002 
27.06.2021 16:21:08.629  a4000002 a5000002 
27.06.2021 16:21:08.644  a5000002 a5000002 
27.06.2021 16:21:08.647  a4000002 a5000002 
27.06.2021 16:21:08.653  a4000002 a4000002 
27.06.2021 16:21:08.662  a4000002 a5000002 
27.06.2021 16:21:08.665  a4000002 a4000002 
27.06.2021 16:21:08.755  a5000002 a5000002 
27.06.2021 16:21:08.770  a4000002 a4000002 
27.06.2021 16:21:08.773  a5000002 a5000002 
27.06.2021 16:21:08.875  a4000002 a5000002 
27.06.2021 16:21:08.878  a5000002 a5000002 
27.06.2021 16:21:08.881  a4000002 a5000002 
27.06.2021 16:21:08.899  a4000002 a4000002 
27.06.2021 16:21:09.013  a5000002 a5000002 
27.06.2021 16:21:09.022  a4000002 a4000002 
27.06.2021 16:21:09.025  a5000002 a5000002 
27.06.2021 16:21:09.127  a4000002 a5000002 
27.06.2021 16:21:09.130  a5000002 a5000002 
27.06.2021 16:21:09.133  a4000002 a5000002 
27.06.2021 16:21:09.151  a4000002 a4000002 
27.06.2021 16:21:09.241  a5000002 a5000002 
27.06.2021 16:21:09.256  a4000002 a4000002 
27.06.2021 16:21:09.259  a5000002 a5000002 
27.06.2021 16:21:09.349  a4000002 a5000002 
27.06.2021 16:21:09.364  a5000002 a5000002 
27.06.2021 16:21:09.367  a4000002 a5000002 
27.06.2021 16:21:09.370  a4000002 a4000002 
27.06.2021 16:21:09.382  a4000002 a5000002 
27.06.2021 16:21:09.385  a4000002 a4000002 
27.06.2021 16:21:09.475  a4000002 a5000002 
27.06.2021 16:21:09.481  a5000002 a5000002 
27.06.2021 16:21:09.490  a4000002 a4000002 
27.06.2021 16:21:09.493  a5000002 a5000002 
27.06.2021 16:21:09.583  a4000002 a5000002 
27.06.2021 16:21:09.598  a5000002 a5000002 
27.06.2021 16:21:09.601  a4000002 a5000002 
27.06.2021 16:21:09.604  a4000002 a4000002 
27.06.2021 16:21:09.616  a4000002 a5000002 
27.06.2021 16:21:09.619  a4000002 a4000002 
27.06.2021 16:21:09.691  a5000002 a5000002 
27.06.2021 16:21:10.612  a4000002 a5000002 
27.06.2021 16:21:10.624  a5000002 a5000002 
27.06.2021 16:21:10.627  a4000002 a5000002 
27.06.2021 16:21:10.636  a4000002 a4000002 
27.06.2021 16:21:10.642  a4000002 a5000002 
27.06.2021 16:21:10.645  a4000002 a4000002 
27.06.2021 16:21:10.726  a5000002 a5000002 
27.06.2021 16:21:10.732  a4000002 a4000002 
27.06.2021 16:21:10.735  a5000002 a5000002 
27.06.2021 16:21:10.825  a4000002 a5000002 
27.06.2021 16:21:10.840  a5000002 a5000002 
27.06.2021 16:21:10.843  a4000002 a5000002 
27.06.2021 16:21:10.846  a4000002 a4000002 
27.06.2021 16:21:10.858  a4000002 a5000002 
27.06.2021 16:21:10.861  a4000002 a4000002 
27.06.2021 16:21:10.969  a5000002 a5000002 
27.06.2021 16:21:11.257  a4000002 a5000002 
27.06.2021 16:21:11.272  a5000002 a5000002 
27.06.2021 16:21:11.275  a4000002 a5000002 
27.06.2021 16:21:11.278  a4000002 a4000002 
27.06.2021 16:21:11.290  a4000002 a5000002 
27.06.2021 16:21:11.293  a4000002 a4000002 
27.06.2021 16:21:11.368  a5000002 a5000002 
27.06.2021 16:21:11.380  a4000002 a4000002 
27.06.2021 16:21:11.383  a5000002 a5000002 
27.06.2021 16:21:11.473  a4000002 a5000002 
27.06.2021 16:21:11.488  a5000002 a5000002 
27.06.2021 16:21:11.491  a4000002 a5000002 
27.06.2021 16:21:11.494  a4000002 a4000002 
27.06.2021 16:21:11.506  a4000002 a5000002 
27.06.2021 16:21:11.509  a4000002 a4000002 
27.06.2021 16:21:11.551  a5000002 a4000002 
27.06.2021 16:21:11.560  a4000002 a4000002 
27.06.2021 16:21:11.563  a5000002 a4000002 
27.06.2021 16:21:11.599  a4000002 a4000002 
27.06.2021 16:21:11.614  a5000002 a4000002 
27.06.2021 16:21:11.617  a4000002 a4000002 
27.06.2021 16:21:11.767  a4000002 a5000002 
27.06.2021 16:21:11.776  a4000002 a4000002 
27.06.2021 16:21:11.779  a4000002 a5000002 
27.06.2021 16:21:11.845  a4000002 a4000002 
27.06.2021 16:21:11.848  a4000002 a5000002 
27.06.2021 16:21:11.851  a4000002 a4000002 
27.06.2021 16:21:11.914  a4000002 a5000002 
27.06.2021 16:21:11.920  a4000002 a4000002 
27.06.2021 16:21:11.923  a4000002 a5000002 
27.06.2021 16:21:11.977  a4000002 a4000002 
27.06.2021 16:21:11.992  a4000002 a5000002 
27.06.2021 16:21:11.995  a4000002 a4000002 
27.06.2021 16:21:12.055  a5000002 a5000002 
27.06.2021 16:21:12.064  a4000002 a4000002 
27.06.2021 16:21:12.067  a5000002 a5000002 
27.06.2021 16:21:12.133  a4000002 a5000002 
27.06.2021 16:21:12.136  a5000002 a5000002 
27.06.2021 16:21:12.139  a4000002 a5000002 
27.06.2021 16:21:12.157  a4000002 a4000002 
27.06.2021 16:21:12.172  a4000002 a5000002 
27.06.2021 16:21:12.175  a4000002 a4000002 
27.06.2021 16:21:12.265  a5000002 a5000002 
27.06.2021 16:21:12.280  a4000002 a4000002 
27.06.2021 16:21:12.283  a5000002 a5000002 
27.06.2021 16:21:12.373  a4000002 a5000002 
27.06.2021 16:21:12.388  a5000002 a5000002 
27.06.2021 16:21:12.391  a4000002 a5000002 
27.06.2021 16:21:12.394  a4000002 a4000002 
27.06.2021 16:21:12.406  a4000002 a5000002 
27.06.2021 16:21:12.409  a4000002 a4000002 
27.06.2021 16:21:12.493  a5000002 a5000002 
27.06.2021 16:21:12.496  a4000002 a4000002 
27.06.2021 16:21:12.499  a5000002 a5000002 
27.06.2021 16:21:12.589  a4000002 a5000002 
27.06.2021 16:21:12.604  a5000002 a5000002 
27.06.2021 16:21:12.607  a4000002 a5000002 
27.06.2021 16:21:12.610  a4000002 a4000002 
27.06.2021 16:21:12.622  a4000002 a5000002 
27.06.2021 16:21:12.625  a4000002 a4000002 
27.06.2021 16:21:12.724  a5000002 a5000002 
27.06.2021 16:21:12.730  a4000002 a4000002 
27.06.2021 16:21:12.733  a5000002 a5000002 
27.06.2021 16:21:12.823  a4000002 a5000002 
27.06.2021 16:21:12.838  a5000002 a5000002 
27.06.2021 16:21:12.841  a4000002 a5000002 
27.06.2021 16:21:12.844  a4000002 a4000002 
27.06.2021 16:21:12.856  a4000002 a5000002 
27.06.2021 16:21:12.859  a4000002 a4000002 
27.06.2021 16:21:12.943  a5000002 a5000002 
27.06.2021 16:21:12.946  a4000002 a4000002 
27.06.2021 16:21:12.949  a5000002 a5000002 
27.06.2021 16:21:13.042  a4000002 a5000002 
27.06.2021 16:21:13.054  a5000002 a5000002 
27.06.2021 16:21:13.057  a4000002 a5000002 
27.06.2021 16:21:13.060  a4000002 a4000002 
27.06.2021 16:21:13.072  a4000002 a5000002 
27.06.2021 16:21:13.075  a4000002 a4000002 
27.06.2021 16:21:13.225  a4000002 a5000002 
27.06.2021 16:21:13.234  a4000002 a4000002 
27.06.2021 16:21:13.237  a4000002 a5000002 
27.06.2021 16:21:13.297  a4000002 a4000002 
27.06.2021 16:21:13.306  a4000002 a5000002 
27.06.2021 16:21:13.309  a4000002 a4000002 
27.06.2021 16:21:13.654  a4000002 a5000002 
27.06.2021 16:21:13.666  a4000002 a4000002 
27.06.2021 16:21:13.669  a4000002 a5000002 
27.06.2021 16:21:13.735  a4000002 a4000002 
27.06.2021 16:21:13.738  a4000002 a5000002 
27.06.2021 16:21:13.741  a4000002 a4000002 
27.06.2021 16:21:13.867  a5000002 a4000002 
27.06.2021 16:21:13.882  a4000002 a4000002 
27.06.2021 16:21:13.885  a5000002 a4000002 
27.06.2021 16:21:13.945  a4000002 a4000002 
27.06.2021 16:21:13.954  a5000002 a4000002 
27.06.2021 16:21:13.957  a4000002 a4000002 
27.06.2021 16:21:14.146  a5000002 a5000002 
27.06.2021 16:21:14.152  a4000002 a4000002 
27.06.2021 16:21:14.155  a5000002 a5000002 
27.06.2021 16:21:14.245  a4000002 a5000002 
27.06.2021 16:21:14.260  a5000002 a5000002 
27.06.2021 16:21:14.263  a4000002 a5000002 
27.06.2021 16:21:14.266  a4000002 a4000002 
27.06.2021 16:21:14.278  a4000002 a5000002 
27.06.2021 16:21:14.281  a4000002 a4000002 
27.06.2021 16:21:14.365  a5000002 a5000002 
27.06.2021 16:21:14.368  a4000002 a4000002 
27.06.2021 16:21:14.371  a5000002 a5000002 
27.06.2021 16:21:14.461  a4000002 a5000002 
27.06.2021 16:21:14.476  a5000002 a5000002 
27.06.2021 16:21:14.479  a4000002 a5000002 
27.06.2021 16:21:14.482  a4000002 a4000002 
27.06.2021 16:21:14.494  a4000002 a5000002 
27.06.2021 16:21:14.497  a4000002 a4000002 
27.06.2021 16:21:14.590  a5000002 a5000002 
27.06.2021 16:21:14.602  a4000002 a4000002 
27.06.2021 16:21:14.605  a5000002 a5000002 
27.06.2021 16:21:14.695  a4000002 a5000002 
27.06.2021 16:21:14.710  a5000002 a5000002 
27.06.2021 16:21:14.713  a4000002 a5000002 
27.06.2021 16:21:14.716  a4000002 a4000002 
27.06.2021 16:21:14.728  a4000002 a5000002 
27.06.2021 16:21:14.731  a4000002 a4000002 
27.06.2021 16:21:14.815  a5000002 a5000002 
27.06.2021 16:21:14.818  a4000002 a4000002 
27.06.2021 16:21:14.821  a5000002 a5000002 
27.06.2021 16:21:14.911  a4000002 a5000002 
27.06.2021 16:21:14.926  a5000002 a5000002 
27.06.2021 16:21:14.929  a4000002 a5000002 
27.06.2021 16:21:14.932  a4000002 a4000002 
27.06.2021 16:21:14.944  a4000002 a5000002 
27.06.2021 16:21:14.947  a4000002 a4000002 
27.06.2021 16:21:17.971  a4000002 a5000002 
27.06.2021 16:21:18.025  a4000002 a4000002 
27.06.2021 16:21:18.040  a4000002 a5000002 
27.06.2021 16:21:18.043  a4000002 a4000002 
27.06.2021 16:21:19.852  a4000003 a4000003 
27.06.2021 16:21:19.855  a4000003 ac000003 
27.06.2021 16:21:19.858  a4000002 a4000002 
27.06.2021 16:21:19.861  a4000003 ac000003 
27.06.2021 16:21:19.885  a4000002 ac000002 
27.06.2021 16:21:19.888  a4000002 a4000002 
27.06.2021 16:21:19.894  a4000003 ac000003 
27.06.2021 16:21:19.897  a4000002 a4000002 
27.06.2021 16:21:19.990  a4000002 ac000002 
27.06.2021 16:21:20.002  a4000002 a4000002 
27.06.2021 16:21:20.005  a4000002 ac000002 
27.06.2021 16:21:20.032  a4000002 a4000002 
27.06.2021 16:21:20.038  a4000002 ac000002 
27.06.2021 16:21:20.041  a4000002 a4000002 
27.06.2021 16:21:20.140  a4000003 a4000003 
27.06.2021 16:21:20.146  a4000002 a4000002 
27.06.2021 16:21:20.149  a4000003 ac000003 
27.06.2021 16:21:20.176  a4000003 a4000003 
27.06.2021 16:21:20.182  a4000003 ac000003 
27.06.2021 16:21:20.185  a4000003 a4000003 
27.06.2021 16:21:20.287  a5000003 a5000003 
27.06.2021 16:21:20.290  a4000003 a4000003 
27.06.2021 16:21:20.293  a5000003 a5000003 
27.06.2021 16:21:20.383  a4000003 a5000003 
27.06.2021 16:21:20.398  a5000003 a5000003 
27.06.2021 16:21:20.401  a4000003 a5000003 
27.06.2021 16:21:20.404  a4000003 a4000003 
27.06.2021 16:21:20.416  a4000003 a5000003 
27.06.2021 16:21:20.419  a4000003 a4000003 
27.06.2021 16:21:20.497  a5000003 a5000003 
27.06.2021 16:21:20.506  a4000003 a4000003 
27.06.2021 16:21:20.509  a5000003 a5000003 
27.06.2021 16:21:20.599  a4000003 a5000003 
27.06.2021 16:21:20.614  a5000003 a5000003 
27.06.2021 16:21:20.617  a4000003 a5000003 
27.06.2021 16:21:20.620  a4000003 a4000003 
27.06.2021 16:21:20.632  a4000003 a5000003 
27.06.2021 16:21:20.635  a4000003 a4000003 
27.06.2021 16:23:51.705  a4000002 a4000002 
27.06.2021 16:23:51.708  a4000003 a4000003 
27.06.2021 16:23:51.711  a4000002 ac000002 
27.06.2021 16:23:51.726  a4000002 a4000002 
27.06.2021 16:23:51.729  a4000002 ac000002 
27.06.2021 16:23:51.756  a4000002 a4000002 
27.06.2021 16:23:51.762  a4000002 ac000002 
27.06.2021 16:23:51.765  a4000002 a4000002 
27.06.2021 16:23:55.569  a4000001 a4000001 
27.06.2021 16:23:55.572  24000001 24800001 
27.06.2021 16:23:55.578  a4000002 a4000002 
27.06.2021 16:23:55.581  24000001 24800001 
27.06.2021 16:23:55.587  24000001 24000001 
27.06.2021 16:23:55.596  24000001 24800001 
27.06.2021 16:23:55.599  24000001 24000001 

Servicedata V1.0 PLC:\DEBUG\SlaveStateA.service.trace created 28.06.2021 15:09:23 (local time)
hostname: hu, Software: 606421 04, built: 08.10.2014 08:59
-----------------------------------------------------------------------------------------------
                     ms  Virtual BusModule state(s)
28.06.2021 14:40:03.004  24000000 2c000000 
28.06.2021 14:40:03.013  00000000 00000000 
28.06.2021 14:40:03.016  24000000 2c000000 
28.06.2021 14:40:03.163  24000001 2c000000 
28.06.2021 14:40:03.172  24000001 2c000001 
28.06.2021 14:40:03.181  24000001 2c000000 
28.06.2021 14:40:03.184  24000001 2c000001 
28.06.2021 14:40:03.301  24000001 24000001 
28.06.2021 14:40:03.307  24000001 2c000001 
28.06.2021 14:40:03.310  24000001 24000001 
28.06.2021 14:40:26.752  24000002 24000002 
28.06.2021 14:40:26.755  a4000002 a4000002 
28.06.2021 14:40:26.761  24000001 24000001 
28.06.2021 14:40:26.764  a4000002 a4000002 
28.06.2021 14:40:27.007  a4000002 a5000002 
28.06.2021 14:40:27.013  a4000002 a4000002 
28.06.2021 14:40:27.016  a4000002 a5000002 
28.06.2021 14:40:27.070  a4000002 a4000002 
28.06.2021 14:40:27.085  a4000002 a5000002 
28.06.2021 14:40:27.088  a4000002 a4000002 
28.06.2021 14:40:27.205  a5000002 a5000002 
28.06.2021 14:40:27.211  a4000002 a4000002 
28.06.2021 14:40:27.214  a5000002 a5000002 
28.06.2021 14:40:27.292  a4000002 a5000002 
28.06.2021 14:40:27.301  a5000002 a5000002 
28.06.2021 14:40:27.304  a4000002 a5000002 
28.06.2021 14:40:27.313  a4000002 a4000002 
28.06.2021 14:40:27.319  a4000002 a5000002 
28.06.2021 14:40:27.322  a4000002 a4000002 
28.06.2021 14:40:30.403  a5000002 a5000002 
28.06.2021 14:40:30.415  a4000002 a4000002 
28.06.2021 14:40:30.418  a5000002 a5000002 
28.06.2021 14:40:30.496  a4000002 a5000002 
28.06.2021 14:40:30.505  a5000002 a5000002 
28.06.2021 14:40:30.508  a4000002 a5000002 
28.06.2021 14:40:30.517  a4000002 a4000002 
28.06.2021 14:40:30.523  a4000002 a5000002 
28.06.2021 14:40:30.526  a4000002 a4000002 
28.06.2021 14:40:30.622  a5000002 a5000002 
28.06.2021 14:40:30.631  a4000002 a4000002 
28.06.2021 14:40:30.634  a5000002 a5000002 
28.06.2021 14:40:30.730  a4000002 a5000002 
28.06.2021 14:40:30.739  a5000002 a5000002 
28.06.2021 14:40:30.742  a4000002 a5000002 
28.06.2021 14:40:30.751  a4000002 a4000002 
28.06.2021 14:40:30.757  a4000002 a5000002 
28.06.2021 14:40:30.760  a4000002 a4000002 
28.06.2021 14:40:30.841  a5000002 a5000002 
28.06.2021 14:40:30.847  a4000002 a4000002 
28.06.2021 14:40:30.850  a5000002 a5000002 
28.06.2021 14:40:30.928  a4000002 a5000002 
28.06.2021 14:40:30.937  a5000002 a5000002 
28.06.2021 14:40:30.940  a4000002 a5000002 
28.06.2021 14:40:30.949  a4000002 a4000002 
28.06.2021 14:40:30.955  a4000002 a5000002 
28.06.2021 14:40:30.958  a4000002 a4000002 
28.06.2021 14:40:31.078  a5000002 a5000002 
28.06.2021 14:40:31.081  a4000002 a4000002 
28.06.2021 14:40:31.084  a5000002 a5000002 
28.06.2021 14:40:31.258  a4000002 a5000002 
28.06.2021 14:40:31.261  a5000002 a5000002 
28.06.2021 14:40:31.264  a4000002 a5000002 
28.06.2021 14:40:31.282  a4000002 a4000002 
28.06.2021 14:40:31.384  a5000002 a5000002 
28.06.2021 14:40:31.387  a4000002 a4000002 
28.06.2021 14:40:31.390  a5000002 a5000002 
28.06.2021 14:40:31.492  a4000002 a5000002 
28.06.2021 14:40:31.495  a5000002 a5000002 
28.06.2021 14:40:31.498  a4000002 a5000002 
28.06.2021 14:40:31.516  a4000002 a4000002 
28.06.2021 14:40:31.627  a5000002 a5000002 
28.06.2021 14:40:31.639  a4000002 a4000002 
28.06.2021 14:40:31.642  a5000002 a5000002 
28.06.2021 14:40:31.744  a4000002 a5000002 
28.06.2021 14:40:31.747  a5000002 a5000002 
28.06.2021 14:40:31.750  a4000002 a5000002 
28.06.2021 14:40:31.768  a4000002 a4000002 
28.06.2021 14:40:31.858  a5000002 a4000002 
28.06.2021 14:40:31.861  a5000002 a5000002 
28.06.2021 14:40:31.873  a4000002 a4000002 
28.06.2021 14:40:31.876  a5000002 a5000002 
28.06.2021 14:40:31.969  a4000002 a5000002 
28.06.2021 14:40:31.981  a5000002 a5000002 
28.06.2021 14:40:31.984  a4000002 a5000002 
28.06.2021 14:40:31.987  a4000002 a4000002 
28.06.2021 14:40:31.999  a4000002 a5000002 
28.06.2021 14:40:32.002  a4000002 a4000002 
28.06.2021 14:40:32.095  a4000002 a5000002 
28.06.2021 14:40:32.101  a5000002 a5000002 
28.06.2021 14:40:32.107  a4000002 a4000002 
28.06.2021 14:40:32.110  a5000002 a5000002 
28.06.2021 14:40:32.203  a4000002 a5000002 
28.06.2021 14:40:32.215  a5000002 a5000002 
28.06.2021 14:40:32.218  a4000002 a5000002 
28.06.2021 14:40:32.221  a4000002 a4000002 
28.06.2021 14:40:32.233  a4000002 a5000002 
28.06.2021 14:40:32.236  a4000002 a4000002 
28.06.2021 14:40:32.308  a5000002 a5000002 
28.06.2021 14:40:33.229  a4000002 a5000002 
28.06.2021 14:40:33.241  a5000002 a5000002 
28.06.2021 14:40:33.244  a4000002 a5000002 
28.06.2021 14:40:33.253  a4000002 a4000002 
28.06.2021 14:40:33.259  a4000002 a5000002 
28.06.2021 14:40:33.262  a4000002 a4000002 
28.06.2021 14:40:33.346  a5000002 a5000002 
28.06.2021 14:40:33.349  a4000002 a4000002 
28.06.2021 14:40:33.352  a5000002 a5000002 
28.06.2021 14:40:33.442  a4000002 a5000002 
28.06.2021 14:40:33.457  a5000002 a5000002 
28.06.2021 14:40:33.460  a4000002 a5000002 
28.06.2021 14:40:33.463  a4000002 a4000002 
28.06.2021 14:40:33.475  a4000002 a5000002 
28.06.2021 14:40:33.478  a4000002 a4000002 
28.06.2021 14:40:33.571  a5000002 a5000002 
28.06.2021 14:40:33.583  a4000002 a4000002 
28.06.2021 14:40:33.586  a5000002 a5000002 
28.06.2021 14:40:33.862  a4000002 a5000002 
28.06.2021 14:40:33.871  a5000002 a5000002 
28.06.2021 14:40:33.874  a4000002 a5000002 
28.06.2021 14:40:33.883  a4000002 a4000002 
28.06.2021 14:40:33.889  a4000002 a5000002 
28.06.2021 14:40:33.892  a4000002 a4000002 
28.06.2021 14:40:33.976  a5000002 a5000002 
28.06.2021 14:40:33.979  a4000002 a4000002 
28.06.2021 14:40:33.982  a5000002 a5000002 
28.06.2021 14:40:34.072  a4000002 a5000002 
28.06.2021 14:40:34.087  a5000002 a5000002 
28.06.2021 14:40:34.090  a4000002 a5000002 
28.06.2021 14:40:34.093  a4000002 a4000002 
28.06.2021 14:40:34.105  a4000002 a5000002 
28.06.2021 14:40:34.108  a4000002 a4000002 
28.06.2021 14:40:34.150  a5000002 a4000002 
28.06.2021 14:40:34.159  a4000002 a4000002 
28.06.2021 14:40:34.162  a5000002 a4000002 
28.06.2021 14:40:34.201  a4000002 a4000002 
28.06.2021 14:40:34.213  a5000002 a4000002 
28.06.2021 14:40:34.216  a4000002 a4000002 
28.06.2021 14:40:34.372  a4000002 a5000002 
28.06.2021 14:40:34.375  a4000002 a4000002 
28.06.2021 14:40:34.378  a4000002 a5000002 
28.06.2021 14:40:34.420  a4000002 a4000002 
28.06.2021 14:40:34.429  a4000002 a5000002 
28.06.2021 14:40:34.432  a4000002 a4000002 
28.06.2021 14:40:34.489  a4000002 a5000002 
28.06.2021 14:40:34.501  a4000002 a4000002 
28.06.2021 14:40:34.504  a4000002 a5000002 
28.06.2021 14:40:34.558  a4000002 a4000002 
28.06.2021 14:40:34.573  a4000002 a5000002 
28.06.2021 14:40:34.576  a4000002 a4000002 
28.06.2021 14:40:34.636  a5000002 a5000002 
28.06.2021 14:40:34.645  a4000002 a4000002 
28.06.2021 14:40:34.648  a5000002 a5000002 
28.06.2021 14:40:34.720  a4000002 a5000002 
28.06.2021 14:40:34.738  a4000002 a4000002 
28.06.2021 14:40:34.753  a4000002 a5000002 
28.06.2021 14:40:34.756  a4000002 a4000002 
28.06.2021 14:40:34.846  a5000002 a5000002 
28.06.2021 14:40:34.861  a4000002 a4000002 
28.06.2021 14:40:34.864  a5000002 a5000002 
28.06.2021 14:40:34.954  a4000002 a5000002 
28.06.2021 14:40:34.969  a5000002 a5000002 
28.06.2021 14:40:34.972  a4000002 a5000002 
28.06.2021 14:40:34.975  a4000002 a4000002 
28.06.2021 14:40:34.987  a4000002 a5000002 
28.06.2021 14:40:34.990  a4000002 a4000002 
28.06.2021 14:40:35.074  a5000002 a5000002 
28.06.2021 14:40:35.077  a4000002 a4000002 
28.06.2021 14:40:35.080  a5000002 a5000002 
28.06.2021 14:40:35.173  a4000002 a5000002 
28.06.2021 14:40:35.185  a5000002 a5000002 
28.06.2021 14:40:35.188  a4000002 a5000002 
28.06.2021 14:40:35.191  a4000002 a4000002 
28.06.2021 14:40:35.203  a4000002 a5000002 
28.06.2021 14:40:35.206  a4000002 a4000002 
28.06.2021 14:40:35.302  a5000002 a5000002 
28.06.2021 14:40:35.311  a4000002 a4000002 
28.06.2021 14:40:35.314  a5000002 a5000002 
28.06.2021 14:40:35.404  a4000002 a5000002 
28.06.2021 14:40:35.419  a5000002 a5000002 
28.06.2021 14:40:35.422  a4000002 a5000002 
28.06.2021 14:40:35.425  a4000002 a4000002 
28.06.2021 14:40:35.437  a4000002 a5000002 
28.06.2021 14:40:35.440  a4000002 a4000002 
28.06.2021 14:40:35.524  a5000002 a5000002 
28.06.2021 14:40:35.527  a4000002 a4000002 
28.06.2021 14:40:35.530  a5000002 a5000002 
28.06.2021 14:40:35.620  a4000002 a5000002 
28.06.2021 14:40:35.635  a5000002 a5000002 
28.06.2021 14:40:35.638  a4000002 a5000002 
28.06.2021 14:40:35.641  a4000002 a4000002 
28.06.2021 14:40:35.653  a4000002 a5000002 
28.06.2021 14:40:35.656  a4000002 a4000002 
28.06.2021 14:40:35.827  a4000002 a5000002 
28.06.2021 14:40:35.833  a4000002 a4000002 
28.06.2021 14:40:35.836  a4000002 a5000002 
28.06.2021 14:40:35.890  a4000002 a4000002 
28.06.2021 14:40:35.905  a4000002 a5000002 
28.06.2021 14:40:35.908  a4000002 a4000002 
28.06.2021 14:40:36.295  a4000002 a5000002 
28.06.2021 14:40:36.301  a4000002 a4000002 
28.06.2021 14:40:36.304  a4000002 a5000002 
28.06.2021 14:40:36.370  a4000002 a4000002 
28.06.2021 14:40:36.373  a4000002 a5000002 
28.06.2021 14:40:36.376  a4000002 a4000002 
28.06.2021 14:40:36.502  a5000002 a4000002 
28.06.2021 14:40:36.517  a4000002 a4000002 
28.06.2021 14:40:36.520  a5000002 a4000002 
28.06.2021 14:40:36.580  a4000002 a4000002 
28.06.2021 14:40:36.589  a5000002 a4000002 
28.06.2021 14:40:36.592  a4000002 a4000002 
28.06.2021 14:40:36.778  a5000002 a5000002 
28.06.2021 14:40:36.787  a4000002 a4000002 
28.06.2021 14:40:36.790  a5000002 a5000002 
28.06.2021 14:40:36.880  a4000002 a5000002 
28.06.2021 14:40:36.895  a5000002 a5000002 
28.06.2021 14:40:36.898  a4000002 a5000002 
28.06.2021 14:40:36.901  a4000002 a4000002 
28.06.2021 14:40:36.913  a4000002 a5000002 
28.06.2021 14:40:36.916  a4000002 a4000002 
28.06.2021 14:40:37.000  a5000002 a5000002 
28.06.2021 14:40:37.003  a4000002 a4000002 
28.06.2021 14:40:37.006  a5000002 a5000002 
28.06.2021 14:40:37.096  a4000002 a5000002 
28.06.2021 14:40:37.111  a5000002 a5000002 
28.06.2021 14:40:37.114  a4000002 a5000002 
28.06.2021 14:40:37.117  a4000002 a4000002 
28.06.2021 14:40:37.129  a4000002 a5000002 
28.06.2021 14:40:37.132  a4000002 a4000002 
28.06.2021 14:40:37.225  a5000002 a5000002 
28.06.2021 14:40:37.237  a4000002 a4000002 
28.06.2021 14:40:37.240  a5000002 a5000002 
28.06.2021 14:40:37.330  a4000002 a5000002 
28.06.2021 14:40:37.345  a5000002 a5000002 
28.06.2021 14:40:37.348  a4000002 a5000002 
28.06.2021 14:40:37.351  a4000002 a4000002 
28.06.2021 14:40:37.363  a4000002 a5000002 
28.06.2021 14:40:37.366  a4000002 a4000002 
28.06.2021 14:40:37.450  a5000002 a5000002 
28.06.2021 14:40:37.453  a4000002 a4000002 
28.06.2021 14:40:37.456  a5000002 a5000002 
28.06.2021 14:40:37.546  a4000002 a5000002 
28.06.2021 14:40:37.561  a5000002 a5000002 
28.06.2021 14:40:37.564  a4000002 a5000002 
28.06.2021 14:40:37.567  a4000002 a4000002 
28.06.2021 14:40:37.579  a4000002 a5000002 
28.06.2021 14:40:37.582  a4000002 a4000002 
28.06.2021 14:40:40.723  a4000002 a5000002 
28.06.2021 14:40:40.729  a4000002 a4000002 
28.06.2021 14:40:40.732  a4000002 a5000002 
28.06.2021 14:40:40.786  a4000002 a4000002 
28.06.2021 14:40:40.801  a4000002 a5000002 
28.06.2021 14:40:40.804  a4000002 a4000002 
28.06.2021 14:42:56.948  a4000003 a4000003 
28.06.2021 14:42:56.951  a4000003 ac000003 
28.06.2021 14:42:56.954  a4000002 a4000002 
28.06.2021 14:42:56.957  a4000003 ac000003 
28.06.2021 14:42:56.984  a4000002 a4000002 
28.06.2021 14:42:56.990  a4000003 ac000003 
28.06.2021 14:42:56.993  a4000002 a4000002 
28.06.2021 14:42:57.089  a4000002 ac000002 
28.06.2021 14:42:57.098  a4000002 a4000002 
28.06.2021 14:42:57.101  a4000002 ac000002 
28.06.2021 14:42:57.128  a4000002 a4000002 
28.06.2021 14:42:57.134  a4000002 ac000002 
28.06.2021 14:42:57.137  a4000002 a4000002 
28.06.2021 14:42:57.236  a4000003 a4000003 
28.06.2021 14:42:57.242  a4000002 a4000002 
28.06.2021 14:42:57.245  a4000003 ac000003 
28.06.2021 14:42:57.272  a4000003 a4000003 
28.06.2021 14:42:57.278  a4000003 ac000003 
28.06.2021 14:42:57.281  a4000003 a4000003 
28.06.2021 14:42:57.383  a5000003 a5000003 
28.06.2021 14:42:57.386  a4000003 a4000003 
28.06.2021 14:42:57.389  a5000003 a5000003 
28.06.2021 14:42:57.482  a4000003 a5000003 
28.06.2021 14:42:57.494  a5000003 a5000003 
28.06.2021 14:42:57.497  a4000003 a5000003 
28.06.2021 14:42:57.500  a4000003 a4000003 
28.06.2021 14:42:57.512  a4000003 a5000003 
28.06.2021 14:42:57.515  a4000003 a4000003 
28.06.2021 14:42:57.593  a5000003 a5000003 
28.06.2021 14:42:57.602  a4000003 a4000003 
28.06.2021 14:42:57.605  a5000003 a5000003 
28.06.2021 14:42:57.695  a4000003 a5000003 
28.06.2021 14:42:57.710  a5000003 a5000003 
28.06.2021 14:42:57.713  a4000003 a5000003 
28.06.2021 14:42:57.716  a4000003 a4000003 
28.06.2021 14:42:57.728  a4000003 a5000003 
28.06.2021 14:42:57.731  a4000003 a4000003 
28.06.2021 15:09:22.942  a4000001 a4000001 
28.06.2021 15:09:22.945  24000001 24800001 
28.06.2021 15:09:22.951  a4000003 a4000003 
28.06.2021 15:09:22.954  24000001 24800001 
28.06.2021 15:09:22.960  24000001 24000001 
28.06.2021 15:09:22.969  24000001 24800001 
28.06.2021 15:09:22.972  24000001 24000001 

Servicedata V1.0 PLC:\DEBUG\SlaveStateA.service.trace created 28.06.2021 16:01:20 (local time)
hostname: hu, Software: 606421 04, built: 08.10.2014 08:59
-----------------------------------------------------------------------------------------------
                     ms  Virtual BusModule state(s)
28.06.2021 15:30:52.292  24000000 2c000000 
28.06.2021 15:30:52.307  00000000 00000000 
28.06.2021 15:30:52.310  24000000 2c000000 
28.06.2021 15:30:52.451  24000001 2c000000 
28.06.2021 15:30:52.454  24000000 2c000000 
28.06.2021 15:30:52.457  24000001 2c000000 
28.06.2021 15:30:52.460  24000001 2c000001 
28.06.2021 15:30:52.475  24000001 2c000000 
28.06.2021 15:30:52.478  24000001 2c000001 
28.06.2021 15:30:52.589  24000001 24000001 
28.06.2021 15:30:52.601  24000001 2c000001 
28.06.2021 15:30:52.604  24000001 24000001 
28.06.2021 15:31:08.160  24000002 24000002 
28.06.2021 15:31:08.163  a4000002 a4000002 
28.06.2021 15:31:08.169  24000001 24000001 
28.06.2021 15:31:08.172  a4000002 a4000002 
28.06.2021 15:31:08.406  a4000002 a5000002 
28.06.2021 15:31:08.463  a4000002 a4000002 
28.06.2021 15:31:08.475  a4000002 a5000002 
28.06.2021 15:31:08.478  a4000002 a4000002 
28.06.2021 15:31:08.598  a5000002 a5000002 
28.06.2021 15:31:08.601  a4000002 a4000002 
28.06.2021 15:31:08.604  a5000002 a5000002 
28.06.2021 15:31:08.682  a4000002 a5000002 
28.06.2021 15:31:08.691  a5000002 a5000002 
28.06.2021 15:31:08.694  a4000002 a5000002 
28.06.2021 15:31:08.703  a4000002 a4000002 
28.06.2021 15:31:08.709  a4000002 a5000002 
28.06.2021 15:31:08.712  a4000002 a4000002 
28.06.2021 15:31:11.793  a5000002 a5000002 
28.06.2021 15:31:11.805  a4000002 a4000002 
28.06.2021 15:31:11.808  a5000002 a5000002 
28.06.2021 15:31:11.886  a4000002 a5000002 
28.06.2021 15:31:11.895  a5000002 a5000002 
28.06.2021 15:31:11.898  a4000002 a5000002 
28.06.2021 15:31:11.907  a4000002 a4000002 
28.06.2021 15:31:11.913  a4000002 a5000002 
28.06.2021 15:31:11.916  a4000002 a4000002 
28.06.2021 15:31:12.015  a5000002 a5000002 
28.06.2021 15:31:12.021  a4000002 a4000002 
28.06.2021 15:31:12.024  a5000002 a5000002 
28.06.2021 15:31:12.126  a4000002 a5000002 
28.06.2021 15:31:12.129  a5000002 a5000002 
28.06.2021 15:31:12.132  a4000002 a5000002 
28.06.2021 15:31:12.144  a4000002 a4000002 
28.06.2021 15:31:12.147  a4000002 a5000002 
28.06.2021 15:31:12.150  a4000002 a4000002 
28.06.2021 15:31:12.240  a5000002 a5000002 
28.06.2021 15:31:12.255  a4000002 a4000002 
28.06.2021 15:31:12.258  a5000002 a5000002 
28.06.2021 15:31:12.336  a4000002 a5000002 
28.06.2021 15:31:12.345  a5000002 a5000002 
28.06.2021 15:31:12.348  a4000002 a5000002 
28.06.2021 15:31:12.357  a4000002 a4000002 
28.06.2021 15:31:12.363  a4000002 a5000002 
28.06.2021 15:31:12.366  a4000002 a4000002 
28.06.2021 15:31:12.465  a5000002 a5000002 
28.06.2021 15:31:12.471  a4000002 a4000002 
28.06.2021 15:31:12.474  a5000002 a5000002 
28.06.2021 15:31:12.657  a4000002 a5000002 
28.06.2021 15:31:12.669  a5000002 a5000002 
28.06.2021 15:31:12.672  a4000002 a5000002 
28.06.2021 15:31:12.678  a4000002 a4000002 
28.06.2021 15:31:12.687  a4000002 a5000002 
28.06.2021 15:31:12.690  a4000002 a4000002 
28.06.2021 15:31:12.783  a5000002 a5000002 
28.06.2021 15:31:12.795  a4000002 a4000002 
28.06.2021 15:31:12.798  a5000002 a5000002 
28.06.2021 15:31:12.900  a4000002 a5000002 
28.06.2021 15:31:12.903  a5000002 a5000002 
28.06.2021 15:31:12.906  a4000002 a5000002 
28.06.2021 15:31:12.924  a4000002 a4000002 
28.06.2021 15:31:13.038  a5000002 a5000002 
28.06.2021 15:31:13.047  a4000002 a4000002 
28.06.2021 15:31:13.050  a5000002 a5000002 
28.06.2021 15:31:13.152  a4000002 a5000002 
28.06.2021 15:31:13.155  a5000002 a5000002 
28.06.2021 15:31:13.158  a4000002 a5000002 
28.06.2021 15:31:13.176  a4000002 a4000002 
28.06.2021 15:31:13.266  a5000002 a5000002 
28.06.2021 15:31:13.281  a4000002 a4000002 
28.06.2021 15:31:13.284  a5000002 a5000002 
28.06.2021 15:31:13.374  a4000002 a5000002 
28.06.2021 15:31:13.389  a5000002 a5000002 
28.06.2021 15:31:13.392  a4000002 a5000002 
28.06.2021 15:31:13.395  a4000002 a4000002 
28.06.2021 15:31:13.407  a4000002 a5000002 
28.06.2021 15:31:13.410  a4000002 a4000002 
28.06.2021 15:31:13.500  a4000002 a5000002 
28.06.2021 15:31:13.506  a5000002 a5000002 
28.06.2021 15:31:13.515  a4000002 a5000002 
28.06.2021 15:31:13.518  a5000002 a5000002 
28.06.2021 15:31:13.578  a4000002 a5000002 
28.06.2021 15:31:13.587  a5000002 a5000002 
28.06.2021 15:31:13.590  a4000002 a5000002 
28.06.2021 15:31:13.599  a4000002 a4000002 
28.06.2021 15:31:13.605  a4000002 a5000002 
28.06.2021 15:31:13.608  a4000002 a4000002 
28.06.2021 15:31:13.686  a5000002 a5000002 
28.06.2021 15:31:13.695  a4000002 a4000002 
28.06.2021 15:31:13.698  a5000002 a5000002 
28.06.2021 15:31:14.622  a4000002 a5000002 
28.06.2021 15:31:14.631  a5000002 a5000002 
28.06.2021 15:31:14.634  a4000002 a5000002 
28.06.2021 15:31:14.643  a4000002 a4000002 
28.06.2021 15:31:14.649  a4000002 a5000002 
28.06.2021 15:31:14.652  a4000002 a4000002 
28.06.2021 15:31:14.736  a5000002 a5000002 
28.06.2021 15:31:14.739  a4000002 a4000002 
28.06.2021 15:31:14.742  a5000002 a5000002 
28.06.2021 15:31:14.832  a4000002 a5000002 
28.06.2021 15:31:14.847  a5000002 a5000002 
28.06.2021 15:31:14.850  a4000002 a5000002 
28.06.2021 15:31:14.853  a4000002 a4000002 
28.06.2021 15:31:14.865  a4000002 a5000002 
28.06.2021 15:31:14.868  a4000002 a4000002 
28.06.2021 15:31:14.964  a5000002 a5000002 
28.06.2021 15:31:14.973  a4000002 a4000002 
28.06.2021 15:31:14.976  a5000002 a5000002 
28.06.2021 15:31:15.258  a4000002 a5000002 
28.06.2021 15:31:15.261  a5000002 a5000002 
28.06.2021 15:31:15.264  a4000002 a5000002 
28.06.2021 15:31:15.276  a4000002 a4000002 
28.06.2021 15:31:15.279  a4000002 a5000002 
28.06.2021 15:31:15.282  a4000002 a4000002 
28.06.2021 15:31:15.375  a5000002 a5000002 
28.06.2021 15:31:15.387  a4000002 a4000002 
28.06.2021 15:31:15.390  a5000002 a5000002 
28.06.2021 15:31:15.480  a4000002 a5000002 
28.06.2021 15:31:15.495  a5000002 a5000002 
28.06.2021 15:31:15.498  a4000002 a5000002 
28.06.2021 15:31:15.501  a4000002 a4000002 
28.06.2021 15:31:15.513  a4000002 a5000002 
28.06.2021 15:31:15.516  a4000002 a4000002 
28.06.2021 15:31:15.558  a5000002 a4000002 
28.06.2021 15:31:15.567  a4000002 a4000002 
28.06.2021 15:31:15.570  a5000002 a4000002 
28.06.2021 15:31:15.609  a4000002 a4000002 
28.06.2021 15:31:15.621  a5000002 a4000002 
28.06.2021 15:31:15.624  a4000002 a4000002 
28.06.2021 15:31:15.768  a4000002 a5000002 
28.06.2021 15:31:15.813  a4000002 a4000002 
28.06.2021 15:31:15.819  a4000002 a5000002 
28.06.2021 15:31:15.822  a4000002 a4000002 
28.06.2021 15:31:15.882  a4000002 a5000002 
28.06.2021 15:31:15.891  a4000002 a4000002 
28.06.2021 15:31:15.894  a4000002 a5000002 
28.06.2021 15:31:15.948  a4000002 a4000002 
28.06.2021 15:31:15.963  a4000002 a5000002 
28.06.2021 15:31:15.966  a4000002 a4000002 
28.06.2021 15:31:16.029  a5000002 a5000002 
28.06.2021 15:31:16.035  a4000002 a4000002 
28.06.2021 15:31:16.038  a5000002 a5000002 
28.06.2021 15:31:16.110  a4000002 a5000002 
28.06.2021 15:31:16.128  a4000002 a4000002 
28.06.2021 15:31:16.143  a4000002 a5000002 
28.06.2021 15:31:16.146  a4000002 a4000002 
28.06.2021 15:31:16.239  a5000002 a5000002 
28.06.2021 15:31:16.251  a4000002 a4000002 
28.06.2021 15:31:16.254  a5000002 a5000002 
28.06.2021 15:31:16.344  a4000002 a5000002 
28.06.2021 15:31:16.359  a5000002 a5000002 
28.06.2021 15:31:16.362  a4000002 a5000002 
28.06.2021 15:31:16.365  a4000002 a4000002 
28.06.2021 15:31:16.377  a4000002 a5000002 
28.06.2021 15:31:16.380  a4000002 a4000002 
28.06.2021 15:31:16.464  a5000002 a5000002 
28.06.2021 15:31:16.467  a4000002 a4000002 
28.06.2021 15:31:16.470  a5000002 a5000002 
28.06.2021 15:31:16.563  a4000002 a5000002 
28.06.2021 15:31:16.575  a5000002 a5000002 
28.06.2021 15:31:16.578  a4000002 a5000002 
28.06.2021 15:31:16.581  a4000002 a4000002 
28.06.2021 15:31:16.593  a4000002 a5000002 
28.06.2021 15:31:16.596  a4000002 a4000002 
28.06.2021 15:31:16.695  a5000002 a5000002 
28.06.2021 15:31:16.701  a4000002 a4000002 
28.06.2021 15:31:16.704  a5000002 a5000002 
28.06.2021 15:31:16.794  a4000002 a5000002 
28.06.2021 15:31:16.809  a5000002 a5000002 
28.06.2021 15:31:16.812  a4000002 a5000002 
28.06.2021 15:31:16.815  a4000002 a4000002 
28.06.2021 15:31:16.827  a4000002 a5000002 
28.06.2021 15:31:16.830  a4000002 a4000002 
28.06.2021 15:31:16.914  a5000002 a5000002 
28.06.2021 15:31:16.917  a4000002 a4000002 
28.06.2021 15:31:16.920  a5000002 a5000002 
28.06.2021 15:31:17.010  a4000002 a5000002 
28.06.2021 15:31:17.025  a5000002 a5000002 
28.06.2021 15:31:17.028  a4000002 a5000002 
28.06.2021 15:31:17.031  a4000002 a4000002 
28.06.2021 15:31:17.043  a4000002 a5000002 
28.06.2021 15:31:17.046  a4000002 a4000002 
28.06.2021 15:31:17.193  a4000002 a5000002 
28.06.2021 15:31:17.205  a4000002 a4000002 
28.06.2021 15:31:17.208  a4000002 a5000002 
28.06.2021 15:31:17.262  a4000002 a4000002 
28.06.2021 15:31:17.277  a4000002 a5000002 
28.06.2021 15:31:17.280  a4000002 a4000002 
28.06.2021 15:31:17.862  a4000002 a5000002 
28.06.2021 15:31:17.871  a4000002 a4000002 
28.06.2021 15:31:17.874  a4000002 a5000002 
28.06.2021 15:31:17.940  a4000002 a4000002 
28.06.2021 15:31:17.943  a4000002 a5000002 
28.06.2021 15:31:17.946  a4000002 a4000002 
28.06.2021 15:31:18.075  a5000002 a4000002 
28.06.2021 15:31:18.087  a4000002 a4000002 
28.06.2021 15:31:18.090  a5000002 a4000002 
28.06.2021 15:31:18.156  a4000002 a4000002 
28.06.2021 15:31:18.159  a5000002 a4000002 
28.06.2021 15:31:18.162  a4000002 a4000002 
28.06.2021 15:31:18.351  a5000002 a5000002 
28.06.2021 15:31:18.357  a4000002 a4000002 
28.06.2021 15:31:18.360  a5000002 a5000002 
28.06.2021 15:31:18.450  a4000002 a5000002 
28.06.2021 15:31:18.465  a5000002 a5000002 
28.06.2021 15:31:18.468  a4000002 a5000002 
28.06.2021 15:31:18.471  a4000002 a4000002 
28.06.2021 15:31:18.483  a4000002 a5000002 
28.06.2021 15:31:18.486  a4000002 a4000002 
28.06.2021 15:31:18.570  a5000002 a5000002 
28.06.2021 15:31:18.573  a4000002 a4000002 
28.06.2021 15:31:18.576  a5000002 a5000002 
28.06.2021 15:31:18.666  a4000002 a5000002 
28.06.2021 15:31:18.681  a5000002 a5000002 
28.06.2021 15:31:18.684  a4000002 a5000002 
28.06.2021 15:31:18.687  a4000002 a4000002 
28.06.2021 15:31:18.699  a4000002 a5000002 
28.06.2021 15:31:18.702  a4000002 a4000002 
28.06.2021 15:31:18.795  a5000002 a5000002 
28.06.2021 15:31:18.807  a4000002 a4000002 
28.06.2021 15:31:18.810  a5000002 a5000002 
28.06.2021 15:31:18.900  a4000002 a5000002 
28.06.2021 15:31:18.915  a5000002 a5000002 
28.06.2021 15:31:18.918  a4000002 a5000002 
28.06.2021 15:31:18.921  a4000002 a4000002 
28.06.2021 15:31:18.933  a4000002 a5000002 
28.06.2021 15:31:18.936  a4000002 a4000002 
28.06.2021 15:31:19.020  a5000002 a5000002 
28.06.2021 15:31:19.023  a4000002 a4000002 
28.06.2021 15:31:19.026  a5000002 a5000002 
28.06.2021 15:31:19.116  a4000002 a5000002 
28.06.2021 15:31:19.131  a5000002 a5000002 
28.06.2021 15:31:19.134  a4000002 a5000002 
28.06.2021 15:31:19.137  a4000002 a4000002 
28.06.2021 15:31:19.149  a4000002 a5000002 
28.06.2021 15:31:19.152  a4000002 a4000002 
28.06.2021 15:31:22.026  a4000002 a5000002 
28.06.2021 15:31:22.029  a4000002 a4000002 
28.06.2021 15:31:22.032  a4000002 a5000002 
28.06.2021 15:31:22.086  a4000002 a4000002 
28.06.2021 15:31:22.101  a4000002 a5000002 
28.06.2021 15:31:22.104  a4000002 a4000002 
28.06.2021 15:33:14.542  a4000003 a4000003 
28.06.2021 15:33:14.545  a4000003 ac000003 
28.06.2021 15:33:14.548  a4000002 a4000002 
28.06.2021 15:33:14.551  a4000003 ac000003 
28.06.2021 15:33:14.569  a4000002 ac000002 
28.06.2021 15:33:14.578  a4000002 a4000002 
28.06.2021 15:33:14.584  a4000002 ac000002 
28.06.2021 15:33:14.587  a4000002 a4000002 
28.06.2021 15:33:14.671  a4000002 ac000002 
28.06.2021 15:33:14.674  a4000002 a4000002 
28.06.2021 15:33:14.677  a4000002 ac000002 
28.06.2021 15:33:14.704  a4000002 a4000002 
28.06.2021 15:33:14.710  a4000002 ac000002 
28.06.2021 15:33:14.713  a4000002 a4000002 
28.06.2021 15:33:14.830  a4000003 a4000003 
28.06.2021 15:33:14.836  a4000002 a4000002 
28.06.2021 15:33:14.839  a4000003 ac000003 
28.06.2021 15:33:14.866  a4000003 a4000003 
28.06.2021 15:33:14.872  a4000003 ac000003 
28.06.2021 15:33:14.875  a4000003 a4000003 
28.06.2021 15:33:14.983  a5000003 a5000003 
28.06.2021 15:33:14.998  a4000003 a4000003 
28.06.2021 15:33:15.001  a5000003 a5000003 
28.06.2021 15:33:15.094  a4000003 a5000003 
28.06.2021 15:33:15.106  a5000003 a5000003 
28.06.2021 15:33:15.109  a4000003 a5000003 
28.06.2021 15:33:15.112  a4000003 a4000003 
28.06.2021 15:33:15.124  a4000003 a5000003 
28.06.2021 15:33:15.127  a4000003 a4000003 
28.06.2021 15:33:15.205  a5000003 a5000003 
28.06.2021 15:33:15.214  a4000003 a4000003 
28.06.2021 15:33:15.217  a5000003 a5000003 
28.06.2021 15:33:15.310  a4000003 a5000003 
28.06.2021 15:33:15.322  a5000003 a5000003 
28.06.2021 15:33:15.325  a4000003 a5000003 
28.06.2021 15:33:15.328  a4000003 a4000003 
28.06.2021 15:33:15.340  a4000003 a5000003 
28.06.2021 15:33:15.343  a4000003 a4000003 
28.06.2021 16:01:20.401  a4000001 a4000001 
28.06.2021 16:01:20.404  24000001 24800001 
28.06.2021 16:01:20.410  a4000003 a4000003 
28.06.2021 16:01:20.413  24000001 24800001 
28.06.2021 16:01:20.419  24000001 24000001 
28.06.2021 16:01:20.428  24000001 24800001 
28.06.2021 16:01:20.431  24000001 24000001 

Servicedata V1.0 PLC:\DEBUG\SlaveStateA.service.trace created 28.06.2021 16:07:03 (local time)
hostname: hu, Software: 606421 04, built: 08.10.2014 08:59
-----------------------------------------------------------------------------------------------
                     ms  Virtual BusModule state(s)
28.06.2021 16:01:57.587  24000000 2c000000 
28.06.2021 16:01:57.599  00000000 00000000 
28.06.2021 16:01:57.602  24000000 2c000000 
28.06.2021 16:01:57.743  24000001 2c000000 
28.06.2021 16:01:57.746  24000000 2c000000 
28.06.2021 16:01:57.749  24000001 2c000000 
28.06.2021 16:01:57.755  24000001 2c000001 
28.06.2021 16:01:57.767  24000001 2c000000 
28.06.2021 16:01:57.770  24000001 2c000001 
28.06.2021 16:01:57.884  24000001 24000001 
28.06.2021 16:01:57.893  24000001 2c000001 
28.06.2021 16:01:57.896  24000001 24000001 
28.06.2021 16:02:13.995  24000002 24000002 
28.06.2021 16:02:13.998  a4000002 a4000002 
28.06.2021 16:02:14.004  24000001 24000001 
28.06.2021 16:02:14.007  a4000002 a4000002 
28.06.2021 16:02:14.241  a4000002 a5000002 
28.06.2021 16:02:14.256  a4000002 a4000002 
28.06.2021 16:02:14.259  a4000002 a5000002 
28.06.2021 16:02:14.313  a4000002 a4000002 
28.06.2021 16:02:14.328  a4000002 a5000002 
28.06.2021 16:02:14.331  a4000002 a4000002 
28.06.2021 16:02:14.445  a5000002 a5000002 
28.06.2021 16:02:14.454  a4000002 a4000002 
28.06.2021 16:02:14.457  a5000002 a5000002 
28.06.2021 16:02:14.535  a4000002 a5000002 
28.06.2021 16:02:14.544  a5000002 a5000002 
28.06.2021 16:02:14.547  a4000002 a5000002 
28.06.2021 16:02:14.556  a4000002 a4000002 
28.06.2021 16:02:14.562  a4000002 a5000002 
28.06.2021 16:02:14.565  a4000002 a4000002 
28.06.2021 16:02:17.646  a5000002 a5000002 
28.06.2021 16:02:17.658  a4000002 a4000002 
28.06.2021 16:02:17.661  a5000002 a5000002 
28.06.2021 16:02:17.739  a4000002 a5000002 
28.06.2021 16:02:17.748  a5000002 a5000002 
28.06.2021 16:02:17.751  a4000002 a5000002 
28.06.2021 16:02:17.760  a4000002 a4000002 
28.06.2021 16:02:17.766  a4000002 a5000002 
28.06.2021 16:02:17.769  a4000002 a4000002 
28.06.2021 16:02:17.853  a5000002 a5000002 
28.06.2021 16:02:17.856  a4000002 a4000002 
28.06.2021 16:02:17.859  a5000002 a5000002 
28.06.2021 16:02:17.961  a4000002 a5000002 
28.06.2021 16:02:17.964  a5000002 a5000002 
28.06.2021 16:02:17.967  a4000002 a5000002 
28.06.2021 16:02:17.985  a4000002 a4000002 
28.06.2021 16:02:18.075  a5000002 a5000002 
28.06.2021 16:02:18.153  a4000002 a5000002 
28.06.2021 16:02:18.162  a5000002 a5000002 
28.06.2021 16:02:18.165  a4000002 a5000002 
28.06.2021 16:02:18.174  a4000002 a4000002 
28.06.2021 16:02:18.180  a4000002 a5000002 
28.06.2021 16:02:18.183  a4000002 a4000002 
28.06.2021 16:02:18.276  a5000002 a5000002 
28.06.2021 16:02:18.288  a4000002 a4000002 
28.06.2021 16:02:18.291  a5000002 a5000002 
28.06.2021 16:02:18.498  a4000002 a5000002 
28.06.2021 16:02:18.504  a5000002 a5000002 
28.06.2021 16:02:18.507  a4000002 a5000002 
28.06.2021 16:02:18.519  a4000002 a4000002 
28.06.2021 16:02:18.522  a4000002 a5000002 
28.06.2021 16:02:18.525  a4000002 a4000002 
28.06.2021 16:02:18.624  a5000002 a5000002 
28.06.2021 16:02:18.630  a4000002 a4000002 
28.06.2021 16:02:18.633  a5000002 a5000002 
28.06.2021 16:02:18.735  a4000002 a5000002 
28.06.2021 16:02:18.738  a5000002 a5000002 
28.06.2021 16:02:18.741  a4000002 a5000002 
28.06.2021 16:02:18.759  a4000002 a4000002 
28.06.2021 16:02:18.873  a5000002 a5000002 
28.06.2021 16:02:18.882  a4000002 a4000002 
28.06.2021 16:02:18.885  a5000002 a5000002 
28.06.2021 16:02:18.987  a4000002 a5000002 
28.06.2021 16:02:18.990  a5000002 a5000002 
28.06.2021 16:02:18.993  a4000002 a5000002 
28.06.2021 16:02:19.011  a4000002 a4000002 
28.06.2021 16:02:19.104  a5000002 a5000002 
28.06.2021 16:02:19.116  a4000002 a4000002 
28.06.2021 16:02:19.119  a5000002 a5000002 
28.06.2021 16:02:19.212  a4000002 a5000002 
28.06.2021 16:02:19.224  a5000002 a5000002 
28.06.2021 16:02:19.227  a4000002 a5000002 
28.06.2021 16:02:19.230  a4000002 a4000002 
28.06.2021 16:02:19.242  a4000002 a5000002 
28.06.2021 16:02:19.245  a4000002 a4000002 
28.06.2021 16:02:19.335  a4000002 a5000002 
28.06.2021 16:02:19.344  a5000002 a5000002 
28.06.2021 16:02:19.350  a4000002 a4000002 
28.06.2021 16:02:19.353  a5000002 a5000002 
28.06.2021 16:02:19.443  a4000002 a5000002 
28.06.2021 16:02:19.458  a5000002 a5000002 
28.06.2021 16:02:19.461  a4000002 a5000002 
28.06.2021 16:02:19.464  a4000002 a4000002 
28.06.2021 16:02:19.476  a4000002 a5000002 
28.06.2021 16:02:19.479  a4000002 a4000002 
28.06.2021 16:02:19.551  a5000002 a5000002 
28.06.2021 16:02:19.566  a4000002 a4000002 
28.06.2021 16:02:19.569  a5000002 a5000002 
28.06.2021 16:02:20.493  a4000002 a5000002 
28.06.2021 16:02:20.502  a5000002 a5000002 
28.06.2021 16:02:20.505  a4000002 a5000002 
28.06.2021 16:02:20.514  a4000002 a4000002 
28.06.2021 16:02:20.520  a4000002 a5000002 
28.06.2021 16:02:20.523  a4000002 a4000002 
28.06.2021 16:02:20.607  a5000002 a5000002 
28.06.2021 16:02:20.610  a4000002 a4000002 
28.06.2021 16:02:20.613  a5000002 a5000002 
28.06.2021 16:02:20.703  a4000002 a5000002 
28.06.2021 16:02:20.718  a5000002 a5000002 
28.06.2021 16:02:20.721  a4000002 a5000002 
28.06.2021 16:02:20.724  a4000002 a4000002 
28.06.2021 16:02:20.736  a4000002 a5000002 
28.06.2021 16:02:20.739  a4000002 a4000002 
28.06.2021 16:02:20.832  a5000002 a5000002 
28.06.2021 16:02:20.844  a4000002 a4000002 
28.06.2021 16:02:20.847  a5000002 a5000002 
28.06.2021 16:02:21.123  a4000002 a5000002 
28.06.2021 16:02:21.132  a5000002 a5000002 
28.06.2021 16:02:21.135  a4000002 a5000002 
28.06.2021 16:02:21.144  a4000002 a4000002 
28.06.2021 16:02:21.150  a4000002 a5000002 
28.06.2021 16:02:21.153  a4000002 a4000002 
28.06.2021 16:02:21.237  a5000002 a5000002 
28.06.2021 16:02:21.240  a4000002 a4000002 
28.06.2021 16:02:21.243  a5000002 a5000002 
28.06.2021 16:02:21.333  a4000002 a5000002 
28.06.2021 16:02:21.348  a5000002 a5000002 
28.06.2021 16:02:21.351  a4000002 a5000002 
28.06.2021 16:02:21.354  a4000002 a4000002 
28.06.2021 16:02:21.366  a4000002 a5000002 
28.06.2021 16:02:21.369  a4000002 a4000002 
28.06.2021 16:02:21.414  a5000002 a4000002 
28.06.2021 16:02:21.420  a4000002 a4000002 
28.06.2021 16:02:21.423  a5000002 a4000002 
28.06.2021 16:02:21.462  a4000002 a4000002 
28.06.2021 16:02:21.474  a5000002 a4000002 
28.06.2021 16:02:21.477  a4000002 a4000002 
28.06.2021 16:02:21.633  a4000002 a5000002 
28.06.2021 16:02:21.636  a4000002 a4000002 
28.06.2021 16:02:21.639  a4000002 a5000002 
28.06.2021 16:02:21.711  a4000002 a4000002 
28.06.2021 16:02:21.726  a4000002 a5000002 
28.06.2021 16:02:21.729  a4000002 a4000002 
28.06.2021 16:02:21.783  a4000002 a5000002 
28.06.2021 16:02:21.840  a4000002 a4000002 
28.06.2021 16:02:21.852  a4000002 a5000002 
28.06.2021 16:02:21.855  a4000002 a4000002 
28.06.2021 16:02:21.921  a5000002 a5000002 
28.06.2021 16:02:21.924  a4000002 a4000002 
28.06.2021 16:02:21.927  a5000002 a5000002 
28.06.2021 16:02:21.999  a4000002 a5000002 
28.06.2021 16:02:22.017  a4000002 a4000002 
28.06.2021 16:02:22.032  a4000002 a5000002 
28.06.2021 16:02:22.035  a4000002 a4000002 
28.06.2021 16:02:22.128  a5000002 a5000002 
28.06.2021 16:02:22.140  a4000002 a4000002 
28.06.2021 16:02:22.143  a5000002 a5000002 
28.06.2021 16:02:22.233  a4000002 a5000002 
28.06.2021 16:02:22.248  a5000002 a5000002 
28.06.2021 16:02:22.251  a4000002 a5000002 
28.06.2021 16:02:22.254  a4000002 a4000002 
28.06.2021 16:02:22.266  a4000002 a5000002 
28.06.2021 16:02:22.269  a4000002 a4000002 
28.06.2021 16:02:22.353  a5000002 a5000002 
28.06.2021 16:02:22.356  a4000002 a4000002 
28.06.2021 16:02:22.359  a5000002 a5000002 
28.06.2021 16:02:22.449  a4000002 a5000002 
28.06.2021 16:02:22.464  a5000002 a5000002 
28.06.2021 16:02:22.467  a4000002 a5000002 
28.06.2021 16:02:22.470  a4000002 a4000002 
28.06.2021 16:02:22.482  a4000002 a5000002 
28.06.2021 16:02:22.485  a4000002 a4000002 
28.06.2021 16:02:22.581  a5000002 a5000002 
28.06.2021 16:02:22.590  a4000002 a4000002 
28.06.2021 16:02:22.593  a5000002 a5000002 
28.06.2021 16:02:22.683  a4000002 a5000002 
28.06.2021 16:02:22.698  a5000002 a5000002 
28.06.2021 16:02:22.701  a4000002 a5000002 
28.06.2021 16:02:22.704  a4000002 a4000002 
28.06.2021 16:02:22.716  a4000002 a5000002 
28.06.2021 16:02:22.719  a4000002 a4000002 
28.06.2021 16:02:22.803  a5000002 a5000002 
28.06.2021 16:02:22.806  a4000002 a4000002 
28.06.2021 16:02:22.809  a5000002 a5000002 
28.06.2021 16:02:22.899  a4000002 a5000002 
28.06.2021 16:02:22.914  a5000002 a5000002 
28.06.2021 16:02:22.917  a4000002 a5000002 
28.06.2021 16:02:22.920  a4000002 a4000002 
28.06.2021 16:02:22.932  a4000002 a5000002 
28.06.2021 16:02:22.935  a4000002 a4000002 
28.06.2021 16:02:23.091  a4000002 a5000002 
28.06.2021 16:02:23.094  a4000002 a4000002 
28.06.2021 16:02:23.097  a4000002 a5000002 
28.06.2021 16:02:23.151  a4000002 a4000002 
28.06.2021 16:02:23.166  a4000002 a5000002 
28.06.2021 16:02:23.169  a4000002 a4000002 
28.06.2021 16:02:23.403  a4000002 a5000002 
28.06.2021 16:02:23.469  a4000002 a4000002 
28.06.2021 16:02:23.472  a4000002 a5000002 
28.06.2021 16:02:23.475  a4000002 a4000002 
28.06.2021 16:02:23.613  a5000002 a4000002 
28.06.2021 16:02:23.616  a4000002 a4000002 
28.06.2021 16:02:23.619  a5000002 a4000002 
28.06.2021 16:02:23.691  a4000002 a4000002 
28.06.2021 16:02:23.706  a5000002 a4000002 
28.06.2021 16:02:23.709  a4000002 a4000002 
28.06.2021 16:02:23.889  a5000002 a5000002 
28.06.2021 16:02:23.904  a4000002 a4000002 
28.06.2021 16:02:23.907  a5000002 a5000002 
28.06.2021 16:02:23.997  a4000002 a5000002 
28.06.2021 16:02:24.012  a5000002 a5000002 
28.06.2021 16:02:24.015  a4000002 a5000002 
28.06.2021 16:02:24.018  a4000002 a4000002 
28.06.2021 16:02:24.030  a4000002 a5000002 
28.06.2021 16:02:24.033  a4000002 a4000002 
28.06.2021 16:02:24.117  a5000002 a5000002 
28.06.2021 16:02:24.120  a4000002 a4000002 
28.06.2021 16:02:24.123  a5000002 a5000002 
28.06.2021 16:02:24.213  a4000002 a5000002 
28.06.2021 16:02:24.228  a5000002 a5000002 
28.06.2021 16:02:24.231  a4000002 a5000002 
28.06.2021 16:02:24.234  a4000002 a4000002 
28.06.2021 16:02:24.246  a4000002 a5000002 
28.06.2021 16:02:24.249  a4000002 a4000002 
28.06.2021 16:02:24.342  a5000002 a5000002 
28.06.2021 16:02:24.354  a4000002 a4000002 
28.06.2021 16:02:24.357  a5000002 a5000002 
28.06.2021 16:02:24.447  a4000002 a5000002 
28.06.2021 16:02:24.462  a5000002 a5000002 
28.06.2021 16:02:24.465  a4000002 a5000002 
28.06.2021 16:02:24.468  a4000002 a4000002 
28.06.2021 16:02:24.480  a4000002 a5000002 
28.06.2021 16:02:24.483  a4000002 a4000002 
28.06.2021 16:02:24.567  a5000002 a5000002 
28.06.2021 16:02:24.570  a4000002 a4000002 
28.06.2021 16:02:24.573  a5000002 a5000002 
28.06.2021 16:02:24.663  a4000002 a5000002 
28.06.2021 16:02:24.678  a5000002 a5000002 
28.06.2021 16:02:24.681  a4000002 a5000002 
28.06.2021 16:02:24.684  a4000002 a4000002 
28.06.2021 16:02:24.696  a4000002 a5000002 
28.06.2021 16:02:24.699  a4000002 a4000002 
28.06.2021 16:02:27.561  a4000002 a5000002 
28.06.2021 16:02:27.576  a4000002 a4000002 
28.06.2021 16:02:27.579  a4000002 a5000002 
28.06.2021 16:02:27.633  a4000002 a4000002 
28.06.2021 16:02:27.648  a4000002 a5000002 
28.06.2021 16:02:27.651  a4000002 a4000002 
28.06.2021 16:02:54.570  a4000003 a4000003 
28.06.2021 16:02:54.573  a4000003 ac000003 
28.06.2021 16:02:54.576  a4000002 a4000002 
28.06.2021 16:02:54.579  a4000003 ac000003 
28.06.2021 16:02:54.591  a4000002 ac000002 
28.06.2021 16:02:54.594  a4000003 ac000003 
28.06.2021 16:02:54.597  a4000002 ac000002 
28.06.2021 16:02:54.606  a4000002 a4000002 
28.06.2021 16:02:54.612  a4000002 ac000002 
28.06.2021 16:02:54.615  a4000002 a4000002 
28.06.2021 16:02:54.696  a4000002 ac000002 
28.06.2021 16:02:54.702  a4000002 a4000002 
28.06.2021 16:02:54.705  a4000002 ac000002 
28.06.2021 16:02:54.732  a4000002 a4000002 
28.06.2021 16:02:54.738  a4000002 ac000002 
28.06.2021 16:02:54.741  a4000002 a4000002 
28.06.2021 16:02:54.858  a4000003 a4000003 
28.06.2021 16:02:54.864  a4000002 a4000002 
28.06.2021 16:02:54.867  a4000003 ac000003 
28.06.2021 16:02:54.894  a4000003 a4000003 
28.06.2021 16:02:54.900  a4000003 ac000003 
28.06.2021 16:02:54.903  a4000003 a4000003 
28.06.2021 16:02:55.011  a5000003 a5000003 
28.06.2021 16:02:55.026  a4000003 a4000003 
28.06.2021 16:02:55.029  a5000003 a5000003 
28.06.2021 16:02:55.119  a4000003 a5000003 
28.06.2021 16:02:55.134  a5000003 a5000003 
28.06.2021 16:02:55.137  a4000003 a5000003 
28.06.2021 16:02:55.140  a4000003 a4000003 
28.06.2021 16:02:55.152  a4000003 a5000003 
28.06.2021 16:02:55.155  a4000003 a4000003 
28.06.2021 16:02:55.233  a5000003 a5000003 
28.06.2021 16:02:55.242  a4000003 a4000003 
28.06.2021 16:02:55.245  a5000003 a5000003 
28.06.2021 16:02:55.335  a4000003 a5000003 
28.06.2021 16:02:55.350  a5000003 a5000003 
28.06.2021 16:02:55.353  a4000003 a5000003 
28.06.2021 16:02:55.356  a4000003 a4000003 
28.06.2021 16:02:55.368  a4000003 a5000003 
28.06.2021 16:02:55.371  a4000003 a4000003 
28.06.2021 16:07:03.654  a4000001 a4000001 
28.06.2021 16:07:03.657  24000001 24800001 
28.06.2021 16:07:03.663  a4000003 a4000003 
28.06.2021 16:07:03.666  24000001 24800001 
28.06.2021 16:07:03.672  24000001 24000001 
28.06.2021 16:07:03.681  24000001 24800001 
28.06.2021 16:07:03.684  24000001 24000001 

Servicedata V1.0 PLC:\DEBUG\SlaveStateA.service.trace created 28.06.2021 19:07:28 (local time)
hostname: hu, Software: 606421 04, built: 08.10.2014 08:59
-----------------------------------------------------------------------------------------------
                     ms  Virtual BusModule state(s)
28.06.2021 16:54:47.994  24000000 2c000000 
28.06.2021 16:54:48.009  00000000 00000000 
28.06.2021 16:54:48.012  24000000 2c000000 
28.06.2021 16:54:48.153  24000001 2c000000 
28.06.2021 16:54:48.156  24000000 2c000000 
28.06.2021 16:54:48.159  24000001 2c000000 
28.06.2021 16:54:48.162  24000001 2c000001 
28.06.2021 16:54:48.177  24000001 2c000000 
28.06.2021 16:54:48.180  24000001 2c000001 
28.06.2021 16:54:48.291  24000001 24000001 
28.06.2021 16:54:48.303  24000001 2c000001 
28.06.2021 16:54:48.306  24000001 24000001 
28.06.2021 16:55:03.843  24000002 24000002 
28.06.2021 16:55:03.846  a4000002 a4000002 
28.06.2021 16:55:03.852  24000001 24000001 
28.06.2021 16:55:03.855  a4000002 a4000002 
28.06.2021 16:55:04.092  a4000002 a5000002 
28.06.2021 16:55:04.104  a4000002 a4000002 
28.06.2021 16:55:04.107  a4000002 a5000002 
28.06.2021 16:55:04.161  a4000002 a4000002 
28.06.2021 16:55:04.176  a4000002 a5000002 
28.06.2021 16:55:04.179  a4000002 a4000002 
28.06.2021 16:55:04.293  a5000002 a5000002 
28.06.2021 16:55:04.302  a4000002 a4000002 
28.06.2021 16:55:04.305  a5000002 a5000002 
28.06.2021 16:55:04.383  a4000002 a5000002 
28.06.2021 16:55:04.392  a5000002 a5000002 
28.06.2021 16:55:04.395  a4000002 a5000002 
28.06.2021 16:55:04.404  a4000002 a4000002 
28.06.2021 16:55:04.410  a4000002 a5000002 
28.06.2021 16:55:04.413  a4000002 a4000002 
28.06.2021 16:55:07.494  a5000002 a5000002 
28.06.2021 16:55:07.506  a4000002 a4000002 
28.06.2021 16:55:07.509  a5000002 a5000002 
28.06.2021 16:55:07.590  a4000002 a5000002 
28.06.2021 16:55:07.596  a5000002 a5000002 
28.06.2021 16:55:07.599  a4000002 a5000002 
28.06.2021 16:55:07.608  a4000002 a4000002 
28.06.2021 16:55:07.614  a4000002 a5000002 
28.06.2021 16:55:07.617  a4000002 a4000002 
28.06.2021 16:55:07.707  a5000002 a5000002 
28.06.2021 16:55:07.815  a4000002 a5000002 
28.06.2021 16:55:07.833  a4000002 a4000002 
28.06.2021 16:55:07.848  a4000002 a5000002 
28.06.2021 16:55:07.851  a4000002 a4000002 
28.06.2021 16:55:07.923  a5000002 a5000002 
28.06.2021 16:55:07.938  a4000002 a4000002 
28.06.2021 16:55:07.941  a5000002 a5000002 
28.06.2021 16:55:08.019  a4000002 a5000002 
28.06.2021 16:55:08.028  a5000002 a5000002 
28.06.2021 16:55:08.031  a4000002 a5000002 
28.06.2021 16:55:08.040  a4000002 a4000002 
28.06.2021 16:55:08.046  a4000002 a5000002 
28.06.2021 16:55:08.049  a4000002 a4000002 
28.06.2021 16:55:08.265  a5000002 a5000002 
28.06.2021 16:55:08.280  a4000002 a4000002 
28.06.2021 16:55:08.283  a5000002 a5000002 
28.06.2021 16:55:08.451  a4000002 a5000002 
28.06.2021 16:55:08.460  a5000002 a5000002 
28.06.2021 16:55:08.463  a4000002 a5000002 
28.06.2021 16:55:08.472  a4000002 a4000002 
28.06.2021 16:55:08.478  a4000002 a5000002 
28.06.2021 16:55:08.481  a4000002 a4000002 
28.06.2021 16:55:08.577  a5000002 a5000002 
28.06.2021 16:55:08.586  a4000002 a4000002 
28.06.2021 16:55:08.589  a5000002 a5000002 
28.06.2021 16:55:08.691  a4000002 a5000002 
28.06.2021 16:55:08.694  a5000002 a5000002 
28.06.2021 16:55:08.697  a4000002 a5000002 
28.06.2021 16:55:08.715  a4000002 a4000002 
28.06.2021 16:55:08.829  a5000002 a5000002 
28.06.2021 16:55:08.838  a4000002 a4000002 
28.06.2021 16:55:08.841  a5000002 a5000002 
28.06.2021 16:55:08.943  a4000002 a5000002 
28.06.2021 16:55:08.946  a5000002 a5000002 
28.06.2021 16:55:08.949  a4000002 a5000002 
28.06.2021 16:55:08.967  a4000002 a4000002 
28.06.2021 16:55:09.057  a5000002 a5000002 
28.06.2021 16:55:09.072  a4000002 a4000002 
28.06.2021 16:55:09.075  a5000002 a5000002 
28.06.2021 16:55:09.165  a4000002 a5000002 
28.06.2021 16:55:09.180  a5000002 a5000002 
28.06.2021 16:55:09.183  a4000002 a5000002 
28.06.2021 16:55:09.186  a4000002 a4000002 
28.06.2021 16:55:09.198  a4000002 a5000002 
28.06.2021 16:55:09.201  a4000002 a4000002 
28.06.2021 16:55:09.291  a4000002 a5000002 
28.06.2021 16:55:09.297  a5000002 a5000002 
28.06.2021 16:55:09.306  a4000002 a5000002 
28.06.2021 16:55:09.309  a5000002 a5000002 
28.06.2021 16:55:09.369  a4000002 a5000002 
28.06.2021 16:55:09.378  a5000002 a5000002 
28.06.2021 16:55:09.381  a4000002 a5000002 
28.06.2021 16:55:09.390  a4000002 a4000002 
28.06.2021 16:55:09.396  a4000002 a5000002 
28.06.2021 16:55:09.399  a4000002 a4000002 
28.06.2021 16:55:09.477  a5000002 a5000002 
28.06.2021 16:55:09.486  a4000002 a4000002 
28.06.2021 16:55:09.489  a5000002 a5000002 
28.06.2021 16:55:10.416  a4000002 a5000002 
28.06.2021 16:55:10.422  a5000002 a5000002 
28.06.2021 16:55:10.425  a4000002 a5000002 
28.06.2021 16:55:10.434  a4000002 a4000002 
28.06.2021 16:55:10.440  a4000002 a5000002 
28.06.2021 16:55:10.443  a4000002 a4000002 
28.06.2021 16:55:10.533  a5000002 a5000002 
28.06.2021 16:55:10.626  a4000002 a5000002 
28.06.2021 16:55:10.638  a5000002 a5000002 
28.06.2021 16:55:10.641  a4000002 a5000002 
28.06.2021 16:55:10.644  a4000002 a4000002 
28.06.2021 16:55:10.656  a4000002 a5000002 
28.06.2021 16:55:10.659  a4000002 a4000002 
28.06.2021 16:55:10.743  a5000002 a5000002 
28.06.2021 16:55:10.746  a4000002 a4000002 
28.06.2021 16:55:10.749  a5000002 a5000002 
28.06.2021 16:55:11.037  a4000002 a5000002 
28.06.2021 16:55:11.055  a4000002 a4000002 
28.06.2021 16:55:11.070  a4000002 a5000002 
28.06.2021 16:55:11.073  a4000002 a4000002 
28.06.2021 16:55:11.169  a5000002 a5000002 
28.06.2021 16:55:11.178  a4000002 a4000002 
28.06.2021 16:55:11.181  a5000002 a5000002 
28.06.2021 16:55:11.271  a4000002 a5000002 
28.06.2021 16:55:11.286  a5000002 a5000002 
28.06.2021 16:55:11.289  a4000002 a5000002 
28.06.2021 16:55:11.292  a4000002 a4000002 
28.06.2021 16:55:11.304  a4000002 a5000002 
28.06.2021 16:55:11.307  a4000002 a4000002 
28.06.2021 16:55:11.349  a5000002 a4000002 
28.06.2021 16:55:11.358  a4000002 a4000002 
28.06.2021 16:55:11.361  a5000002 a4000002 
28.06.2021 16:55:11.400  a4000002 a4000002 
28.06.2021 16:55:11.412  a5000002 a4000002 
28.06.2021 16:55:11.415  a4000002 a4000002 
28.06.2021 16:55:11.577  a4000002 a5000002 
28.06.2021 16:55:11.622  a4000002 a4000002 
28.06.2021 16:55:11.628  a4000002 a5000002 
28.06.2021 16:55:11.631  a4000002 a4000002 
28.06.2021 16:55:11.691  a4000002 a5000002 
28.06.2021 16:55:11.700  a4000002 a4000002 
28.06.2021 16:55:11.703  a4000002 a5000002 
28.06.2021 16:55:11.757  a4000002 a4000002 
28.06.2021 16:55:11.772  a4000002 a5000002 
28.06.2021 16:55:11.775  a4000002 a4000002 
28.06.2021 16:55:11.838  a5000002 a5000002 
28.06.2021 16:55:11.844  a4000002 a4000002 
28.06.2021 16:55:11.847  a5000002 a5000002 
28.06.2021 16:55:11.919  a4000002 a5000002 
28.06.2021 16:55:11.937  a4000002 a4000002 
28.06.2021 16:55:11.952  a4000002 a5000002 
28.06.2021 16:55:11.955  a4000002 a4000002 
28.06.2021 16:55:12.051  a5000002 a5000002 
28.06.2021 16:55:12.060  a4000002 a4000002 
28.06.2021 16:55:12.063  a5000002 a5000002 
28.06.2021 16:55:12.153  a4000002 a5000002 
28.06.2021 16:55:12.168  a5000002 a5000002 
28.06.2021 16:55:12.171  a4000002 a5000002 
28.06.2021 16:55:12.174  a4000002 a4000002 
28.06.2021 16:55:12.186  a4000002 a5000002 
28.06.2021 16:55:12.189  a4000002 a4000002 
28.06.2021 16:55:12.273  a5000002 a5000002 
28.06.2021 16:55:12.276  a4000002 a4000002 
28.06.2021 16:55:12.279  a5000002 a5000002 
28.06.2021 16:55:12.369  a4000002 a5000002 
28.06.2021 16:55:12.384  a5000002 a5000002 
28.06.2021 16:55:12.387  a4000002 a5000002 
28.06.2021 16:55:12.390  a4000002 a4000002 
28.06.2021 16:55:12.402  a4000002 a5000002 
28.06.2021 16:55:12.405  a4000002 a4000002 
28.06.2021 16:55:12.501  a5000002 a5000002 
28.06.2021 16:55:12.510  a4000002 a4000002 
28.06.2021 16:55:12.513  a5000002 a5000002 
28.06.2021 16:55:12.603  a4000002 a5000002 
28.06.2021 16:55:12.618  a5000002 a5000002 
28.06.2021 16:55:12.621  a4000002 a5000002 
28.06.2021 16:55:12.624  a4000002 a4000002 
28.06.2021 16:55:12.636  a4000002 a5000002 
28.06.2021 16:55:12.639  a4000002 a4000002 
28.06.2021 16:55:12.723  a5000002 a5000002 
28.06.2021 16:55:12.726  a4000002 a4000002 
28.06.2021 16:55:12.729  a5000002 a5000002 
28.06.2021 16:55:12.819  a4000002 a5000002 
28.06.2021 16:55:12.834  a5000002 a5000002 
28.06.2021 16:55:12.837  a4000002 a5000002 
28.06.2021 16:55:12.840  a4000002 a4000002 
28.06.2021 16:55:12.852  a4000002 a5000002 
28.06.2021 16:55:12.855  a4000002 a4000002 
28.06.2021 16:55:13.002  a4000002 a5000002 
28.06.2021 16:55:13.014  a4000002 a4000002 
28.06.2021 16:55:13.017  a4000002 a5000002 
28.06.2021 16:55:13.071  a4000002 a4000002 
28.06.2021 16:55:13.086  a4000002 a5000002 
28.06.2021 16:55:13.089  a4000002 a4000002 
28.06.2021 16:55:13.311  a4000002 a5000002 
28.06.2021 16:55:13.320  a4000002 a4000002 
28.06.2021 16:55:13.323  a4000002 a5000002 
28.06.2021 16:55:13.524  a4000002 a4000002 
28.06.2021 16:55:13.536  a4000002 a5000002 
28.06.2021 16:55:13.539  a4000002 a4000002 
28.06.2021 16:55:13.674  a5000002 a4000002 
28.06.2021 16:55:13.680  a4000002 a4000002 
28.06.2021 16:55:13.683  a5000002 a4000002 
28.06.2021 16:55:13.755  a4000002 a4000002 
28.06.2021 16:55:13.953  a5000002 a5000002 
28.06.2021 16:55:14.043  a4000002 a5000002 
28.06.2021 16:55:14.058  a5000002 a5000002 
28.06.2021 16:55:14.061  a4000002 a5000002 
28.06.2021 16:55:14.064  a4000002 a4000002 
28.06.2021 16:55:14.076  a4000002 a5000002 
28.06.2021 16:55:14.079  a4000002 a4000002 
28.06.2021 16:55:14.163  a5000002 a5000002 
28.06.2021 16:55:14.166  a4000002 a4000002 
28.06.2021 16:55:14.169  a5000002 a5000002 
28.06.2021 16:55:14.259  a4000002 a5000002 
28.06.2021 16:55:14.274  a5000002 a5000002 
28.06.2021 16:55:14.277  a4000002 a5000002 
28.06.2021 16:55:14.280  a4000002 a4000002 
28.06.2021 16:55:14.292  a4000002 a5000002 
28.06.2021 16:55:14.295  a4000002 a4000002 
28.06.2021 16:55:14.388  a5000002 a5000002 
28.06.2021 16:55:14.400  a4000002 a4000002 
28.06.2021 16:55:14.403  a5000002 a5000002 
28.06.2021 16:55:14.493  a4000002 a5000002 
28.06.2021 16:55:14.508  a5000002 a5000002 
28.06.2021 16:55:14.511  a4000002 a5000002 
28.06.2021 16:55:14.514  a4000002 a4000002 
28.06.2021 16:55:14.526  a4000002 a5000002 
28.06.2021 16:55:14.529  a4000002 a4000002 
28.06.2021 16:55:14.613  a5000002 a5000002 
28.06.2021 16:55:14.616  a4000002 a4000002 
28.06.2021 16:55:14.619  a5000002 a5000002 
28.06.2021 16:55:14.709  a4000002 a5000002 
28.06.2021 16:55:14.724  a5000002 a5000002 
28.06.2021 16:55:14.727  a4000002 a5000002 
28.06.2021 16:55:14.730  a4000002 a4000002 
28.06.2021 16:55:14.742  a4000002 a5000002 
28.06.2021 16:55:14.745  a4000002 a4000002 
28.06.2021 16:55:17.475  a4000002 a5000002 
28.06.2021 16:55:17.478  a4000002 a4000002 
28.06.2021 16:55:17.481  a4000002 a5000002 
28.06.2021 16:55:17.535  a4000002 a4000002 
28.06.2021 16:55:17.550  a4000002 a5000002 
28.06.2021 16:55:17.553  a4000002 a4000002 
28.06.2021 16:55:20.370  a4000003 a4000003 
28.06.2021 16:55:20.373  a4000003 ac000003 
28.06.2021 16:55:20.376  a4000002 a4000002 
28.06.2021 16:55:20.379  a4000003 ac000003 
28.06.2021 16:55:20.397  a4000002 ac000002 
28.06.2021 16:55:20.406  a4000002 a4000002 
28.06.2021 16:55:20.412  a4000002 ac000002 
28.06.2021 16:55:20.415  a4000002 a4000002 
28.06.2021 16:55:20.499  a4000002 ac000002 
28.06.2021 16:55:20.502  a4000002 a4000002 
28.06.2021 16:55:20.505  a4000002 ac000002 
28.06.2021 16:55:20.532  a4000002 a4000002 
28.06.2021 16:55:20.538  a4000002 ac000002 
28.06.2021 16:55:20.541  a4000002 a4000002 
28.06.2021 16:55:20.658  a4000003 a4000003 
28.06.2021 16:55:20.664  a4000002 a4000002 
28.06.2021 16:55:20.667  a4000003 ac000003 
28.06.2021 16:55:20.694  a4000003 a4000003 
28.06.2021 16:55:20.700  a4000003 ac000003 
28.06.2021 16:55:20.703  a4000003 a4000003 
28.06.2021 16:55:20.811  a5000003 a5000003 
28.06.2021 16:55:20.826  a4000003 a4000003 
28.06.2021 16:55:20.829  a5000003 a5000003 
28.06.2021 16:55:20.919  a4000003 a5000003 
28.06.2021 16:55:20.934  a5000003 a5000003 
28.06.2021 16:55:20.937  a4000003 a5000003 
28.06.2021 16:55:20.940  a4000003 a4000003 
28.06.2021 16:55:20.952  a4000003 a5000003 
28.06.2021 16:55:20.955  a4000003 a4000003 
28.06.2021 16:55:21.033  a5000003 a5000003 
28.06.2021 16:55:21.042  a4000003 a4000003 
28.06.2021 16:55:21.045  a5000003 a5000003 
28.06.2021 16:55:21.135  a4000003 a5000003 
28.06.2021 16:55:21.150  a5000003 a5000003 
28.06.2021 16:55:21.153  a4000003 a5000003 
28.06.2021 16:55:21.159  a4000003 a4000003 
28.06.2021 16:55:21.168  a4000003 a5000003 
28.06.2021 16:55:21.171  a4000003 a4000003 
28.06.2021 18:01:35.064  a4000002 a4000002 
28.06.2021 18:01:35.070  a4000003 a4000003 
28.06.2021 18:01:35.073  a4000002 ac000002 
28.06.2021 18:01:35.089  a4000002 a4000002 
28.06.2021 18:01:35.091  a4000002 ac000002 
28.06.2021 18:01:35.118  a4000002 a4000002 
28.06.2021 18:01:35.124  a4000002 ac000002 
28.06.2021 18:01:35.127  a4000002 a4000002 
28.06.2021 18:10:11.709  a4000003 ac000003 
28.06.2021 18:10:11.712  a4000002 a4000002 
28.06.2021 18:10:11.715  a4000003 ac000003 
28.06.2021 18:10:11.742  a4000003 a4000003 
28.06.2021 18:10:11.748  a4000003 ac000003 
28.06.2021 18:10:11.751  a4000003 a4000003 
28.06.2021 18:27:28.790  a4000002 a4000002 
28.06.2021 18:27:28.793  a4000003 a4000003 
28.06.2021 18:27:28.796  a4000002 ac000002 
28.06.2021 18:27:28.811  a4000002 a4000002 
28.06.2021 18:27:28.814  a4000002 ac000002 
28.06.2021 18:27:28.841  a4000002 a4000002 
28.06.2021 18:27:28.847  a4000002 ac000002 
28.06.2021 18:27:28.850  a4000002 a4000002 
28.06.2021 18:30:09.979  a4000003 a4000003 
28.06.2021 18:30:09.982  a4000003 ac000003 
28.06.2021 18:30:09.985  a4000002 a4000002 
28.06.2021 18:30:09.988  a4000003 ac000003 
28.06.2021 18:30:10.015  a4000003 a4000003 
28.06.2021 18:30:10.021  a4000003 ac000003 
28.06.2021 18:30:10.024  a4000003 a4000003 
28.06.2021 18:51:26.093  a4000002 a4000002 
28.06.2021 18:51:26.102  a4000002 ac000002 
28.06.2021 18:51:26.108  a4000003 a4000003 
28.06.2021 18:51:26.111  a4000002 ac000002 
28.06.2021 18:51:26.138  a4000002 a4000002 
28.06.2021 18:51:26.144  a4000002 ac000002 
28.06.2021 18:51:26.147  a4000002 a4000002 
28.06.2021 19:00:27.296  a4000003 a4000003 
28.06.2021 19:00:27.299  a4000003 ac000003 
28.06.2021 19:00:27.302  a4000002 a4000002 
28.06.2021 19:00:27.305  a4000003 ac000003 
28.06.2021 19:00:27.332  a4000003 a4000003 
28.06.2021 19:00:27.338  a4000003 ac000003 
28.06.2021 19:00:27.341  a4000003 a4000003 
