
Servicedata V1.0 PLC:\DEBUG\Pcin0_1.service.trace created 03.06.2021 11:37:44 (local time)
hostname: hu, Software: 606421 04, built: 08.10.2014 08:59
-------------------------------------------------------------------------------------------
                    ms   pcin1_0
03.06.2021 11:23:59.774  00844000
03.06.2021 11:29:14.300  00844400
03.06.2021 11:29:14.498  00844000
03.06.2021 11:30:12.909  00844400
03.06.2021 11:30:12.999  0084c000
03.06.2021 11:30:22.647  00844000
03.06.2021 11:30:23.817  00844400
03.06.2021 11:30:23.889  0084c000
03.06.2021 11:30:33.663  00844000
03.06.2021 11:30:48.873  00844400
03.06.2021 11:30:49.071  00844000
03.06.2021 11:31:15.819  00844400
03.06.2021 11:31:16.017  00844000
03.06.2021 11:31:26.169  00844400
03.06.2021 11:31:26.349  00844000
03.06.2021 11:31:31.749  00844400
03.06.2021 11:31:31.947  00844000
03.06.2021 11:31:36.213  00844400
03.06.2021 11:31:36.429  00844000
03.06.2021 11:31:43.306  00844400
03.06.2021 11:31:43.522  00844000
03.06.2021 11:33:40.361  01244000
03.06.2021 11:33:40.469  00244000
03.06.2021 11:33:44.087  00444000
03.06.2021 11:33:48.173  00844000
03.06.2021 11:33:51.755  00844400
03.06.2021 11:33:52.025  00844000
03.06.2021 11:33:57.425  0084c000
03.06.2021 11:34:14.723  00844000
03.06.2021 11:34:20.321  0084c000
03.06.2021 11:34:28.601  00844000
03.06.2021 11:34:28.799  0084c000
03.06.2021 11:34:31.967  00844000
03.06.2021 11:36:49.021  0084c000
03.06.2021 11:37:09.955  00844000
03.06.2021 11:37:25.039  00844400
03.06.2021 11:37:25.111  0084c000
03.06.2021 11:37:36.973  00844000
03.06.2021 11:37:44.209  80844000
03.06.2021 11:37:44.227  80000000

Servicedata V1.0 PLC:\DEBUG\Pcin0_1.service.trace created 03.06.2021 11:48:39 (local time)
hostname: hu, Software: 606421 04, built: 08.10.2014 08:59
-------------------------------------------------------------------------------------------
                    ms   pcin1_0
03.06.2021 11:40:24.996  00844000
03.06.2021 11:40:29.973  00844400
03.06.2021 11:40:30.261  00844000
03.06.2021 11:40:59.710  00844400
03.06.2021 11:40:59.728  00844000
03.06.2021 11:41:00.484  00844400
03.06.2021 11:41:00.502  00844000
03.06.2021 11:41:28.438  00844400
03.06.2021 11:41:28.654  00844000
03.06.2021 11:41:29.392  00844400
03.06.2021 11:41:29.464  00804400
03.06.2021 11:41:29.590  00804000
03.06.2021 11:41:37.906  00844000
03.06.2021 11:42:12.034  00844400
03.06.2021 11:42:12.178  00804400
03.06.2021 11:42:12.268  00804000
03.06.2021 11:42:19.325  00844000
03.06.2021 11:42:55.523  00844400
03.06.2021 11:42:55.721  00844000
03.06.2021 11:42:56.207  00804000
03.06.2021 11:42:56.477  00804400
03.06.2021 11:42:56.585  00804000
03.06.2021 11:43:04.613  00844000
03.06.2021 11:44:19.134  00844400
03.06.2021 11:44:19.350  00844000
03.06.2021 11:44:29.898  0084c000
03.06.2021 11:44:34.524  00844000
03.06.2021 11:44:48.366  0084c000
03.06.2021 11:45:01.272  00844000
03.06.2021 11:45:02.244  0084c000
03.06.2021 11:45:03.126  00844400
03.06.2021 11:45:03.270  00844000
03.06.2021 11:45:03.936  00844400
03.06.2021 11:45:04.098  00844000
03.06.2021 11:45:04.152  00804000
03.06.2021 11:45:13.350  00844000
03.06.2021 11:45:50.089  00844400
03.06.2021 11:45:50.251  00844000
03.06.2021 11:45:50.989  00844400
03.06.2021 11:45:51.169  00844000
03.06.2021 11:45:51.709  00844400
03.06.2021 11:45:51.925  00844000
03.06.2021 11:45:52.195  00804000
03.06.2021 11:46:01.393  00844000
03.06.2021 11:46:12.193  00844400
03.06.2021 11:46:12.355  00804400
03.06.2021 11:46:12.481  00804000
03.06.2021 11:46:19.519  00844000
03.06.2021 11:46:47.707  00844400
03.06.2021 11:46:47.869  00804400
03.06.2021 11:46:47.941  00804000
03.06.2021 11:46:56.293  00844000
03.06.2021 11:47:25.184  0084c000
03.06.2021 11:47:35.300  00844000
03.06.2021 11:47:49.790  00844400
03.06.2021 11:47:49.988  00844000
03.06.2021 11:47:51.914  00844400
03.06.2021 11:47:51.986  00804400
03.06.2021 11:47:52.166  00804000
03.06.2021 11:48:00.392  00844000
03.06.2021 11:48:39.183  80844000
03.06.2021 11:48:39.201  80000000

Servicedata V1.0 PLC:\DEBUG\Pcin0_1.service.trace created 03.06.2021 18:48:42 (local time)
hostname: hu, Software: 606421 04, built: 08.10.2014 08:59
-------------------------------------------------------------------------------------------
                    ms   pcin1_0
03.06.2021 18:46:44.294  00844000
03.06.2021 18:46:51.602  00844400
03.06.2021 18:46:51.854  00844000
03.06.2021 18:46:52.286  00844400
03.06.2021 18:46:52.304  00844000
03.06.2021 18:46:52.880  00844400
03.06.2021 18:46:52.898  00844000
03.06.2021 18:47:38.618  00844400
03.06.2021 18:47:38.834  00804400
03.06.2021 18:47:38.888  00804000
03.06.2021 18:47:47.294  00844000
03.06.2021 18:47:47.654  01244000
03.06.2021 18:47:47.744  00244000
03.06.2021 18:47:56.276  0024c000
03.06.2021 18:47:56.582  00244000
03.06.2021 18:47:58.202  00844000
03.06.2021 18:48:09.669  0084a000
03.06.2021 18:48:42.501  8084a000
03.06.2021 18:48:42.519  80002000

Servicedata V1.0 PLC:\DEBUG\Pcin0_1.service.trace created 03.06.2021 20:29:55 (local time)
hostname: hu, Software: 606421 04, built: 08.10.2014 08:59
-------------------------------------------------------------------------------------------
                    ms   pcin1_0
03.06.2021 19:19:49.247  00844000
03.06.2021 19:19:56.228  00844400
03.06.2021 19:19:56.534  00844000
03.06.2021 19:19:57.326  00844400
03.06.2021 19:19:57.344  00844000
03.06.2021 19:19:58.244  00844400
03.06.2021 19:19:58.262  00844000
03.06.2021 19:21:29.379  0084a000
03.06.2021 19:38:20.900  00844000
03.06.2021 19:39:00.698  00844100
03.06.2021 19:39:04.496  00844000
03.06.2021 19:39:04.550  00844100
03.06.2021 19:39:06.080  00844000
03.06.2021 19:39:06.116  00844100
03.06.2021 19:39:07.502  00844000
03.06.2021 19:39:36.159  0084a000
03.06.2021 20:04:14.406  00844000
03.06.2021 20:08:58.935  0084a000
03.06.2021 20:27:57.484  00844000
03.06.2021 20:28:20.272  0084a000
03.06.2021 20:28:41.926  00844000
03.06.2021 20:29:12.184  0084a000

Servicedata V1.0 PLC:\DEBUG\Pcin0_1.service.trace created 03.06.2021 21:38:07 (local time)
hostname: hu, Software: 606421 04, built: 08.10.2014 08:59
-------------------------------------------------------------------------------------------
                    ms   pcin1_0
03.06.2021 20:31:30.093  00844000
03.06.2021 20:31:41.625  00844400
03.06.2021 20:31:41.823  00844000
03.06.2021 20:31:46.845  00844400
03.06.2021 20:31:46.863  00844000
03.06.2021 20:31:48.339  00844400
03.06.2021 20:31:48.357  00844000
03.06.2021 20:52:37.049  0084a000
03.06.2021 20:58:35.180  00844000
03.06.2021 21:16:33.140  0084a000
03.06.2021 21:16:42.446  00844000
03.06.2021 21:17:12.596  00844400
03.06.2021 21:17:12.848  00844000
03.06.2021 21:17:14.324  00844400
03.06.2021 21:17:14.684  00844000
03.06.2021 21:17:20.768  00844400
03.06.2021 21:17:21.020  00844000
03.06.2021 21:17:21.398  01244000
03.06.2021 21:17:21.506  00244000
03.06.2021 21:17:42.063  00844000
03.06.2021 21:17:42.603  01444000
03.06.2021 21:17:42.693  00444000
03.06.2021 21:17:44.547  00404000
03.06.2021 21:18:05.823  0040c000
03.06.2021 21:18:06.201  00404000
03.06.2021 21:18:07.281  00844000
03.06.2021 21:18:45.423  00844400
03.06.2021 21:18:45.603  00844000
03.06.2021 21:18:46.719  01244000
03.06.2021 21:18:46.827  00244000
03.06.2021 21:18:55.557  0024c000
03.06.2021 21:18:55.755  00244000
03.06.2021 21:18:56.745  00844000
03.06.2021 21:19:16.960  00844400
03.06.2021 21:19:17.176  00844000
03.06.2021 21:19:18.238  01244000
03.06.2021 21:19:18.346  00244000
03.06.2021 21:19:27.976  00244400
03.06.2021 21:19:28.156  00244000
03.06.2021 21:19:28.858  00244400
03.06.2021 21:19:29.056  00244000
03.06.2021 21:19:32.134  0024c000
03.06.2021 21:19:32.476  00244000
03.06.2021 21:19:32.656  0024c000
03.06.2021 21:19:32.944  00244000
03.06.2021 21:19:34.258  00844000
03.06.2021 21:19:49.108  00844400
03.06.2021 21:19:49.324  00844000
03.06.2021 21:19:50.404  01244000
03.06.2021 21:19:50.494  00244000
03.06.2021 21:20:26.278  0024c000
03.06.2021 21:20:26.530  00244000
03.06.2021 21:20:27.304  00844000
03.06.2021 21:20:31.318  00864000
03.06.2021 21:20:31.552  00844000
03.06.2021 21:20:32.327  00864000
03.06.2021 21:20:32.435  00844000
03.06.2021 21:20:32.777  00864000
03.06.2021 21:20:32.939  00844000
03.06.2021 21:20:34.127  02864000
03.06.2021 21:20:34.595  00844000
03.06.2021 21:20:35.117  02864000
03.06.2021 21:20:35.351  00844000
03.06.2021 21:20:36.017  02864000
03.06.2021 21:20:36.197  00844000
03.06.2021 21:20:52.163  00844400
03.06.2021 21:20:52.379  00844000
03.06.2021 21:20:53.009  00844400
03.06.2021 21:20:53.135  00844000
03.06.2021 21:20:54.863  0084c000
03.06.2021 21:20:55.097  00844000
03.06.2021 21:20:55.439  0084c000
03.06.2021 21:20:55.601  00844000
03.06.2021 21:21:54.605  0084c000
03.06.2021 21:21:55.127  00844000
03.06.2021 21:21:55.505  0084c000
03.06.2021 21:21:55.757  00844000
03.06.2021 21:22:01.751  0084c000
03.06.2021 21:22:02.057  00844000
03.06.2021 21:23:09.594  00844400
03.06.2021 21:23:09.792  00804000
03.06.2021 21:23:18.558  00844000
03.06.2021 21:23:29.358  0084c000
03.06.2021 21:23:54.073  00844000
03.06.2021 21:23:56.287  0084c000
03.06.2021 21:23:57.007  00844400
03.06.2021 21:23:57.223  00844000
03.06.2021 21:24:00.427  00844400
03.06.2021 21:24:00.535  01244400
03.06.2021 21:24:00.571  01244000
03.06.2021 21:24:00.625  00244000
03.06.2021 21:24:24.403  0024c000
03.06.2021 21:24:24.637  00244000
03.06.2021 21:24:25.249  0024c000
03.06.2021 21:24:25.537  00244000
03.06.2021 21:24:25.897  00844000
03.06.2021 21:24:56.875  0084a000
03.06.2021 21:38:06.814  8084a000
03.06.2021 21:38:06.832  80002000

Servicedata V1.0 PLC:\DEBUG\Pcin0_1.service.trace created 03.06.2021 22:50:53 (local time)
hostname: hu, Software: 606421 04, built: 08.10.2014 08:59
-------------------------------------------------------------------------------------------
                    ms   pcin1_0
03.06.2021 22:21:30.162  0084c000
03.06.2021 22:21:32.817  00844000
03.06.2021 22:21:38.685  00844400
03.06.2021 22:21:38.883  00844000
03.06.2021 22:21:39.315  00844400
03.06.2021 22:21:39.333  00844000
03.06.2021 22:21:39.837  00844400
03.06.2021 22:21:39.855  00844000
03.06.2021 22:22:24.351  00844400
03.06.2021 22:22:24.459  00844000
03.06.2021 22:22:36.447  0084c000
03.06.2021 22:22:41.667  00844000
03.06.2021 22:22:43.179  0084c000
03.06.2021 22:22:43.971  00844400
03.06.2021 22:22:44.151  00844000
03.06.2021 22:22:44.997  00844400
03.06.2021 22:22:45.159  00844000
03.06.2021 22:22:45.213  00804000
03.06.2021 22:22:53.655  00844000
03.06.2021 22:22:54.016  01244000
03.06.2021 22:22:54.105  00244000
03.06.2021 22:23:06.058  00844000
03.06.2021 22:23:06.616  01444000
03.06.2021 22:23:06.706  00444000
03.06.2021 22:23:08.560  00404000
03.06.2021 22:23:08.992  00804000
03.06.2021 22:24:09.202  00844000
03.06.2021 22:24:09.724  00804000
03.06.2021 22:24:14.512  00844000
03.06.2021 22:24:15.268  00804000
03.06.2021 22:24:20.038  00844000
03.06.2021 22:24:20.560  00804000
03.06.2021 22:24:25.312  00844000
03.06.2021 22:24:34.277  00844400
03.06.2021 22:24:34.367  01244400
03.06.2021 22:24:34.475  00244400
03.06.2021 22:24:34.511  00244000
03.06.2021 22:24:45.617  00844000
03.06.2021 22:24:47.831  01444000
03.06.2021 22:24:47.939  00444000
03.06.2021 22:24:49.775  00404000
03.06.2021 22:24:50.441  00804000
03.06.2021 22:24:55.085  00844000
03.06.2021 22:24:55.607  00804000
03.06.2021 22:25:00.467  00844000
03.06.2021 22:25:01.223  00804000
03.06.2021 22:25:06.065  00844000
03.06.2021 22:25:06.587  00804000
03.06.2021 22:25:11.429  00844000
03.06.2021 22:43:29.279  00844400
03.06.2021 22:43:29.495  00804400
03.06.2021 22:43:29.513  00804000
03.06.2021 22:43:40.295  00844000
03.06.2021 22:43:40.727  01244000
03.06.2021 22:43:40.817  00244000
03.06.2021 22:43:52.733  00844000
03.06.2021 22:43:58.763  00844400
03.06.2021 22:43:58.907  00804400
03.06.2021 22:43:58.943  00804000
03.06.2021 22:44:06.377  00844000
03.06.2021 22:44:06.809  01244000
03.06.2021 22:44:06.917  00244000
03.06.2021 22:44:38.003  00844000
03.06.2021 22:44:42.575  00844400
03.06.2021 22:44:42.683  00844000
03.06.2021 22:44:42.719  00804000
03.06.2021 22:44:50.190  00844000
03.06.2021 22:44:50.622  01444000
03.06.2021 22:44:50.712  00444000
03.06.2021 22:44:52.980  00404000
03.06.2021 22:44:53.556  00804000
03.06.2021 22:44:59.010  00844000
03.06.2021 22:44:59.550  00804000
03.06.2021 22:45:05.166  00844000
03.06.2021 22:45:05.796  00804000
03.06.2021 22:45:11.430  00844000
03.06.2021 22:45:11.952  00804000
03.06.2021 22:45:17.568  00844000
03.06.2021 22:45:22.104  00844400
03.06.2021 22:45:22.248  00804400
03.06.2021 22:45:22.284  00804000
03.06.2021 22:45:29.808  00844000
03.06.2021 22:45:30.240  01244000
03.06.2021 22:45:30.330  00244000
03.06.2021 22:45:45.756  00844000
03.06.2021 22:45:54.144  00844400
03.06.2021 22:45:54.288  00804000
03.06.2021 22:46:01.776  00844000
03.06.2021 22:46:02.208  01244000
03.06.2021 22:46:02.298  00244000
03.06.2021 22:46:12.954  00844000
03.06.2021 22:46:18.174  00844400
03.06.2021 22:46:18.318  00804400
03.06.2021 22:46:18.444  00804000
03.06.2021 22:46:25.861  00844000
03.06.2021 22:46:26.293  01244000
03.06.2021 22:46:26.401  00244000
03.06.2021 22:47:13.219  00844000
03.06.2021 22:49:42.243  00844400
03.06.2021 22:49:42.369  00844000
03.06.2021 22:49:42.441  00804000
03.06.2021 22:49:50.001  00844000
03.06.2021 22:49:50.433  01244000
03.06.2021 22:49:50.523  00244000
03.06.2021 22:49:58.101  00844000
03.06.2021 22:50:02.493  00844400
03.06.2021 22:50:02.637  00804400
03.06.2021 22:50:02.781  00804000
03.06.2021 22:50:10.143  00844000
03.06.2021 22:50:10.575  01244000
03.06.2021 22:50:10.683  00244000
03.06.2021 22:50:36.171  00844000
03.06.2021 22:50:40.815  0084c000
03.06.2021 22:50:41.013  00844000
03.06.2021 22:50:41.535  0084c000
03.06.2021 22:50:41.751  00844000
03.06.2021 22:50:42.975  00844400
03.06.2021 22:50:43.119  00804000
03.06.2021 22:50:43.281  0080c000
03.06.2021 22:50:43.515  00804000
03.06.2021 22:50:44.523  00844000
03.06.2021 22:50:53.253  80844000
03.06.2021 22:50:53.271  80000000

Servicedata V1.0 PLC:\DEBUG\Pcin0_1.service.trace created 04.06.2021 01:18:43 (local time)
hostname: hu, Software: 606421 04, built: 08.10.2014 08:59
-------------------------------------------------------------------------------------------
                    ms   pcin1_0
03.06.2021 22:58:48.588  0084c000
03.06.2021 22:58:56.109  00844000
03.06.2021 22:58:59.062  00844400
03.06.2021 22:58:59.260  00844000
03.06.2021 22:58:59.692  00844400
03.06.2021 22:58:59.710  00844000
03.06.2021 22:59:00.214  00844400
03.06.2021 22:59:00.232  00844000
03.06.2021 22:59:04.714  00844400
03.06.2021 22:59:05.038  00844000
03.06.2021 22:59:08.008  00844400
03.06.2021 22:59:08.278  00844000
03.06.2021 22:59:08.980  00844400
03.06.2021 22:59:09.250  00844000
03.06.2021 22:59:09.664  00844400
03.06.2021 22:59:09.916  00844000
03.06.2021 22:59:10.258  00844400
03.06.2021 22:59:10.564  00844000
03.06.2021 22:59:10.834  00844400
03.06.2021 22:59:11.050  00844000
03.06.2021 23:02:49.248  00844100
03.06.2021 23:02:50.022  00844000
03.06.2021 23:05:39.008  00844100
03.06.2021 23:05:39.116  00844000
03.06.2021 23:05:39.692  00844100
03.06.2021 23:05:40.088  00844000
03.06.2021 23:05:40.466  00844100
03.06.2021 23:05:40.736  00844000
03.06.2021 23:05:41.042  00844100
03.06.2021 23:05:41.348  00844000
03.06.2021 23:05:41.690  00844100
03.06.2021 23:05:41.834  00844000
03.06.2021 23:05:42.122  00844100
03.06.2021 23:05:42.302  00844000
03.06.2021 23:05:51.446  00844100
03.06.2021 23:05:53.084  00844000
03.06.2021 23:05:54.164  00844100
03.06.2021 23:05:54.452  00844000
03.06.2021 23:05:56.162  00844100
03.06.2021 23:05:57.548  00844000
03.06.2021 23:06:19.040  00844100
03.06.2021 23:06:19.184  00844000
03.06.2021 23:06:19.598  00844100
03.06.2021 23:06:19.976  00844000
03.06.2021 23:06:20.246  00844100
03.06.2021 23:06:20.570  00844000
03.06.2021 23:06:20.858  00844100
03.06.2021 23:06:21.380  00844000
03.06.2021 23:06:21.542  00844100
03.06.2021 23:06:24.926  00844000
03.06.2021 23:06:25.214  00844100
03.06.2021 23:06:25.880  00844000
03.06.2021 23:06:26.114  00844100
03.06.2021 23:06:26.294  00844000
03.06.2021 23:06:43.484  00844100
03.06.2021 23:06:48.650  00844000
03.06.2021 23:06:49.406  00844100
03.06.2021 23:06:49.550  00844000
03.06.2021 23:06:49.730  00844100
03.06.2021 23:06:49.802  00844000
03.06.2021 23:07:09.513  00844100
03.06.2021 23:07:17.559  00844000
03.06.2021 23:07:25.713  00844100
03.06.2021 23:07:32.931  00844000
03.06.2021 23:07:33.759  00844100
03.06.2021 23:07:41.193  00844000
03.06.2021 23:07:41.985  00844100
03.06.2021 23:07:44.181  00844000
03.06.2021 23:08:48.514  00844100
03.06.2021 23:08:54.166  00844000
03.06.2021 23:08:54.490  00844100
03.06.2021 23:09:01.024  00844000
03.06.2021 23:09:21.976  00844100
03.06.2021 23:09:29.068  00844000
03.06.2021 23:09:30.166  00844100
03.06.2021 23:09:36.556  00844000
03.06.2021 23:09:37.330  00844100
03.06.2021 23:09:37.474  00844000
03.06.2021 23:09:37.798  00844100
03.06.2021 23:09:37.888  00844000
03.06.2021 23:09:52.504  00844100
03.06.2021 23:10:02.638  00844000
03.06.2021 23:10:03.556  00844100
03.06.2021 23:10:11.746  00844000
03.06.2021 23:10:12.286  00844100
03.06.2021 23:10:13.798  00844000
03.06.2021 23:10:42.005  00844100
03.06.2021 23:10:53.939  00844000
03.06.2021 23:11:01.913  00844100
03.06.2021 23:11:03.029  00844000
03.06.2021 23:11:05.351  00844100
03.06.2021 23:11:09.041  00844000
03.06.2021 23:11:24.647  00844100
03.06.2021 23:11:28.211  00844000
03.06.2021 23:11:35.465  00844100
03.06.2021 23:11:36.041  00844000
03.06.2021 23:11:36.401  00844100
03.06.2021 23:11:40.685  00844000
03.06.2021 23:11:40.793  00844100
03.06.2021 23:11:41.675  00844000
03.06.2021 23:12:02.016  00844100
03.06.2021 23:12:06.534  00844000
03.06.2021 23:12:06.804  00844100
03.06.2021 23:12:06.984  00844000
03.06.2021 23:12:19.224  00844100
03.06.2021 23:12:24.678  00844000
03.06.2021 23:12:25.128  00844100
03.06.2021 23:12:25.344  00844000
03.06.2021 23:12:25.650  00844100
03.06.2021 23:12:25.920  00844000
03.06.2021 23:12:26.316  00844100
03.06.2021 23:12:26.946  00844000
03.06.2021 23:12:37.260  00844100
03.06.2021 23:12:45.720  00844000
03.06.2021 23:12:46.044  00844100
03.06.2021 23:12:52.902  00844000
03.06.2021 23:12:52.974  00844100
03.06.2021 23:12:53.046  00844000
03.06.2021 23:13:03.306  00844100
03.06.2021 23:13:14.160  00844000
03.06.2021 23:13:25.554  00844100
03.06.2021 23:13:26.238  00844000
03.06.2021 23:13:26.652  00844100
03.06.2021 23:13:31.044  00844000
03.06.2021 23:13:31.224  00844100
03.06.2021 23:13:37.795  00844000
03.06.2021 23:13:44.725  00844100
03.06.2021 23:13:57.127  00844000
03.06.2021 23:13:57.343  00844100
03.06.2021 23:14:06.505  00844000
03.06.2021 23:14:16.567  00844100
03.06.2021 23:14:27.691  00844000
03.06.2021 23:14:56.329  00844100
03.06.2021 23:14:57.373  00844000
03.06.2021 23:14:57.913  00844100
03.06.2021 23:15:08.677  00844000
03.06.2021 23:15:08.767  00844100
03.06.2021 23:15:09.415  00844000
03.06.2021 23:15:10.135  00844100
03.06.2021 23:15:11.305  00844000
03.06.2021 23:15:25.076  00844100
03.06.2021 23:15:36.686  00844000
03.06.2021 23:15:36.920  00844100
03.06.2021 23:15:39.566  00844000
03.06.2021 23:15:39.818  00844100
03.06.2021 23:15:42.824  00844000
03.06.2021 23:15:50.636  00844100
03.06.2021 23:15:53.228  00844000
03.06.2021 23:16:19.256  00844100
03.06.2021 23:16:21.794  00844000
03.06.2021 23:16:22.082  00844100
03.06.2021 23:16:25.826  00844000
03.06.2021 23:16:29.246  00844100
03.06.2021 23:16:30.974  00844000
03.06.2021 23:16:32.306  00844100
03.06.2021 23:16:38.138  00844000
03.06.2021 23:16:43.646  00844100
03.06.2021 23:16:51.837  00844000
03.06.2021 23:16:57.759  00844100
03.06.2021 23:16:58.821  00844000
03.06.2021 23:16:59.253  00844100
03.06.2021 23:17:15.453  00844000
03.06.2021 23:17:21.627  00844100
03.06.2021 23:17:27.531  00844000
03.06.2021 23:17:29.781  00844100
03.06.2021 23:17:33.381  00844000
03.06.2021 23:17:39.231  00844100
03.06.2021 23:17:39.573  00844000
03.06.2021 23:17:39.825  00844100
03.06.2021 23:17:43.569  00844000
03.06.2021 23:17:44.163  00844100
03.06.2021 23:17:52.029  00844000
03.06.2021 23:17:52.425  00844100
03.06.2021 23:17:52.623  00844000
03.06.2021 23:18:11.721  00844100
03.06.2021 23:18:19.101  00844000
03.06.2021 23:18:19.299  00844100
03.06.2021 23:18:21.261  00844000
03.06.2021 23:18:29.902  00844100
03.06.2021 23:18:33.484  00844000
03.06.2021 23:18:34.204  00844100
03.06.2021 23:18:39.946  00844000
03.06.2021 23:18:40.090  00844100
03.06.2021 23:18:40.306  00844000
03.06.2021 23:18:48.982  00844100
03.06.2021 23:18:54.094  00844000
03.06.2021 23:19:15.586  00844100
03.06.2021 23:19:20.932  00844000
03.06.2021 23:19:21.184  00844100
03.06.2021 23:19:21.976  00844000
03.06.2021 23:19:28.204  00844100
03.06.2021 23:19:29.068  00844000
03.06.2021 23:19:29.338  00844100
03.06.2021 23:19:31.642  00844000
03.06.2021 23:19:37.726  00844100
03.06.2021 23:19:43.432  00844000
03.06.2021 23:19:46.456  00844100
03.06.2021 23:19:53.962  00844000
03.06.2021 23:20:01.144  00844100
03.06.2021 23:20:08.471  00844000
03.06.2021 23:21:05.405  00844100
03.06.2021 23:21:08.321  00844000
03.06.2021 23:21:08.501  00844100
03.06.2021 23:21:12.875  00844000
03.06.2021 23:21:13.181  00844100
03.06.2021 23:21:14.495  00844000
03.06.2021 23:21:22.703  00844100
03.06.2021 23:21:34.997  00844000
03.06.2021 23:21:45.780  00844100
03.06.2021 23:21:52.908  00844000
03.06.2021 23:27:42.885  00844100
03.06.2021 23:27:43.713  00844000
03.06.2021 23:27:43.731  00844100
03.06.2021 23:27:44.847  00844000
03.06.2021 23:27:45.081  00844100
03.06.2021 23:27:46.035  00844000
04.06.2021 00:11:20.760  0084c000
04.06.2021 00:11:38.184  00844000
04.06.2021 00:11:48.876  00844400
04.06.2021 00:11:49.146  00844000
04.06.2021 00:12:04.069  0084c000
04.06.2021 00:12:11.089  00844000
04.06.2021 00:12:12.061  00844400
04.06.2021 00:12:12.223  00844000
04.06.2021 00:12:12.277  00804000
04.06.2021 00:12:21.493  00844000
04.06.2021 00:12:27.631  0084c000
04.06.2021 00:12:38.755  00844000
04.06.2021 00:12:42.841  0084c000
04.06.2021 00:13:07.537  00844000
04.06.2021 00:13:12.685  00844400
04.06.2021 00:13:12.901  00844000
04.06.2021 00:13:35.816  0084c000
04.06.2021 00:13:40.964  00844000
04.06.2021 00:19:20.681  0084c000
04.06.2021 00:19:29.663  00844000
04.06.2021 00:19:34.937  0084c000
04.06.2021 00:19:42.587  00844000
04.06.2021 00:19:55.565  00844400
04.06.2021 00:19:55.853  00844000
04.06.2021 00:19:58.157  00844400
04.06.2021 00:19:58.229  00804400
04.06.2021 00:19:58.499  00804000
04.06.2021 00:20:07.446  00844000
04.06.2021 00:20:23.736  0084c000
04.06.2021 00:20:31.314  00844000
04.06.2021 00:37:15.616  00844400
04.06.2021 00:37:15.778  00844000
04.06.2021 00:37:21.628  00844400
04.06.2021 00:37:21.772  00844000
04.06.2021 00:38:42.125  00844400
04.06.2021 00:38:42.305  00844000
04.06.2021 00:38:55.931  01244000
04.06.2021 00:38:56.039  00244000
04.06.2021 00:48:33.359  00844000
04.06.2021 00:50:20.370  00844400
04.06.2021 00:50:20.568  00844000
04.06.2021 00:50:31.404  00844400
04.06.2021 00:50:31.620  00844000
04.06.2021 00:51:49.435  00844400
04.06.2021 00:51:49.687  00844000
04.06.2021 00:56:49.372  00844400
04.06.2021 00:56:49.606  00844000
04.06.2021 00:56:52.612  01244000
04.06.2021 00:56:52.702  00244000
04.06.2021 01:04:26.325  00844000
04.06.2021 01:04:47.475  00844400
04.06.2021 01:04:47.565  01244400
04.06.2021 01:04:47.673  00244400
04.06.2021 01:04:47.727  00244000
04.06.2021 01:05:07.923  0024c000
04.06.2021 01:05:08.211  00244000
04.06.2021 01:05:08.481  0024c000
04.06.2021 01:05:08.661  00244000
04.06.2021 01:05:09.399  00844000
04.06.2021 01:10:04.116  00844400
04.06.2021 01:10:04.332  00844000
04.06.2021 01:10:05.754  01244000
04.06.2021 01:10:05.844  00244000
04.06.2021 01:13:45.177  00844000
04.06.2021 01:18:43.206  80844000
04.06.2021 01:18:43.224  80000000

Servicedata V1.0 PLC:\DEBUG\Pcin0_1.service.trace created 04.06.2021 02:09:25 (local time)
hostname: hu, Software: 606421 04, built: 08.10.2014 08:59
-------------------------------------------------------------------------------------------
                    ms   pcin1_0
04.06.2021 01:36:45.566  00844000
04.06.2021 01:36:48.989  00844400
04.06.2021 01:36:49.403  00844000
04.06.2021 01:36:49.655  00844400
04.06.2021 01:36:49.673  00844000
04.06.2021 01:36:50.159  00844400
04.06.2021 01:36:50.177  00844000
04.06.2021 01:37:32.783  00844400
04.06.2021 01:37:33.053  00844000
04.06.2021 01:37:33.341  01244000
04.06.2021 01:37:33.449  00244000
04.06.2021 01:38:04.589  0024c000
04.06.2021 01:38:04.931  00244000
04.06.2021 01:38:08.082  00844000
04.06.2021 01:39:14.214  00844400
04.06.2021 01:39:14.484  00844000
04.06.2021 01:39:26.472  00844400
04.06.2021 01:39:26.724  00844000
04.06.2021 01:40:26.593  00844400
04.06.2021 01:40:26.827  00844000
04.06.2021 01:40:29.455  01244000
04.06.2021 01:40:29.563  00244000
04.06.2021 01:43:35.163  0024c000
04.06.2021 01:43:35.379  00244000
04.06.2021 01:43:37.377  00844000
04.06.2021 01:43:57.123  00844400
04.06.2021 01:43:57.321  00844000
04.06.2021 01:44:13.755  0084c000
04.06.2021 01:44:14.025  00844000
04.06.2021 01:44:23.530  00844400
04.06.2021 01:44:23.710  00844000
04.06.2021 01:44:26.176  01244000
04.06.2021 01:44:26.266  00244000
04.06.2021 01:51:20.252  00844000
04.06.2021 01:51:42.356  00844400
04.06.2021 01:51:42.500  00844000
04.06.2021 01:51:42.626  01244000
04.06.2021 01:51:42.716  00244000
04.06.2021 01:58:10.926  00844000
04.06.2021 01:58:45.073  0084a000
04.06.2021 02:05:28.385  00844000
04.06.2021 02:09:00.589  0084a000
04.06.2021 02:09:24.980  8084a000
04.06.2021 02:09:24.998  80002000

Servicedata V1.0 PLC:\DEBUG\Pcin0_1.service.trace created 04.06.2021 19:41:10 (local time)
hostname: hu, Software: 606421 04, built: 08.10.2014 08:59
-------------------------------------------------------------------------------------------
                    ms   pcin1_0
04.06.2021 11:27:59.237  00844000
04.06.2021 11:30:54.637  00844400
04.06.2021 11:30:54.925  00844000
04.06.2021 11:30:55.303  00844400
04.06.2021 11:30:55.321  00844000
04.06.2021 11:30:55.735  00844400
04.06.2021 11:30:55.753  00844000
04.06.2021 11:31:49.988  00844400
04.06.2021 11:31:50.204  00844000
04.06.2021 11:31:50.888  00844400
04.06.2021 11:31:50.960  00804400
04.06.2021 11:31:51.266  00804000
04.06.2021 11:32:05.630  00844000
04.06.2021 11:32:33.548  0084c000
04.06.2021 11:32:55.527  00844000
04.06.2021 11:36:59.015  00844100
04.06.2021 11:37:02.831  00844000
04.06.2021 11:37:04.649  00844100
04.06.2021 11:37:05.621  00844000
04.06.2021 11:37:07.997  00844100
04.06.2021 11:37:10.211  00844000
04.06.2021 11:44:14.764  00844400
04.06.2021 11:44:15.070  00844000
04.06.2021 11:44:15.304  00844400
04.06.2021 11:44:15.376  00804400
04.06.2021 11:44:15.466  00804000
04.06.2021 11:44:23.404  00844000
04.06.2021 11:48:43.218  00844400
04.06.2021 11:48:43.380  00804400
04.06.2021 11:48:43.434  00804000
04.06.2021 11:48:43.939  00804400
04.06.2021 11:48:44.082  00804000
04.06.2021 11:48:45.973  00804400
04.06.2021 11:48:46.333  00804000
04.06.2021 11:49:02.209  00844000
04.06.2021 11:55:20.897  00844400
04.06.2021 11:55:21.059  00804400
04.06.2021 11:55:21.131  00804000
04.06.2021 11:55:36.593  00844000
04.06.2021 12:02:25.647  00844400
04.06.2021 12:02:25.809  00804400
04.06.2021 12:02:25.971  00804000
04.06.2021 12:02:35.925  00844000
04.06.2021 12:07:56.095  00844400
04.06.2021 12:07:56.257  00804400
04.06.2021 12:07:56.347  00804000
04.06.2021 12:08:06.085  00844000
04.06.2021 12:13:58.889  00844400
04.06.2021 12:13:59.087  00844000
04.06.2021 12:13:59.537  00844400
04.06.2021 12:13:59.699  00844000
04.06.2021 12:14:00.185  00804000
04.06.2021 12:14:14.027  00844000
04.06.2021 12:15:14.201  0084c000
04.06.2021 12:15:19.061  00844000
04.06.2021 12:22:51.064  00844400
04.06.2021 12:22:51.244  00844000
04.06.2021 12:22:51.820  00844400
04.06.2021 12:22:51.892  00804400
04.06.2021 12:22:52.036  00804000
04.06.2021 12:23:04.240  00844000
04.06.2021 12:25:39.276  00844400
04.06.2021 12:25:39.546  00844000
04.06.2021 12:25:40.104  00844400
04.06.2021 12:25:40.338  00844000
04.06.2021 12:25:52.704  0084c000
04.06.2021 12:25:57.078  00844000
04.06.2021 12:26:01.596  00844400
04.06.2021 12:26:01.812  00804000
04.06.2021 12:26:17.310  00844000
04.06.2021 12:26:38.281  0084c000
04.06.2021 12:26:43.771  00844000
04.06.2021 12:27:09.169  00844400
04.06.2021 12:27:09.421  00844000
04.06.2021 12:27:10.645  00844400
04.06.2021 12:27:10.717  00804400
04.06.2021 12:27:10.861  00804000
04.06.2021 12:27:26.179  00844000
04.06.2021 12:27:56.491  0084c000
04.06.2021 12:28:00.199  00844000
04.06.2021 12:28:41.456  0084c000
04.06.2021 12:28:46.712  00844000
04.06.2021 12:29:28.940  00844400
04.06.2021 12:29:29.174  00844000
04.06.2021 12:29:29.822  00844400
04.06.2021 12:29:29.894  00804400
04.06.2021 12:29:30.146  00804000
04.06.2021 12:29:42.225  00844000
04.06.2021 12:33:00.155  00844400
04.06.2021 12:33:00.317  00804400
04.06.2021 12:33:00.461  00804000
04.06.2021 12:33:12.593  00844000
04.06.2021 12:35:04.230  00844400
04.06.2021 12:35:04.392  00804400
04.06.2021 12:35:04.500  00804000
04.06.2021 12:35:11.502  00844000
04.06.2021 12:35:34.920  0084c000
04.06.2021 12:35:38.178  00844000
04.06.2021 12:36:45.787  00844400
04.06.2021 12:36:46.057  00844000
04.06.2021 12:36:46.435  00844400
04.06.2021 12:36:46.507  00804400
04.06.2021 12:36:46.669  00804000
04.06.2021 12:36:58.801  00844000
04.06.2021 12:37:42.470  00844400
04.06.2021 12:37:42.632  00804400
04.06.2021 12:37:42.794  00804000
04.06.2021 12:37:49.742  00844000
04.06.2021 12:38:03.080  0084c000
04.06.2021 12:38:07.850  00844000
04.06.2021 12:38:49.772  00844400
04.06.2021 12:38:50.042  00844000
04.06.2021 12:38:50.474  00844400
04.06.2021 12:38:50.546  00804400
04.06.2021 12:38:50.672  00804000
04.06.2021 12:38:57.674  00844000
04.06.2021 12:41:02.974  00844400
04.06.2021 12:41:03.136  00804400
04.06.2021 12:41:03.208  00804000
04.06.2021 12:41:11.524  00844000
04.06.2021 12:41:28.012  0084c000
04.06.2021 12:41:33.340  00844000
04.06.2021 12:41:47.038  00844400
04.06.2021 12:41:47.326  00844000
04.06.2021 12:41:47.740  00844400
04.06.2021 12:41:47.812  00804400
04.06.2021 12:41:47.974  00804000
04.06.2021 12:41:55.192  00844000
04.06.2021 12:49:15.927  00844400
04.06.2021 12:49:16.089  00804400
04.06.2021 12:49:16.215  00804000
04.06.2021 12:49:25.233  00844000
04.06.2021 12:51:11.146  0084c000
04.06.2021 12:51:20.830  00844000
04.06.2021 12:52:56.717  00844400
04.06.2021 12:52:56.951  00844000
04.06.2021 12:52:57.239  00844400
04.06.2021 12:52:57.311  00804400
04.06.2021 12:52:57.473  00804000
04.06.2021 12:53:04.619  00844000
04.06.2021 12:53:48.648  00844400
04.06.2021 12:53:48.810  00804400
04.06.2021 12:53:48.882  00804000
04.06.2021 12:53:57.990  00844000
04.06.2021 13:00:44.380  00844400
04.06.2021 13:00:44.542  00804400
04.06.2021 13:00:44.614  00804000
04.06.2021 13:00:54.856  00844000
04.06.2021 13:05:33.697  00844400
04.06.2021 13:05:33.859  00804400
04.06.2021 13:05:33.913  00804000
04.06.2021 13:05:44.173  00844000
04.06.2021 13:11:43.277  00844400
04.06.2021 13:11:43.493  00844000
04.06.2021 13:11:43.961  00844400
04.06.2021 13:11:44.123  00844000
04.06.2021 13:11:44.267  00804000
04.06.2021 13:11:54.347  00844000
04.06.2021 13:12:08.513  0084c000
04.06.2021 13:13:03.558  00844000
04.06.2021 13:13:14.664  00844400
04.06.2021 13:13:14.862  00844000
04.06.2021 13:13:15.312  00844400
04.06.2021 13:13:15.384  00804400
04.06.2021 13:13:15.474  00804000
04.06.2021 13:13:24.528  00844000
04.06.2021 13:13:33.546  00844400
04.06.2021 13:13:33.690  00804400
04.06.2021 13:13:33.798  00804000
04.06.2021 13:13:40.764  00844000
04.06.2021 13:17:22.095  00844400
04.06.2021 13:17:22.239  00844000
04.06.2021 13:17:22.257  00804000
04.06.2021 13:17:32.391  00844000
04.06.2021 13:25:57.026  00844400
04.06.2021 13:25:57.188  00844000
04.06.2021 13:25:57.836  00844400
04.06.2021 13:25:57.944  00844000
04.06.2021 13:25:58.214  00804000
04.06.2021 13:26:07.970  00844000
04.06.2021 13:26:33.477  0084c000
04.06.2021 13:26:43.071  00844000
04.06.2021 13:30:33.221  00844400
04.06.2021 13:30:33.491  00844000
04.06.2021 13:30:34.211  00844400
04.06.2021 13:30:34.283  00804400
04.06.2021 13:30:34.391  00804000
04.06.2021 13:30:44.525  00844000
04.06.2021 13:31:22.992  00844100
04.06.2021 13:31:26.916  00844000
04.06.2021 13:31:27.312  00844100
04.06.2021 13:31:29.778  00844000
04.06.2021 13:31:34.836  00844100
04.06.2021 13:31:36.006  00844000
04.06.2021 13:31:36.204  00844100
04.06.2021 13:31:37.374  00844000
04.06.2021 13:40:59.178  00844400
04.06.2021 13:40:59.340  00804400
04.06.2021 13:40:59.376  00804000
04.06.2021 13:41:11.760  00844000
04.06.2021 13:41:47.238  00844400
04.06.2021 13:41:47.400  00804400
04.06.2021 13:41:47.508  00804000
04.06.2021 13:41:58.740  00844000
04.06.2021 13:42:19.153  00844400
04.06.2021 13:42:19.333  00844000
04.06.2021 13:42:27.199  00844400
04.06.2021 13:42:27.505  00844000
04.06.2021 13:43:03.469  00844400
04.06.2021 13:43:03.631  00804400
04.06.2021 13:43:03.649  00804000
04.06.2021 13:43:13.513  00844000
04.06.2021 13:43:21.757  00844400
04.06.2021 13:43:21.973  00844000
04.06.2021 13:43:25.267  00844400
04.06.2021 13:43:25.411  00844000
04.06.2021 13:43:44.510  00844400
04.06.2021 13:43:44.672  00804400
04.06.2021 13:43:44.744  00804000
04.06.2021 13:43:54.608  00844000
04.06.2021 13:44:01.448  00844400
04.06.2021 13:44:01.592  00844000
04.06.2021 13:49:53.694  00844400
04.06.2021 13:49:53.874  00844000
04.06.2021 13:49:54.180  00804000
04.06.2021 13:50:05.646  00844000
04.06.2021 13:50:59.088  0084c000
04.06.2021 13:51:06.288  00844000
04.06.2021 13:51:57.319  00844400
04.06.2021 13:51:57.535  00844000
04.06.2021 13:54:31.364  00844400
04.06.2021 13:54:31.490  00844000
04.06.2021 13:54:32.102  00844400
04.06.2021 13:54:32.174  00804400
04.06.2021 13:54:32.246  00804000
04.06.2021 13:54:43.857  00844000
04.06.2021 14:08:08.645  00844400
04.06.2021 14:08:08.807  00804400
04.06.2021 14:08:08.933  00804000
04.06.2021 14:08:23.189  00844000
04.06.2021 14:08:44.340  00844400
04.06.2021 14:08:44.502  00844000
04.06.2021 14:08:49.488  00844400
04.06.2021 14:08:49.596  00844000
04.06.2021 14:20:26.383  00844400
04.06.2021 14:20:26.581  00844000
04.06.2021 14:20:27.175  00844400
04.06.2021 14:20:27.337  00844000
04.06.2021 14:20:31.549  01244000
04.06.2021 14:20:31.639  00244000
04.06.2021 14:25:41.728  00844000
04.06.2021 14:25:44.860  0084c000
04.06.2021 14:25:45.472  00844000
04.06.2021 14:30:05.125  00844400
04.06.2021 14:30:05.341  00804400
04.06.2021 14:30:05.413  00804000
04.06.2021 14:30:15.745  00844000
04.06.2021 14:30:16.105  01244000
04.06.2021 14:30:16.195  00244000
04.06.2021 14:30:40.405  00844000
04.06.2021 14:33:51.964  00844400
04.06.2021 14:33:52.072  01244400
04.06.2021 14:33:52.180  00244400
04.06.2021 14:33:52.216  00244000
04.06.2021 14:34:30.520  00844000
04.06.2021 14:45:16.295  00844400
04.06.2021 14:45:16.403  01244400
04.06.2021 14:45:16.493  00244000
04.06.2021 14:46:51.858  00844000
04.06.2021 14:48:31.165  00844400
04.06.2021 14:48:31.273  01244400
04.06.2021 14:48:31.327  01244000
04.06.2021 14:48:31.381  00244000
04.06.2021 14:49:28.999  00844000
04.06.2021 14:54:32.303  00844400
04.06.2021 14:54:32.411  01244400
04.06.2021 14:54:32.447  01244000
04.06.2021 14:54:32.501  00244000
04.06.2021 14:57:41.431  0024c000
04.06.2021 14:57:41.665  00244000
04.06.2021 14:57:42.205  0024c000
04.06.2021 14:57:42.421  00244000
04.06.2021 14:57:43.951  00844000
04.06.2021 14:59:48.152  0084a000
04.06.2021 15:01:42.147  00844000
04.06.2021 15:01:55.827  00844400
04.06.2021 15:01:56.025  00844000
04.06.2021 15:02:37.300  0084c000
04.06.2021 15:02:45.778  00844000
04.06.2021 15:07:47.821  0084c000
04.06.2021 15:08:06.613  00844000
04.06.2021 15:08:15.847  0084c000
04.06.2021 15:08:24.956  00844000
04.06.2021 15:08:27.710  00844400
04.06.2021 15:08:28.088  00844000
04.06.2021 15:08:28.934  00844400
04.06.2021 15:08:29.006  00804400
04.06.2021 15:08:29.114  00804000
04.06.2021 15:08:37.466  00844000
04.06.2021 15:08:40.202  0084c000
04.06.2021 15:13:17.963  00844000
04.06.2021 15:13:23.309  00844400
04.06.2021 15:13:23.471  00804400
04.06.2021 15:13:23.579  00804000
04.06.2021 15:13:30.491  00844000
04.06.2021 15:14:10.541  00844100
04.06.2021 15:14:14.105  00844000
04.06.2021 15:14:14.429  00844100
04.06.2021 15:14:15.185  00844000
04.06.2021 15:16:00.792  00844400
04.06.2021 15:16:00.954  00804400
04.06.2021 15:16:00.972  00804000
04.06.2021 15:16:11.881  00844000
04.06.2021 15:16:46.225  00844400
04.06.2021 15:16:46.351  00844000
04.06.2021 15:17:13.279  00844400
04.06.2021 15:17:13.441  00804400
04.06.2021 15:17:13.513  00804000
04.06.2021 15:17:23.197  00844000
04.06.2021 15:17:34.591  00844400
04.06.2021 15:17:34.717  00844000
04.06.2021 15:42:06.035  00844400
04.06.2021 15:42:06.197  00804400
04.06.2021 15:42:06.215  00804000
04.06.2021 15:42:16.259  00844000
04.06.2021 16:01:31.151  00844400
04.06.2021 16:01:31.259  00844000
04.06.2021 16:01:31.367  00804000
04.06.2021 16:01:39.774  00844000
04.06.2021 16:01:41.430  01244000
04.06.2021 16:01:41.520  00244000
04.06.2021 16:04:00.823  0024c000
04.06.2021 16:04:01.147  00244000
04.06.2021 16:04:03.073  00844000
04.06.2021 16:06:28.857  00844400
04.06.2021 16:06:29.073  00844000
04.06.2021 16:06:32.277  01244000
04.06.2021 16:06:32.385  00244000
04.06.2021 16:07:24.909  0024c000
04.06.2021 16:07:25.089  00244000
04.06.2021 16:07:27.609  00844000
04.06.2021 16:09:40.001  00844400
04.06.2021 16:09:40.163  00844000
04.06.2021 16:09:41.279  01244000
04.06.2021 16:09:41.387  00244000
04.06.2021 16:13:41.095  0024c000
04.06.2021 16:13:41.347  00244000
04.06.2021 16:13:42.733  00844000
04.06.2021 16:17:59.020  00844400
04.06.2021 16:17:59.182  00804400
04.06.2021 16:17:59.218  00804000
04.06.2021 16:18:07.552  00844000
04.06.2021 16:24:17.258  00844400
04.06.2021 16:24:17.438  00844000
04.06.2021 16:24:17.474  00804000
04.06.2021 16:24:32.684  00844000
04.06.2021 16:24:33.044  01244000
04.06.2021 16:24:33.134  00244000
04.06.2021 16:29:50.514  00844000
04.06.2021 16:36:28.588  00844400
04.06.2021 16:36:28.750  00844000
04.06.2021 16:36:28.804  00804000
04.06.2021 16:36:38.740  00844000
04.06.2021 16:36:39.100  01244000
04.06.2021 16:36:39.190  00244000
04.06.2021 17:06:22.541  00844000
04.06.2021 17:09:47.527  00844400
04.06.2021 17:09:47.743  00844000
04.06.2021 17:09:48.913  00844400
04.06.2021 17:09:49.201  00844000
04.06.2021 17:10:40.088  00844400
04.06.2021 17:10:40.196  01244400
04.06.2021 17:10:40.304  00244400
04.06.2021 17:10:40.358  00244000
04.06.2021 17:13:34.618  0024c000
04.06.2021 17:13:34.888  00244000
04.06.2021 17:13:35.878  00844000
04.06.2021 17:15:24.707  00844400
04.06.2021 17:15:25.085  00844000
04.06.2021 17:15:27.065  01244000
04.06.2021 17:15:27.173  00244000
04.06.2021 17:17:15.678  0024c000
04.06.2021 17:17:15.912  00244000
04.06.2021 17:17:16.794  00844000
04.06.2021 17:25:33.959  0084a000
04.06.2021 17:32:47.440  00844000
04.06.2021 17:52:53.219  00844400
04.06.2021 17:52:53.381  00804400
04.06.2021 17:52:53.507  00804000
04.06.2021 17:53:03.245  00844000
04.06.2021 17:53:38.723  00844400
04.06.2021 17:53:38.903  00844000
04.06.2021 18:14:10.620  00844400
04.06.2021 18:14:10.818  00804400
04.06.2021 18:14:10.980  00804000
04.06.2021 18:14:20.737  00844000
04.06.2021 18:14:21.097  01244000
04.06.2021 18:14:21.187  00244000
04.06.2021 18:14:23.833  0024c000
04.06.2021 18:14:24.067  0084c000
04.06.2021 18:14:58.753  00844000
04.06.2021 18:15:05.737  0084c000
04.06.2021 18:16:14.804  00844000
04.06.2021 18:16:21.788  0084c000
04.06.2021 18:16:22.202  00844000
04.06.2021 18:17:21.458  00844400
04.06.2021 18:17:21.656  00844000
04.06.2021 18:19:42.292  0084c000
04.06.2021 18:19:49.330  00844000
04.06.2021 18:19:51.454  0084c000
04.06.2021 18:22:00.857  00844000
04.06.2021 18:22:03.665  00844400
04.06.2021 18:22:03.935  00844000
04.06.2021 18:22:05.393  00844400
04.06.2021 18:22:05.465  00804400
04.06.2021 18:22:05.573  00804000
04.06.2021 18:22:12.972  00844000
04.06.2021 18:23:00.276  00844400
04.06.2021 18:23:00.438  00804400
04.06.2021 18:23:00.528  00804000
04.06.2021 18:23:07.476  00844000
04.06.2021 18:24:52.921  00844400
04.06.2021 18:24:53.083  00804400
04.06.2021 18:24:53.155  00804000
04.06.2021 18:25:01.705  00844000
04.06.2021 18:25:41.072  00844400
04.06.2021 18:25:41.216  00844000
04.06.2021 18:29:41.284  00844400
04.06.2021 18:29:41.464  00804400
04.06.2021 18:29:41.500  00804000
04.06.2021 18:29:53.578  00844000
04.06.2021 18:30:10.841  00844400
04.06.2021 18:30:11.003  00844000
04.06.2021 18:31:00.341  00844400
04.06.2021 18:31:00.503  00804400
04.06.2021 18:31:00.557  00804000
04.06.2021 18:31:10.655  00844000
04.06.2021 18:31:31.518  00844400
04.06.2021 18:31:31.590  00844000
04.06.2021 18:46:07.011  00844400
04.06.2021 18:46:07.209  00804000
04.06.2021 18:46:15.813  00844000
04.06.2021 18:46:16.173  01244000
04.06.2021 18:46:16.263  00244000
04.06.2021 18:46:18.189  0024c000
04.06.2021 18:46:18.459  0084c000
04.06.2021 18:49:00.911  0084a000
04.06.2021 18:58:04.823  0084c000
04.06.2021 18:58:10.043  00844000
04.06.2021 18:58:17.027  0084c000
04.06.2021 19:19:21.072  00844000
04.06.2021 19:19:24.600  00844400
04.06.2021 19:19:24.762  00804400
04.06.2021 19:19:24.906  00804000
04.06.2021 19:19:28.056  0080c000
04.06.2021 19:19:55.273  00804000
04.06.2021 19:20:08.701  0080c000
04.06.2021 19:20:12.031  00804000
04.06.2021 19:20:27.133  0080c000
04.06.2021 19:20:27.151  0084c000
04.06.2021 19:24:25.689  0084a000
04.06.2021 19:24:32.727  0084c000
04.06.2021 19:33:28.539  00844000
04.06.2021 19:34:35.518  0084c000
04.06.2021 19:34:36.904  00844000
04.06.2021 19:34:42.466  0084c000
04.06.2021 19:34:44.266  00844000
04.06.2021 19:35:06.154  0084c000
04.06.2021 19:35:53.819  00844000
04.06.2021 19:35:58.013  0084c000
04.06.2021 19:36:09.065  00844000
04.06.2021 19:37:02.958  0084c000
04.06.2021 19:37:11.022  00844000
04.06.2021 19:38:53.569  0084c000
04.06.2021 19:38:55.207  00844000
04.06.2021 19:39:30.667  0084c000
04.06.2021 19:39:38.335  00844000
04.06.2021 19:40:19.772  0084c000
04.06.2021 19:40:29.942  00844000
04.06.2021 19:40:58.958  0084c000
04.06.2021 19:41:09.758  8084c000
04.06.2021 19:41:09.776  80000000

Servicedata V1.0 PLC:\DEBUG\Pcin0_1.service.trace created 04.06.2021 20:03:49 (local time)
hostname: hu, Software: 606421 04, built: 08.10.2014 08:59
-------------------------------------------------------------------------------------------
                    ms   pcin1_0
04.06.2021 19:56:53.508  00844000
04.06.2021 19:56:54.375  0084c000
04.06.2021 19:57:53.722  00844000
04.06.2021 20:00:11.279  00844400
04.06.2021 20:00:11.657  00844000
04.06.2021 20:03:05.035  00844400
04.06.2021 20:03:05.125  0084c000
04.06.2021 20:03:38.299  00844000

Servicedata V1.0 PLC:\DEBUG\Pcin0_1.service.trace created 04.06.2021 20:15:05 (local time)
hostname: hu, Software: 606421 04, built: 08.10.2014 08:59
-------------------------------------------------------------------------------------------
                    ms   pcin1_0
04.06.2021 20:06:51.734  00844000
04.06.2021 20:06:58.064  00844400
04.06.2021 20:06:58.514  00844000
04.06.2021 20:06:59.306  00844400
04.06.2021 20:06:59.324  00844000
04.06.2021 20:07:00.386  00844400
04.06.2021 20:07:00.404  00844000
04.06.2021 20:07:50.877  00844400
04.06.2021 20:07:51.057  00804400
04.06.2021 20:07:51.291  00804000
04.06.2021 20:08:02.595  00844000
04.06.2021 20:08:54.867  00844400
04.06.2021 20:08:55.029  00804400
04.06.2021 20:08:55.191  00804000
04.06.2021 20:09:05.758  00844000
04.06.2021 20:09:08.404  0084c000
04.06.2021 20:09:15.136  00844000
04.06.2021 20:11:35.483  00844400
04.06.2021 20:11:35.717  00844000
04.06.2021 20:11:42.629  00844400
04.06.2021 20:11:43.007  00844000
04.06.2021 20:12:45.054  00844400
04.06.2021 20:12:45.216  00804400
04.06.2021 20:12:45.414  00804000
04.06.2021 20:12:59.004  00844000
04.06.2021 20:13:17.076  0084c000
04.06.2021 20:13:25.014  00844000
04.06.2021 20:14:01.465  00844400
04.06.2021 20:14:01.825  00844000
04.06.2021 20:14:05.443  00844400
04.06.2021 20:14:05.515  00804400
04.06.2021 20:14:05.695  00804000
04.06.2021 20:14:19.285  00844000
04.06.2021 20:15:04.807  80844000
04.06.2021 20:15:04.825  80000000

Servicedata V1.0 PLC:\DEBUG\Pcin0_1.service.trace created 05.06.2021 11:49:33 (local time)
hostname: hu, Software: 606421 04, built: 08.10.2014 08:59
-------------------------------------------------------------------------------------------
                    ms   pcin1_0
05.06.2021 11:33:07.625  00844000
05.06.2021 11:33:31.430  00844400
05.06.2021 11:33:31.682  00844000
05.06.2021 11:33:32.834  00844400
05.06.2021 11:33:32.852  00844000
05.06.2021 11:33:34.202  00844400
05.06.2021 11:33:34.220  00844000
05.06.2021 11:38:48.414  00864000
05.06.2021 11:38:48.738  00844000
05.06.2021 11:38:49.710  00864000
05.06.2021 11:38:50.736  00844000
05.06.2021 11:38:51.312  00864000
05.06.2021 11:38:51.636  00844000
05.06.2021 11:38:53.454  00864000
05.06.2021 11:38:53.796  00844000
05.06.2021 11:38:54.066  00864000
05.06.2021 11:38:54.732  00844000
05.06.2021 11:38:57.666  02864000
05.06.2021 11:38:58.440  00844000
05.06.2021 11:38:58.908  02864000
05.06.2021 11:39:00.744  00844000
05.06.2021 11:39:01.266  02864000
05.06.2021 11:39:01.644  00844000
05.06.2021 11:39:02.112  02864000
05.06.2021 11:39:02.544  00844000
05.06.2021 11:39:03.120  02864000
05.06.2021 11:39:04.182  00844000
05.06.2021 11:39:05.856  00864000
05.06.2021 11:39:06.288  00844000
05.06.2021 11:39:07.062  00864000
05.06.2021 11:39:07.386  00844000
05.06.2021 11:39:08.268  00864000
05.06.2021 11:39:08.286  00844000
05.06.2021 11:39:08.412  00864000
05.06.2021 11:39:08.790  00844000
05.06.2021 11:39:09.312  00864000
05.06.2021 11:39:10.230  00844000
05.06.2021 11:39:10.806  00864000
05.06.2021 11:39:11.292  00844000
05.06.2021 11:39:17.214  02864000
05.06.2021 11:39:17.394  00844000
05.06.2021 11:39:18.312  02864000
05.06.2021 11:39:18.582  00844000
05.06.2021 11:39:19.356  02864000
05.06.2021 11:39:19.590  00844000
05.06.2021 11:39:20.562  00864000
05.06.2021 11:39:20.742  00844000
05.06.2021 11:39:21.354  00864000
05.06.2021 11:39:21.588  00844000
05.06.2021 11:39:21.966  00864000
05.06.2021 11:39:22.038  00844000
05.06.2021 11:39:22.614  00864000
05.06.2021 11:39:22.830  00844000
05.06.2021 11:39:23.514  00864000
05.06.2021 11:39:23.694  00844000
05.06.2021 11:40:28.585  00844400
05.06.2021 11:40:28.765  00804400
05.06.2021 11:40:28.891  00804000
05.06.2021 11:40:38.683  00844000
05.06.2021 11:41:35.294  00844400
05.06.2021 11:41:35.456  00804400
05.06.2021 11:41:35.510  00804000
05.06.2021 11:41:48.632  00844000
05.06.2021 11:42:42.650  0084a000
05.06.2021 11:49:33.505  8084a000
05.06.2021 11:49:33.523  80002000

Servicedata V1.0 PLC:\DEBUG\Pcin0_1.service.trace created 05.06.2021 13:27:45 (local time)
hostname: hu, Software: 606421 04, built: 08.10.2014 08:59
-------------------------------------------------------------------------------------------
                    ms   pcin1_0
05.06.2021 13:00:57.450  00844000
05.06.2021 13:01:07.068  00844400
05.06.2021 13:01:07.356  00844000
05.06.2021 13:01:08.418  00844400
05.06.2021 13:01:08.436  00844000
05.06.2021 13:01:09.408  00844400
05.06.2021 13:01:09.426  00844000
05.06.2021 13:16:51.340  00844400
05.06.2021 13:16:51.610  00844000
05.06.2021 13:17:19.618  0084a000
05.06.2021 13:21:05.557  00844000
05.06.2021 13:24:07.214  00844400
05.06.2021 13:24:07.520  00844000
05.06.2021 13:24:34.899  00844400
05.06.2021 13:24:35.061  00844000
05.06.2021 13:27:34.073  0084a000
05.06.2021 13:27:45.395  8084a000
05.06.2021 13:27:45.413  80002000

Servicedata V1.0 PLC:\DEBUG\Pcin0_1.service.trace created 05.06.2021 20:43:50 (local time)
hostname: hu, Software: 606421 04, built: 08.10.2014 08:59
-------------------------------------------------------------------------------------------
                    ms   pcin1_0
05.06.2021 17:47:20.905  00844000
05.06.2021 17:47:32.737  00844400
05.06.2021 17:47:33.043  00844000
05.06.2021 17:47:33.439  00844400
05.06.2021 17:47:33.457  00844000
05.06.2021 17:47:33.943  00844400
05.06.2021 17:47:33.961  00844000
05.06.2021 17:56:27.307  00844400
05.06.2021 17:56:27.469  00844000
05.06.2021 17:56:27.487  00804000
05.06.2021 17:56:36.649  00844000
05.06.2021 17:57:27.500  00844400
05.06.2021 17:57:27.734  00844000
05.06.2021 17:59:26.751  00844400
05.06.2021 17:59:26.967  00844000
05.06.2021 17:59:28.245  00804000
05.06.2021 17:59:40.359  00844000
05.06.2021 18:10:40.354  00844400
05.06.2021 18:10:40.516  00804400
05.06.2021 18:10:40.606  00804000
05.06.2021 18:10:49.804  00844000
05.06.2021 18:28:25.767  00844400
05.06.2021 18:28:25.929  00804400
05.06.2021 18:28:25.983  00804000
05.06.2021 18:28:37.360  00844000
05.06.2021 18:30:11.573  00844400
05.06.2021 18:30:11.735  00804400
05.06.2021 18:30:11.789  00804000
05.06.2021 18:30:22.895  00844000
05.06.2021 18:30:33.803  00844400
05.06.2021 18:30:33.965  00804400
05.06.2021 18:30:34.055  00804000
05.06.2021 18:30:41.093  00844000
05.06.2021 18:32:43.890  00844400
05.06.2021 18:32:44.052  00804400
05.06.2021 18:32:44.106  00804000
05.06.2021 18:32:55.014  00844000
05.06.2021 18:33:18.991  00844400
05.06.2021 18:33:19.153  00804400
05.06.2021 18:33:19.207  00804000
05.06.2021 18:33:26.245  00844000
05.06.2021 18:35:26.900  00844400
05.06.2021 18:35:27.386  00844000
05.06.2021 18:35:34.532  01244000
05.06.2021 18:35:34.640  00244000
05.06.2021 18:38:10.846  00844000
05.06.2021 18:41:12.000  00844400
05.06.2021 18:41:12.108  01244400
05.06.2021 18:41:12.180  01244000
05.06.2021 18:41:12.198  00244000
05.06.2021 18:43:44.641  00844000
05.06.2021 18:45:45.188  00844400
05.06.2021 18:45:45.297  01244400
05.06.2021 18:45:45.386  01244000
05.06.2021 18:45:45.404  00244000
05.06.2021 18:54:57.002  00844000
05.06.2021 18:56:07.437  00844400
05.06.2021 18:56:07.617  00804400
05.06.2021 18:56:07.635  00804000
05.06.2021 18:56:15.105  00844000
05.06.2021 18:57:20.266  00844400
05.06.2021 18:57:20.428  00804400
05.06.2021 18:57:20.446  00804000
05.06.2021 18:57:27.520  00844000
05.06.2021 18:59:26.753  00844400
05.06.2021 18:59:26.915  00844000
05.06.2021 18:59:33.521  01244000
05.06.2021 18:59:33.629  00244000
05.06.2021 19:07:05.866  00844000
05.06.2021 19:17:54.809  00844400
05.06.2021 19:17:55.025  00804400
05.06.2021 19:17:55.043  00804000
05.06.2021 19:18:04.925  00844000
05.06.2021 19:18:05.285  01244000
05.06.2021 19:18:05.393  00244000
05.06.2021 19:18:16.769  0024c000
05.06.2021 19:18:17.003  00244000
05.06.2021 19:18:18.767  00844000
05.06.2021 19:22:44.486  00844400
05.06.2021 19:22:44.648  00804400
05.06.2021 19:22:44.666  00804000
05.06.2021 19:22:54.854  00844000
05.06.2021 19:23:11.540  00844400
05.06.2021 19:23:11.684  00804400
05.06.2021 19:23:11.738  00804000
05.06.2021 19:23:18.759  00844000
05.06.2021 19:25:47.944  00844400
05.06.2021 19:25:48.160  00844000
05.06.2021 19:25:50.446  01244000
05.06.2021 19:25:50.536  00244000
05.06.2021 19:37:54.144  00844000
05.06.2021 19:57:24.696  00844400
05.06.2021 19:57:24.804  01244400
05.06.2021 19:57:24.894  00244400
05.06.2021 19:57:24.930  00244000
05.06.2021 19:57:56.719  0024c000
05.06.2021 19:57:56.917  00244000
05.06.2021 19:57:57.871  00844000
05.06.2021 19:59:26.432  00844400
05.06.2021 19:59:26.612  00844000
05.06.2021 19:59:30.158  01244000
05.06.2021 19:59:30.248  00244000
05.06.2021 20:15:56.784  00844000
05.06.2021 20:21:32.254  00844400
05.06.2021 20:21:32.362  01244400
05.06.2021 20:21:32.416  01244000
05.06.2021 20:21:32.452  00244000
05.06.2021 20:22:33.598  0024c000
05.06.2021 20:22:33.778  00244000
05.06.2021 20:22:34.984  00844000
05.06.2021 20:26:07.567  00844400
05.06.2021 20:26:07.675  00844000
05.06.2021 20:26:08.575  01244000
05.06.2021 20:26:08.665  00244000
05.06.2021 20:29:18.135  00844000
05.06.2021 20:43:40.956  0084a000
05.06.2021 20:43:50.478  8084a000
05.06.2021 20:43:50.496  80002000

Servicedata V1.0 PLC:\DEBUG\Pcin0_1.service.trace created 06.06.2021 14:02:32 (local time)
hostname: hu, Software: 606421 04, built: 08.10.2014 08:59
-------------------------------------------------------------------------------------------
                    ms   pcin1_0
06.06.2021 12:32:14.427  0084c000
06.06.2021 12:34:47.351  00844000
06.06.2021 12:34:49.745  00844400
06.06.2021 12:34:50.069  00844000
06.06.2021 12:34:50.321  00844400
06.06.2021 12:34:50.339  00844000
06.06.2021 12:34:50.825  00844400
06.06.2021 12:34:50.843  00844000
06.06.2021 12:41:33.489  00844400
06.06.2021 12:41:33.669  00804400
06.06.2021 12:41:33.741  00804000
06.06.2021 12:41:46.053  00844000
06.06.2021 12:41:48.663  0084c000
06.06.2021 12:41:48.987  00844000
06.06.2021 12:46:02.754  00844400
06.06.2021 12:46:02.916  00804400
06.06.2021 12:46:02.970  00804000
06.06.2021 12:46:12.816  00844000
06.06.2021 12:51:24.129  00844400
06.06.2021 12:51:24.471  00844000
06.06.2021 12:51:26.127  01244000
06.06.2021 12:51:26.217  00244000
06.06.2021 12:51:26.253  00244400
06.06.2021 12:51:26.469  00244000
06.06.2021 12:51:30.105  00844000
06.06.2021 12:58:52.892  00844400
06.06.2021 12:58:53.072  00844000
06.06.2021 12:58:55.610  01244000
06.06.2021 12:58:55.718  00244000
06.06.2021 12:59:06.410  00844000
06.06.2021 13:13:40.337  00844400
06.06.2021 13:13:40.481  00844000
06.06.2021 13:13:42.713  01244000
06.06.2021 13:13:42.821  00244000
06.06.2021 13:13:51.605  00204000
06.06.2021 13:13:52.613  00804000
06.06.2021 13:13:57.437  00844000
06.06.2021 13:16:22.501  00844400
06.06.2021 13:16:22.609  00844000
06.06.2021 13:16:25.597  01244000
06.06.2021 13:16:25.705  00244000
06.06.2021 13:16:46.729  00844000
06.06.2021 13:17:57.452  00844400
06.06.2021 13:17:57.614  00844000
06.06.2021 13:18:00.152  01244000
06.06.2021 13:18:00.242  00244000
06.06.2021 13:18:03.014  00204000
06.06.2021 13:18:03.986  00804000
06.06.2021 13:18:08.792  00844000
06.06.2021 13:20:05.091  0084a000
06.06.2021 14:02:32.622  8084a000
06.06.2021 14:02:32.640  80002000

Servicedata V1.0 PLC:\DEBUG\Pcin0_1.service.trace created 07.06.2021 11:45:11 (local time)
hostname: hu, Software: 606421 04, built: 08.10.2014 08:59
-------------------------------------------------------------------------------------------
                    ms   pcin1_0
07.06.2021 10:49:25.511  00844000
07.06.2021 10:50:27.111  00844400
07.06.2021 10:50:27.381  00844000
07.06.2021 10:50:28.191  00844400
07.06.2021 10:50:28.209  00844000
07.06.2021 10:50:28.857  00844400
07.06.2021 10:50:28.875  00844000
07.06.2021 10:51:22.965  00844400
07.06.2021 10:51:23.199  00844000
07.06.2021 10:51:24.189  00804000
07.06.2021 10:51:34.989  00844000
07.06.2021 10:51:59.506  0084c000
07.06.2021 10:52:16.192  00844000
07.06.2021 10:53:42.161  00844400
07.06.2021 10:53:42.377  00844000
07.06.2021 10:53:42.737  00804000
07.06.2021 10:53:43.223  0080c000
07.06.2021 10:54:04.823  00804000
07.06.2021 10:59:31.796  00804400
07.06.2021 10:59:31.994  00804000
07.06.2021 10:59:32.678  00804400
07.06.2021 10:59:32.948  00804000
07.06.2021 10:59:45.836  00844000
07.06.2021 11:01:07.107  00844400
07.06.2021 11:01:07.323  00844000
07.06.2021 11:01:08.187  00804000
07.06.2021 11:01:15.279  00804010
07.06.2021 11:01:15.297  00844010
07.06.2021 11:01:36.790  00844410
07.06.2021 11:01:36.862  00804410
07.06.2021 11:01:37.042  00804010
07.06.2021 11:21:45.718  00804410
07.06.2021 11:21:46.024  00804010
07.06.2021 11:26:19.879  00804410
07.06.2021 11:26:20.113  00804010
07.06.2021 11:27:18.722  00804410
07.06.2021 11:27:18.938  00804010
07.06.2021 11:28:31.479  00804410
07.06.2021 11:28:31.623  00804010
07.06.2021 11:44:41.491  00804410
07.06.2021 11:44:41.545  00804400
07.06.2021 11:44:41.707  00804000
07.06.2021 11:44:51.841  00844000
07.06.2021 11:44:52.507  0084c000
07.06.2021 11:44:59.869  00844000
07.06.2021 11:45:11.677  80844000
07.06.2021 11:45:11.695  80000000

Servicedata V1.0 PLC:\DEBUG\Pcin0_1.service.trace created 07.06.2021 11:54:44 (local time)
hostname: hu, Software: 606421 04, built: 08.10.2014 08:59
-------------------------------------------------------------------------------------------
                    ms   pcin1_0
07.06.2021 11:47:57.842  00844000
07.06.2021 11:48:05.744  00844400
07.06.2021 11:48:05.906  00844000
07.06.2021 11:48:06.374  00844400
07.06.2021 11:48:06.392  00844000
07.06.2021 11:48:06.878  00844400
07.06.2021 11:48:06.896  00844000
07.06.2021 11:51:48.173  00844400
07.06.2021 11:51:48.353  00804400
07.06.2021 11:51:48.479  00804000
07.06.2021 11:52:00.683  00804010
07.06.2021 11:52:00.701  00844010
07.06.2021 11:52:03.815  0084c010
07.06.2021 11:52:05.507  00844010
07.06.2021 11:52:19.259  00844410
07.06.2021 11:52:19.331  00804410
07.06.2021 11:52:19.619  00804010
07.06.2021 11:52:32.993  0080c010
07.06.2021 11:52:33.227  00804010
07.06.2021 11:53:56.262  00804410
07.06.2021 11:53:56.478  00804010
07.06.2021 11:54:30.102  0084a010
07.06.2021 11:54:44.016  8084a010
07.06.2021 11:54:44.034  80002000

Servicedata V1.0 PLC:\DEBUG\Pcin0_1.service.trace created 07.06.2021 12:01:36 (local time)
hostname: hu, Software: 606421 04, built: 08.10.2014 08:59
-------------------------------------------------------------------------------------------
                    ms   pcin1_0
07.06.2021 11:59:06.935  00844010
07.06.2021 11:59:24.782  00844410
07.06.2021 11:59:25.016  00844010
07.06.2021 11:59:25.718  00844410
07.06.2021 11:59:25.736  00844010
07.06.2021 11:59:26.366  00844410
07.06.2021 11:59:26.384  00844010
07.06.2021 12:01:00.525  00844410
07.06.2021 12:01:00.777  00844010
07.06.2021 12:01:14.925  0084c010
07.06.2021 12:01:15.159  00844010
07.06.2021 12:01:15.717  0084c010
07.06.2021 12:01:15.951  00844010
07.06.2021 12:01:28.029  0084a010
07.06.2021 12:01:36.183  8084a010
07.06.2021 12:01:36.201  80002000

Servicedata V1.0 PLC:\DEBUG\Pcin0_1.service.trace created 07.06.2021 12:08:28 (local time)
hostname: hu, Software: 606421 04, built: 08.10.2014 08:59
-------------------------------------------------------------------------------------------
                    ms   pcin1_0
07.06.2021 12:07:04.573  00844010
07.06.2021 12:07:09.046  00844410
07.06.2021 12:07:09.352  00844010
07.06.2021 12:07:10.252  00844410
07.06.2021 12:07:10.270  00844010
07.06.2021 12:07:11.386  00844410
07.06.2021 12:07:11.404  00844010

Servicedata V1.0 PLC:\DEBUG\Pcin0_1.service.trace created 07.06.2021 12:23:33 (local time)
hostname: hu, Software: 606421 04, built: 08.10.2014 08:59
-------------------------------------------------------------------------------------------
                    ms   pcin1_0
07.06.2021 12:11:54.556  00844010
07.06.2021 12:12:07.748  00844410
07.06.2021 12:12:07.964  00844010
07.06.2021 12:12:09.836  00844410
07.06.2021 12:12:09.854  00844010
07.06.2021 12:12:11.024  00844410
07.06.2021 12:12:11.042  00844010
07.06.2021 12:13:54.741  00844410
07.06.2021 12:13:54.921  00844010
07.06.2021 12:14:19.995  00844410
07.06.2021 12:14:20.157  00844010
07.06.2021 12:20:30.907  00844410
07.06.2021 12:20:31.087  00844010
07.06.2021 12:20:44.605  0084c010
07.06.2021 12:20:44.839  00844010
07.06.2021 12:20:52.291  00844410
07.06.2021 12:20:52.363  00804410
07.06.2021 12:20:52.471  00804010
07.06.2021 12:20:59.293  0080c010
07.06.2021 12:20:59.581  00804010
07.06.2021 12:21:41.972  00804410
07.06.2021 12:21:42.188  00804010
07.06.2021 12:22:16.640  00844010
07.06.2021 12:22:32.012  00844410
07.06.2021 12:22:32.192  00844010
07.06.2021 12:23:32.907  80844010
07.06.2021 12:23:32.925  80000000

Servicedata V1.0 PLC:\DEBUG\Pcin0_1.service.trace created 07.06.2021 13:20:40 (local time)
hostname: hu, Software: 606421 04, built: 08.10.2014 08:59
-------------------------------------------------------------------------------------------
                    ms   pcin1_0
07.06.2021 12:27:09.529  00844010
07.06.2021 12:28:41.420  00844410
07.06.2021 12:28:41.600  00844010
07.06.2021 12:28:42.410  00844410
07.06.2021 12:28:42.428  00844010
07.06.2021 12:28:43.598  00844410
07.06.2021 12:28:43.616  00844010
07.06.2021 12:30:04.076  00844410
07.06.2021 12:30:04.166  00844400
07.06.2021 12:30:04.256  00844000
07.06.2021 12:30:04.274  00804000
07.06.2021 12:30:12.933  00844000
07.06.2021 12:47:00.961  00844400
07.06.2021 12:47:01.465  00844000
07.06.2021 12:47:07.981  00844400
07.06.2021 12:47:08.197  00844000
07.06.2021 12:48:13.286  00844400
07.06.2021 12:48:13.538  00844000
07.06.2021 12:49:24.261  00844400
07.06.2021 12:49:24.477  00844000
07.06.2021 12:50:05.985  00844400
07.06.2021 12:50:06.129  00844000
07.06.2021 12:50:15.525  00844400
07.06.2021 12:50:15.687  00804400
07.06.2021 12:50:15.741  00804000
07.06.2021 12:50:24.867  00844000
07.06.2021 12:50:31.815  00844400
07.06.2021 12:50:31.959  00804400
07.06.2021 12:50:32.013  00804000
07.06.2021 12:50:41.571  00844000
07.06.2021 12:50:57.016  0084c000
07.06.2021 12:51:03.280  00844000
07.06.2021 12:51:08.896  0084c000
07.06.2021 12:51:10.408  00844400
07.06.2021 12:51:10.516  00844000
07.06.2021 12:51:16.438  0084c000
07.06.2021 12:51:17.968  00844000
07.06.2021 12:51:34.078  00844400
07.06.2021 12:51:34.240  00804400
07.06.2021 12:51:34.258  00804000
07.06.2021 12:51:44.932  00804010
07.06.2021 12:51:44.950  00844010
07.06.2021 12:52:04.156  00844410
07.06.2021 12:52:04.336  00844010
07.06.2021 12:52:09.592  00844410
07.06.2021 12:52:09.808  00844010
07.06.2021 12:52:11.464  00844410
07.06.2021 12:52:11.662  00844010
07.06.2021 12:52:14.434  00844410
07.06.2021 12:52:14.650  00844010
07.06.2021 12:52:16.450  0084c010
07.06.2021 12:52:16.630  00844010
07.06.2021 12:52:20.392  00844410
07.06.2021 12:52:20.536  00844010
07.06.2021 13:06:06.655  0084a010
07.06.2021 13:16:23.378  00844010
07.06.2021 13:17:25.010  00844000
07.06.2021 13:17:25.028  00844400
07.06.2021 13:17:25.154  00844010
07.06.2021 13:17:26.594  00804010
07.06.2021 13:18:44.499  00804410
07.06.2021 13:18:44.733  00804010
07.06.2021 13:19:37.204  00804410
07.06.2021 13:19:37.384  00804010
07.06.2021 13:20:26.218  0084a010
07.06.2021 13:20:40.510  8084a010
07.06.2021 13:20:40.528  80002000

Servicedata V1.0 PLC:\DEBUG\Pcin0_1.service.trace created 07.06.2021 14:41:47 (local time)
hostname: hu, Software: 606421 04, built: 08.10.2014 08:59
-------------------------------------------------------------------------------------------
                    ms   pcin1_0
07.06.2021 13:28:52.020  00844010
07.06.2021 13:29:21.208  00844410
07.06.2021 13:29:21.406  00844010
07.06.2021 13:29:22.468  00844410
07.06.2021 13:29:22.486  00844010
07.06.2021 13:29:23.656  00844410
07.06.2021 13:29:23.674  00844010
07.06.2021 13:30:12.922  00844410
07.06.2021 13:30:12.994  00844400
07.06.2021 13:30:13.102  00804400
07.06.2021 13:30:13.138  00804000
07.06.2021 13:30:24.658  00844000
07.06.2021 13:33:33.084  00844400
07.06.2021 13:33:33.228  00844000
07.06.2021 13:33:33.246  00804000
07.06.2021 13:33:44.533  00804010
07.06.2021 13:33:44.551  00844010
07.06.2021 13:37:06.225  00844410
07.06.2021 13:37:06.279  00844400
07.06.2021 13:37:06.369  00844000
07.06.2021 13:37:06.387  00804000
07.06.2021 13:37:15.999  00844000
07.06.2021 13:39:46.480  00844400
07.06.2021 13:39:46.642  00804400
07.06.2021 13:39:46.660  00804000
07.06.2021 13:39:54.022  00804010
07.06.2021 13:39:54.040  00844010
07.06.2021 13:44:54.032  00844410
07.06.2021 13:44:54.212  00844010
07.06.2021 13:45:37.970  00804010
07.06.2021 13:45:45.944  00844010
07.06.2021 13:46:02.486  00844410
07.06.2021 13:46:02.666  00844010
07.06.2021 13:46:20.775  00804010
07.06.2021 13:46:32.655  00844010
07.06.2021 13:49:24.016  00844410
07.06.2021 13:49:24.178  00844010
07.06.2021 13:49:45.311  00804010
07.06.2021 13:50:13.373  00844010
07.06.2021 13:52:05.712  00844410
07.06.2021 13:52:05.874  00844010
07.06.2021 13:53:50.239  00844410
07.06.2021 13:53:50.455  00844010
07.06.2021 13:54:15.404  00804010
07.06.2021 13:54:49.532  00844010
07.06.2021 13:57:55.150  00844410
07.06.2021 13:57:55.330  00844010
07.06.2021 13:58:09.298  00804010
07.06.2021 13:58:41.842  00844010
07.06.2021 13:59:07.241  00844410
07.06.2021 13:59:07.511  00844010
07.06.2021 14:05:00.386  00844410
07.06.2021 14:05:00.548  00844010
07.06.2021 14:05:10.088  00844410
07.06.2021 14:05:10.286  00844010
07.06.2021 14:05:26.001  00804010
07.06.2021 14:06:03.171  00844010
07.06.2021 14:06:28.191  00844410
07.06.2021 14:06:28.353  00844010
07.06.2021 14:15:09.999  00844410
07.06.2021 14:15:10.287  00844010
07.06.2021 14:16:13.072  00844410
07.06.2021 14:16:13.270  00844010
07.06.2021 14:16:35.068  00804010
07.06.2021 14:17:02.608  00844010
07.06.2021 14:17:19.798  00844410
07.06.2021 14:17:19.996  00844010
07.06.2021 14:23:16.652  0084a010
07.06.2021 14:41:47.660  8084a010
07.06.2021 14:41:47.678  80002000

Servicedata V1.0 PLC:\DEBUG\Pcin0_1.service.trace created 07.06.2021 16:03:10 (local time)
hostname: hu, Software: 606421 04, built: 08.10.2014 08:59
-------------------------------------------------------------------------------------------
                    ms   pcin1_0
07.06.2021 15:43:48.352  00844010
07.06.2021 15:43:52.885  00844410
07.06.2021 15:43:53.245  00844010
07.06.2021 15:43:53.821  00844410
07.06.2021 15:43:53.839  00844010
07.06.2021 15:43:54.613  00844410
07.06.2021 15:43:54.631  00844010
07.06.2021 15:44:45.950  00844410
07.06.2021 15:44:46.022  00804410
07.06.2021 15:44:46.076  00804010
07.06.2021 15:45:00.350  00804410
07.06.2021 15:45:00.458  00804010
07.06.2021 15:46:30.639  00804000
07.06.2021 15:46:30.657  00804400
07.06.2021 15:46:30.819  00804010
07.06.2021 15:46:35.499  00804000
07.06.2021 15:46:35.517  00804400
07.06.2021 15:46:35.805  00804010
07.06.2021 15:46:46.875  00804000
07.06.2021 15:46:46.893  00804400
07.06.2021 15:46:47.145  00804010
07.06.2021 15:46:48.801  00804000
07.06.2021 15:46:48.819  00804400
07.06.2021 15:46:49.143  00804010
07.06.2021 15:46:50.655  00804000
07.06.2021 15:46:50.673  00804400
07.06.2021 15:46:50.979  00804010
07.06.2021 15:46:52.257  00804000
07.06.2021 15:46:52.275  00804400
07.06.2021 15:46:52.473  00804010
07.06.2021 15:49:17.212  00804000
07.06.2021 15:49:17.230  00804400
07.06.2021 15:49:17.320  00804010
07.06.2021 15:49:18.544  00804000
07.06.2021 15:49:18.562  00804400
07.06.2021 15:49:18.742  00804010
07.06.2021 15:49:20.561  00804000
07.06.2021 15:49:20.579  00804400
07.06.2021 15:49:20.795  00804010
07.06.2021 15:50:00.719  00804410
07.06.2021 15:50:00.899  00804010
07.06.2021 15:52:20.310  00804000
07.06.2021 15:52:20.328  00804400
07.06.2021 15:52:20.652  00804010
07.06.2021 15:52:21.606  00804000
07.06.2021 15:52:21.624  00804400
07.06.2021 15:52:21.894  00804010
07.06.2021 15:52:22.938  00804000
07.06.2021 15:52:22.956  00804400
07.06.2021 15:52:23.136  00804010
07.06.2021 15:52:23.604  00804000
07.06.2021 15:52:23.622  00804400
07.06.2021 15:52:23.802  00804010
07.06.2021 15:55:58.977  0080c010
07.06.2021 15:55:59.013  0084c010
07.06.2021 15:56:00.525  00844010
07.06.2021 16:02:32.695  00844000
07.06.2021 16:02:32.713  00844400
07.06.2021 16:02:33.001  00844010
07.06.2021 16:02:33.829  00844000
07.06.2021 16:02:33.847  00844400
07.06.2021 16:02:33.991  00844010
07.06.2021 16:02:34.279  00804010
07.06.2021 16:02:39.877  00804000
07.06.2021 16:02:39.895  00804400
07.06.2021 16:02:40.165  00804010

Servicedata V1.0 PLC:\DEBUG\Pcin0_1.service.trace created 07.06.2021 16:08:58 (local time)
hostname: hu, Software: 606421 04, built: 08.10.2014 08:59
-------------------------------------------------------------------------------------------
                    ms   pcin1_0
07.06.2021 16:04:47.433  00844010
07.06.2021 16:04:59.196  00844000
07.06.2021 16:04:59.214  00844400
07.06.2021 16:04:59.466  00844010
07.06.2021 16:04:59.934  00844410
07.06.2021 16:04:59.952  00844010
07.06.2021 16:05:00.744  00844410
07.06.2021 16:05:00.762  00844010
07.06.2021 16:06:49.897  00844410
07.06.2021 16:06:50.167  00844010
07.06.2021 16:08:05.588  0084a010
07.06.2021 16:08:58.131  8084a010
07.06.2021 16:08:58.149  80002000

Servicedata V1.0 PLC:\DEBUG\Pcin0_1.service.trace created 07.06.2021 17:27:10 (local time)
hostname: hu, Software: 606421 04, built: 08.10.2014 08:59
-------------------------------------------------------------------------------------------
                    ms   pcin1_0
07.06.2021 16:57:17.034  00844010
07.06.2021 17:00:51.692  00844000
07.06.2021 17:00:51.710  00844400
07.06.2021 17:00:51.890  00844010
07.06.2021 17:00:52.448  00844410
07.06.2021 17:00:52.466  00844010
07.06.2021 17:00:53.258  00844410
07.06.2021 17:00:53.276  00844010
07.06.2021 17:11:46.863  0084a010
07.06.2021 17:17:15.763  00844010
07.06.2021 17:17:25.591  00844410
07.06.2021 17:17:25.771  00844010
07.06.2021 17:27:10.021  80844010
07.06.2021 17:27:10.039  80000000

Servicedata V1.0 PLC:\DEBUG\Pcin0_1.service.trace created 07.06.2021 20:13:36 (local time)
hostname: hu, Software: 606421 04, built: 08.10.2014 08:59
-------------------------------------------------------------------------------------------
                    ms   pcin1_0
07.06.2021 17:32:52.510  00844010
07.06.2021 17:32:55.885  00844410
07.06.2021 17:32:56.047  00844010
07.06.2021 17:32:56.659  00844410
07.06.2021 17:32:56.677  00844010
07.06.2021 17:32:57.451  00844410
07.06.2021 17:32:57.469  00844010
07.06.2021 17:40:02.112  00844410
07.06.2021 17:40:02.310  00844010
07.06.2021 17:46:35.794  00844410
07.06.2021 17:46:35.974  00844010
07.06.2021 17:46:48.160  0084c010
07.06.2021 17:46:48.430  00844010
07.06.2021 17:46:48.898  00844410
07.06.2021 17:46:49.042  00844010
07.06.2021 17:46:49.636  00844410
07.06.2021 17:46:49.780  00844010
07.06.2021 17:46:50.158  0084c010
07.06.2021 17:46:50.410  00844010
07.06.2021 17:46:50.752  00844410
07.06.2021 17:46:50.878  00844010
07.06.2021 17:46:56.296  0084c010
07.06.2021 17:46:56.638  00844010
07.06.2021 17:46:56.908  0084c010
07.06.2021 17:46:57.160  00844010
07.06.2021 17:46:58.492  0084c010
07.06.2021 17:46:58.690  00844010
07.06.2021 17:47:14.512  00844410
07.06.2021 17:47:14.566  00844400
07.06.2021 17:47:14.674  00844000
07.06.2021 17:47:15.196  00844400
07.06.2021 17:47:15.268  00804400
07.06.2021 17:47:15.358  00804000
07.06.2021 17:47:25.942  00844000
07.06.2021 17:52:39.308  00844400
07.06.2021 17:52:39.560  00844000
07.06.2021 17:52:40.730  00844400
07.06.2021 17:52:40.946  00844000
07.06.2021 17:52:41.324  00844400
07.06.2021 17:52:41.486  00844000
07.06.2021 17:54:06.141  00844400
07.06.2021 17:54:06.447  00844000
07.06.2021 17:54:07.977  0084c000
07.06.2021 17:54:08.319  00844000
07.06.2021 17:54:08.823  0084c000
07.06.2021 17:54:09.075  00844000
07.06.2021 17:54:09.381  0084c000
07.06.2021 17:54:09.597  00844000
07.06.2021 17:54:10.803  0084c000
07.06.2021 17:54:11.109  00844000
07.06.2021 17:54:11.487  0084c000
07.06.2021 17:54:11.721  00844000
07.06.2021 17:54:11.937  0084c000
07.06.2021 17:54:12.099  00844000
07.06.2021 17:54:12.171  0084c000
07.06.2021 17:54:12.315  00844000
07.06.2021 17:54:12.405  0084c000
07.06.2021 17:54:12.549  00844000
07.06.2021 17:54:12.621  0084c000
07.06.2021 17:54:12.783  00844000
07.06.2021 17:54:12.819  0084c000
07.06.2021 17:54:12.999  00844000
07.06.2021 17:54:23.583  00844400
07.06.2021 17:54:23.745  00804400
07.06.2021 17:54:23.835  00804000
07.06.2021 17:54:30.927  00804010
07.06.2021 17:54:30.945  00844010
07.06.2021 17:55:05.631  00844410
07.06.2021 17:55:05.685  00844400
07.06.2021 17:55:05.793  00804400
07.06.2021 17:55:05.847  00804000
07.06.2021 17:55:18.141  00844000
07.06.2021 17:58:15.533  00844400
07.06.2021 17:58:15.785  00844000
07.06.2021 17:58:17.261  00844400
07.06.2021 17:58:17.495  00844000
07.06.2021 17:58:19.277  00844400
07.06.2021 17:58:19.943  00844000
07.06.2021 17:58:29.033  0084c000
07.06.2021 17:58:29.285  00844000
07.06.2021 17:58:39.672  00844400
07.06.2021 17:58:39.834  00804400
07.06.2021 17:58:39.852  00804000
07.06.2021 17:58:46.908  00804010
07.06.2021 17:58:46.926  00844010
07.06.2021 17:59:10.110  00844410
07.06.2021 17:59:10.146  00844400
07.06.2021 17:59:10.254  00804400
07.06.2021 17:59:10.416  00804000
07.06.2021 17:59:20.982  00844000
07.06.2021 18:00:28.789  00844400
07.06.2021 18:00:28.951  00804400
07.06.2021 18:00:29.023  00804000
07.06.2021 18:00:36.007  00804010
07.06.2021 18:00:36.025  00844010
07.06.2021 18:00:57.409  00844410
07.06.2021 18:00:57.445  00844400
07.06.2021 18:00:57.553  00804400
07.06.2021 18:00:57.697  00804000
07.06.2021 18:01:04.627  00844000
07.06.2021 18:02:32.000  00844400
07.06.2021 18:02:32.162  00804400
07.06.2021 18:02:32.342  00804000
07.06.2021 18:02:39.218  00804010
07.06.2021 18:02:39.236  00844010
07.06.2021 18:03:03.410  00844410
07.06.2021 18:03:03.446  00844400
07.06.2021 18:03:03.554  00804400
07.06.2021 18:03:03.572  00804000
07.06.2021 18:03:10.664  00844000
07.06.2021 18:04:15.465  00844400
07.06.2021 18:04:15.627  00804400
07.06.2021 18:04:15.645  00804000
07.06.2021 18:04:22.701  00804010
07.06.2021 18:04:22.719  00844010
07.06.2021 18:04:48.315  00844410
07.06.2021 18:04:48.549  00844010
07.06.2021 18:06:52.031  00844410
07.06.2021 18:06:52.229  00844010
07.06.2021 18:06:54.137  00804010
07.06.2021 18:06:54.173  00844010
07.06.2021 18:07:39.623  00844410
07.06.2021 18:07:39.677  00804410
07.06.2021 18:07:39.713  00844410
07.06.2021 18:07:39.875  00844010
07.06.2021 18:07:41.225  00844410
07.06.2021 18:07:41.279  00804410
07.06.2021 18:07:41.315  00844410
07.06.2021 18:07:41.495  00844010
07.06.2021 18:07:43.655  00844410
07.06.2021 18:07:43.709  00804410
07.06.2021 18:07:43.745  00844410
07.06.2021 18:07:43.853  00844010
07.06.2021 18:07:45.005  00844410
07.06.2021 18:07:45.059  00804410
07.06.2021 18:07:45.095  00844410
07.06.2021 18:07:45.293  00844010
07.06.2021 18:23:05.805  00844410
07.06.2021 18:23:05.913  00804410
07.06.2021 18:23:06.165  00804010
07.06.2021 18:23:34.983  0080c010
07.06.2021 18:23:35.217  00804010
07.06.2021 18:23:36.585  00844010
07.06.2021 18:26:27.875  00844410
07.06.2021 18:26:28.181  00844010
07.06.2021 18:26:31.277  0084c010
07.06.2021 18:26:31.547  00844010
07.06.2021 18:26:31.943  0084c010
07.06.2021 18:26:32.015  00844010
07.06.2021 18:26:37.487  0084c010
07.06.2021 18:26:37.703  00844010
07.06.2021 18:26:38.603  0084c010
07.06.2021 18:26:38.783  00844010
07.06.2021 18:26:39.125  0084c010
07.06.2021 18:26:39.287  00844010
07.06.2021 18:26:39.989  0084c010
07.06.2021 18:26:40.133  00844010
07.06.2021 18:26:58.008  00844410
07.06.2021 18:26:58.170  00844010
07.06.2021 18:27:06.738  00844410
07.06.2021 18:27:06.954  00844010
07.06.2021 18:27:31.992  0084c010
07.06.2021 18:27:32.226  00844010
07.06.2021 18:27:33.702  0084c010
07.06.2021 18:27:33.846  00844010
07.06.2021 18:27:34.260  0084c010
07.06.2021 18:27:34.422  00844010
07.06.2021 18:27:46.266  00844410
07.06.2021 18:27:46.320  00844400
07.06.2021 18:27:46.428  00804400
07.06.2021 18:27:46.554  00804000
07.06.2021 18:27:56.490  00844000
07.06.2021 18:30:05.732  00844400
07.06.2021 18:30:05.894  00804400
07.06.2021 18:30:05.984  00804000
07.06.2021 18:30:12.950  00804010
07.06.2021 18:30:12.968  00844010
07.06.2021 18:31:23.744  00844410
07.06.2021 18:31:23.924  00844010
07.06.2021 18:31:35.931  0084c010
07.06.2021 18:31:36.309  00844010
07.06.2021 18:31:37.623  0084c010
07.06.2021 18:31:37.803  00844010
07.06.2021 18:31:50.961  00844410
07.06.2021 18:31:51.015  00844400
07.06.2021 18:31:51.123  00804400
07.06.2021 18:31:51.213  00804000
07.06.2021 18:32:06.549  00844000
07.06.2021 18:33:53.668  00844400
07.06.2021 18:33:53.830  00804400
07.06.2021 18:33:53.902  00804000
07.06.2021 18:34:00.958  00804010
07.06.2021 18:34:00.976  00844010
07.06.2021 18:34:32.962  00844410
07.06.2021 18:34:33.178  00844010
07.06.2021 18:34:36.185  00844410
07.06.2021 18:34:36.419  00844010
07.06.2021 18:34:49.703  00844410
07.06.2021 18:34:49.757  00844400
07.06.2021 18:34:49.865  00804400
07.06.2021 18:34:49.883  00804000
07.06.2021 18:35:03.743  00844000
07.06.2021 18:35:15.425  00844400
07.06.2021 18:35:15.659  00844000
07.06.2021 18:35:18.305  00844400
07.06.2021 18:35:18.557  00844000
07.06.2021 18:35:20.933  00844400
07.06.2021 18:35:21.185  00844000
07.06.2021 18:35:34.901  00844400
07.06.2021 18:35:35.063  00804400
07.06.2021 18:35:35.117  00804000
07.06.2021 18:35:42.191  00804010
07.06.2021 18:35:42.209  00844010
07.06.2021 18:36:25.482  00844410
07.06.2021 18:36:25.536  00804410
07.06.2021 18:36:25.698  00804010
07.06.2021 18:36:41.160  0080c010
07.06.2021 18:36:41.430  00804010
07.06.2021 18:36:43.068  0080c010
07.06.2021 18:36:43.248  00804010
07.06.2021 18:36:44.076  0080c010
07.06.2021 18:36:44.310  00804010
07.06.2021 18:36:47.118  0080c010
07.06.2021 18:36:47.442  00804010
07.06.2021 18:36:48.414  00844010
07.06.2021 18:36:58.908  00844410
07.06.2021 18:36:59.052  00844010
07.06.2021 18:37:08.664  00844410
07.06.2021 18:37:08.880  00844010
07.06.2021 18:55:44.550  00864010
07.06.2021 18:55:47.736  00844010
07.06.2021 18:55:48.654  00864010
07.06.2021 18:55:51.624  00844010
07.06.2021 18:56:01.704  00864010
07.06.2021 18:56:18.264  00844010
07.06.2021 18:57:47.959  0084c010
07.06.2021 18:57:48.409  00844010
07.06.2021 18:59:46.869  00844410
07.06.2021 18:59:47.103  00844010
07.06.2021 18:59:49.407  00844410
07.06.2021 18:59:49.677  00844010
07.06.2021 18:59:50.271  00844410
07.06.2021 18:59:50.451  00844010
07.06.2021 18:59:56.121  00844410
07.06.2021 18:59:56.355  00844010
07.06.2021 18:59:57.777  00844410
07.06.2021 18:59:57.993  00844010
07.06.2021 18:59:58.731  00844410
07.06.2021 18:59:58.893  00844010
07.06.2021 18:59:59.595  00844410
07.06.2021 18:59:59.757  00844010
07.06.2021 19:00:08.865  00844410
07.06.2021 19:00:09.045  00844010
07.06.2021 19:00:10.323  00844410
07.06.2021 19:00:10.485  00844010
07.06.2021 19:00:10.935  00844410
07.06.2021 19:00:11.079  00844010
07.06.2021 19:00:11.313  00844410
07.06.2021 19:00:11.457  00844010
07.06.2021 19:00:11.601  00844410
07.06.2021 19:00:11.709  00844010
07.06.2021 19:00:11.853  00844410
07.06.2021 19:00:11.961  00844010
07.06.2021 19:00:12.087  00844410
07.06.2021 19:00:12.177  00844010
07.06.2021 19:00:12.303  00844410
07.06.2021 19:00:12.393  00844010
07.06.2021 19:00:12.537  00844410
07.06.2021 19:00:12.627  00844010
07.06.2021 19:00:12.771  00844410
07.06.2021 19:00:12.843  00844010
07.06.2021 19:00:12.987  00844410
07.06.2021 19:00:13.059  00844010
07.06.2021 19:00:13.203  00844410
07.06.2021 19:00:13.275  00844010
07.06.2021 19:04:22.128  0084a010
07.06.2021 19:06:01.651  00844010
07.06.2021 19:06:20.353  00844410
07.06.2021 19:06:20.533  00844010
07.06.2021 19:06:44.023  00804010
07.06.2021 19:07:27.367  00844010
07.06.2021 19:11:12.730  00844410
07.06.2021 19:11:12.964  00844010
07.06.2021 19:11:36.346  00804010
07.06.2021 19:12:21.329  00844010
07.06.2021 19:12:41.831  00844410
07.06.2021 19:12:42.011  00844010
07.06.2021 19:19:43.737  00844410
07.06.2021 19:19:43.971  00844010
07.06.2021 19:20:02.386  0084c010
07.06.2021 19:20:02.602  00844010
07.06.2021 19:20:14.896  00844410
07.06.2021 19:20:15.112  00844010
07.06.2021 19:20:26.596  00804010
07.06.2021 19:21:02.056  00844010
07.06.2021 19:21:20.452  00844410
07.06.2021 19:21:20.614  00844010
07.06.2021 19:22:30.779  00844410
07.06.2021 19:22:30.923  00844010
07.06.2021 19:22:55.709  00804010
07.06.2021 19:23:51.582  00844010
07.06.2021 19:24:06.432  00844410
07.06.2021 19:24:06.540  00844010
07.06.2021 19:29:05.685  00844410
07.06.2021 19:29:05.847  00844010
07.06.2021 19:31:08.177  00844410
07.06.2021 19:31:08.231  00844400
07.06.2021 19:31:08.339  00804400
07.06.2021 19:31:08.411  00804000
07.06.2021 19:31:19.031  00844000
07.06.2021 19:33:24.492  00844400
07.06.2021 19:33:24.636  00844000
07.06.2021 19:33:26.184  00804000
07.06.2021 19:33:36.120  00844000
07.06.2021 19:33:41.754  00844100
07.06.2021 19:33:42.438  00844000
07.06.2021 19:35:03.691  00844400
07.06.2021 19:35:03.853  00804400
07.06.2021 19:35:03.871  00804000
07.06.2021 19:35:12.529  00844000
07.06.2021 19:36:05.684  00844400
07.06.2021 19:36:05.792  00844000
07.06.2021 19:36:05.846  00804000
07.06.2021 19:36:15.854  00844000
07.06.2021 19:39:02.338  00844400
07.06.2021 19:39:02.500  00804400
07.06.2021 19:39:02.608  00804000
07.06.2021 19:39:12.508  00844000
07.06.2021 19:40:22.709  00844400
07.06.2021 19:40:22.871  00804400
07.06.2021 19:40:22.889  00804000
07.06.2021 19:40:35.921  00844000
07.06.2021 19:47:41.463  00844400
07.06.2021 19:47:41.661  00844000
07.06.2021 19:47:41.679  00804000
07.06.2021 19:47:50.823  00804010
07.06.2021 19:47:50.841  00844010
07.06.2021 19:48:24.970  00844410
07.06.2021 19:48:25.132  00844010
07.06.2021 19:49:30.130  00844410
07.06.2021 19:49:30.274  00844010
07.06.2021 19:49:35.423  00844410
07.06.2021 19:49:35.567  00844010
07.06.2021 19:49:58.103  00804010
07.06.2021 19:50:54.947  00844010
07.06.2021 19:50:54.965  00844000
07.06.2021 19:50:55.073  00804000
07.06.2021 19:51:02.525  00844000
07.06.2021 19:51:02.940  01244000
07.06.2021 19:51:03.029  00244000
07.06.2021 19:51:37.302  00844000
07.06.2021 19:58:55.373  00844400
07.06.2021 19:58:55.517  00844000
07.06.2021 19:59:51.497  00844400
07.06.2021 19:59:51.677  00844000
07.06.2021 19:59:56.339  00844400
07.06.2021 19:59:56.501  00844000
07.06.2021 19:59:56.555  00804000
07.06.2021 20:00:07.859  00804010
07.06.2021 20:00:07.877  00844010
07.06.2021 20:00:10.451  0084c010
07.06.2021 20:00:14.447  00844010
07.06.2021 20:00:16.697  00844410
07.06.2021 20:00:16.841  00844010
07.06.2021 20:00:21.431  0084c010
07.06.2021 20:01:17.394  00844010
07.06.2021 20:01:19.986  00844410
07.06.2021 20:01:20.112  00844010
07.06.2021 20:01:24.378  0084c010
07.06.2021 20:02:14.149  00844010
07.06.2021 20:02:18.829  00844410
07.06.2021 20:02:18.991  00844010
07.06.2021 20:02:21.133  0084c010
07.06.2021 20:03:13.441  00844010
07.06.2021 20:03:17.293  00844410
07.06.2021 20:03:17.527  00844010
07.06.2021 20:03:18.013  00804010
07.06.2021 20:03:20.425  0080c010
07.06.2021 20:03:24.403  00804010
07.06.2021 20:03:34.610  00844010
07.06.2021 20:04:32.408  00844410
07.06.2021 20:04:32.588  00844010
07.06.2021 20:04:57.266  00804010
07.06.2021 20:05:34.383  0080c010
07.06.2021 20:05:34.527  00804010
07.06.2021 20:05:40.017  00844010
07.06.2021 20:06:55.258  00844410
07.06.2021 20:06:55.474  00844010
07.06.2021 20:07:16.786  00804010
07.06.2021 20:07:25.300  0080c010
07.06.2021 20:07:25.516  00804010
07.06.2021 20:07:26.830  00844010
07.06.2021 20:08:06.358  00844410
07.06.2021 20:08:06.484  00844010
07.06.2021 20:08:24.809  00804010
07.06.2021 20:09:08.081  00804410
07.06.2021 20:09:08.261  00804010
07.06.2021 20:09:17.981  00844010
07.06.2021 20:09:17.999  00844000
07.06.2021 20:09:18.107  00804000
07.06.2021 20:09:25.577  00844000
07.06.2021 20:09:25.991  01244000
07.06.2021 20:09:26.081  00244000
07.06.2021 20:09:49.860  00844000
07.06.2021 20:10:56.604  0084a000
07.06.2021 20:13:36.320  8084a000
07.06.2021 20:13:36.338  80002000

Servicedata V1.0 PLC:\DEBUG\Pcin0_1.service.trace created 07.06.2021 22:39:26 (local time)
hostname: hu, Software: 606421 04, built: 08.10.2014 08:59
-------------------------------------------------------------------------------------------
                    ms   pcin1_0
07.06.2021 22:19:37.755  00844000
07.06.2021 22:20:51.217  00844400
07.06.2021 22:20:51.433  00844000
07.06.2021 22:20:51.883  00844400
07.06.2021 22:20:51.901  00844000
07.06.2021 22:20:52.387  00844400
07.06.2021 22:20:52.405  00844000
07.06.2021 22:21:42.662  00844400
07.06.2021 22:21:42.878  00804000
07.06.2021 22:21:51.032  00804010
07.06.2021 22:21:51.050  00844010
07.06.2021 22:22:17.402  00804010
07.06.2021 22:23:24.309  00844010
07.06.2021 22:23:24.327  00844000
07.06.2021 22:23:24.435  00804000
07.06.2021 22:23:31.905  00844000
07.06.2021 22:23:32.355  01244000
07.06.2021 22:23:32.445  00244000
07.06.2021 22:28:23.886  00844000
07.06.2021 22:28:27.774  00804000
07.06.2021 22:28:35.208  00844000
07.06.2021 22:28:35.640  01244000
07.06.2021 22:28:35.748  00244000
07.06.2021 22:29:20.821  0024c000
07.06.2021 22:29:21.091  00244000
07.06.2021 22:29:23.071  00844000
07.06.2021 22:31:55.622  00844400
07.06.2021 22:31:55.748  00844000
07.06.2021 22:31:55.838  00804000
07.06.2021 22:32:07.124  00804010
07.06.2021 22:32:07.142  00844010
07.06.2021 22:32:18.842  0084c010
07.06.2021 22:32:19.094  00844010
07.06.2021 22:32:19.904  0084c010
07.06.2021 22:32:20.156  00844010
07.06.2021 22:33:19.953  00844410
07.06.2021 22:33:20.151  00844010
07.06.2021 22:33:39.537  00804010
07.06.2021 22:34:24.718  00844010
07.06.2021 22:34:24.736  00844000
07.06.2021 22:34:24.844  00804000
07.06.2021 22:34:32.278  00844000
07.06.2021 22:34:32.710  01244000
07.06.2021 22:34:32.818  00244000
07.06.2021 22:36:54.371  00844000
07.06.2021 22:36:58.835  00804000
07.06.2021 22:37:06.270  00844000
07.06.2021 22:37:06.702  01244000
07.06.2021 22:37:06.810  00244000
07.06.2021 22:38:06.372  00844000
07.06.2021 22:39:15.979  0084a000
07.06.2021 22:39:26.131  8084a000
07.06.2021 22:39:26.149  80002000

Servicedata V1.0 PLC:\DEBUG\Pcin0_1.service.trace created 08.06.2021 10:37:13 (local time)
hostname: hu, Software: 606421 04, built: 08.10.2014 08:59
-------------------------------------------------------------------------------------------
                    ms   pcin1_0

Servicedata V1.0 PLC:\DEBUG\Pcin0_1.service.trace created 08.06.2021 14:27:18 (local time)
hostname: hu, Software: 606421 04, built: 08.10.2014 08:59
-------------------------------------------------------------------------------------------
                    ms   pcin1_0
08.06.2021 12:24:32.836  00844000
08.06.2021 12:24:54.023  00844400
08.06.2021 12:24:54.239  00844000
08.06.2021 12:24:54.779  00844400
08.06.2021 12:24:54.797  00844000
08.06.2021 12:24:55.409  00844400
08.06.2021 12:24:55.427  00844000
08.06.2021 12:28:37.639  00844400
08.06.2021 12:28:37.837  00804400
08.06.2021 12:28:37.909  00804000
08.06.2021 12:28:46.999  00804010
08.06.2021 12:28:47.017  00844010
08.06.2021 12:30:35.612  00844410
08.06.2021 12:30:35.810  00844010
08.06.2021 12:31:09.741  00804010
08.06.2021 12:31:51.051  00844010
08.06.2021 12:40:14.930  00844410
08.06.2021 12:40:15.110  00844010
08.06.2021 12:40:22.923  00844410
08.06.2021 12:40:23.067  00844010
08.06.2021 12:40:48.123  00804010
08.06.2021 12:41:19.245  00844010
08.06.2021 12:42:50.830  00844410
08.06.2021 12:42:51.046  00844010
08.06.2021 12:43:15.076  00804010
08.06.2021 12:43:47.423  00844010
08.06.2021 12:44:41.963  00844410
08.06.2021 12:44:42.089  00844010
08.06.2021 12:44:55.787  00804010
08.06.2021 12:45:29.448  00844010
08.06.2021 12:45:48.060  00844410
08.06.2021 12:45:48.222  00844010
08.06.2021 12:46:25.050  00844410
08.06.2021 12:46:25.104  00844400
08.06.2021 12:46:25.212  00804400
08.06.2021 12:46:25.230  00804000
08.06.2021 12:46:37.471  00844000
08.06.2021 12:48:33.860  00844400
08.06.2021 12:48:34.094  00844000
08.06.2021 12:48:35.426  01244000
08.06.2021 12:48:35.516  00244000
08.06.2021 12:49:44.348  00844000
08.06.2021 12:50:16.947  00844400
08.06.2021 12:50:17.037  01244400
08.06.2021 12:50:17.091  01244000
08.06.2021 12:50:17.127  00244000
08.06.2021 12:51:02.181  00844000
08.06.2021 12:51:37.300  00844400
08.06.2021 12:51:37.498  00844000
08.06.2021 12:51:37.516  00804000
08.06.2021 12:51:44.878  00804010
08.06.2021 12:51:44.896  00844010
08.06.2021 12:51:59.188  00804010
08.06.2021 12:52:17.620  00844010
08.06.2021 12:53:19.991  00844410
08.06.2021 12:53:20.171  00844010
08.06.2021 12:53:43.103  00804010
08.06.2021 12:54:12.407  00844010
08.06.2021 12:55:21.654  00844410
08.06.2021 12:55:21.762  00844400
08.06.2021 12:55:21.798  00844000
08.06.2021 12:55:21.870  00804000
08.06.2021 12:55:38.088  00844000
08.06.2021 12:55:38.520  01244000
08.06.2021 12:55:38.610  00244000
08.06.2021 12:56:51.439  00844000
08.06.2021 12:58:16.886  00844400
08.06.2021 12:58:16.976  01244400
08.06.2021 12:58:17.066  00244400
08.06.2021 12:58:17.084  00244000
08.06.2021 12:58:50.726  00844000
08.06.2021 13:00:23.751  0084a000
08.06.2021 13:30:10.018  00844000
08.06.2021 13:31:18.959  00844400
08.06.2021 13:31:19.139  00804400
08.06.2021 13:31:19.175  00804000
08.06.2021 13:31:26.627  00804010
08.06.2021 13:31:26.645  00844010
08.06.2021 13:31:29.345  0084c010
08.06.2021 13:31:31.595  00844010
08.06.2021 13:34:16.729  00844410
08.06.2021 13:34:16.783  00844400
08.06.2021 13:34:16.873  00844000
08.06.2021 13:34:16.891  00804000
08.06.2021 13:34:33.037  00844000
08.06.2021 13:35:53.210  00844400
08.06.2021 13:35:53.408  00844000
08.06.2021 13:37:01.269  00844400
08.06.2021 13:37:01.395  00844000
08.06.2021 13:38:40.036  00844400
08.06.2021 13:38:40.234  00844000
08.06.2021 13:38:46.948  01244000
08.06.2021 13:38:47.038  00244000
08.06.2021 13:39:14.452  0024c000
08.06.2021 13:39:14.650  00244000
08.06.2021 13:39:19.330  00844000
08.06.2021 13:43:43.249  00844400
08.06.2021 13:43:43.393  00844000
08.06.2021 13:43:44.851  01244000
08.06.2021 13:43:44.959  00244000
08.06.2021 13:44:42.164  00844000
08.06.2021 13:45:52.130  00844400
08.06.2021 13:45:52.220  01244400
08.06.2021 13:45:52.274  01244000
08.06.2021 13:45:52.328  00244000
08.06.2021 13:46:41.667  00844000
08.06.2021 13:47:24.183  00844400
08.06.2021 13:47:24.273  01244400
08.06.2021 13:47:24.327  01244000
08.06.2021 13:47:24.363  00244000
08.06.2021 13:48:13.720  00844000
08.06.2021 13:48:56.686  00844400
08.06.2021 13:48:56.776  01244400
08.06.2021 13:48:56.848  01244000
08.06.2021 13:48:56.866  00244000
08.06.2021 13:49:46.223  00844000
08.06.2021 14:03:12.595  0084a000
08.06.2021 14:27:18.497  8084a000
08.06.2021 14:27:18.515  80002000

Servicedata V1.0 PLC:\DEBUG\Pcin0_1.service.trace created 08.06.2021 15:16:11 (local time)
hostname: hu, Software: 606421 04, built: 08.10.2014 08:59
-------------------------------------------------------------------------------------------
                    ms   pcin1_0
08.06.2021 15:14:17.111  00844000
08.06.2021 15:14:24.509  00844400
08.06.2021 15:14:24.797  00844000
08.06.2021 15:14:51.293  00844400
08.06.2021 15:14:51.563  00844000
08.06.2021 15:14:52.481  00844400
08.06.2021 15:14:52.913  00844000
08.06.2021 15:14:53.705  00844400
08.06.2021 15:14:54.137  00844000
08.06.2021 15:14:54.569  00844400
08.06.2021 15:14:54.839  00844000
08.06.2021 15:14:55.973  00844400
08.06.2021 15:14:56.189  00844000
08.06.2021 15:15:08.447  00844400
08.06.2021 15:15:08.861  00844000
08.06.2021 15:15:14.657  00844400
08.06.2021 15:15:14.963  00844000
08.06.2021 15:15:16.637  00844400
08.06.2021 15:15:16.961  00844000
08.06.2021 15:15:17.735  00844400
08.06.2021 15:15:17.987  00844000
08.06.2021 15:15:49.758  00844400
08.06.2021 15:15:49.848  0084c000
08.06.2021 15:15:53.052  00844000
08.06.2021 15:15:59.910  0084c000

Servicedata V1.0 PLC:\DEBUG\Pcin0_1.service.trace created 08.06.2021 15:56:11 (local time)
hostname: hu, Software: 606421 04, built: 08.10.2014 08:59
-------------------------------------------------------------------------------------------
                    ms   pcin1_0
08.06.2021 15:18:38.844  00844000
08.06.2021 15:18:44.607  00844400
08.06.2021 15:18:44.841  00844000
08.06.2021 15:18:45.273  00844400
08.06.2021 15:18:45.291  00844000
08.06.2021 15:18:45.741  00844400
08.06.2021 15:18:45.759  00844000
08.06.2021 15:20:34.877  00844400
08.06.2021 15:20:35.057  00844000
08.06.2021 15:21:19.553  00844400
08.06.2021 15:21:19.733  00844000
08.06.2021 15:21:26.735  01244000
08.06.2021 15:21:26.825  00244000
08.06.2021 15:21:52.619  0024c000
08.06.2021 15:21:52.817  00244000
08.06.2021 15:21:57.120  00844000
08.06.2021 15:22:55.062  00844400
08.06.2021 15:22:55.224  00844000
08.06.2021 15:22:58.032  01244000
08.06.2021 15:22:58.122  00244000
08.06.2021 15:23:37.597  00844000
08.06.2021 15:24:51.793  00844400
08.06.2021 15:24:51.901  01244400
08.06.2021 15:24:51.955  01244000
08.06.2021 15:24:52.009  00244000
08.06.2021 15:25:08.282  00844000
08.06.2021 15:25:41.708  00844400
08.06.2021 15:25:41.798  01244400
08.06.2021 15:25:41.888  01244000
08.06.2021 15:25:41.906  00244000
08.06.2021 15:25:48.224  00844000
08.06.2021 15:26:31.857  00844400
08.06.2021 15:26:31.947  01244400
08.06.2021 15:26:31.983  01244000
08.06.2021 15:26:32.037  00244000
08.06.2021 15:26:38.175  00844000
08.06.2021 15:27:18.261  0084c000
08.06.2021 15:27:18.603  00844000
08.06.2021 15:27:20.367  00844400
08.06.2021 15:27:20.457  01244400
08.06.2021 15:27:20.565  00244400
08.06.2021 15:27:20.637  00244000
08.06.2021 15:27:26.685  00844000
08.06.2021 15:29:02.788  00844400
08.06.2021 15:29:02.896  01244400
08.06.2021 15:29:02.968  01244000
08.06.2021 15:29:03.004  00244000
08.06.2021 15:29:09.124  00844000
08.06.2021 15:29:32.489  00844400
08.06.2021 15:29:32.579  01244400
08.06.2021 15:29:32.633  01244000
08.06.2021 15:29:32.687  00244000
08.06.2021 15:29:38.807  00844000
08.06.2021 15:29:54.719  00844400
08.06.2021 15:29:54.809  01244400
08.06.2021 15:29:54.863  01244000
08.06.2021 15:29:54.917  00244000
08.06.2021 15:30:01.037  00844000
08.06.2021 15:30:18.893  00844400
08.06.2021 15:30:19.001  01244400
08.06.2021 15:30:19.055  01244000
08.06.2021 15:30:19.109  00244000
08.06.2021 15:30:25.229  00844000
08.06.2021 15:35:33.861  00844400
08.06.2021 15:35:34.005  00844000
08.06.2021 15:35:37.875  01244000
08.06.2021 15:35:37.965  00244000
08.06.2021 15:35:42.069  00204000
08.06.2021 15:36:08.835  00204400
08.06.2021 15:36:09.069  00204000
08.06.2021 15:36:10.113  00204400
08.06.2021 15:36:10.275  00204000
08.06.2021 15:36:11.337  0020c000
08.06.2021 15:36:11.679  00204000
08.06.2021 15:36:17.727  00844000
08.06.2021 15:36:31.065  00844400
08.06.2021 15:36:31.209  00844000
08.06.2021 15:36:33.549  01244000
08.06.2021 15:36:33.657  00244000
08.06.2021 15:36:36.825  00204000
08.06.2021 15:36:47.013  0020c000
08.06.2021 15:36:47.229  00204000
08.06.2021 15:36:48.436  00844000
08.06.2021 15:38:32.135  00844400
08.06.2021 15:38:32.243  00844000
08.06.2021 15:38:35.177  01244000
08.06.2021 15:38:35.285  00244000
08.06.2021 15:38:39.209  00204000
08.06.2021 15:38:51.035  0020c000
08.06.2021 15:38:51.269  00204000
08.06.2021 15:38:52.637  00844000
08.06.2021 15:41:29.185  00844400
08.06.2021 15:41:29.329  00844000
08.06.2021 15:41:32.551  01244000
08.06.2021 15:41:32.641  00244000
08.06.2021 15:41:36.115  00204000
08.06.2021 15:42:03.169  00204400
08.06.2021 15:42:03.403  00204000
08.06.2021 15:42:05.293  00204400
08.06.2021 15:42:05.581  00204000
08.06.2021 15:42:05.923  00204400
08.06.2021 15:42:06.103  00204000
08.06.2021 15:42:06.337  00204400
08.06.2021 15:42:06.481  00204000
08.06.2021 15:42:06.643  00204400
08.06.2021 15:42:06.769  00204000
08.06.2021 15:42:12.997  0020c000
08.06.2021 15:42:13.195  00204000
08.06.2021 15:42:15.445  0020c000
08.06.2021 15:42:15.697  00204000
08.06.2021 15:42:20.575  0020c000
08.06.2021 15:42:20.827  00204000
08.06.2021 15:42:21.439  0020c000
08.06.2021 15:42:21.655  00204000
08.06.2021 15:42:23.041  0020c000
08.06.2021 15:42:23.239  00204000
08.06.2021 15:42:38.845  0020c000
08.06.2021 15:42:39.151  00204000
08.06.2021 15:42:40.033  0020c000
08.06.2021 15:42:40.267  00204000
08.06.2021 15:42:41.041  00844000
08.06.2021 15:42:59.978  00844400
08.06.2021 15:43:00.140  00844000
08.06.2021 15:43:01.670  01244000
08.06.2021 15:43:01.760  00244000
08.06.2021 15:43:03.848  00204000
08.06.2021 15:43:21.812  0020c000
08.06.2021 15:43:22.028  00204000
08.06.2021 15:43:26.636  00844000
08.06.2021 15:45:35.841  0084a000
08.06.2021 15:53:16.323  00844000
08.06.2021 15:55:10.210  00844400
08.06.2021 15:55:10.426  00844000
08.06.2021 15:55:11.974  01244000
08.06.2021 15:55:12.064  00244000
08.06.2021 15:55:15.934  00204000
08.06.2021 15:55:32.872  00204400
08.06.2021 15:55:33.160  00204000
08.06.2021 15:55:33.502  00204400
08.06.2021 15:55:33.718  00204000
08.06.2021 15:55:40.792  0020c000
08.06.2021 15:55:40.864  00204000
08.06.2021 15:55:40.954  0020c000
08.06.2021 15:55:41.062  00204000
08.06.2021 15:55:43.654  00844000

Servicedata V1.0 PLC:\DEBUG\Pcin0_1.service.trace created 08.06.2021 16:47:29 (local time)
hostname: hu, Software: 606421 04, built: 08.10.2014 08:59
-------------------------------------------------------------------------------------------
                    ms   pcin1_0
08.06.2021 16:07:05.266  00844000
08.06.2021 16:07:12.895  00844400
08.06.2021 16:07:13.147  00844000
08.06.2021 16:07:14.443  00844400
08.06.2021 16:07:14.461  00844000
08.06.2021 16:07:15.757  00844400
08.06.2021 16:07:15.775  00844000
08.06.2021 16:08:32.618  00844400
08.06.2021 16:08:32.798  00844000
08.06.2021 16:08:35.138  01244000
08.06.2021 16:08:35.228  00244000
08.06.2021 16:08:38.396  00204000
08.06.2021 16:09:11.012  0020c000
08.06.2021 16:09:11.192  00204000
08.06.2021 16:09:12.416  00844000
08.06.2021 16:10:22.455  00844400
08.06.2021 16:10:22.653  00844000
08.06.2021 16:10:24.939  01244000
08.06.2021 16:10:25.029  00244000
08.06.2021 16:10:26.991  00204000
08.06.2021 16:10:43.191  0020c000
08.06.2021 16:10:43.389  00204000
08.06.2021 16:10:44.523  00844000
08.06.2021 16:11:47.812  00844400
08.06.2021 16:11:47.920  00844000
08.06.2021 16:11:49.720  01244000
08.06.2021 16:11:49.828  00244000
08.06.2021 16:11:51.754  00204000
08.06.2021 16:12:04.102  0020c000
08.06.2021 16:12:04.300  00204000
08.06.2021 16:12:05.416  00844000
08.06.2021 16:12:57.257  00844400
08.06.2021 16:12:57.383  00844000
08.06.2021 16:13:03.089  00844400
08.06.2021 16:13:03.269  00844000
08.06.2021 16:13:04.655  01244000
08.06.2021 16:13:04.745  00244000
08.06.2021 16:13:07.283  00204000
08.06.2021 16:13:31.835  0020c000
08.06.2021 16:13:32.033  00204000
08.06.2021 16:13:33.221  00844000
08.06.2021 16:14:33.576  00844400
08.06.2021 16:14:33.738  00804000
08.06.2021 16:14:46.194  00804010
08.06.2021 16:14:46.212  00844010
08.06.2021 16:14:57.966  00844410
08.06.2021 16:14:58.020  00844400
08.06.2021 16:14:58.128  00804400
08.06.2021 16:14:58.146  00804000
08.06.2021 16:15:05.166  00844000
08.06.2021 16:17:41.624  00844400
08.06.2021 16:17:41.786  00844000
08.06.2021 16:17:43.550  01244000
08.06.2021 16:17:43.658  00244000
08.06.2021 16:17:59.966  00204000
08.06.2021 16:18:01.352  00804000
08.06.2021 16:18:04.952  00844000
08.06.2021 16:18:20.001  00804000
08.06.2021 16:18:23.745  00844000
08.06.2021 16:19:22.029  00844400
08.06.2021 16:19:22.137  01244000
08.06.2021 16:19:22.227  00244000
08.06.2021 16:19:32.649  00204000
08.06.2021 16:19:33.747  00804000
08.06.2021 16:19:37.959  00844000
08.06.2021 16:19:40.083  00804000
08.06.2021 16:19:44.440  00844000
08.06.2021 16:20:31.870  00844400
08.06.2021 16:20:31.978  01244400
08.06.2021 16:20:32.068  00244400
08.06.2021 16:20:32.122  00244000
08.06.2021 16:20:42.490  00204000
08.06.2021 16:20:43.588  00804000
08.06.2021 16:20:47.800  00844000
08.06.2021 16:20:49.924  00804000
08.06.2021 16:20:54.298  00844000
08.06.2021 16:21:44.879  00844400
08.06.2021 16:21:44.987  01244400
08.06.2021 16:21:45.077  00244400
08.06.2021 16:21:45.185  00244000
08.06.2021 16:21:55.499  00204000
08.06.2021 16:21:56.597  00804000
08.06.2021 16:22:00.809  00844000
08.06.2021 16:22:02.951  00804000
08.06.2021 16:22:07.325  00844000
08.06.2021 16:22:29.969  00844400
08.06.2021 16:22:30.077  01244400
08.06.2021 16:22:30.167  00244000
08.06.2021 16:22:34.793  00204000
08.06.2021 16:22:35.855  00804000
08.06.2021 16:22:40.067  00844000
08.06.2021 16:22:40.931  00804000
08.06.2021 16:22:45.288  00844000
08.06.2021 16:23:16.050  00844400
08.06.2021 16:23:16.158  01244400
08.06.2021 16:23:16.176  01244000
08.06.2021 16:23:16.248  00244000
08.06.2021 16:23:20.820  00204000
08.06.2021 16:23:21.864  00804000
08.06.2021 16:23:26.076  00844000
08.06.2021 16:23:27.390  00804000
08.06.2021 16:23:31.782  00844000
08.06.2021 16:23:46.218  00844400
08.06.2021 16:23:46.308  01244400
08.06.2021 16:23:46.380  01244000
08.06.2021 16:23:46.398  00244000
08.06.2021 16:23:52.536  00204000
08.06.2021 16:23:53.616  00804000
08.06.2021 16:23:57.828  00844000
08.06.2021 16:23:59.142  00804000
08.06.2021 16:24:03.498  00844000
08.06.2021 16:24:26.197  00844400
08.06.2021 16:24:26.287  01244400
08.06.2021 16:24:26.359  01244000
08.06.2021 16:24:26.377  00244000
08.06.2021 16:24:32.515  00204000
08.06.2021 16:24:33.595  00804000
08.06.2021 16:24:37.807  00844000
08.06.2021 16:24:39.121  00804000
08.06.2021 16:24:43.477  00844000
08.06.2021 16:24:54.691  00844400
08.06.2021 16:24:54.781  01244400
08.06.2021 16:24:54.871  00244400
08.06.2021 16:24:54.889  00244000
08.06.2021 16:25:01.009  00204000
08.06.2021 16:25:02.089  00804000
08.06.2021 16:25:06.301  00844000
08.06.2021 16:25:07.615  00804000
08.06.2021 16:25:11.989  00844000
08.06.2021 16:25:18.343  0084a000
08.06.2021 16:47:29.566  8084a000
08.06.2021 16:47:29.584  80002000

Servicedata V1.0 PLC:\DEBUG\Pcin0_1.service.trace created 09.06.2021 12:02:41 (local time)
hostname: hu, Software: 606421 04, built: 08.10.2014 08:59
-------------------------------------------------------------------------------------------
                    ms   pcin1_0
09.06.2021 11:09:28.884  00844000
09.06.2021 11:09:39.540  00844400
09.06.2021 11:09:39.882  00844000
09.06.2021 11:09:41.070  00844400
09.06.2021 11:09:41.088  00844000
09.06.2021 11:09:42.042  00844400
09.06.2021 11:09:42.060  00844000
09.06.2021 11:18:20.538  00844400
09.06.2021 11:18:20.862  00844000
09.06.2021 11:18:22.014  00844400
09.06.2021 11:18:22.392  00844000
09.06.2021 11:37:23.316  00844400
09.06.2021 11:37:23.568  00844000
09.06.2021 11:37:26.610  00804000
09.06.2021 11:37:37.320  00804010
09.06.2021 11:37:37.338  00844010
09.06.2021 11:39:47.084  00844410
09.06.2021 11:39:47.300  00844010
09.06.2021 11:47:13.326  00844410
09.06.2021 11:47:13.596  00844010
09.06.2021 11:47:15.990  00844410
09.06.2021 11:47:16.260  00844010
09.06.2021 11:49:29.408  00844410
09.06.2021 11:49:29.534  00844010
09.06.2021 11:49:37.598  00844410
09.06.2021 11:49:37.652  00804410
09.06.2021 11:49:37.688  00844410
09.06.2021 11:49:37.778  00844010
09.06.2021 11:49:48.344  00844410
09.06.2021 11:49:48.488  00844010
09.06.2021 11:51:16.239  00844410
09.06.2021 11:51:16.311  00844400
09.06.2021 11:51:16.419  00804400
09.06.2021 11:51:16.563  00804000
09.06.2021 11:51:30.225  00844000
09.06.2021 11:51:57.441  00844400
09.06.2021 11:51:57.657  00844000
09.06.2021 11:52:02.373  00844400
09.06.2021 11:52:02.553  00844000
09.06.2021 11:54:33.269  00844400
09.06.2021 11:54:33.539  00844000
09.06.2021 12:02:24.676  0084a000
09.06.2021 12:02:40.876  8084a000
09.06.2021 12:02:40.894  80002000

Servicedata V1.0 PLC:\DEBUG\Pcin0_1.service.trace created 09.06.2021 15:17:22 (local time)
hostname: hu, Software: 606421 04, built: 08.10.2014 08:59
-------------------------------------------------------------------------------------------
                    ms   pcin1_0

Servicedata V1.0 PLC:\DEBUG\Pcin0_1.service.trace created 09.06.2021 15:20:37 (local time)
hostname: hu, Software: 606421 04, built: 08.10.2014 08:59
-------------------------------------------------------------------------------------------
                    ms   pcin1_0
09.06.2021 15:18:49.579  00844000
09.06.2021 15:19:25.039  00844400
09.06.2021 15:19:25.273  00844000
09.06.2021 15:20:17.510  00844400
09.06.2021 15:20:17.690  00844000
09.06.2021 15:20:18.464  00844400
09.06.2021 15:20:18.590  00804400
09.06.2021 15:20:18.662  00804000

Servicedata V1.0 PLC:\DEBUG\Pcin0_1.service.trace created 09.06.2021 16:36:34 (local time)
hostname: hu, Software: 606421 04, built: 08.10.2014 08:59
-------------------------------------------------------------------------------------------
                    ms   pcin1_0
09.06.2021 15:21:58.582  00844000
09.06.2021 15:22:09.463  00844400
09.06.2021 15:22:09.661  00844000
09.06.2021 15:22:10.885  00844400
09.06.2021 15:22:10.903  00844000
09.06.2021 15:22:12.253  00844400
09.06.2021 15:22:12.271  00844000
09.06.2021 15:47:22.613  00844400
09.06.2021 15:47:22.829  00844000
09.06.2021 15:47:23.693  00804000
09.06.2021 15:47:23.855  00804400
09.06.2021 15:47:23.981  00804000
09.06.2021 15:47:25.529  0080c000
09.06.2021 15:47:38.651  00804000
09.06.2021 15:47:59.549  00804400
09.06.2021 15:48:00.017  00804000
09.06.2021 15:48:11.160  00804010
09.06.2021 15:48:11.178  00844010
09.06.2021 15:49:17.112  00844410
09.06.2021 15:49:17.256  00844010
09.06.2021 15:49:42.943  00844410
09.06.2021 15:49:43.177  00844010
09.06.2021 15:50:11.707  00844410
09.06.2021 15:50:11.923  00844010
09.06.2021 15:51:46.586  00844410
09.06.2021 15:51:46.730  00844010
09.06.2021 15:51:48.116  00804010
09.06.2021 15:51:54.182  00804410
09.06.2021 15:51:54.416  00804010
09.06.2021 15:52:09.194  0080c010
09.06.2021 15:52:09.464  00804010
09.06.2021 15:52:11.156  00844010
09.06.2021 15:55:24.442  00844410
09.06.2021 15:55:24.550  00804410
09.06.2021 15:55:24.622  00804010
09.06.2021 15:55:43.468  0080c010
09.06.2021 15:55:43.720  00804010
09.06.2021 15:55:43.972  0080c010
09.06.2021 15:55:44.206  00804010
09.06.2021 15:55:44.422  00844010
09.06.2021 15:58:20.196  00844410
09.06.2021 15:58:20.250  00844400
09.06.2021 15:58:20.358  00804400
09.06.2021 15:58:20.538  00804000
09.06.2021 15:58:30.654  00844000
09.06.2021 15:59:10.615  00844400
09.06.2021 15:59:10.813  00844000
09.06.2021 15:59:36.319  00844400
09.06.2021 15:59:36.481  00844000
09.06.2021 15:59:44.221  00844400
09.06.2021 15:59:44.527  00844000
09.06.2021 15:59:50.017  00844400
09.06.2021 15:59:50.071  00804400
09.06.2021 15:59:50.107  00844400
09.06.2021 15:59:50.215  00844000
09.06.2021 16:12:41.667  00844400
09.06.2021 16:12:41.919  00844000
09.06.2021 16:15:07.631  00844400
09.06.2021 16:15:07.847  00844000
09.06.2021 16:15:08.999  00844400
09.06.2021 16:15:09.269  00844000
09.06.2021 16:15:10.187  00844400
09.06.2021 16:15:10.403  00844000
09.06.2021 16:15:20.231  00844400
09.06.2021 16:15:20.393  00844000
09.06.2021 16:15:22.535  00844400
09.06.2021 16:15:22.589  00804400
09.06.2021 16:15:22.769  00804000
09.06.2021 16:16:08.454  0080c000
09.06.2021 16:16:08.724  00804000
09.06.2021 16:16:09.786  00844000
09.06.2021 16:16:12.522  00844400
09.06.2021 16:16:12.576  00804400
09.06.2021 16:16:12.738  00804000
09.06.2021 16:16:22.188  0080c000
09.06.2021 16:16:22.422  00804000
09.06.2021 16:16:22.674  0080c000
09.06.2021 16:16:22.854  00804000
09.06.2021 16:16:23.736  00844000
09.06.2021 16:36:08.796  0084a000
09.06.2021 16:36:34.465  8084a000
09.06.2021 16:36:34.483  80002000

Servicedata V1.0 PLC:\DEBUG\Pcin0_1.service.trace created 09.06.2021 18:05:07 (local time)
hostname: hu, Software: 606421 04, built: 08.10.2014 08:59
-------------------------------------------------------------------------------------------
                    ms   pcin1_0
09.06.2021 17:46:37.726  00844000
09.06.2021 17:46:47.035  00844400
09.06.2021 17:46:47.305  00844000
09.06.2021 17:46:48.331  00844400
09.06.2021 17:46:48.349  00844000
09.06.2021 17:46:49.357  00844400
09.06.2021 17:46:49.375  00844000
09.06.2021 17:48:55.053  00844400
09.06.2021 17:48:55.251  00844000
09.06.2021 17:48:56.187  00804000
09.06.2021 17:49:58.161  00804400
09.06.2021 17:49:58.377  00804000
09.06.2021 17:50:50.938  00804400
09.06.2021 17:50:51.244  00804000
09.06.2021 17:50:54.124  0080c000
09.06.2021 17:50:54.412  00804000
09.06.2021 17:50:58.444  00844000
09.06.2021 17:51:01.972  00844400
09.06.2021 17:51:02.044  00804400
09.06.2021 17:51:02.170  00804000

Servicedata V1.0 PLC:\DEBUG\Pcin0_1.service.trace created 09.06.2021 18:26:25 (local time)
hostname: hu, Software: 606421 04, built: 08.10.2014 08:59
-------------------------------------------------------------------------------------------
                    ms   pcin1_0
09.06.2021 18:07:12.057  00844000
09.06.2021 18:07:16.845  00844400
09.06.2021 18:07:17.151  00844000
09.06.2021 18:07:17.961  00844400
09.06.2021 18:07:17.979  00844000
09.06.2021 18:07:18.825  00844400
09.06.2021 18:07:18.843  00844000
09.06.2021 18:07:56.805  00844400
09.06.2021 18:07:56.895  00804400
09.06.2021 18:07:57.003  00804000
09.06.2021 18:08:09.621  00804400
09.06.2021 18:08:09.837  00804000
09.06.2021 18:08:21.736  00804400
09.06.2021 18:08:21.970  00804000
09.06.2021 18:08:22.546  0080c000
09.06.2021 18:08:22.780  00804000
09.06.2021 18:08:25.804  00844000
09.06.2021 18:08:30.214  00844400
09.06.2021 18:08:30.394  00844000
09.06.2021 18:12:35.304  00844400
09.06.2021 18:12:35.484  00844000
09.06.2021 18:13:33.301  00844400
09.06.2021 18:13:33.463  00844000
09.06.2021 18:13:34.093  00804000
09.06.2021 18:13:50.401  00804400
09.06.2021 18:13:50.617  00804000
09.06.2021 18:13:53.065  00804400
09.06.2021 18:13:53.353  00804000
09.06.2021 18:13:54.019  00804400
09.06.2021 18:13:54.253  00804000
09.06.2021 18:13:56.125  00804400
09.06.2021 18:13:56.323  00804000
09.06.2021 18:13:56.593  00804400
09.06.2021 18:13:56.773  00804000
09.06.2021 18:13:58.951  0080c000
09.06.2021 18:13:59.221  00804000
09.06.2021 18:15:53.504  0080c000
09.06.2021 18:15:53.756  00804000
09.06.2021 18:15:54.530  00804400
09.06.2021 18:15:54.710  00804000
09.06.2021 18:15:56.294  0080c000
09.06.2021 18:15:56.582  00804000
09.06.2021 18:15:58.058  00804400
09.06.2021 18:15:58.310  00804000
09.06.2021 18:15:58.743  0080c000
09.06.2021 18:15:59.085  00804000
09.06.2021 18:15:59.625  00804400
09.06.2021 18:15:59.913  00804000
09.06.2021 18:16:00.399  0080c000
09.06.2021 18:16:00.597  00804000
09.06.2021 18:16:08.625  0080c000
09.06.2021 18:16:08.949  00804000
09.06.2021 18:16:09.363  00804400
09.06.2021 18:16:09.561  00804000
09.06.2021 18:16:10.353  00804400
09.06.2021 18:16:10.533  00804000
09.06.2021 18:16:10.911  0080c000
09.06.2021 18:16:11.109  00804000
09.06.2021 18:16:42.213  00844000
09.06.2021 18:17:49.642  00844400
09.06.2021 18:17:49.696  00804400
09.06.2021 18:17:49.786  00804000
09.06.2021 18:18:07.030  0080c000
09.06.2021 18:18:07.246  00804000
09.06.2021 18:18:08.560  00844000
09.06.2021 18:18:14.806  00844400
09.06.2021 18:18:14.968  00844000
09.06.2021 18:19:19.049  00844400
09.06.2021 18:19:19.211  00844000
09.06.2021 18:19:20.129  00804000
09.06.2021 18:19:20.255  00804400
09.06.2021 18:19:20.417  00804000
09.06.2021 18:19:30.839  0080c000
09.06.2021 18:19:31.019  00804000
09.06.2021 18:19:31.379  0080c000
09.06.2021 18:19:31.703  00804000
09.06.2021 18:19:32.567  00844000
09.06.2021 18:20:10.979  00844400
09.06.2021 18:20:11.033  00804400
09.06.2021 18:20:11.303  00804000
09.06.2021 18:20:24.137  0080c000
09.06.2021 18:20:24.407  00804000
09.06.2021 18:20:25.937  0080c000
09.06.2021 18:20:26.153  00804000
09.06.2021 18:20:51.966  00844000
09.06.2021 18:22:35.017  00844400
09.06.2021 18:22:35.161  00844000
09.06.2021 18:22:44.359  00844400
09.06.2021 18:22:44.647  00844000
09.06.2021 18:22:49.093  00844400
09.06.2021 18:22:49.147  00804400
09.06.2021 18:22:49.345  00804000
09.06.2021 18:23:13.663  0080c000
09.06.2021 18:23:13.915  00804000
09.06.2021 18:23:15.013  00844000
09.06.2021 18:23:22.285  00844400
09.06.2021 18:23:22.393  00804400
09.06.2021 18:23:22.501  00804000
09.06.2021 18:23:35.389  00844000
09.06.2021 18:23:45.758  00844400
09.06.2021 18:23:46.118  00844000
09.06.2021 18:24:17.780  00844400
09.06.2021 18:24:17.888  00804400
09.06.2021 18:24:18.014  00804000
09.06.2021 18:24:23.468  00844000
09.06.2021 18:25:52.731  00844400
09.06.2021 18:25:52.785  00804400
09.06.2021 18:25:52.947  00804000
09.06.2021 18:26:13.359  0080c000
09.06.2021 18:26:13.647  00804000
09.06.2021 18:26:13.953  0080c000
09.06.2021 18:26:14.205  00804000
09.06.2021 18:26:15.915  00844000
09.06.2021 18:26:25.221  80844000
09.06.2021 18:26:25.239  80000000

Servicedata V1.0 PLC:\DEBUG\Pcin0_1.service.trace created 09.06.2021 19:36:20 (local time)
hostname: hu, Software: 606421 04, built: 08.10.2014 08:59
-------------------------------------------------------------------------------------------
                    ms   pcin1_0
09.06.2021 19:02:09.958  00844000
09.06.2021 19:02:40.585  00844400
09.06.2021 19:02:40.801  00844000
09.06.2021 19:02:41.593  00844400
09.06.2021 19:02:41.611  00844000
09.06.2021 19:02:42.331  00844400
09.06.2021 19:02:42.349  00844000
09.06.2021 19:03:26.864  00844400
09.06.2021 19:03:26.990  00844000
09.06.2021 19:03:27.044  00804000
09.06.2021 19:03:39.392  00804010
09.06.2021 19:03:39.410  00844010
09.06.2021 19:03:47.852  00844410
09.06.2021 19:03:48.068  00844010
09.06.2021 19:04:55.227  00844410
09.06.2021 19:04:55.299  00804410
09.06.2021 19:04:55.425  00804010
09.06.2021 19:06:21.484  00804410
09.06.2021 19:06:21.592  00804010
09.06.2021 19:07:38.704  00804410
09.06.2021 19:07:38.848  00804010
09.06.2021 19:08:54.881  00804410
09.06.2021 19:08:55.079  00804010
09.06.2021 19:09:41.916  00804410
09.06.2021 19:09:42.276  00804010
09.06.2021 19:09:46.452  00804410
09.06.2021 19:09:46.614  00804010
09.06.2021 19:09:58.512  00844010
09.06.2021 19:10:24.396  00844410
09.06.2021 19:10:24.612  00844010
09.06.2021 19:10:26.088  00844000
09.06.2021 19:10:26.196  00804000
09.06.2021 19:10:56.185  0080c000
09.06.2021 19:11:18.163  0080c010
09.06.2021 19:11:18.181  0084c010
09.06.2021 19:11:20.521  00844010
09.06.2021 19:12:00.823  00844410
09.06.2021 19:12:00.877  00844400
09.06.2021 19:12:00.985  00804400
09.06.2021 19:12:01.039  00804000
09.06.2021 19:12:09.463  00844000
09.06.2021 19:15:00.357  00844400
09.06.2021 19:15:00.501  00844000
09.06.2021 19:15:05.811  01244000
09.06.2021 19:15:05.901  00244000
09.06.2021 19:15:27.249  0024c000
09.06.2021 19:15:27.501  00244000
09.06.2021 19:16:06.814  00244400
09.06.2021 19:16:06.976  00244000
09.06.2021 19:17:05.477  00844000
09.06.2021 19:17:42.647  00844400
09.06.2021 19:17:42.755  01244400
09.06.2021 19:17:42.791  01244000
09.06.2021 19:17:42.863  00244000
09.06.2021 19:18:35.315  00844000
09.06.2021 19:19:08.292  00844400
09.06.2021 19:19:08.382  01244400
09.06.2021 19:19:08.472  00244400
09.06.2021 19:19:08.598  00244000
09.06.2021 19:20:00.942  00844000
09.06.2021 19:20:41.443  00844400
09.06.2021 19:20:41.533  01244400
09.06.2021 19:20:41.605  01244000
09.06.2021 19:20:41.641  00244000
09.06.2021 19:21:34.093  00844000
09.06.2021 19:28:49.014  00844400
09.06.2021 19:28:49.212  00844000
09.06.2021 19:28:50.400  01244000
09.06.2021 19:28:50.508  00244000
09.06.2021 19:28:59.652  00204000
09.06.2021 19:29:01.236  00804000
09.06.2021 19:29:04.746  00844000
09.06.2021 19:29:12.882  00804000
09.06.2021 19:29:16.554  00844000
09.06.2021 19:29:20.478  00804000
09.06.2021 19:29:24.132  00844000
09.06.2021 19:29:24.618  00804000
09.06.2021 19:29:28.273  00844000
09.06.2021 19:30:06.847  00844400
09.06.2021 19:30:06.937  01244400
09.06.2021 19:30:07.009  01244000
09.06.2021 19:30:07.045  00244000
09.06.2021 19:30:11.509  00204000
09.06.2021 19:30:13.093  00804000
09.06.2021 19:30:13.723  0080c000
09.06.2021 19:30:13.885  00804000
09.06.2021 19:30:16.693  00804400
09.06.2021 19:30:16.927  00804000
09.06.2021 19:30:18.511  00844000
09.06.2021 19:30:18.835  0084c000
09.06.2021 19:30:19.015  00844000
09.06.2021 19:31:27.578  00844400
09.06.2021 19:31:27.686  00804400
09.06.2021 19:31:27.740  00804000
09.06.2021 19:31:31.322  00844000
09.06.2021 19:31:31.754  00804000
09.06.2021 19:31:35.390  00844000
09.06.2021 19:31:35.822  00804000
09.06.2021 19:31:39.440  00844000
09.06.2021 19:32:14.234  00844400
09.06.2021 19:32:14.324  01244400
09.06.2021 19:32:14.360  01244000
09.06.2021 19:32:14.432  00244000
09.06.2021 19:32:19.922  00204000
09.06.2021 19:32:21.236  0020c000
09.06.2021 19:32:21.416  00204000
09.06.2021 19:32:40.335  00204400
09.06.2021 19:32:40.389  00804400
09.06.2021 19:32:40.443  00804000
09.06.2021 19:32:43.881  00844000
09.06.2021 19:32:44.673  00804000
09.06.2021 19:32:48.327  00844000
09.06.2021 19:32:49.119  00804000
09.06.2021 19:32:52.755  00844000
09.06.2021 19:32:53.547  00804000
09.06.2021 19:32:57.201  00844000
09.06.2021 19:33:28.863  00844400
09.06.2021 19:33:28.953  01244400
09.06.2021 19:33:29.007  01244000
09.06.2021 19:33:29.043  00244000
09.06.2021 19:33:39.915  00204000
09.06.2021 19:33:41.535  00804000
09.06.2021 19:33:42.219  0080c000
09.06.2021 19:33:42.399  00804000
09.06.2021 19:33:45.675  0080c000
09.06.2021 19:33:45.945  00804000
09.06.2021 19:34:15.718  0080c000
09.06.2021 19:34:16.042  00804000
09.06.2021 19:34:16.690  00844000
09.06.2021 19:36:10.667  0084a000
09.06.2021 19:36:20.297  8084a000
09.06.2021 19:36:20.315  80002000

Servicedata V1.0 PLC:\DEBUG\Pcin0_1.service.trace created 10.06.2021 10:38:23 (local time)
hostname: hu, Software: 606421 04, built: 08.10.2014 08:59
-------------------------------------------------------------------------------------------
                    ms   pcin1_0
10.06.2021 10:34:25.062  0084c000
10.06.2021 10:35:38.662  00844000
10.06.2021 10:36:57.197  00844400
10.06.2021 10:36:57.431  00844000

Servicedata V1.0 PLC:\DEBUG\Pcin0_1.service.trace created 10.06.2021 10:43:12 (local time)
hostname: hu, Software: 606421 04, built: 08.10.2014 08:59
-------------------------------------------------------------------------------------------
                    ms   pcin1_0
10.06.2021 10:39:35.608  0084c000
10.06.2021 10:39:40.618  00844000
10.06.2021 10:39:52.372  00844400
10.06.2021 10:39:52.588  00844000
10.06.2021 10:39:53.092  00844400
10.06.2021 10:39:53.110  00844000
10.06.2021 10:39:53.597  00844400
10.06.2021 10:39:53.614  00844000
10.06.2021 10:40:30.083  00844400
10.06.2021 10:40:30.443  00844000
10.06.2021 10:40:32.711  01244000
10.06.2021 10:40:32.819  00244000
10.06.2021 10:41:23.471  0084a000
10.06.2021 10:41:30.024  00844000
10.06.2021 10:41:37.368  0084a000
10.06.2021 10:41:43.920  00844000
10.06.2021 10:42:49.404  0084a000
10.06.2021 10:43:12.193  8084a000
10.06.2021 10:43:12.211  80002000

Servicedata V1.0 PLC:\DEBUG\Pcin0_1.service.trace created 10.06.2021 13:54:25 (local time)
hostname: hu, Software: 606421 04, built: 08.10.2014 08:59
-------------------------------------------------------------------------------------------
                    ms   pcin1_0
10.06.2021 13:50:11.711  0084c000
10.06.2021 13:50:28.659  00844000
10.06.2021 13:51:07.359  00844400
10.06.2021 13:51:07.449  00804400
10.06.2021 13:51:07.791  00804000
10.06.2021 13:51:32.073  00804400
10.06.2021 13:51:32.343  00804000
10.06.2021 13:52:09.910  00804400
10.06.2021 13:52:10.378  00804000
10.06.2021 13:52:11.296  00804400
10.06.2021 13:52:11.620  00804000
10.06.2021 13:52:12.106  00804400
10.06.2021 13:52:12.358  00804000
10.06.2021 13:52:13.510  00804400
10.06.2021 13:52:13.906  00804000
10.06.2021 13:52:15.184  00804400
10.06.2021 13:52:15.454  00804000
10.06.2021 13:52:16.750  00804400
10.06.2021 13:52:17.002  00804000
10.06.2021 13:52:17.686  00804400
10.06.2021 13:52:17.902  00804000
10.06.2021 13:52:18.820  00804400
10.06.2021 13:52:19.036  00804000
10.06.2021 13:52:25.246  00804400
10.06.2021 13:52:25.660  00804000
10.06.2021 13:52:25.984  00804400
10.06.2021 13:52:26.236  00804000
10.06.2021 13:52:29.314  0080c000
10.06.2021 13:52:29.512  00804000
10.06.2021 13:52:32.392  00844000
10.06.2021 13:52:54.388  00844400
10.06.2021 13:52:54.658  00844000
10.06.2021 13:52:56.080  00804000
10.06.2021 13:53:15.574  0080c000
10.06.2021 13:53:15.862  00804000
10.06.2021 13:53:39.029  00844000

Servicedata V1.0 PLC:\DEBUG\Pcin0_1.service.trace created 10.06.2021 14:19:20 (local time)
hostname: hu, Software: 606421 04, built: 08.10.2014 08:59
-------------------------------------------------------------------------------------------
                    ms   pcin1_0
10.06.2021 13:55:42.822  0084c000
10.06.2021 13:55:44.850  00844000
10.06.2021 13:55:50.826  00844400
10.06.2021 13:55:51.024  00844000
10.06.2021 13:55:51.492  00844400
10.06.2021 13:55:51.510  00844000
10.06.2021 13:55:51.960  00844400
10.06.2021 13:55:51.978  00844000
10.06.2021 13:56:59.515  00844400
10.06.2021 13:56:59.605  00804400
10.06.2021 13:56:59.803  00804000
10.06.2021 13:57:01.225  00804400
10.06.2021 13:57:01.441  00804000
10.06.2021 13:57:07.093  0080c000
10.06.2021 13:57:07.363  00804000
10.06.2021 13:57:07.723  0080c000
10.06.2021 13:57:07.921  00804000
10.06.2021 13:57:08.011  0080c000
10.06.2021 13:57:08.227  00804000
10.06.2021 13:57:09.235  00844000
10.06.2021 13:57:12.907  00844400
10.06.2021 13:57:12.961  00804400
10.06.2021 13:57:13.177  00804000
10.06.2021 13:57:24.859  0080c000
10.06.2021 13:57:25.075  00804000
10.06.2021 13:57:26.191  00844000
10.06.2021 14:02:48.143  00844400
10.06.2021 14:02:48.359  00844000
10.06.2021 14:02:50.375  00844400
10.06.2021 14:02:50.627  00844000
10.06.2021 14:02:51.347  00844400
10.06.2021 14:02:51.743  00844000
10.06.2021 14:02:52.553  00844400
10.06.2021 14:02:52.841  00844000
10.06.2021 14:02:53.957  00844400
10.06.2021 14:02:54.389  00844000
10.06.2021 14:02:55.577  00844400
10.06.2021 14:02:55.793  00844000
10.06.2021 14:03:07.007  00844400
10.06.2021 14:03:07.277  00844000
10.06.2021 14:03:42.323  00844400
10.06.2021 14:03:42.611  00844000
10.06.2021 14:03:46.103  00844400
10.06.2021 14:03:46.427  00844000
10.06.2021 14:03:47.831  00844400
10.06.2021 14:03:48.083  00844000
10.06.2021 14:03:49.271  00844400
10.06.2021 14:03:49.595  00844000
10.06.2021 14:03:51.053  00844400
10.06.2021 14:03:51.305  00844000
10.06.2021 14:03:52.349  00844400
10.06.2021 14:03:52.547  00844000
10.06.2021 14:03:54.869  00844400
10.06.2021 14:03:55.157  00844000
10.06.2021 14:03:59.009  00844400
10.06.2021 14:03:59.549  00844000
10.06.2021 14:04:48.402  00844400
10.06.2021 14:04:48.708  00844000
10.06.2021 14:04:49.806  00844400
10.06.2021 14:04:50.148  00844000
10.06.2021 14:04:50.796  00844400
10.06.2021 14:04:51.066  00844000
10.06.2021 14:04:51.336  00844400
10.06.2021 14:04:51.498  00844000
10.06.2021 14:04:51.786  00844400
10.06.2021 14:04:51.948  00844000
10.06.2021 14:04:52.290  00844400
10.06.2021 14:04:52.416  00844000
10.06.2021 14:05:53.545  00844400
10.06.2021 14:05:53.761  00844000
10.06.2021 14:06:33.415  00844400
10.06.2021 14:06:33.487  00804400
10.06.2021 14:06:33.649  00804000
10.06.2021 14:06:37.969  00804400
10.06.2021 14:06:38.203  00804000
10.06.2021 14:11:31.282  0080c000
10.06.2021 14:11:31.462  00804000
10.06.2021 14:11:32.398  00844000
10.06.2021 14:14:42.534  0084a000
10.06.2021 14:19:20.151  8084a000
10.06.2021 14:19:20.169  80002000

Servicedata V1.0 PLC:\DEBUG\Pcin0_1.service.trace created 10.06.2021 14:28:29 (local time)
hostname: hu, Software: 606421 04, built: 08.10.2014 08:59
-------------------------------------------------------------------------------------------
                    ms   pcin1_0

Servicedata V1.0 PLC:\DEBUG\Pcin0_1.service.trace created 10.06.2021 18:13:23 (local time)
hostname: hu, Software: 606421 04, built: 08.10.2014 08:59
-------------------------------------------------------------------------------------------
                    ms   pcin1_0
10.06.2021 16:21:01.951  00844000
10.06.2021 16:21:11.035  00844400
10.06.2021 16:21:11.251  00844000
10.06.2021 16:21:12.655  00844400
10.06.2021 16:21:12.673  00844000
10.06.2021 16:21:14.257  00844400
10.06.2021 16:21:14.275  00844000
10.06.2021 16:22:26.366  00844400
10.06.2021 16:22:26.564  00844000
10.06.2021 16:22:26.582  00804000
10.06.2021 16:22:40.208  0080c000
10.06.2021 16:22:40.550  00804000
10.06.2021 16:22:41.144  0080c000
10.06.2021 16:22:41.450  00804000
10.06.2021 16:22:42.260  00804010
10.06.2021 16:22:42.278  00844010
10.06.2021 16:22:43.448  0084c010
10.06.2021 16:22:51.710  00844010
10.06.2021 16:25:39.076  00844410
10.06.2021 16:25:39.274  00844010
10.06.2021 16:26:16.516  00804010
10.06.2021 16:27:18.617  00844010
10.06.2021 16:27:36.923  00844410
10.06.2021 16:27:36.959  00844400
10.06.2021 16:27:37.139  00844000
10.06.2021 16:28:13.967  0084c000
10.06.2021 16:28:15.767  00844000
10.06.2021 16:28:27.036  0084c000
10.06.2021 16:29:26.742  00844000
10.06.2021 16:29:28.200  00844400
10.06.2021 16:29:28.380  00844000
10.06.2021 16:33:07.461  0084c000
10.06.2021 16:33:27.639  00844000
10.06.2021 16:33:32.409  00844400
10.06.2021 16:33:32.553  00844000
10.06.2021 16:34:31.881  0084c000
10.06.2021 16:34:47.038  00844000
10.06.2021 16:34:48.136  00844400
10.06.2021 16:34:48.280  00844000
10.06.2021 16:34:48.352  00804000
10.06.2021 16:34:55.696  00844000
10.06.2021 16:35:00.286  01244000
10.06.2021 16:35:00.394  00244000
10.06.2021 16:35:30.292  0024c000
10.06.2021 16:35:30.706  00244000
10.06.2021 16:35:31.264  0024c000
10.06.2021 16:35:31.516  00244000
10.06.2021 16:35:32.578  00844000
10.06.2021 16:35:50.776  00844400
10.06.2021 16:35:50.938  00804400
10.06.2021 16:35:51.028  00804000
10.06.2021 16:36:01.144  00844000
10.06.2021 16:36:21.359  0084c000
10.06.2021 16:36:28.919  00844000
10.06.2021 16:36:30.773  00844400
10.06.2021 16:36:30.863  00844410
10.06.2021 16:36:30.989  00844010
10.06.2021 16:37:15.395  00844410
10.06.2021 16:37:15.467  00804410
10.06.2021 16:37:15.557  00804010
10.06.2021 16:38:46.458  00804410
10.06.2021 16:38:46.674  00804010
10.06.2021 16:39:55.957  00804410
10.06.2021 16:39:56.101  00804010
10.06.2021 16:40:29.347  00804410
10.06.2021 16:40:29.491  00804010
10.06.2021 16:40:53.882  00804410
10.06.2021 16:40:54.044  00804010
10.06.2021 16:41:05.474  00804410
10.06.2021 16:41:05.528  00804400
10.06.2021 16:41:05.690  00804000
10.06.2021 16:41:09.542  00844000
10.06.2021 16:41:24.932  0084c000
10.06.2021 16:41:29.522  00844000
10.06.2021 16:41:30.836  00844400
10.06.2021 16:41:31.034  00844000
10.06.2021 16:41:31.052  00804000
10.06.2021 16:41:38.450  00844000
10.06.2021 16:43:29.007  00844400
10.06.2021 16:43:29.259  00844000
10.06.2021 16:43:31.887  01244000
10.06.2021 16:43:31.977  00244000
10.06.2021 16:48:12.384  00844000
10.06.2021 16:48:23.976  00844400
10.06.2021 16:48:24.120  00804400
10.06.2021 16:48:24.156  00804000
10.06.2021 16:48:31.482  00844000
10.06.2021 16:48:31.896  01244000
10.06.2021 16:48:31.986  00244000
10.06.2021 16:48:54.487  0024c000
10.06.2021 16:48:54.721  00244000
10.06.2021 16:48:55.117  0024c000
10.06.2021 16:48:55.297  00244000
10.06.2021 16:48:55.981  00844000
10.06.2021 16:51:55.155  00844400
10.06.2021 16:51:55.551  00844000
10.06.2021 16:51:56.451  00844400
10.06.2021 16:51:56.685  00844000
10.06.2021 16:52:07.989  0084c000
10.06.2021 16:52:08.187  00844000
10.06.2021 16:52:17.529  00844400
10.06.2021 16:52:17.727  00844000
10.06.2021 16:52:22.155  01244000
10.06.2021 16:52:22.245  00244000
10.06.2021 16:54:57.281  00844000
10.06.2021 16:55:01.061  0084c000
10.06.2021 16:55:17.837  00844000
10.06.2021 16:55:40.841  00844400
10.06.2021 16:55:41.093  00844000
10.06.2021 16:55:43.289  01244000
10.06.2021 16:55:43.397  00244000
10.06.2021 16:56:40.278  00844000
10.06.2021 17:10:43.767  0084a000
10.06.2021 18:08:00.399  00844000
10.06.2021 18:08:11.217  00844400
10.06.2021 18:08:11.397  00804400
10.06.2021 18:08:11.523  00804000
10.06.2021 18:08:20.866  00844000
10.06.2021 18:08:36.022  0084c000
10.06.2021 18:08:38.686  0084c010
10.06.2021 18:08:46.264  00844010
10.06.2021 18:09:01.150  00844000
10.06.2021 18:09:30.400  00844400
10.06.2021 18:09:30.598  00844000
10.06.2021 18:09:30.940  0084c000
10.06.2021 18:10:27.335  00844000
10.06.2021 18:10:45.497  0084c000
10.06.2021 18:10:50.699  00844000
10.06.2021 18:11:23.496  00844400
10.06.2021 18:11:23.802  00844000
10.06.2021 18:11:24.540  0084c000
10.06.2021 18:11:30.120  00844000
10.06.2021 18:12:17.730  00844400
10.06.2021 18:12:17.946  00844000
10.06.2021 18:12:19.602  00844400
10.06.2021 18:12:19.674  00804400
10.06.2021 18:12:19.746  00804000
10.06.2021 18:12:31.212  00844000
10.06.2021 18:13:22.981  80844000
10.06.2021 18:13:22.999  80000000

Servicedata V1.0 PLC:\DEBUG\Pcin0_1.service.trace created 10.06.2021 20:54:15 (local time)
hostname: hu, Software: 606421 04, built: 08.10.2014 08:59
-------------------------------------------------------------------------------------------
                    ms   pcin1_0
10.06.2021 18:19:22.176  00844000
10.06.2021 18:23:24.498  00844400
10.06.2021 18:23:24.714  00844000
10.06.2021 18:23:25.182  00844400
10.06.2021 18:23:25.200  00844000
10.06.2021 18:23:25.722  00844400
10.06.2021 18:23:25.740  00844000
10.06.2021 18:23:50.670  00844400
10.06.2021 18:23:50.886  00844000
10.06.2021 18:24:11.784  0084c000
10.06.2021 18:24:26.292  00844000
10.06.2021 18:24:26.994  00844400
10.06.2021 18:24:27.192  00844000
10.06.2021 18:24:27.210  00804000
10.06.2021 18:24:41.790  00804010
10.06.2021 18:24:41.808  00844010
10.06.2021 18:25:14.029  00844410
10.06.2021 18:25:14.317  00844010
10.06.2021 18:25:36.295  00844410
10.06.2021 18:25:36.367  00804410
10.06.2021 18:25:36.493  00804010
10.06.2021 18:25:55.033  00804410
10.06.2021 18:25:55.213  00804010
10.06.2021 18:26:22.556  00804410
10.06.2021 18:26:22.610  00804400
10.06.2021 18:26:22.844  00804000
10.06.2021 18:26:38.936  00844000
10.06.2021 18:27:38.048  00844400
10.06.2021 18:27:38.336  00844000
10.06.2021 18:27:47.426  00844400
10.06.2021 18:27:47.678  00844000
10.06.2021 18:30:36.358  00844400
10.06.2021 18:30:36.628  00844000
10.06.2021 18:30:38.158  00804000
10.06.2021 18:34:45.157  00844000
10.06.2021 18:35:26.467  00844400
10.06.2021 18:35:26.737  00844000
10.06.2021 18:35:49.022  00844400
10.06.2021 18:35:49.202  00844000
10.06.2021 18:35:52.334  01244000
10.06.2021 18:35:52.442  00244000
10.06.2021 18:38:54.802  00844000
10.06.2021 18:40:07.000  00844400
10.06.2021 18:40:07.090  00804400
10.06.2021 18:40:07.234  00804000
10.06.2021 18:40:24.857  00844000
10.06.2021 18:41:01.415  00844400
10.06.2021 18:41:01.595  00844000
10.06.2021 18:41:02.945  01244000
10.06.2021 18:41:03.053  00244000
10.06.2021 18:42:58.416  00844000
10.06.2021 18:43:11.430  00844400
10.06.2021 18:43:11.520  00804400
10.06.2021 18:43:11.610  00804000
10.06.2021 18:44:20.659  00844000
10.06.2021 18:46:37.281  00844400
10.06.2021 18:46:37.353  00804400
10.06.2021 18:46:37.425  00804000
10.06.2021 18:49:23.422  00844000
10.06.2021 18:49:39.874  00844400
10.06.2021 18:49:40.036  00844000
10.06.2021 18:49:43.745  00844400
10.06.2021 18:49:43.943  00844000
10.06.2021 18:49:44.987  01244000
10.06.2021 18:49:45.077  00244000
10.06.2021 18:49:59.837  00204000
10.06.2021 18:50:00.431  00804000
10.06.2021 18:50:05.471  00844000
10.06.2021 18:50:07.703  00804000
10.06.2021 18:50:12.887  00844000
10.06.2021 18:50:17.459  00804000
10.06.2021 18:50:22.643  00844000
10.06.2021 18:50:23.921  00804000
10.06.2021 18:50:29.105  00844000
10.06.2021 18:50:31.319  00804000
10.06.2021 18:50:36.485  00844000
10.06.2021 18:50:37.763  00804000
10.06.2021 18:50:42.929  00844000
10.06.2021 18:50:46.421  00804000
10.06.2021 18:50:51.587  00844000
10.06.2021 18:50:53.783  00804000
10.06.2021 18:50:58.967  00844000
10.06.2021 18:52:35.286  00844400
10.06.2021 18:52:35.376  00844000
10.06.2021 18:52:35.394  01244000
10.06.2021 18:52:35.502  00244000
10.06.2021 18:52:48.876  00204000
10.06.2021 18:52:49.507  00804000
10.06.2021 18:52:55.051  00844000
10.06.2021 18:52:55.879  00804000
10.06.2021 18:53:01.585  00844000
10.06.2021 18:53:03.007  00804000
10.06.2021 18:53:08.713  00844000
10.06.2021 18:53:12.799  00804000
10.06.2021 18:53:18.505  00844000
10.06.2021 18:53:20.413  00804000
10.06.2021 18:53:26.119  00844000
10.06.2021 18:53:27.235  00804000
10.06.2021 18:53:32.959  00844000
10.06.2021 18:53:35.965  00804000
10.06.2021 18:53:41.653  00844000
10.06.2021 18:53:43.579  00804000
10.06.2021 18:53:49.321  00844000
10.06.2021 19:11:58.639  00844400
10.06.2021 19:11:58.729  00804400
10.06.2021 19:11:58.819  00804000
10.06.2021 19:12:08.197  00804400
10.06.2021 19:12:08.395  00804000
10.06.2021 19:12:15.847  00804010
10.06.2021 19:12:15.865  00844010
10.06.2021 19:19:22.236  00844410
10.06.2021 19:19:22.398  00844010
10.06.2021 19:21:14.989  00844410
10.06.2021 19:21:15.169  00844010
10.06.2021 19:21:48.595  00804010
10.06.2021 19:22:25.244  00844010
10.06.2021 19:22:51.686  00844410
10.06.2021 19:22:51.776  00844010
10.06.2021 19:24:29.499  00844410
10.06.2021 19:24:29.553  00844400
10.06.2021 19:24:29.661  00804400
10.06.2021 19:24:29.679  00804000
10.06.2021 19:24:43.539  00844000
10.06.2021 19:24:46.167  0084c000
10.06.2021 19:25:31.600  00844000
10.06.2021 19:25:59.986  0084c000
10.06.2021 19:26:15.574  00844000
10.06.2021 19:26:20.812  00844400
10.06.2021 19:26:20.992  00844000
10.06.2021 19:26:21.010  00804000
10.06.2021 19:26:23.602  0080c000
10.06.2021 19:26:28.930  00804000
10.06.2021 19:26:35.914  0080c000
10.06.2021 19:27:05.435  00804000
10.06.2021 19:27:12.419  0080c000
10.06.2021 19:27:13.769  00804000
10.06.2021 19:27:17.189  00844000
10.06.2021 19:28:10.883  00844400
10.06.2021 19:28:11.081  00804000
10.06.2021 19:28:18.857  00804010
10.06.2021 19:28:18.875  00844010
10.06.2021 19:28:22.295  0084c010
10.06.2021 19:28:22.493  00844010
10.06.2021 19:28:51.330  00844410
10.06.2021 19:28:51.438  00844400
10.06.2021 19:28:51.510  00844000
10.06.2021 19:28:51.546  00804000
10.06.2021 19:28:58.872  00844000
10.06.2021 19:28:59.232  01244000
10.06.2021 19:28:59.340  00244000
10.06.2021 19:30:26.245  00844000
10.06.2021 19:31:34.123  00844400
10.06.2021 19:31:34.303  00804400
10.06.2021 19:31:34.321  00804000
10.06.2021 19:31:41.665  00804010
10.06.2021 19:31:41.683  00844010
10.06.2021 19:32:51.902  00844410
10.06.2021 19:32:52.028  00844010
10.06.2021 19:33:14.474  00804010
10.06.2021 19:33:35.427  00844010
10.06.2021 19:34:03.237  00844410
10.06.2021 19:34:03.309  00844400
10.06.2021 19:34:03.417  00804400
10.06.2021 19:34:03.435  00804000
10.06.2021 19:34:10.815  00844000
10.06.2021 19:36:23.783  00844400
10.06.2021 19:36:23.981  00844000
10.06.2021 19:36:26.231  01244000
10.06.2021 19:36:26.339  00244000
10.06.2021 19:38:06.276  00844000
10.06.2021 19:39:34.819  00844400
10.06.2021 19:39:34.963  00844000
10.06.2021 19:39:35.017  00804000
10.06.2021 19:39:43.441  00804010
10.06.2021 19:39:43.459  00844010
10.06.2021 19:39:46.573  0084c010
10.06.2021 19:39:58.651  00844010
10.06.2021 19:40:23.689  00844410
10.06.2021 19:40:23.869  00844010
10.06.2021 19:40:36.505  0084c010
10.06.2021 19:40:53.407  00844010
10.06.2021 19:41:14.648  00844410
10.06.2021 19:41:14.792  00844010
10.06.2021 19:41:36.896  00804010
10.06.2021 19:41:57.830  00844010
10.06.2021 19:42:18.440  00844410
10.06.2021 19:42:18.548  00844400
10.06.2021 19:42:18.620  00844000
10.06.2021 19:42:37.701  0084c000
10.06.2021 19:42:49.203  00844000
10.06.2021 19:42:54.513  00844400
10.06.2021 19:42:54.675  00844000
10.06.2021 19:43:02.631  0084c000
10.06.2021 19:43:10.695  00844000
10.06.2021 19:43:18.687  0084c000
10.06.2021 19:45:00.100  00844000
10.06.2021 19:45:07.084  0084c000
10.06.2021 19:46:15.251  00844000
10.06.2021 19:46:22.235  0084c000
10.06.2021 19:47:44.856  00844000
10.06.2021 19:47:56.538  00844400
10.06.2021 19:47:56.862  00844000
10.06.2021 19:48:11.082  0084c000
10.06.2021 19:48:14.898  00844000
10.06.2021 19:48:16.770  00844400
10.06.2021 19:48:16.986  00804400
10.06.2021 19:48:17.004  00804000
10.06.2021 19:48:24.258  00844000
10.06.2021 19:48:24.618  01244000
10.06.2021 19:48:24.708  00244000
10.06.2021 19:49:22.795  00844000
10.06.2021 19:49:38.941  00844400
10.06.2021 19:49:39.157  00804000
10.06.2021 19:49:47.131  00844000
10.06.2021 19:50:03.997  0084c000
10.06.2021 19:50:16.831  00844000
10.06.2021 19:50:17.641  00844400
10.06.2021 19:50:17.731  00844410
10.06.2021 19:50:17.821  00844010
10.06.2021 19:50:31.232  0084c010
10.06.2021 19:50:31.466  00844010
10.06.2021 19:51:23.054  00844410
10.06.2021 19:51:23.252  00844010
10.06.2021 19:51:45.248  00804010
10.06.2021 19:52:06.057  00844010
10.06.2021 19:52:24.633  00844410
10.06.2021 19:52:24.741  00844400
10.06.2021 19:52:24.885  00844000
10.06.2021 19:52:34.137  0084c000
10.06.2021 19:52:38.439  00844000
10.06.2021 19:52:39.501  00844400
10.06.2021 19:52:39.645  00844000
10.06.2021 19:52:39.717  00804000
10.06.2021 19:52:47.079  00844000
10.06.2021 19:52:47.439  01244000
10.06.2021 19:52:47.547  00244000
10.06.2021 19:54:00.286  00844000
10.06.2021 19:54:13.876  00844400
10.06.2021 19:54:13.966  01244400
10.06.2021 19:54:14.056  00244400
10.06.2021 19:54:14.074  00244000
10.06.2021 19:55:26.615  00844000
10.06.2021 19:56:57.984  00844400
10.06.2021 19:56:58.200  00804400
10.06.2021 19:56:58.218  00804000
10.06.2021 19:57:06.084  00844000
10.06.2021 19:57:12.870  0084c000
10.06.2021 19:58:04.116  0084c010
10.06.2021 19:58:06.420  00844010
10.06.2021 20:07:36.793  00844410
10.06.2021 20:07:37.171  00844010
10.06.2021 20:07:38.485  0084c010
10.06.2021 20:07:44.515  00844010
10.06.2021 20:07:48.781  00844410
10.06.2021 20:07:48.871  00844400
10.06.2021 20:07:48.961  00844000
10.06.2021 20:07:57.799  0084c000
10.06.2021 20:08:03.451  00844000
10.06.2021 20:08:04.243  00844400
10.06.2021 20:08:04.315  00844000
10.06.2021 20:08:04.333  00844010
10.06.2021 20:08:17.635  00804010
10.06.2021 20:08:38.533  00844010
10.06.2021 20:08:56.551  00844410
10.06.2021 20:08:56.659  00844400
10.06.2021 20:08:56.731  00844000
10.06.2021 20:09:03.104  0084c000
10.06.2021 20:09:07.604  00844000
10.06.2021 20:09:09.386  00844400
10.06.2021 20:09:09.602  00804400
10.06.2021 20:09:09.620  00804000
10.06.2021 20:09:17.000  00844000
10.06.2021 20:09:17.360  01244000
10.06.2021 20:09:17.450  00244000
10.06.2021 20:10:11.162  00844000
10.06.2021 20:11:07.143  00844400
10.06.2021 20:11:07.359  00804400
10.06.2021 20:11:07.377  00804000
10.06.2021 20:11:15.837  0080c000
10.06.2021 20:11:16.305  0084c000
10.06.2021 20:11:24.801  00844000
10.06.2021 20:11:42.117  0084c000
10.06.2021 20:11:45.267  00844000
10.06.2021 20:11:52.413  00844400
10.06.2021 20:11:52.503  00844410
10.06.2021 20:11:52.593  00844010
10.06.2021 20:12:05.355  00804010
10.06.2021 20:12:26.254  00844010
10.06.2021 20:13:23.656  00844410
10.06.2021 20:13:23.764  00844400
10.06.2021 20:13:23.836  00844000
10.06.2021 20:13:35.122  0084c000
10.06.2021 20:13:44.123  00844000
10.06.2021 20:13:44.951  00844400
10.06.2021 20:13:45.131  00844000
10.06.2021 20:13:45.167  00804000
10.06.2021 20:13:52.601  00844000
10.06.2021 20:13:52.961  01244000
10.06.2021 20:13:53.051  00244000
10.06.2021 20:13:57.767  0024c000
10.06.2021 20:13:57.911  0084c000
10.06.2021 20:18:18.535  00844000
10.06.2021 20:18:20.317  00844400
10.06.2021 20:18:20.515  00844000
10.06.2021 20:18:21.812  01244000
10.06.2021 20:18:21.902  00244000
10.06.2021 20:18:25.520  0024c000
10.06.2021 20:18:25.664  0084c000
10.06.2021 20:18:57.884  00844000
10.06.2021 20:19:26.864  00844400
10.06.2021 20:19:26.990  00844000
10.06.2021 20:19:29.618  01244000
10.06.2021 20:19:29.726  00244000
10.06.2021 20:20:24.177  00844000
10.06.2021 20:25:16.950  00844400
10.06.2021 20:25:17.148  00804400
10.06.2021 20:25:17.220  00804000
10.06.2021 20:25:25.986  00844000
10.06.2021 20:25:34.068  0084c000
10.06.2021 20:25:38.172  00844000
10.06.2021 20:25:39.198  00844400
10.06.2021 20:25:39.288  00844410
10.06.2021 20:25:39.378  00844010
10.06.2021 20:25:52.536  00804010
10.06.2021 20:26:13.525  00844010
10.06.2021 20:26:30.949  00844410
10.06.2021 20:26:31.057  00844400
10.06.2021 20:26:31.129  00844000
10.06.2021 20:26:38.455  0084c000
10.06.2021 20:26:43.279  00844000
10.06.2021 20:26:44.017  00844400
10.06.2021 20:26:44.233  00804400
10.06.2021 20:26:44.269  00804000
10.06.2021 20:26:51.649  00844000
10.06.2021 20:26:52.009  01244000
10.06.2021 20:26:52.099  00244000
10.06.2021 20:27:42.158  00844000
10.06.2021 20:37:00.254  00844400
10.06.2021 20:37:00.416  00844000
10.06.2021 20:37:00.470  00804000
10.06.2021 20:37:09.326  00844000
10.06.2021 20:37:13.214  0084c000
10.06.2021 20:37:17.930  00844000
10.06.2021 20:37:19.172  00844400
10.06.2021 20:37:19.262  00844410
10.06.2021 20:37:19.280  00844010
10.06.2021 20:37:32.474  00804010
10.06.2021 20:37:53.264  00844010
10.06.2021 20:38:33.441  00844410
10.06.2021 20:38:33.549  00844400
10.06.2021 20:38:33.675  00844000
10.06.2021 20:38:38.229  0084c000
10.06.2021 20:38:42.351  00844000
10.06.2021 20:38:43.377  00844400
10.06.2021 20:38:43.521  00844000
10.06.2021 20:38:43.593  00804000
10.06.2021 20:38:51.009  00844000
10.06.2021 20:38:51.369  01244000
10.06.2021 20:38:51.459  00244000
10.06.2021 20:39:44.739  00844000
10.06.2021 20:39:47.385  0084c000
10.06.2021 20:40:04.233  00844000
10.06.2021 20:47:01.946  0084a000
10.06.2021 20:54:15.319  8084a000
10.06.2021 20:54:15.337  80002000

Servicedata V1.0 PLC:\DEBUG\Pcin0_1.service.trace created 10.06.2021 21:46:38 (local time)
hostname: hu, Software: 606421 04, built: 08.10.2014 08:59
-------------------------------------------------------------------------------------------
                    ms   pcin1_0
10.06.2021 21:27:06.119  00844000
10.06.2021 21:27:18.651  00844400
10.06.2021 21:27:18.921  00844000
10.06.2021 21:27:19.245  00844400
10.06.2021 21:27:19.263  00844000
10.06.2021 21:27:19.785  00844400
10.06.2021 21:27:19.803  00844000
10.06.2021 21:29:48.520  00844400
10.06.2021 21:29:48.736  00844000
10.06.2021 21:29:49.492  01244000
10.06.2021 21:29:49.582  00244000
10.06.2021 21:31:00.611  00844000
10.06.2021 21:31:14.021  00844400
10.06.2021 21:31:14.111  01244400
10.06.2021 21:31:14.201  00244000
10.06.2021 21:32:04.080  00844000
10.06.2021 21:34:28.855  00844400
10.06.2021 21:34:29.071  00804000
10.06.2021 21:34:40.231  00844000
10.06.2021 21:36:17.108  0084c000
10.06.2021 21:36:54.495  00844400
10.06.2021 21:36:54.585  00844410
10.06.2021 21:36:54.639  00844010
10.06.2021 21:37:08.427  00804010
10.06.2021 21:38:13.480  00804410
10.06.2021 21:38:13.552  00844410
10.06.2021 21:38:13.696  00844010
10.06.2021 21:38:39.742  00804010
10.06.2021 21:40:19.643  00804410
10.06.2021 21:40:19.733  00844410
10.06.2021 21:40:19.751  00844400
10.06.2021 21:40:19.877  00844000
10.06.2021 21:40:26.321  0084c000
10.06.2021 21:40:41.405  00844000
10.06.2021 21:40:51.971  00844400
10.06.2021 21:40:52.277  00844000
10.06.2021 21:40:58.811  0084c000
10.06.2021 21:41:06.930  00844000
10.06.2021 21:41:08.046  00844400
10.06.2021 21:41:08.262  00804000
10.06.2021 21:41:15.678  00844000
10.06.2021 21:41:16.038  01244000
10.06.2021 21:41:16.128  00244000
10.06.2021 21:42:16.572  00844000
10.06.2021 21:42:33.996  00844400
10.06.2021 21:42:34.086  01244400
10.06.2021 21:42:34.176  00244400
10.06.2021 21:42:34.248  00244000
10.06.2021 21:43:07.729  0024c000
10.06.2021 21:43:07.981  00244000
10.06.2021 21:43:08.377  0024c000
10.06.2021 21:43:08.575  00244000
10.06.2021 21:43:09.385  00844000
10.06.2021 21:43:13.237  00844400
10.06.2021 21:43:13.489  00844000
10.06.2021 21:43:14.551  00844400
10.06.2021 21:43:14.731  00844000
10.06.2021 21:43:15.361  00844400
10.06.2021 21:43:15.523  00844000
10.06.2021 21:43:16.819  00844400
10.06.2021 21:43:16.963  00844000
10.06.2021 21:43:19.393  0084c000
10.06.2021 21:43:19.591  00844000
10.06.2021 21:43:19.987  0084c000
10.06.2021 21:43:20.149  00844000
10.06.2021 21:43:32.389  00844100
10.06.2021 21:43:33.631  00844000
10.06.2021 21:43:52.603  0084a000
10.06.2021 21:46:38.241  8084a000
10.06.2021 21:46:38.259  80002000

Servicedata V1.0 PLC:\DEBUG\Pcin0_1.service.trace created 11.06.2021 09:21:48 (local time)
hostname: hu, Software: 606421 04, built: 08.10.2014 08:59
-------------------------------------------------------------------------------------------
                    ms   pcin1_0
11.06.2021 08:28:37.813  00844000
11.06.2021 08:28:43.501  0084c000
11.06.2021 08:28:53.959  00844000
11.06.2021 08:29:09.818  00844400
11.06.2021 08:29:10.124  00844000
11.06.2021 08:29:21.482  00844400
11.06.2021 08:29:21.752  00844000
11.06.2021 08:29:22.148  00844400
11.06.2021 08:29:22.166  00844000
11.06.2021 08:29:22.670  00844400
11.06.2021 08:29:22.688  00844000
11.06.2021 08:30:31.754  00844400
11.06.2021 08:30:31.952  00804400
11.06.2021 08:30:32.042  00804000
11.06.2021 08:30:43.149  00844000
11.06.2021 08:31:05.235  0084c000
11.06.2021 08:31:20.733  00844000
11.06.2021 08:31:25.881  00844400
11.06.2021 08:31:26.043  00844000
11.06.2021 08:32:27.190  00844010
11.06.2021 08:32:33.256  00844000
11.06.2021 08:33:11.974  00844400
11.06.2021 08:33:12.172  00844000
11.06.2021 08:33:14.476  00844400
11.06.2021 08:33:14.764  00844000
11.06.2021 08:33:17.572  00844400
11.06.2021 08:33:17.752  00844000
11.06.2021 08:33:18.796  00844400
11.06.2021 08:33:19.066  00844000
11.06.2021 08:34:01.097  00844400
11.06.2021 08:34:01.313  00844000
11.06.2021 08:34:02.177  00804400
11.06.2021 08:34:02.519  00804000
11.06.2021 08:34:12.077  00844000
11.06.2021 08:35:30.702  0084c000
11.06.2021 08:37:32.077  00844000
11.06.2021 08:37:40.339  00844400
11.06.2021 08:37:40.609  00844000
11.06.2021 08:37:42.031  00844400
11.06.2021 08:37:42.211  00844000
11.06.2021 08:38:06.871  0084c000
11.06.2021 08:39:11.798  00844000
11.06.2021 08:39:18.386  00844400
11.06.2021 08:39:18.656  00844000
11.06.2021 08:39:39.734  0084c000
11.06.2021 08:39:47.402  00844000
11.06.2021 08:39:48.644  00844400
11.06.2021 08:39:48.860  00804400
11.06.2021 08:39:48.896  00804000
11.06.2021 08:40:00.399  00844000
11.06.2021 08:40:34.077  00844400
11.06.2021 08:40:34.383  00844000
11.06.2021 08:40:49.197  0084c000
11.06.2021 08:41:05.901  00844000
11.06.2021 08:41:08.313  00844400
11.06.2021 08:41:08.547  00844000
11.06.2021 08:41:22.911  00844400
11.06.2021 08:41:23.253  00844000
11.06.2021 08:41:33.154  0084c000
11.06.2021 08:41:38.806  00844000
11.06.2021 08:41:39.760  00844400
11.06.2021 08:41:39.976  00804400
11.06.2021 08:41:40.066  00804000
11.06.2021 08:41:40.966  0080c000
11.06.2021 08:41:49.408  0084c000
11.06.2021 08:42:19.252  00844000
11.06.2021 08:52:54.443  0084a000
11.06.2021 09:21:47.988  8084a000
11.06.2021 09:21:48.006  80002000

Servicedata V1.0 PLC:\DEBUG\Pcin0_1.service.trace created 11.06.2021 09:53:53 (local time)
hostname: hu, Software: 606421 04, built: 08.10.2014 08:59
-------------------------------------------------------------------------------------------
                    ms   pcin1_0
11.06.2021 09:45:21.463  0084c000
11.06.2021 09:48:40.359  00844000
11.06.2021 09:49:02.661  00844400
11.06.2021 09:49:02.985  00844000
11.06.2021 09:50:11.116  00844400
11.06.2021 09:50:11.350  00844000
11.06.2021 09:50:11.746  00844400
11.06.2021 09:50:11.764  00844000
11.06.2021 09:50:12.214  00844400
11.06.2021 09:50:12.232  00844000

Servicedata V1.0 PLC:\DEBUG\Pcin0_1.service.trace created 11.06.2021 09:58:40 (local time)
hostname: hu, Software: 606421 04, built: 08.10.2014 08:59
-------------------------------------------------------------------------------------------
                    ms   pcin1_0
11.06.2021 09:45:21.463  0084c000
11.06.2021 09:48:40.359  00844000
11.06.2021 09:49:02.661  00844400
11.06.2021 09:49:02.985  00844000
11.06.2021 09:50:11.116  00844400
11.06.2021 09:50:11.350  00844000
11.06.2021 09:50:11.746  00844400
11.06.2021 09:50:11.764  00844000
11.06.2021 09:50:12.214  00844400
11.06.2021 09:50:12.232  00844000

Servicedata V1.0 PLC:\DEBUG\Pcin0_1.service.trace created 11.06.2021 10:06:02 (local time)
hostname: hu, Software: 606421 04, built: 08.10.2014 08:59
-------------------------------------------------------------------------------------------
                    ms   pcin1_0
11.06.2021 09:45:21.463  0084c000
11.06.2021 09:48:40.359  00844000
11.06.2021 09:49:02.661  00844400
11.06.2021 09:49:02.985  00844000
11.06.2021 09:50:11.116  00844400
11.06.2021 09:50:11.350  00844000
11.06.2021 09:50:11.746  00844400
11.06.2021 09:50:11.764  00844000
11.06.2021 09:50:12.214  00844400
11.06.2021 09:50:12.232  00844000

Servicedata V1.0 PLC:\DEBUG\Pcin0_1.service.trace created 11.06.2021 10:46:02 (local time)
hostname: hu, Software: 606421 04, built: 08.10.2014 08:59
-------------------------------------------------------------------------------------------
                    ms   pcin1_0
11.06.2021 09:45:21.463  0084c000
11.06.2021 09:48:40.359  00844000
11.06.2021 09:49:02.661  00844400
11.06.2021 09:49:02.985  00844000
11.06.2021 09:50:11.116  00844400
11.06.2021 09:50:11.350  00844000
11.06.2021 09:50:11.746  00844400
11.06.2021 09:50:11.764  00844000
11.06.2021 09:50:12.214  00844400
11.06.2021 09:50:12.232  00844000
11.06.2021 10:13:58.441  00844400
11.06.2021 10:13:58.603  00844000
11.06.2021 10:14:05.213  80844000
11.06.2021 10:14:05.228  80000000
11.06.2021 10:14:05.300  80002000
11.06.2021 10:14:06.341  00002000
11.06.2021 10:14:06.344  0084a000
11.06.2021 10:14:54.728  0084c000
11.06.2021 10:15:07.040  00844000
11.06.2021 10:15:14.114  00844400
11.06.2021 10:15:14.348  00844000
11.06.2021 10:20:54.462  0084c000
11.06.2021 10:21:07.584  00844000
11.06.2021 10:21:26.250  00844400
11.06.2021 10:21:26.340  00804400
11.06.2021 10:21:26.484  00804000
11.06.2021 10:21:33.324  00804400
11.06.2021 10:21:33.468  00804000
11.06.2021 10:21:41.982  00804400
11.06.2021 10:21:42.342  00804000
11.06.2021 10:21:43.620  0080c000
11.06.2021 10:21:43.890  00804000
11.06.2021 10:21:45.510  00844000
11.06.2021 10:21:55.195  0084c000
11.06.2021 10:22:00.991  00844000
11.06.2021 10:22:02.665  00844400
11.06.2021 10:22:02.719  00804400
11.06.2021 10:22:02.953  00804000
11.06.2021 10:22:09.703  0080c000
11.06.2021 10:22:09.955  00804000
11.06.2021 10:22:36.865  00804400
11.06.2021 10:22:37.135  00804000
11.06.2021 10:33:59.936  00804400
11.06.2021 10:34:00.242  00804000
11.06.2021 10:34:10.268  0080c000
11.06.2021 10:34:10.502  00804000
11.06.2021 10:34:11.745  00844000
11.06.2021 10:34:22.545  00844400
11.06.2021 10:34:22.707  00804400
11.06.2021 10:34:22.761  00804000
11.06.2021 10:34:33.417  00804010
11.06.2021 10:34:33.435  00844010
11.06.2021 10:36:27.502  00844410
11.06.2021 10:36:27.574  00804410
11.06.2021 10:36:27.628  00804010
11.06.2021 10:36:36.304  00804410
11.06.2021 10:36:36.538  00804010
11.06.2021 10:36:58.066  0080c010
11.06.2021 10:36:58.336  00804010
11.06.2021 10:36:58.678  0080c010
11.06.2021 10:36:58.876  00804010
11.06.2021 10:37:04.798  00844010
11.06.2021 10:37:07.858  00844410
11.06.2021 10:37:07.912  00804410
11.06.2021 10:37:08.056  00804010
11.06.2021 10:37:23.501  0080c010
11.06.2021 10:37:23.663  00804010
11.06.2021 10:37:25.049  00844010
11.06.2021 10:37:28.613  00844410
11.06.2021 10:37:28.883  00844010
11.06.2021 10:37:30.143  00844410
11.06.2021 10:37:30.395  00844010
11.06.2021 10:37:30.863  00844410
11.06.2021 10:37:31.007  00844010
11.06.2021 10:37:31.403  00844410
11.06.2021 10:37:31.583  00844010
11.06.2021 10:37:31.979  00844410
11.06.2021 10:37:32.123  00844010
11.06.2021 10:37:32.339  00844410
11.06.2021 10:37:32.429  00844010
11.06.2021 10:37:32.627  00844410
11.06.2021 10:37:32.699  00844010
11.06.2021 10:37:32.879  00844410
11.06.2021 10:37:32.969  00844010
11.06.2021 10:37:33.401  00844410
11.06.2021 10:37:33.527  00844010
11.06.2021 10:37:34.031  00844410
11.06.2021 10:37:34.175  00844010
11.06.2021 10:37:35.111  00844410
11.06.2021 10:37:35.327  00844010
11.06.2021 10:37:37.127  00844410
11.06.2021 10:37:37.361  00844010
11.06.2021 10:37:38.063  00844410
11.06.2021 10:37:38.279  00844010
11.06.2021 10:37:53.381  00844410
11.06.2021 10:37:53.435  00804410
11.06.2021 10:37:53.633  00804010
11.06.2021 10:38:04.523  0080c010
11.06.2021 10:38:04.811  00804010
11.06.2021 10:38:05.855  00844010
11.06.2021 10:38:10.049  00844410
11.06.2021 10:38:10.103  00844400
11.06.2021 10:38:10.211  00804400
11.06.2021 10:38:10.265  00804000
11.06.2021 10:38:23.243  00844000
11.06.2021 10:38:26.069  0084c000
11.06.2021 10:41:22.165  00844000
11.06.2021 10:45:35.734  00844400
11.06.2021 10:45:35.896  00804400
11.06.2021 10:45:35.968  00804000
11.06.2021 10:45:42.952  00804010
11.06.2021 10:45:42.970  00844010
11.06.2021 10:45:56.452  0084a010
11.06.2021 10:46:01.906  8084a010
11.06.2021 10:46:01.924  80002000

Servicedata V1.0 PLC:\DEBUG\Pcin0_1.service.trace created 11.06.2021 12:51:55 (local time)
hostname: hu, Software: 606421 04, built: 08.10.2014 08:59
-------------------------------------------------------------------------------------------
                    ms   pcin1_0
11.06.2021 12:30:59.272  0084c010
11.06.2021 12:31:58.736  00844010
11.06.2021 12:37:42.161  00844410
11.06.2021 12:37:42.269  00844400
11.06.2021 12:37:42.323  00844000
11.06.2021 12:37:59.064  0084c000
11.06.2021 12:40:10.429  0084c010
11.06.2021 12:51:15.932  00844010
11.06.2021 12:51:21.098  00844410
11.06.2021 12:51:21.584  00844010
11.06.2021 12:51:22.736  00844410
11.06.2021 12:51:23.114  00844010
11.06.2021 12:51:23.546  00844410
11.06.2021 12:51:23.762  00844010
11.06.2021 12:51:25.400  00844410
11.06.2021 12:51:25.562  00844010
11.06.2021 12:51:30.692  00844410
11.06.2021 12:51:30.980  00844010
11.06.2021 12:51:31.394  00844410
11.06.2021 12:51:31.610  00844010
11.06.2021 12:51:32.168  00844410
11.06.2021 12:51:32.330  00844010
11.06.2021 12:51:41.294  00844410
11.06.2021 12:51:41.726  00844010
11.06.2021 12:51:42.158  00844410
11.06.2021 12:51:42.392  00844010
11.06.2021 12:51:42.806  00844410
11.06.2021 12:51:42.986  00844010
11.06.2021 12:51:43.418  00844410
11.06.2021 12:51:43.526  00844010
11.06.2021 12:51:43.706  00844410
11.06.2021 12:51:43.760  00844010
11.06.2021 12:51:43.886  00844410
11.06.2021 12:51:43.976  00844010
11.06.2021 12:51:44.102  00844410
11.06.2021 12:51:44.174  00844010
11.06.2021 12:51:44.300  00844410
11.06.2021 12:51:44.390  00844010

Servicedata V1.0 PLC:\DEBUG\Pcin0_1.service.trace created 11.06.2021 13:14:05 (local time)
hostname: hu, Software: 606421 04, built: 08.10.2014 08:59
-------------------------------------------------------------------------------------------
                    ms   pcin1_0
11.06.2021 13:02:22.591  00844010
11.06.2021 13:02:31.570  00844410
11.06.2021 13:02:31.804  00844010
11.06.2021 13:02:32.506  00844410
11.06.2021 13:02:32.524  00844010
11.06.2021 13:02:33.280  00844410
11.06.2021 13:02:33.298  00844010
11.06.2021 13:03:40.690  00844410
11.06.2021 13:03:40.780  00804410
11.06.2021 13:03:40.960  00804010
11.06.2021 13:03:43.894  00804410
11.06.2021 13:03:44.020  00804010
11.06.2021 13:03:56.963  0080c010
11.06.2021 13:03:57.179  00804010
11.06.2021 13:03:57.737  0080c010
11.06.2021 13:03:57.935  00804010
11.06.2021 13:03:58.349  00844010
11.06.2021 13:04:06.539  00844410
11.06.2021 13:04:06.593  00844400
11.06.2021 13:04:06.701  00804400
11.06.2021 13:04:06.773  00804000
11.06.2021 13:04:17.789  00844000
11.06.2021 13:04:33.359  0084c000
11.06.2021 13:05:24.786  00844000
11.06.2021 13:05:32.742  00844400
11.06.2021 13:05:32.814  00804400
11.06.2021 13:05:32.958  00804000
11.06.2021 13:05:43.164  00804400
11.06.2021 13:05:43.434  00804000
11.06.2021 13:05:44.496  00804400
11.06.2021 13:05:44.712  00804000
11.06.2021 13:05:50.454  0080c000
11.06.2021 13:05:50.670  00804000
11.06.2021 13:05:50.940  0080c000
11.06.2021 13:05:51.102  00804000
11.06.2021 13:05:52.092  00844000
11.06.2021 13:06:00.246  00844400
11.06.2021 13:06:00.300  00804400
11.06.2021 13:06:00.570  00804000
11.06.2021 13:09:06.026  0080c000
11.06.2021 13:09:06.260  00804000
11.06.2021 13:09:06.602  0080c000
11.06.2021 13:09:06.746  00804000
11.06.2021 13:09:08.582  00844000
11.06.2021 13:09:24.008  00844400
11.06.2021 13:09:24.062  00804400
11.06.2021 13:09:24.296  00804000
11.06.2021 13:10:43.929  0080c000
11.06.2021 13:10:44.145  00804000
11.06.2021 13:10:50.805  00844000
11.06.2021 13:11:13.305  00844400
11.06.2021 13:11:13.359  00804400
11.06.2021 13:11:13.683  00804000
11.06.2021 13:11:21.675  0080c000
11.06.2021 13:11:21.873  00804000
11.06.2021 13:11:22.359  0080c000
11.06.2021 13:11:22.539  00804000
11.06.2021 13:11:22.719  0080c000
11.06.2021 13:11:22.863  00804000
11.06.2021 13:11:27.345  00844000
11.06.2021 13:11:32.547  00844400
11.06.2021 13:11:32.619  00804400
11.06.2021 13:11:32.889  00804000
11.06.2021 13:11:33.699  00804400
11.06.2021 13:11:33.861  00804000
11.06.2021 13:11:41.944  0080c000
11.06.2021 13:11:42.178  00804000
11.06.2021 13:11:45.094  00844000
11.06.2021 13:12:02.032  00844400
11.06.2021 13:12:02.194  00804400
11.06.2021 13:12:02.266  00804000
11.06.2021 13:12:09.592  00804010
11.06.2021 13:12:09.610  00844010
11.06.2021 13:12:12.202  0084c010
11.06.2021 13:14:03.155  00844010
11.06.2021 13:14:05.459  80844010
11.06.2021 13:14:05.477  80000000

Servicedata V1.0 PLC:\DEBUG\Pcin0_1.service.trace created 11.06.2021 13:37:38 (local time)
hostname: hu, Software: 606421 04, built: 08.10.2014 08:59
-------------------------------------------------------------------------------------------
                    ms   pcin1_0

Servicedata V1.0 PLC:\DEBUG\Pcin0_1.service.trace created 11.06.2021 14:23:29 (local time)
hostname: hu, Software: 606421 04, built: 08.10.2014 08:59
-------------------------------------------------------------------------------------------
                    ms   pcin1_0
11.06.2021 13:41:07.159  0084c010
11.06.2021 13:42:42.233  00844010
11.06.2021 13:42:47.831  00844410
11.06.2021 13:42:48.101  00844010
11.06.2021 13:42:48.767  00844410
11.06.2021 13:42:48.785  00844010
11.06.2021 13:42:49.577  00844410
11.06.2021 13:42:49.595  00844010
11.06.2021 13:43:06.929  00844410
11.06.2021 13:43:07.019  00844400
11.06.2021 13:43:07.127  00804400
11.06.2021 13:43:07.163  00804000
11.06.2021 13:43:18.215  00844000
11.06.2021 13:43:23.129  0084c000
11.06.2021 13:43:44.046  00844000
11.06.2021 13:43:52.254  00844400
11.06.2021 13:43:52.326  00804400
11.06.2021 13:43:52.614  00804000
11.06.2021 13:44:01.398  00804400
11.06.2021 13:44:01.524  00804000
11.06.2021 13:46:04.339  0080c000
11.06.2021 13:46:04.627  00804000
11.06.2021 13:46:05.077  0080c000
11.06.2021 13:46:05.293  00804000
11.06.2021 13:46:06.841  00844000
11.06.2021 13:46:10.585  00844400
11.06.2021 13:46:10.657  00804400
11.06.2021 13:46:10.837  00804000
11.06.2021 13:46:11.503  00804400
11.06.2021 13:46:11.683  00804000
11.06.2021 13:46:24.625  0080c000
11.06.2021 13:46:24.859  00804000
11.06.2021 13:46:25.057  0080c000
11.06.2021 13:46:25.237  00804000
11.06.2021 13:46:26.641  00844000
11.06.2021 13:46:40.538  00844400
11.06.2021 13:46:40.592  00804400
11.06.2021 13:46:40.790  00804000
11.06.2021 13:47:03.128  0080c000
11.06.2021 13:47:03.308  00804000
11.06.2021 13:47:03.524  0080c000
11.06.2021 13:47:03.686  00804000
11.06.2021 13:47:04.640  00844000
11.06.2021 13:47:08.294  00844400
11.06.2021 13:47:08.348  00804400
11.06.2021 13:47:08.384  00844400
11.06.2021 13:47:08.618  00844000
11.06.2021 13:47:19.724  00844400
11.06.2021 13:47:19.778  00804400
11.06.2021 13:47:19.814  00844400
11.06.2021 13:47:19.940  00844000
11.06.2021 13:49:07.329  00844400
11.06.2021 13:49:07.383  00804400
11.06.2021 13:49:07.581  00804000
11.06.2021 13:49:24.213  0080c000
11.06.2021 13:49:24.501  00804000
11.06.2021 13:49:26.553  00844000
11.06.2021 13:49:44.356  00844400
11.06.2021 13:49:44.428  00804400
11.06.2021 13:49:44.554  00804000
11.06.2021 13:49:45.256  00804400
11.06.2021 13:49:45.400  00804000
11.06.2021 13:49:59.404  0080c000
11.06.2021 13:49:59.584  00804000
11.06.2021 13:49:59.836  0080c000
11.06.2021 13:50:00.016  00804000
11.06.2021 13:50:00.394  00844000
11.06.2021 13:58:28.305  0084c000
11.06.2021 14:11:32.826  00844000
11.06.2021 14:11:36.804  00844400
11.06.2021 14:11:36.876  00804400
11.06.2021 14:11:37.038  00804000
11.06.2021 14:11:49.512  00804400
11.06.2021 14:11:49.656  00804000
11.06.2021 14:12:20.724  0080c000
11.06.2021 14:12:20.922  00804000
11.06.2021 14:12:21.084  0080c000
11.06.2021 14:12:21.210  00804000
11.06.2021 14:12:23.226  00844000
11.06.2021 14:12:42.702  00844400
11.06.2021 14:12:42.756  00804400
11.06.2021 14:12:42.792  00844400
11.06.2021 14:12:42.936  00844000
11.06.2021 14:12:52.512  00844400
11.06.2021 14:12:52.566  00804400
11.06.2021 14:12:52.602  00844400
11.06.2021 14:12:52.674  00844000
11.06.2021 14:13:16.147  00844400
11.06.2021 14:13:16.201  00804400
11.06.2021 14:13:16.237  00844400
11.06.2021 14:13:16.327  00844000
11.06.2021 14:16:51.861  0084c000
11.06.2021 14:16:52.185  00844000
11.06.2021 14:20:06.677  0084c000
11.06.2021 14:22:20.725  8084c000
11.06.2021 14:22:20.743  80000000
11.06.2021 14:22:20.815  80002000
11.06.2021 14:22:21.832  00002000
11.06.2021 14:22:21.841  0084a000
11.06.2021 14:22:57.862  8084a000
11.06.2021 14:22:57.877  80002000
11.06.2021 14:22:58.972  00002000
11.06.2021 14:22:58.975  0084a000
11.06.2021 14:23:11.395  0084c000
11.06.2021 14:23:29.539  8084c000
11.06.2021 14:23:29.557  80000000

Servicedata V1.0 PLC:\DEBUG\Pcin0_1.service.trace created 11.06.2021 15:43:37 (local time)
hostname: hu, Software: 606421 04, built: 08.10.2014 08:59
-------------------------------------------------------------------------------------------
                    ms   pcin1_0
11.06.2021 15:26:39.213  0084c000
11.06.2021 15:27:46.492  00844000
11.06.2021 15:27:50.758  00844400
11.06.2021 15:27:51.010  00844000
11.06.2021 15:27:51.658  00844400
11.06.2021 15:27:51.676  00844000
11.06.2021 15:27:52.324  00844400
11.06.2021 15:27:52.342  00844000
11.06.2021 15:29:26.375  00844400
11.06.2021 15:29:26.591  00844000
11.06.2021 15:29:28.193  00804000
11.06.2021 15:29:37.247  00844000
11.06.2021 15:30:01.367  0084c000
11.06.2021 15:30:11.357  00844000
11.06.2021 15:30:26.225  00844400
11.06.2021 15:30:26.459  00844000
11.06.2021 15:30:28.187  00844400
11.06.2021 15:30:28.259  00804400
11.06.2021 15:30:28.385  00804000
11.06.2021 15:30:37.385  00804010
11.06.2021 15:30:37.403  00844010
11.06.2021 15:32:12.696  00844410
11.06.2021 15:32:12.840  00844010
11.06.2021 15:32:13.398  00844410
11.06.2021 15:32:13.542  00844010
11.06.2021 15:32:14.838  00844410
11.06.2021 15:32:14.982  00844010
11.06.2021 15:33:14.329  0084c010
11.06.2021 15:33:14.581  00844010
11.06.2021 15:33:14.725  0084c010
11.06.2021 15:33:14.905  00844010
11.06.2021 15:34:48.830  00844410
11.06.2021 15:34:48.884  00844400
11.06.2021 15:34:48.992  00804400
11.06.2021 15:34:49.064  00804000
11.06.2021 15:35:05.102  00844000
11.06.2021 15:35:37.827  0084c000
11.06.2021 15:35:43.443  00844000
11.06.2021 15:35:59.481  00844400
11.06.2021 15:35:59.679  00844000
11.06.2021 15:36:00.957  00844400
11.06.2021 15:36:01.029  00804400
11.06.2021 15:36:01.119  00804000
11.06.2021 15:36:16.077  00844000
11.06.2021 15:36:18.327  0084c000
11.06.2021 15:36:32.763  00844000
11.06.2021 15:36:47.991  0084c000
11.06.2021 15:38:27.118  00844000
11.06.2021 15:38:34.841  0084c000
11.06.2021 15:39:40.955  00844000
11.06.2021 15:39:47.939  0084c000
11.06.2021 15:40:34.704  00844000
11.06.2021 15:40:45.756  00844400
11.06.2021 15:40:45.918  00804400
11.06.2021 15:40:46.008  00804000
11.06.2021 15:41:00.498  00804010
11.06.2021 15:41:00.516  00844010
11.06.2021 15:41:19.326  00844410
11.06.2021 15:41:19.686  00844010
11.06.2021 15:41:21.072  00844410
11.06.2021 15:41:21.306  00844010
11.06.2021 15:42:25.297  0084c010
11.06.2021 15:42:25.531  00844010
11.06.2021 15:42:25.693  0084c010
11.06.2021 15:42:25.873  00844010
11.06.2021 15:43:05.815  00844000
11.06.2021 15:43:05.833  00844400
11.06.2021 15:43:06.103  00844010
11.06.2021 15:43:07.166  00844000
11.06.2021 15:43:07.184  00844400
11.06.2021 15:43:07.400  00804400
11.06.2021 15:43:07.436  00804010
11.06.2021 15:43:09.002  00804000
11.06.2021 15:43:09.020  00804400
11.06.2021 15:43:09.128  00804010

Servicedata V1.0 PLC:\DEBUG\Pcin0_1.service.trace created 11.06.2021 15:51:21 (local time)
hostname: hu, Software: 606421 04, built: 08.10.2014 08:59
-------------------------------------------------------------------------------------------
                    ms   pcin1_0
11.06.2021 15:44:50.581  0084c010
11.06.2021 15:44:56.458  00844010
11.06.2021 15:44:59.878  00844000
11.06.2021 15:44:59.896  00844400
11.06.2021 15:45:00.148  00844010
11.06.2021 15:45:17.860  00844000
11.06.2021 15:45:17.878  00844400
11.06.2021 15:45:18.148  00844010
11.06.2021 15:45:20.902  00844410
11.06.2021 15:45:20.920  00844010
11.06.2021 15:45:21.694  00844410
11.06.2021 15:45:21.712  00844010
11.06.2021 15:45:30.100  00844000
11.06.2021 15:45:30.118  00844400
11.06.2021 15:45:30.370  00844010
11.06.2021 15:45:31.522  00844000
11.06.2021 15:45:31.540  00844400
11.06.2021 15:45:31.684  00804400
11.06.2021 15:45:31.756  00804010
11.06.2021 15:46:02.986  00804410
11.06.2021 15:46:03.058  00804400
11.06.2021 15:46:03.328  00804000
11.06.2021 15:46:16.685  00844000
11.06.2021 15:47:59.808  0084c000
11.06.2021 15:48:17.988  00844000
11.06.2021 15:48:20.652  00844400
11.06.2021 15:48:20.814  00804400
11.06.2021 15:48:20.904  00804000
11.06.2021 15:48:27.852  00804010
11.06.2021 15:48:27.870  00844010
11.06.2021 15:48:49.974  0084c010
11.06.2021 15:48:51.432  00844010
11.06.2021 15:49:02.880  0084c010
11.06.2021 15:49:16.020  00844010
11.06.2021 15:49:18.271  0084c010
11.06.2021 15:49:23.095  00844010
11.06.2021 15:49:36.649  00844410
11.06.2021 15:49:36.703  00844400
11.06.2021 15:49:36.901  00844000
11.06.2021 15:49:37.279  00844400
11.06.2021 15:49:37.351  00804400
11.06.2021 15:49:37.441  00804000
11.06.2021 15:49:45.127  00844000

Servicedata V1.0 PLC:\DEBUG\Pcin0_1.service.trace created 11.06.2021 16:08:36 (local time)
hostname: hu, Software: 606421 04, built: 08.10.2014 08:59
-------------------------------------------------------------------------------------------
                    ms   pcin1_0
11.06.2021 15:54:54.549  0084c000
11.06.2021 15:56:45.118  00844000
11.06.2021 15:56:50.212  00844400
11.06.2021 15:56:50.410  00844000
11.06.2021 15:56:50.842  00844400
11.06.2021 15:56:50.860  00844000
11.06.2021 15:56:51.364  00844400
11.06.2021 15:56:51.382  00844000
11.06.2021 15:57:27.275  00844400
11.06.2021 15:57:27.455  00804400
11.06.2021 15:57:27.473  00804000
11.06.2021 15:57:36.563  00844000
11.06.2021 15:57:39.299  0084c000
11.06.2021 15:57:45.473  00844000
11.06.2021 15:57:57.371  00844400
11.06.2021 15:57:57.533  00804400
11.06.2021 15:57:57.695  00804000
11.06.2021 15:58:12.077  00804010
11.06.2021 15:58:12.095  00844010
11.06.2021 15:58:14.813  0084c010
11.06.2021 15:58:29.519  00844010
11.06.2021 15:58:47.106  0084c010
11.06.2021 15:59:04.602  00844010
11.06.2021 16:00:49.291  00844000
11.06.2021 16:00:49.309  00844400
11.06.2021 16:00:49.507  00844010
11.06.2021 16:00:50.875  00804010
11.06.2021 16:00:52.279  00804000
11.06.2021 16:00:52.297  00804400
11.06.2021 16:00:52.513  00804010
11.06.2021 16:00:57.607  00804000
11.06.2021 16:00:57.625  00804400
11.06.2021 16:00:57.841  00804010
11.06.2021 16:02:38.714  00844010
11.06.2021 16:02:54.896  00844000
11.06.2021 16:02:54.914  00844400
11.06.2021 16:02:55.220  00844010
11.06.2021 16:02:56.480  00804010
11.06.2021 16:04:30.711  00804000
11.06.2021 16:04:30.729  00804400
11.06.2021 16:04:31.035  00804010
11.06.2021 16:07:00.725  00804410
11.06.2021 16:07:00.905  00804010
11.06.2021 16:07:01.733  00804410
11.06.2021 16:07:01.967  00804010
11.06.2021 16:07:02.633  00804410
11.06.2021 16:07:02.885  00804010
11.06.2021 16:07:03.641  00804410
11.06.2021 16:07:03.875  00804010
11.06.2021 16:07:04.235  00804410
11.06.2021 16:07:04.415  00804010
11.06.2021 16:07:13.775  00804410
11.06.2021 16:07:14.081  00804010
11.06.2021 16:07:43.835  0080c010
11.06.2021 16:07:44.123  00804010
11.06.2021 16:07:44.321  0080c010
11.06.2021 16:07:44.519  00804010
11.06.2021 16:08:27.846  0080c010
11.06.2021 16:08:28.098  00804010
11.06.2021 16:08:28.998  00844010
11.06.2021 16:08:36.036  80844010
11.06.2021 16:08:36.054  80000000

Servicedata V1.0 PLC:\DEBUG\Pcin0_1.service.trace created 11.06.2021 19:06:46 (local time)
hostname: hu, Software: 606421 04, built: 08.10.2014 08:59
-------------------------------------------------------------------------------------------
                    ms   pcin1_0
11.06.2021 16:13:06.999  0084c010
11.06.2021 16:13:25.434  00844010
11.06.2021 16:13:31.230  00844000
11.06.2021 16:13:31.248  00844400
11.06.2021 16:13:31.428  00844010
11.06.2021 16:13:32.112  00844410
11.06.2021 16:13:32.130  00844010
11.06.2021 16:13:32.742  00844410
11.06.2021 16:13:32.760  00844010
11.06.2021 16:14:05.737  00844000
11.06.2021 16:14:05.755  00844400
11.06.2021 16:14:06.097  00844010
11.06.2021 16:14:07.123  00844000
11.06.2021 16:14:07.141  00844400
11.06.2021 16:14:07.339  00804400
11.06.2021 16:14:07.393  00804010
11.06.2021 16:14:23.593  00804000
11.06.2021 16:14:23.611  00804400
11.06.2021 16:14:24.187  00804010
11.06.2021 16:14:25.537  00804000
11.06.2021 16:14:25.555  00804400
11.06.2021 16:14:25.807  00804010
11.06.2021 16:14:27.301  00804000
11.06.2021 16:14:27.319  00804400
11.06.2021 16:14:27.499  00804010
11.06.2021 16:27:51.622  00804000
11.06.2021 16:27:51.640  00804400
11.06.2021 16:27:52.000  00804010
11.06.2021 16:27:54.052  00804000
11.06.2021 16:27:54.070  00804400
11.06.2021 16:27:54.520  00804010
11.06.2021 16:27:56.410  00804000
11.06.2021 16:27:56.428  00804400
11.06.2021 16:27:56.806  00804010
11.06.2021 16:27:58.030  00804000
11.06.2021 16:27:58.048  00804400
11.06.2021 16:27:58.408  00804010
11.06.2021 16:28:01.522  00804000
11.06.2021 16:28:01.540  00804400
11.06.2021 16:28:01.882  00804010
11.06.2021 16:28:02.620  00804000
11.06.2021 16:28:02.638  00804400
11.06.2021 16:28:02.872  00804010
11.06.2021 16:28:03.754  00804000
11.06.2021 16:28:03.772  00804400
11.06.2021 16:28:04.132  00804010
11.06.2021 16:28:05.086  00804000
11.06.2021 16:28:05.104  00804400
11.06.2021 16:28:05.374  00804010
11.06.2021 16:28:06.472  00804000
11.06.2021 16:28:06.490  00804400
11.06.2021 16:28:06.778  00804010
11.06.2021 16:28:09.946  00804000
11.06.2021 16:28:09.964  00804400
11.06.2021 16:28:10.180  00804010
11.06.2021 16:28:25.012  0080c010
11.06.2021 16:28:25.228  00804010
11.06.2021 16:28:25.354  0080c010
11.06.2021 16:28:25.498  00804010
11.06.2021 16:28:46.990  00804000
11.06.2021 16:28:47.008  00804400
11.06.2021 16:28:47.224  00804010
11.06.2021 16:34:57.452  00804410
11.06.2021 16:34:57.632  00804010
11.06.2021 16:35:42.813  00804410
11.06.2021 16:35:43.029  00804010
11.06.2021 16:36:20.199  0080c010
11.06.2021 16:36:20.523  00804010
11.06.2021 16:36:21.837  0080c010
11.06.2021 16:36:22.035  00804010
11.06.2021 16:36:55.983  00804410
11.06.2021 16:36:56.199  00804010
11.06.2021 16:37:49.930  00804410
11.06.2021 16:37:50.128  00804010
11.06.2021 16:39:13.613  00804410
11.06.2021 16:39:13.793  00804010
11.06.2021 16:40:00.953  00804410
11.06.2021 16:40:01.025  00804400
11.06.2021 16:40:01.187  00804000
11.06.2021 16:40:03.149  00804400
11.06.2021 16:40:03.383  00804000
11.06.2021 16:40:12.780  00844000
11.06.2021 16:40:37.944  0084c000
11.06.2021 16:40:41.850  00844000
11.06.2021 16:40:42.426  0084c000
11.06.2021 16:40:44.478  00844000
11.06.2021 16:40:51.966  00844400
11.06.2021 16:40:52.110  00844000
11.06.2021 16:40:52.128  00804000
11.06.2021 16:40:59.184  00804010
11.06.2021 16:40:59.202  00844010
11.06.2021 16:41:02.028  0084c010
11.06.2021 16:41:05.178  00844010
11.06.2021 16:41:29.118  00844410
11.06.2021 16:41:29.334  00844010
11.06.2021 16:41:53.635  0084c010
11.06.2021 16:41:57.703  00844010
11.06.2021 16:42:04.687  0084c010
11.06.2021 16:44:16.700  00844010
11.06.2021 16:44:23.684  0084c010
11.06.2021 16:44:41.216  00844010
11.06.2021 16:44:48.200  0084c010
11.06.2021 16:44:50.055  00844010
11.06.2021 16:45:03.591  00844410
11.06.2021 16:45:03.645  00844400
11.06.2021 16:45:03.753  00804400
11.06.2021 16:45:03.825  00804000
11.06.2021 16:45:04.005  00804400
11.06.2021 16:45:04.095  00804000
11.06.2021 16:45:12.519  00844000
11.06.2021 16:45:41.463  0084c000
11.06.2021 16:46:10.407  00844000
11.06.2021 16:46:21.351  00844400
11.06.2021 16:46:21.513  00804400
11.06.2021 16:46:21.567  00804000
11.06.2021 16:46:30.640  00844000
11.06.2021 16:46:57.496  00844400
11.06.2021 16:46:57.658  00804400
11.06.2021 16:46:57.712  00804000
11.06.2021 16:47:06.730  00804010
11.06.2021 16:47:06.748  00844010
11.06.2021 16:47:44.818  00844410
11.06.2021 16:47:45.016  00844010
11.06.2021 16:48:27.227  00844410
11.06.2021 16:48:27.281  00844400
11.06.2021 16:48:27.389  00804400
11.06.2021 16:48:27.479  00804000
11.06.2021 16:48:35.741  00844000
11.06.2021 16:50:34.056  00844400
11.06.2021 16:50:34.218  00804400
11.06.2021 16:50:34.290  00804000
11.06.2021 16:50:42.120  00804010
11.06.2021 16:50:42.138  00844010
11.06.2021 16:51:43.519  00844410
11.06.2021 16:51:43.663  00844010
11.06.2021 16:52:26.323  00844410
11.06.2021 16:52:26.395  00804410
11.06.2021 16:52:26.485  00804010
11.06.2021 16:52:46.430  00804410
11.06.2021 16:52:46.574  00804010
11.06.2021 16:59:42.306  00804410
11.06.2021 16:59:42.396  00844410
11.06.2021 16:59:42.414  00844400
11.06.2021 16:59:42.450  00844000
11.06.2021 16:59:42.522  00804000
11.06.2021 16:59:51.450  00844000
11.06.2021 16:59:51.810  01244000
11.06.2021 16:59:51.918  00244000
11.06.2021 17:02:21.968  00844000
11.06.2021 17:09:45.979  00844400
11.06.2021 17:09:46.087  01244400
11.06.2021 17:09:46.141  01244000
11.06.2021 17:09:46.195  00244000
11.06.2021 17:12:50.337  00844000
11.06.2021 17:13:57.747  00844400
11.06.2021 17:13:57.945  00844000
11.06.2021 17:13:57.981  01244000
11.06.2021 17:13:58.071  00244000
11.06.2021 17:16:14.981  0024c000
11.06.2021 17:16:26.699  0084c000
11.06.2021 17:16:31.901  00844000
11.06.2021 17:17:13.535  00844400
11.06.2021 17:17:13.769  00844000
11.06.2021 17:17:14.723  01244000
11.06.2021 17:17:14.831  00244000
11.06.2021 17:19:20.113  00844000
11.06.2021 17:20:46.406  00844400
11.06.2021 17:20:46.586  00844000
11.06.2021 17:20:46.802  01244000
11.06.2021 17:20:46.892  00244000
11.06.2021 17:22:18.603  00844000
11.06.2021 17:32:11.727  00844400
11.06.2021 17:32:11.907  00804400
11.06.2021 17:32:11.961  00804000
11.06.2021 17:32:21.069  00844000
11.06.2021 17:34:46.313  00844400
11.06.2021 17:34:46.475  00804400
11.06.2021 17:34:46.493  00804000
11.06.2021 17:34:57.545  00844000
11.06.2021 17:36:12.156  0084c000
11.06.2021 17:37:01.548  00844000
11.06.2021 17:37:02.322  00844400
11.06.2021 17:37:02.484  00804400
11.06.2021 17:37:02.538  00804000
11.06.2021 17:37:18.630  00844000
11.06.2021 17:39:23.804  00844400
11.06.2021 17:39:23.966  00804400
11.06.2021 17:39:23.984  00804000
11.06.2021 17:39:40.094  00804010
11.06.2021 17:39:40.112  00844010
11.06.2021 17:40:05.888  00844410
11.06.2021 17:40:06.050  00844010
11.06.2021 17:40:25.058  00844410
11.06.2021 17:40:25.112  00844400
11.06.2021 17:40:25.220  00804000
11.06.2021 17:40:35.895  00844000
11.06.2021 17:43:19.534  00844400
11.06.2021 17:43:19.696  00804400
11.06.2021 17:43:19.732  00804000
11.06.2021 17:43:30.460  00844000
11.06.2021 17:44:22.643  00844400
11.06.2021 17:44:22.805  00804400
11.06.2021 17:44:22.895  00804000
11.06.2021 17:44:32.651  00844000
11.06.2021 17:45:28.182  0084c000
11.06.2021 17:45:35.328  00844000
11.06.2021 17:45:40.548  00844400
11.06.2021 17:45:40.710  00804000
11.06.2021 17:45:42.312  0080c000
11.06.2021 17:45:50.142  0084c000
11.06.2021 17:45:51.762  00844000
11.06.2021 17:46:07.818  00844400
11.06.2021 17:46:07.980  00804400
11.06.2021 17:46:08.052  00804000
11.06.2021 17:46:08.412  0080c000
11.06.2021 17:46:18.996  0084c000
11.06.2021 17:46:33.144  00844000
11.06.2021 17:48:51.944  00844400
11.06.2021 17:48:52.106  00804400
11.06.2021 17:48:52.232  00804000
11.06.2021 17:48:59.144  00844000
11.06.2021 17:50:21.027  00844400
11.06.2021 17:50:21.135  00844000
11.06.2021 17:50:21.189  00804000
11.06.2021 17:50:33.411  00844000
11.06.2021 17:51:33.496  00844400
11.06.2021 17:51:33.658  00804400
11.06.2021 17:51:33.802  00804000
11.06.2021 17:51:47.446  00844000
11.06.2021 17:58:16.988  00844400
11.06.2021 17:58:17.186  00804400
11.06.2021 17:58:17.240  00804000
11.06.2021 17:58:34.142  00844000
11.06.2021 17:58:45.158  0084c000
11.06.2021 17:58:48.884  00844000
11.06.2021 18:02:21.395  00844400
11.06.2021 18:02:21.629  00844000
11.06.2021 18:02:24.329  00844400
11.06.2021 18:02:24.401  00804400
11.06.2021 18:02:24.563  00804000
11.06.2021 18:02:40.511  00844000
11.06.2021 18:04:14.526  0084c000
11.06.2021 18:04:19.134  00844000
11.06.2021 18:04:28.692  00844400
11.06.2021 18:04:28.764  00804400
11.06.2021 18:04:28.872  00804000
11.06.2021 18:04:38.430  00844000
11.06.2021 18:06:19.429  00844400
11.06.2021 18:06:19.609  00844000
11.06.2021 18:06:20.365  00844400
11.06.2021 18:06:20.437  00804400
11.06.2021 18:06:20.527  00804000
11.06.2021 18:06:37.339  00844000
11.06.2021 18:10:45.310  00844400
11.06.2021 18:10:45.526  00844000
11.06.2021 18:10:46.192  00804000
11.06.2021 18:10:58.450  00844000
11.06.2021 18:11:07.594  0084c000
11.06.2021 18:11:11.878  00844000
11.06.2021 18:18:31.533  00844400
11.06.2021 18:18:31.623  00844000
11.06.2021 18:18:32.253  00844400
11.06.2021 18:18:32.325  00804400
11.06.2021 18:18:32.397  00804000
11.06.2021 18:18:40.659  00804010
11.06.2021 18:18:40.677  00844010
11.06.2021 18:19:41.716  00844410
11.06.2021 18:19:41.788  00804410
11.06.2021 18:19:41.878  00804010
11.06.2021 18:19:59.230  00804410
11.06.2021 18:19:59.392  00804010
11.06.2021 18:20:11.452  00804410
11.06.2021 18:20:11.650  00804010
11.06.2021 18:20:13.054  00804410
11.06.2021 18:20:13.162  00804010
11.06.2021 18:20:17.932  0080c010
11.06.2021 18:20:18.130  00804010
11.06.2021 18:20:18.364  0080c010
11.06.2021 18:20:18.526  00804010
11.06.2021 18:20:22.306  00804410
11.06.2021 18:20:22.504  00804010
11.06.2021 18:20:37.858  00804410
11.06.2021 18:20:37.912  00804400
11.06.2021 18:20:38.038  00804000
11.06.2021 18:20:46.301  00844000
11.06.2021 18:21:18.413  00844400
11.06.2021 18:21:18.557  00844000
11.06.2021 18:21:38.501  0084c000
11.06.2021 18:21:38.663  00844000
11.06.2021 18:21:38.807  0084c000
11.06.2021 18:21:38.933  00844000
11.06.2021 18:22:44.580  00844400
11.06.2021 18:22:44.814  00844000
11.06.2021 18:22:47.262  01244000
11.06.2021 18:22:47.370  00244000
11.06.2021 18:23:57.319  0024c000
11.06.2021 18:23:57.463  00244000
11.06.2021 18:23:57.553  0024c000
11.06.2021 18:23:57.769  00244000
11.06.2021 18:23:58.111  0024c000
11.06.2021 18:23:58.273  00244000
11.06.2021 18:23:59.371  00844000
11.06.2021 18:24:45.721  0084c000
11.06.2021 18:24:49.951  00844000
11.06.2021 18:25:13.243  00844400
11.06.2021 18:25:13.477  00844000
11.06.2021 18:25:13.855  00844400
11.06.2021 18:25:13.927  00804400
11.06.2021 18:25:14.017  00804000
11.06.2021 18:25:17.221  00804400
11.06.2021 18:25:17.437  00804000
11.06.2021 18:25:34.862  00844000
11.06.2021 18:56:40.942  0084a000
11.06.2021 19:06:46.306  8084a000
11.06.2021 19:06:46.324  80002000

Servicedata V1.0 PLC:\DEBUG\Pcin0_1.service.trace created 15.06.2021 13:45:51 (local time)
hostname: hu, Software: 606421 04, built: 08.10.2014 08:59
-------------------------------------------------------------------------------------------
                    ms   pcin1_0
15.06.2021 13:40:41.789  00844000
15.06.2021 13:45:45.750  0084a000
15.06.2021 13:45:51.708  8084a000
15.06.2021 13:45:51.726  80002000

Servicedata V1.0 PLC:\DEBUG\Pcin0_1.service.trace created 16.06.2021 11:48:17 (local time)
hostname: hu, Software: 606421 04, built: 08.10.2014 08:59
-------------------------------------------------------------------------------------------
                    ms   pcin1_0
16.06.2021 11:07:01.630  0084c000
16.06.2021 11:07:48.203  00844000
16.06.2021 11:07:50.507  00844400
16.06.2021 11:07:50.687  00844000
16.06.2021 11:07:51.173  00844400
16.06.2021 11:07:51.191  00844000
16.06.2021 11:07:51.749  00844400
16.06.2021 11:07:51.767  00844000
16.06.2021 11:32:33.686  00844400
16.06.2021 11:32:33.866  00804000
16.06.2021 11:32:43.028  00804010
16.06.2021 11:32:43.046  00844010
16.06.2021 11:33:30.351  00844410
16.06.2021 11:33:30.405  00844400
16.06.2021 11:33:30.513  00804400
16.06.2021 11:33:30.531  00804000
16.06.2021 11:33:40.485  00844000
16.06.2021 11:48:02.406  0084a000
16.06.2021 11:48:17.202  8084a000
16.06.2021 11:48:17.220  80002000

Servicedata V1.0 PLC:\DEBUG\Pcin0_1.service.trace created 16.06.2021 20:54:19 (local time)
hostname: hu, Software: 606421 04, built: 08.10.2014 08:59
-------------------------------------------------------------------------------------------
                    ms   pcin1_0
16.06.2021 19:29:26.112  0084c000
16.06.2021 19:30:16.339  00844000
16.06.2021 19:30:19.561  00844400
16.06.2021 19:30:19.795  00844000
16.06.2021 19:30:20.749  00844400
16.06.2021 19:30:20.767  00844000
16.06.2021 19:30:21.595  00844400
16.06.2021 19:30:21.613  00844000
16.06.2021 19:32:13.970  0084a000
16.06.2021 20:32:16.223  00844000
16.06.2021 20:32:37.517  0084a000
16.06.2021 20:47:59.073  00844000
16.06.2021 20:54:02.911  0084a000
16.06.2021 20:54:19.579  8084a000
16.06.2021 20:54:19.597  80002000

Servicedata V1.0 PLC:\DEBUG\Pcin0_1.service.trace created 19.06.2021 17:39:54 (local time)
hostname: hu, Software: 606421 04, built: 08.10.2014 08:59
-------------------------------------------------------------------------------------------
                    ms   pcin1_0
19.06.2021 11:50:11.237  0084c000
19.06.2021 11:50:47.669  00844000
19.06.2021 11:50:53.969  00844400
19.06.2021 11:50:54.311  00844000
19.06.2021 11:50:54.851  00844400
19.06.2021 11:50:54.869  00844000
19.06.2021 11:50:55.643  00844400
19.06.2021 11:50:55.661  00844000
19.06.2021 11:52:37.776  00844400
19.06.2021 11:52:37.956  00804400
19.06.2021 11:52:38.064  00804000
19.06.2021 11:52:49.476  00804010
19.06.2021 11:52:49.494  00844010
19.06.2021 11:53:50.263  00844410
19.06.2021 11:53:50.443  00844010
19.06.2021 11:54:34.382  00844410
19.06.2021 11:54:34.436  00844400
19.06.2021 11:54:34.544  00804400
19.06.2021 11:54:34.598  00804000
19.06.2021 11:54:42.356  0080c000
19.06.2021 11:54:42.590  00804000
19.06.2021 11:54:46.910  00844000
19.06.2021 11:55:48.578  00844400
19.06.2021 11:55:48.740  00804400
19.06.2021 11:55:48.812  00804000
19.06.2021 11:55:58.082  00844000
19.06.2021 12:03:24.847  00844400
19.06.2021 12:03:25.027  00844000
19.06.2021 12:03:25.063  00804000
19.06.2021 12:03:33.667  00804010
19.06.2021 12:03:33.685  00844010
19.06.2021 12:03:47.869  00804010
19.06.2021 12:04:19.028  00844010
19.06.2021 12:05:18.842  00844410
19.06.2021 12:05:18.950  00844400
19.06.2021 12:05:18.986  00844000
19.06.2021 12:05:19.058  00804000
19.06.2021 12:05:36.752  00844000
19.06.2021 12:05:47.319  0084c000
19.06.2021 12:07:58.378  00844000
19.06.2021 12:08:04.588  00844400
19.06.2021 12:08:04.750  00804400
19.06.2021 12:08:04.786  00804000
19.06.2021 12:08:19.420  00844000
19.06.2021 12:10:03.443  00844400
19.06.2021 12:10:03.641  00844000
19.06.2021 12:10:06.341  01244000
19.06.2021 12:10:06.449  00244000
19.06.2021 12:11:40.626  00844000
19.06.2021 12:13:25.315  00844400
19.06.2021 12:13:25.495  00804400
19.06.2021 12:13:25.585  00804000
19.06.2021 12:13:40.112  00804010
19.06.2021 12:13:40.130  00844010
19.06.2021 12:14:00.110  00844410
19.06.2021 12:14:00.254  00844010
19.06.2021 12:17:24.196  00844410
19.06.2021 12:17:24.304  00844400
19.06.2021 12:17:24.376  00844000
19.06.2021 12:17:24.412  00804000
19.06.2021 12:17:39.856  00844000
19.06.2021 12:17:40.270  01244000
19.06.2021 12:17:40.360  00244000
19.06.2021 12:22:56.767  00844000
19.06.2021 12:24:14.852  00844400
19.06.2021 12:24:15.068  00804000
19.06.2021 12:24:28.154  00844000
19.06.2021 12:24:28.514  01244000
19.06.2021 12:24:28.604  00244000
19.06.2021 12:29:01.073  0024c000
19.06.2021 12:29:17.615  00244000
19.06.2021 12:29:27.911  00244400
19.06.2021 12:29:28.289  00244000
19.06.2021 12:29:29.261  00244400
19.06.2021 12:29:29.495  00244000
19.06.2021 12:34:26.085  00844000
19.06.2021 12:34:57.477  00844400
19.06.2021 12:34:57.693  00804400
19.06.2021 12:34:57.711  00804000
19.06.2021 12:35:09.933  00844000
19.06.2021 12:35:10.347  01244000
19.06.2021 12:35:10.437  00244000
19.06.2021 12:37:19.354  00844000
19.06.2021 12:38:08.369  00844400
19.06.2021 12:38:08.549  00804400
19.06.2021 12:38:08.585  00804000
19.06.2021 12:38:24.695  00844000
19.06.2021 12:43:51.812  00844400
19.06.2021 12:43:51.938  00844000
19.06.2021 12:43:53.991  01244000
19.06.2021 12:43:54.081  00244000
19.06.2021 12:44:14.097  00204000
19.06.2021 12:44:14.727  00804000
19.06.2021 12:44:22.143  00844000
19.06.2021 12:44:24.987  00804000
19.06.2021 12:44:32.565  00844000
19.06.2021 12:44:35.481  00804000
19.06.2021 12:44:43.059  00844000
19.06.2021 12:44:44.247  00804000
19.06.2021 12:44:51.825  00844000
19.06.2021 12:44:53.013  00804000
19.06.2021 12:45:00.591  00844000
19.06.2021 12:45:01.779  00804000
19.06.2021 12:45:09.357  00844000
19.06.2021 12:45:10.545  00804000
19.06.2021 12:45:18.105  00844000
19.06.2021 12:45:51.604  00844400
19.06.2021 12:45:51.784  00804400
19.06.2021 12:45:51.802  00804000
19.06.2021 12:46:08.812  00804010
19.06.2021 12:46:08.830  00844010
19.06.2021 12:46:29.422  00844410
19.06.2021 12:46:29.602  00844010
19.06.2021 12:47:44.717  00844410
19.06.2021 12:47:44.771  00844400
19.06.2021 12:47:44.879  00804400
19.06.2021 12:47:44.951  00804000
19.06.2021 12:47:54.311  00844000
19.06.2021 12:48:04.517  00844400
19.06.2021 12:48:04.589  00804400
19.06.2021 12:48:04.679  00804000
19.06.2021 12:48:28.241  00844000
19.06.2021 12:51:21.745  00844400
19.06.2021 12:51:21.871  00844000
19.06.2021 12:51:24.409  01244000
19.06.2021 12:51:24.517  00244000
19.06.2021 12:52:15.242  0024c000
19.06.2021 12:52:15.476  00244000
19.06.2021 12:52:16.700  00844000
19.06.2021 12:54:57.063  00844400
19.06.2021 12:54:57.243  00844000
19.06.2021 12:54:59.116  01244000
19.06.2021 12:54:59.224  00244000
19.06.2021 12:56:08.740  00844000
19.06.2021 12:57:32.783  00844400
19.06.2021 12:57:32.909  00844000
19.06.2021 12:57:32.999  00804000
19.06.2021 12:57:40.451  00804010
19.06.2021 12:57:40.469  00844010
19.06.2021 12:57:54.671  00804010
19.06.2021 12:58:03.851  00844010
19.06.2021 13:09:02.064  00844410
19.06.2021 13:09:02.172  00844400
19.06.2021 13:09:02.208  00844000
19.06.2021 13:09:02.280  00804000
19.06.2021 13:09:16.933  00844000
19.06.2021 13:09:17.365  01244000
19.06.2021 13:09:17.473  00244000
19.06.2021 13:11:01.064  0024c000
19.06.2021 13:11:17.660  00244000
19.06.2021 13:11:20.414  00244400
19.06.2021 13:11:20.684  00244000
19.06.2021 13:13:51.345  00844000
19.06.2021 13:17:22.524  00844400
19.06.2021 13:17:22.596  00844000
19.06.2021 13:17:22.632  01244000
19.06.2021 13:17:22.740  00244000
19.06.2021 13:17:53.754  0024c000
19.06.2021 13:17:53.952  00244000
19.06.2021 13:17:54.258  0024c000
19.06.2021 13:17:54.384  00244000
19.06.2021 13:17:55.680  00844000
19.06.2021 13:22:47.679  00844400
19.06.2021 13:22:47.823  00844000
19.06.2021 13:22:49.965  01244000
19.06.2021 13:22:50.073  00244000
19.06.2021 13:29:44.293  00844000
19.06.2021 13:30:02.672  00844400
19.06.2021 13:30:02.780  01244400
19.06.2021 13:30:02.816  01244000
19.06.2021 13:30:02.870  00244000
19.06.2021 13:31:02.054  00844000
19.06.2021 13:35:47.591  00844400
19.06.2021 13:35:47.699  01244400
19.06.2021 13:35:47.753  01244000
19.06.2021 13:35:47.807  00244000
19.06.2021 13:38:01.063  0024c000
19.06.2021 13:38:17.731  00244000
19.06.2021 13:38:17.803  00244400
19.06.2021 13:38:18.001  00244000
19.06.2021 13:43:41.158  0024c000
19.06.2021 13:43:41.320  0084c000
19.06.2021 13:43:57.952  00844000
19.06.2021 13:44:08.050  0084c000
19.06.2021 13:44:44.753  00844000
19.06.2021 13:44:51.737  0084c000
19.06.2021 13:45:16.613  00844000
19.06.2021 13:45:36.791  00844400
19.06.2021 13:45:37.241  00844000
19.06.2021 13:45:39.041  00844400
19.06.2021 13:45:39.365  00844000
19.06.2021 13:45:39.869  00844400
19.06.2021 13:45:40.049  00844000
19.06.2021 13:45:40.445  00844400
19.06.2021 13:45:40.625  00844000
19.06.2021 13:45:40.895  00844400
19.06.2021 13:45:41.057  00844000
19.06.2021 13:45:41.255  00844400
19.06.2021 13:45:41.381  00844000
19.06.2021 13:45:41.579  00844400
19.06.2021 13:45:41.687  00844000
19.06.2021 13:45:41.849  00844400
19.06.2021 13:45:41.939  00844000
19.06.2021 13:45:42.101  00844400
19.06.2021 13:45:42.173  00844000
19.06.2021 13:45:42.569  00844400
19.06.2021 13:45:42.605  00844000
19.06.2021 13:45:42.767  00844400
19.06.2021 13:45:42.857  00844000
19.06.2021 13:45:56.340  00844400
19.06.2021 13:45:56.682  00844000
19.06.2021 13:46:03.252  00844400
19.06.2021 13:46:03.432  00844000
19.06.2021 13:46:04.242  00844400
19.06.2021 13:46:04.494  00844000
19.06.2021 13:46:06.978  00844400
19.06.2021 13:46:07.338  00844000
19.06.2021 13:46:08.778  00844400
19.06.2021 13:46:09.192  00844000
19.06.2021 13:46:11.730  0084c000
19.06.2021 13:46:12.000  00844000
19.06.2021 13:46:52.914  00844400
19.06.2021 13:46:53.346  00844000
19.06.2021 13:47:02.238  01244000
19.06.2021 13:47:02.328  00244000
19.06.2021 13:55:01.061  0024c000
19.06.2021 13:55:17.766  00244000
19.06.2021 13:55:27.522  00244400
19.06.2021 13:55:27.774  00244000
19.06.2021 13:55:28.098  00244400
19.06.2021 13:55:28.278  00244000
19.06.2021 14:09:28.760  0024c000
19.06.2021 14:09:45.501  00244000
19.06.2021 14:09:45.681  00244400
19.06.2021 14:09:45.843  00244000
19.06.2021 14:15:58.753  00844000
19.06.2021 14:27:57.392  00844400
19.06.2021 14:27:57.572  00844000
19.06.2021 14:27:59.102  00844400
19.06.2021 14:27:59.300  00844000
19.06.2021 14:28:01.550  00844400
19.06.2021 14:28:01.748  00844000
19.06.2021 14:28:02.414  00844400
19.06.2021 14:28:02.540  00844000
19.06.2021 14:28:03.260  00844400
19.06.2021 14:28:03.368  00844000
19.06.2021 14:31:08.788  00844400
19.06.2021 14:31:08.914  00844000
19.06.2021 14:31:09.004  00804000
19.06.2021 14:31:21.280  00844000
19.06.2021 14:31:21.802  01244000
19.06.2021 14:31:21.892  00244000
19.06.2021 14:31:23.512  0024c000
19.06.2021 14:31:23.710  0084c000
19.06.2021 14:33:33.258  00844000
19.06.2021 14:33:40.242  0084c000
19.06.2021 14:34:55.555  00844000
19.06.2021 14:35:06.715  00844400
19.06.2021 14:35:06.949  00844000
19.06.2021 14:35:08.047  01244000
19.06.2021 14:35:08.137  00244000
19.06.2021 14:44:01.068  0024c000
19.06.2021 14:44:17.826  00244000
19.06.2021 14:44:17.970  00244400
19.06.2021 14:44:18.240  00244000
19.06.2021 14:59:01.060  0024c000
19.06.2021 14:59:17.872  00244000
19.06.2021 14:59:18.286  00244400
19.06.2021 14:59:18.556  00244000
19.06.2021 15:09:37.816  00844000
19.06.2021 15:09:55.331  00844400
19.06.2021 15:09:55.439  01244400
19.06.2021 15:09:55.493  01244000
19.06.2021 15:09:55.547  00244000
19.06.2021 15:14:01.069  0024c000
19.06.2021 15:14:17.899  00244400
19.06.2021 15:14:17.971  00244000
19.06.2021 15:14:18.097  00244400
19.06.2021 15:14:18.313  00244000
19.06.2021 15:15:55.586  0024c000
19.06.2021 15:15:55.820  00244000
19.06.2021 15:15:56.036  0024c000
19.06.2021 15:15:56.234  00244000
19.06.2021 15:15:57.818  00844000
19.06.2021 15:17:27.999  00844400
19.06.2021 15:17:28.251  00844000
19.06.2021 15:17:29.601  00844400
19.06.2021 15:17:29.835  00844000
19.06.2021 15:18:21.910  00844400
19.06.2021 15:18:22.090  00844000
19.06.2021 15:18:24.466  01244000
19.06.2021 15:18:24.556  00244000
19.06.2021 15:25:53.589  0024c000
19.06.2021 15:26:10.419  00244000
19.06.2021 15:26:10.491  00244400
19.06.2021 15:26:10.707  00244000
19.06.2021 15:33:51.980  0024c000
19.06.2021 15:34:08.828  00244400
19.06.2021 15:34:08.954  00244000
19.06.2021 15:34:09.062  00244400
19.06.2021 15:34:09.422  00244000
19.06.2021 15:35:52.563  00844000
19.06.2021 15:38:59.189  00844400
19.06.2021 15:38:59.405  00804400
19.06.2021 15:38:59.423  00804000
19.06.2021 15:39:13.949  00844000
19.06.2021 15:39:14.327  01244000
19.06.2021 15:39:14.417  00244000
19.06.2021 15:40:46.236  00844000
19.06.2021 15:41:27.997  00844400
19.06.2021 15:41:28.087  01244400
19.06.2021 15:41:28.123  01244000
19.06.2021 15:41:28.177  00244000
19.06.2021 15:41:44.035  00844000
19.06.2021 15:45:06.357  00844400
19.06.2021 15:45:06.519  00844000
19.06.2021 15:45:06.573  00804000
19.06.2021 15:45:15.807  00844000
19.06.2021 15:45:16.167  01244000
19.06.2021 15:45:16.275  00244000
19.06.2021 15:45:16.635  0084a000
19.06.2021 15:45:30.477  00844000
19.06.2021 15:45:41.367  0084c000
19.06.2021 15:47:27.496  00844000
19.06.2021 15:47:27.820  0084c000
19.06.2021 15:49:15.696  00844000
19.06.2021 15:49:22.968  0084c000
19.06.2021 15:50:13.854  00844000
19.06.2021 15:50:24.060  0084c000
19.06.2021 15:50:31.692  00844000
19.06.2021 15:50:39.054  0084c000
19.06.2021 15:50:44.760  00844000
19.06.2021 15:50:54.031  00844400
19.06.2021 15:50:54.247  01244400
19.06.2021 15:50:54.283  01244000
19.06.2021 15:50:54.337  00244000
19.06.2021 15:53:45.032  00844000
19.06.2021 16:35:18.473  0084a000
19.06.2021 17:39:54.669  8084a000
19.06.2021 17:39:54.687  80002000

Servicedata V1.0 PLC:\DEBUG\Pcin0_1.service.trace created 22.06.2021 09:01:31 (local time)
hostname: hu, Software: 606421 04, built: 08.10.2014 08:59
-------------------------------------------------------------------------------------------
                    ms   pcin1_0
22.06.2021 08:41:09.980  0084c000
22.06.2021 08:42:30.525  00844000
22.06.2021 08:42:36.771  00844400
22.06.2021 08:42:36.933  00844000
22.06.2021 08:42:37.437  00844400
22.06.2021 08:42:37.455  00844000
22.06.2021 08:42:37.905  00844400
22.06.2021 08:42:37.923  00844000
22.06.2021 08:44:53.303  00844400
22.06.2021 08:44:53.483  00844000
22.06.2021 08:44:57.515  00844400
22.06.2021 08:44:57.587  00804400
22.06.2021 08:44:57.839  00804000
22.06.2021 08:45:08.405  00804010
22.06.2021 08:45:08.423  00844010
22.06.2021 08:46:04.422  00844410
22.06.2021 08:46:04.584  00844010
22.06.2021 08:46:21.180  00844410
22.06.2021 08:46:21.252  00804410
22.06.2021 08:46:21.360  00804010
22.06.2021 08:46:42.006  00804410
22.06.2021 08:46:42.132  00804010
22.06.2021 08:48:35.929  00804410
22.06.2021 08:48:36.019  00844410
22.06.2021 08:48:36.037  00844400
22.06.2021 08:48:36.145  00804000
22.06.2021 08:48:48.475  00844000
22.06.2021 08:48:49.555  01244000
22.06.2021 08:48:49.663  00244000
22.06.2021 08:55:49.392  00844000
22.06.2021 08:56:47.443  00844400
22.06.2021 08:56:47.533  01244400
22.06.2021 08:56:47.623  00244400
22.06.2021 08:56:47.641  00244000
22.06.2021 09:00:51.849  00844000
22.06.2021 09:01:21.711  0084a000
22.06.2021 09:01:31.090  8084a000
22.06.2021 09:01:31.108  80002000

Servicedata V1.0 PLC:\DEBUG\Pcin0_1.service.trace created 22.06.2021 11:24:16 (local time)
hostname: hu, Software: 606421 04, built: 08.10.2014 08:59
-------------------------------------------------------------------------------------------
                    ms   pcin1_0
22.06.2021 11:23:49.781  00844000
22.06.2021 11:24:00.470  00844400
22.06.2021 11:24:00.686  00844000
22.06.2021 11:24:01.136  00844400
22.06.2021 11:24:01.154  00844000
22.06.2021 11:24:01.622  00844400
22.06.2021 11:24:01.640  00844000
22.06.2021 11:24:16.166  80844000
22.06.2021 11:24:16.184  80000000

Servicedata V1.0 PLC:\DEBUG\Pcin0_1.service.trace created 25.06.2021 12:35:32 (local time)
hostname: hu, Software: 606421 04, built: 08.10.2014 08:59
-------------------------------------------------------------------------------------------
                    ms   pcin1_0
25.06.2021 12:23:21.028  0084c000
25.06.2021 12:24:17.432  00844000
25.06.2021 12:24:22.652  00844400
25.06.2021 12:24:22.868  00844000
25.06.2021 12:24:23.192  00844400
25.06.2021 12:24:23.210  00844000
25.06.2021 12:24:23.660  00844400
25.06.2021 12:24:23.678  00844000
25.06.2021 12:25:41.925  00844400
25.06.2021 12:25:42.105  00804400
25.06.2021 12:25:42.159  00804000
25.06.2021 12:25:51.249  00804010
25.06.2021 12:25:51.267  00844010
25.06.2021 12:26:22.605  00844410
25.06.2021 12:26:22.767  00844010
25.06.2021 12:27:41.338  00844410
25.06.2021 12:27:41.446  00844400
25.06.2021 12:27:41.500  00844000
25.06.2021 12:27:41.554  00804000
25.06.2021 12:27:51.022  00844000
25.06.2021 12:27:53.614  01244000
25.06.2021 12:27:53.722  00244000
25.06.2021 12:28:01.066  0024c000
25.06.2021 12:28:01.300  00244000
25.06.2021 12:28:01.732  0024c000
25.06.2021 12:28:01.966  00244000
25.06.2021 12:28:03.064  0024c000
25.06.2021 12:28:03.298  00244000
25.06.2021 12:28:04.216  00844000
25.06.2021 12:28:53.861  00844400
25.06.2021 12:28:54.005  00844000
25.06.2021 12:28:59.045  01244000
25.06.2021 12:28:59.135  00244000
25.06.2021 12:31:26.844  00844000
25.06.2021 12:31:41.190  00844400
25.06.2021 12:31:41.370  00804400
25.06.2021 12:31:41.460  00804000
25.06.2021 12:31:48.894  00804010
25.06.2021 12:31:48.912  00844010
25.06.2021 12:32:10.459  00844410
25.06.2021 12:32:10.603  00844010
25.06.2021 12:32:40.681  00844410
25.06.2021 12:32:40.843  00844010
25.06.2021 12:33:06.691  00844410
25.06.2021 12:33:06.871  00844010
25.06.2021 12:35:18.453  0084a010
25.06.2021 12:35:32.295  8084a010
25.06.2021 12:35:32.313  80002000

Servicedata V1.0 PLC:\DEBUG\Pcin0_1.service.trace created 27.06.2021 12:44:46 (local time)
hostname: hu, Software: 606421 04, built: 08.10.2014 08:59
-------------------------------------------------------------------------------------------
                    ms   pcin1_0
27.06.2021 12:05:19.219  00844010
27.06.2021 12:06:14.894  00844410
27.06.2021 12:06:15.146  00844010
27.06.2021 12:06:17.126  00844410
27.06.2021 12:06:17.576  00844010
27.06.2021 12:07:06.158  00844410
27.06.2021 12:07:06.374  00844010
27.06.2021 12:07:07.058  00844410
27.06.2021 12:07:07.076  00844010
27.06.2021 12:07:07.778  00844410
27.06.2021 12:07:07.796  00844010
27.06.2021 12:11:48.329  00844410
27.06.2021 12:11:48.401  00844400
27.06.2021 12:11:48.509  00804400
27.06.2021 12:11:48.563  00804000
27.06.2021 12:11:57.635  00844000
27.06.2021 12:12:46.740  0084a000
27.06.2021 12:39:13.330  00844000
27.06.2021 12:44:42.014  0084a000
27.06.2021 12:44:45.992  8084a000
27.06.2021 12:44:46.010  80002000

Servicedata V1.0 PLC:\DEBUG\Pcin0_1.service.trace created 27.06.2021 16:23:55 (local time)
hostname: hu, Software: 606421 04, built: 08.10.2014 08:59
-------------------------------------------------------------------------------------------
                    ms   pcin1_0
27.06.2021 16:21:20.734  00844000
27.06.2021 16:21:26.593  00844400
27.06.2021 16:21:26.863  00844000
27.06.2021 16:21:27.475  00844400
27.06.2021 16:21:27.493  00844000
27.06.2021 16:21:28.015  00844400
27.06.2021 16:21:28.033  00844000
27.06.2021 16:23:51.711  0084a000
27.06.2021 16:23:55.563  8084a000
27.06.2021 16:23:55.581  80002000

Servicedata V1.0 PLC:\DEBUG\Pcin0_1.service.trace created 28.06.2021 15:09:23 (local time)
hostname: hu, Software: 606421 04, built: 08.10.2014 08:59
-------------------------------------------------------------------------------------------
                    ms   pcin1_0
28.06.2021 14:42:57.824  00844000
28.06.2021 14:43:14.813  00844400
28.06.2021 14:43:15.083  00844000
28.06.2021 14:43:15.624  00844400
28.06.2021 14:43:15.642  00844000
28.06.2021 14:43:16.326  00844400
28.06.2021 14:43:16.344  00844000
28.06.2021 15:09:22.936  80844000
28.06.2021 15:09:22.954  80000000

Servicedata V1.0 PLC:\DEBUG\Pcin0_1.service.trace created 28.06.2021 16:01:20 (local time)
hostname: hu, Software: 606421 04, built: 08.10.2014 08:59
-------------------------------------------------------------------------------------------
                    ms   pcin1_0
28.06.2021 15:33:15.460  00844000
28.06.2021 15:33:24.901  00844400
28.06.2021 15:33:25.081  00844000
28.06.2021 15:33:25.891  00844400
28.06.2021 15:33:25.909  00844000
28.06.2021 15:33:26.611  00844400
28.06.2021 15:33:26.629  00844000
28.06.2021 15:36:49.095  00844400
28.06.2021 15:36:49.275  00804400
28.06.2021 15:36:49.311  00804000
28.06.2021 15:36:59.409  00804010
28.06.2021 15:36:59.427  00844010
28.06.2021 15:37:21.891  00844410
28.06.2021 15:37:21.945  00844000
28.06.2021 15:37:22.053  00804000
28.06.2021 15:37:31.593  00844000
28.06.2021 15:39:15.869  0084c000
28.06.2021 15:39:23.429  00844000
28.06.2021 15:39:31.979  00844400
28.06.2021 15:39:32.069  00844000
28.06.2021 15:39:53.759  00844400
28.06.2021 15:39:53.831  00844000
28.06.2021 15:39:54.137  00804000
28.06.2021 15:45:21.416  00844000
28.06.2021 16:01:20.395  80844000
28.06.2021 16:01:20.413  80000000

Servicedata V1.0 PLC:\DEBUG\Pcin0_1.service.trace created 28.06.2021 16:07:03 (local time)
hostname: hu, Software: 606421 04, built: 08.10.2014 08:59
-------------------------------------------------------------------------------------------
                    ms   pcin1_0
28.06.2021 16:02:55.464  00844000
28.06.2021 16:03:01.671  00844400
28.06.2021 16:03:01.941  00844000
28.06.2021 16:03:05.847  00844400
28.06.2021 16:03:05.865  00844000
28.06.2021 16:03:06.729  00844400
28.06.2021 16:03:06.747  00844000
28.06.2021 16:07:03.648  80844000
28.06.2021 16:07:03.666  80000000

Servicedata V1.0 PLC:\DEBUG\Pcin0_1.service.trace created 28.06.2021 19:07:28 (local time)
hostname: hu, Software: 606421 04, built: 08.10.2014 08:59
-------------------------------------------------------------------------------------------
                    ms   pcin1_0
28.06.2021 16:55:21.291  00844000
28.06.2021 16:55:33.483  00844400
28.06.2021 16:55:33.735  00844000
28.06.2021 16:55:34.149  00844400
28.06.2021 16:55:34.167  00844000
28.06.2021 16:55:34.671  00844400
28.06.2021 16:55:34.689  00844000
28.06.2021 16:56:21.670  0084c000
28.06.2021 16:56:25.936  00844000
28.06.2021 16:56:28.132  0084c000
28.06.2021 16:56:52.126  00844000
28.06.2021 16:57:39.161  00844400
28.06.2021 16:57:39.251  00844000
28.06.2021 16:57:46.145  00844400
28.06.2021 16:57:46.289  00844000
28.06.2021 16:58:00.473  0084c000
28.06.2021 16:58:00.671  00844000
28.06.2021 16:58:04.919  00844400
28.06.2021 16:58:05.009  00804000
28.06.2021 16:58:07.979  00804400
28.06.2021 16:58:08.087  00804000
28.06.2021 16:58:09.959  00804400
28.06.2021 16:58:10.103  00804000
28.06.2021 16:59:09.504  00844000
28.06.2021 16:59:26.136  00844400
28.06.2021 16:59:26.226  00844000
28.06.2021 16:59:27.054  00844400
28.06.2021 16:59:27.162  00804000
28.06.2021 16:59:54.342  00844000
28.06.2021 17:01:27.943  0084c000
28.06.2021 17:01:37.915  00844000
28.06.2021 17:02:26.534  0084c000
28.06.2021 17:02:38.252  00844000
28.06.2021 17:05:30.028  00844400
28.06.2021 17:05:30.154  00804000
28.06.2021 17:05:35.464  0080c000
28.06.2021 17:05:35.644  00804000
28.06.2021 17:05:37.282  00844000
28.06.2021 17:06:01.474  00844400
28.06.2021 17:06:01.564  00844000
28.06.2021 17:06:03.706  0084c000
28.06.2021 17:06:03.868  00844000
28.06.2021 17:06:07.720  00844400
28.06.2021 17:06:07.792  00804400
28.06.2021 17:06:07.918  00804000
28.06.2021 17:06:08.512  00804400
28.06.2021 17:06:08.656  00804000
28.06.2021 17:06:09.250  00804400
28.06.2021 17:06:09.394  00804000
28.06.2021 17:06:40.192  00844000
28.06.2021 17:07:18.029  00844400
28.06.2021 17:07:18.191  00844000
28.06.2021 17:07:20.189  00804000
28.06.2021 17:07:41.609  00404000
28.06.2021 17:08:04.991  00804000
28.06.2021 17:08:05.009  00844000
28.06.2021 17:08:40.074  00844400
28.06.2021 17:08:40.200  00844000
28.06.2021 17:08:47.328  0084c000
28.06.2021 17:08:47.526  00844000
28.06.2021 17:08:51.648  00844400
28.06.2021 17:08:51.720  00804400
28.06.2021 17:08:51.792  00804000
28.06.2021 17:09:18.468  00804400
28.06.2021 17:09:18.576  00804000
28.06.2021 17:09:25.146  00804400
28.06.2021 17:09:25.290  00804000
28.06.2021 17:09:47.484  00404000
28.06.2021 17:10:10.813  00804000
28.06.2021 17:10:10.831  00844000
28.06.2021 17:12:04.268  00844400
28.06.2021 17:12:04.340  00804400
28.06.2021 17:12:04.394  00804000
28.06.2021 17:12:05.420  00804400
28.06.2021 17:12:05.546  00804000
28.06.2021 17:12:09.812  00844000
28.06.2021 17:12:41.636  00844400
28.06.2021 17:12:41.708  00844000
28.06.2021 17:12:41.780  00804000
28.06.2021 17:14:14.211  00844000
28.06.2021 17:17:58.764  00844400
28.06.2021 17:17:58.836  00844000
28.06.2021 17:18:00.186  00844400
28.06.2021 17:18:00.330  00844000
28.06.2021 17:18:53.016  0084c000
28.06.2021 17:19:00.756  00844000
28.06.2021 17:19:06.354  00844400
28.06.2021 17:19:06.498  00844000
28.06.2021 17:19:06.570  00804000
28.06.2021 17:19:13.698  00804010
28.06.2021 17:19:13.716  00844010
28.06.2021 17:46:32.040  00844410
28.06.2021 17:46:32.130  00844010
28.06.2021 17:48:46.861  00844410
28.06.2021 17:48:46.933  00844010
28.06.2021 17:48:52.333  00844410
28.06.2021 17:48:52.441  00844010
28.06.2021 17:52:59.926  00844410
28.06.2021 17:52:59.962  00804410
28.06.2021 17:53:00.106  00804010
28.06.2021 17:53:49.210  00804410
28.06.2021 17:53:49.336  00804010
28.06.2021 17:58:06.811  00844010
28.06.2021 17:58:13.057  00844410
28.06.2021 17:58:13.147  00844010
28.06.2021 17:58:48.158  00844410
28.06.2021 17:58:48.284  00844010
28.06.2021 18:00:23.811  00844410
28.06.2021 18:00:23.883  00844010
28.06.2021 18:00:24.081  00844000
28.06.2021 18:00:24.189  00804000
28.06.2021 18:00:33.261  00844000
28.06.2021 18:01:35.073  0084a000
28.06.2021 18:10:11.715  0084c000
28.06.2021 18:10:20.895  00844000
28.06.2021 18:17:07.681  0084c000
28.06.2021 18:17:11.767  00844000
28.06.2021 18:21:00.604  00844400
28.06.2021 18:21:00.730  00844000
28.06.2021 18:21:02.098  00804000
28.06.2021 18:21:08.326  00804400
28.06.2021 18:21:08.488  00804000
28.06.2021 18:21:20.152  00804400
28.06.2021 18:21:20.260  00804000
28.06.2021 18:21:20.278  00844000
28.06.2021 18:22:41.873  00844400
28.06.2021 18:22:42.107  00844000
28.06.2021 18:22:50.711  0084c000
28.06.2021 18:22:54.257  00844000
28.06.2021 18:22:56.543  00844400
28.06.2021 18:22:56.759  00844000
28.06.2021 18:23:01.637  00844400
28.06.2021 18:23:01.691  00804400
28.06.2021 18:23:01.745  00804000
28.06.2021 18:23:03.779  00844000
28.06.2021 18:23:32.669  00844400
28.06.2021 18:23:32.759  00844000
28.06.2021 18:23:41.237  00844400
28.06.2021 18:23:41.309  00844000
28.06.2021 18:23:42.209  00804000
28.06.2021 18:25:14.532  00844000
28.06.2021 18:27:21.902  0084c000
28.06.2021 18:27:25.898  00844000
28.06.2021 18:27:28.796  0084a000
28.06.2021 18:30:09.987  00844000
28.06.2021 18:30:19.780  0084c000
28.06.2021 18:30:23.308  00844000
28.06.2021 18:30:30.940  00844400
28.06.2021 18:30:31.030  00844000
28.06.2021 18:30:32.218  00804000
28.06.2021 18:30:37.474  0080c000
28.06.2021 18:30:37.672  00804000
28.06.2021 18:30:38.428  00844000
28.06.2021 18:30:40.606  00844400
28.06.2021 18:30:40.732  00844000
28.06.2021 18:30:53.188  0084c000
28.06.2021 18:30:58.156  00844000
28.06.2021 18:31:01.108  00844400
28.06.2021 18:31:01.270  00844000
28.06.2021 18:31:02.728  00844400
28.06.2021 18:31:02.854  00844000
28.06.2021 18:31:06.418  00844400
28.06.2021 18:31:06.616  00844000
28.06.2021 18:31:07.822  00844400
28.06.2021 18:31:08.002  00844000
28.06.2021 18:31:08.686  00844400
28.06.2021 18:31:08.884  00844000
28.06.2021 18:31:09.496  00844400
28.06.2021 18:31:09.676  00844000
28.06.2021 18:31:09.838  00844400
28.06.2021 18:31:09.910  00844000
28.06.2021 18:31:09.982  00844400
28.06.2021 18:31:10.036  00844000
28.06.2021 18:31:10.126  00844400
28.06.2021 18:31:10.144  00844000
28.06.2021 18:31:10.234  00844400
28.06.2021 18:31:10.288  00844000
28.06.2021 18:31:13.024  00844400
28.06.2021 18:31:13.222  00844000
28.06.2021 18:51:26.111  0084a000
28.06.2021 19:00:27.305  00844000
28.06.2021 19:02:49.650  00844400
28.06.2021 19:02:49.812  00804400
28.06.2021 19:02:49.884  00804000
28.06.2021 19:03:02.916  00844000
28.06.2021 19:04:14.827  00844400
28.06.2021 19:04:14.989  00844000
28.06.2021 19:04:16.195  00804000
28.06.2021 19:04:18.769  0080c000
28.06.2021 19:04:19.021  00804000
28.06.2021 19:04:19.309  0080c000
28.06.2021 19:04:19.471  00804000
28.06.2021 19:04:19.615  0080c000
28.06.2021 19:04:19.759  00804000
28.06.2021 19:04:19.885  0080c000
28.06.2021 19:04:20.047  00804000
28.06.2021 19:04:20.191  0080c000
28.06.2021 19:04:20.353  00804000
28.06.2021 19:04:20.443  0080c000
28.06.2021 19:04:20.533  00804000
28.06.2021 19:04:21.073  00844000
28.06.2021 19:04:34.465  00844400
28.06.2021 19:04:34.699  00844000
28.06.2021 19:04:39.883  00844400
28.06.2021 19:04:40.081  00844000
28.06.2021 19:04:41.233  00844400
28.06.2021 19:04:41.359  00844000
28.06.2021 19:05:06.614  00844400
28.06.2021 19:05:06.776  00844000
28.06.2021 19:05:08.288  00844400
28.06.2021 19:05:08.468  00844000
28.06.2021 19:05:22.490  00844400
28.06.2021 19:05:22.742  00844000
28.06.2021 19:05:27.746  00844400
28.06.2021 19:05:27.818  00804400
28.06.2021 19:05:28.034  00804000
28.06.2021 19:05:29.510  00804400
28.06.2021 19:05:29.726  00804000
28.06.2021 19:05:30.068  00844000
28.06.2021 19:06:11.504  00844400
28.06.2021 19:06:11.702  00844000
28.06.2021 19:07:08.817  00844400
28.06.2021 19:07:09.087  00844000
