
Servicedata V1.0 PLC:\DEBUG\S_State.service.trace created 11.06.2021 15:51:22 (local time)
hostname: hu, Software: 606421 04, built: 08.10.2014 08:59
-------------------------------------------------------------------------------------------
                    ms   global   master   device1
11.06.2021 13:40:57.337  00001003 00000000 00000000 00001000 00000003 
11.06.2021 13:40:57.346  00000003 00000000 00000000 00000000 00000003 
11.06.2021 13:40:57.349  00001003 00000000 00000000 00001000 00000003 
11.06.2021 13:40:57.358  00000003 00000000 00000000 00001000 00000003 
11.06.2021 13:40:57.361  00001003 00000000 00000000 00001000 00000003 
11.06.2021 13:40:57.370  00000003 00000000 00000000 00001000 00000003 
11.06.2021 13:40:57.373  00001003 00000000 00000000 00001000 00000003 
11.06.2021 13:40:57.391  00000003 00000000 00000000 00001000 00000003 
11.06.2021 13:40:57.394  00001003 00000000 00000000 00001000 00000003 
11.06.2021 13:40:57.403  00000003 00000000 00000000 00001000 00000003 
11.06.2021 13:40:57.406  00001003 00000000 00000000 00001000 00000003 
11.06.2021 13:40:57.415  00000003 00000000 00000000 00001000 00000003 
11.06.2021 13:40:57.418  00001003 00000000 00000000 00000000 00000003 
11.06.2021 13:40:57.421  00001003 00000000 00000000 00001000 00000003 
11.06.2021 13:40:57.427  00000003 00000000 00000000 00001000 00000003 
11.06.2021 13:40:57.430  00001003 00000000 00000000 00000000 00000003 
11.06.2021 13:40:57.433  00001003 00000000 00000000 00001000 00000003 
11.06.2021 13:40:57.439  00000003 00000000 00000000 00001000 00000003 
11.06.2021 13:40:57.442  00000003 00000000 00000000 00000000 00000003 
11.06.2021 13:40:57.445  00001003 00000000 00000000 00000000 00000003 
11.06.2021 13:40:57.448  00001003 00000000 00000000 00001000 00000003 
11.06.2021 13:40:57.484  00000003 00000000 00000000 00001000 00000003 
11.06.2021 13:40:57.487  00000003 00000000 00000000 00000000 00000003 
11.06.2021 13:40:57.490  00001003 00000000 00000000 00000000 00000003 
11.06.2021 13:40:57.493  00001003 00000000 00000000 00001000 00000003 
11.06.2021 13:40:57.517  00000003 00000000 00000000 00001000 00000003 
11.06.2021 13:40:57.520  00001003 00000000 00000000 00001000 00000003 
11.06.2021 13:40:57.547  00000003 00000000 00000000 00000000 00000003 
11.06.2021 13:40:57.676  00001003 00000000 00000000 00000000 00001003 
11.06.2021 13:40:57.757  00000003 00000000 00000000 00000000 00000003 
11.06.2021 13:40:57.856  00000003 00000000 00400000 00000000 00000003 
11.06.2021 13:40:57.859  00000003 00000000 00000000 00000000 00000003 
11.06.2021 13:40:57.958  00000003 00000000 00000000 00400000 00000003 
11.06.2021 13:40:57.961  00000003 00000000 00000000 00000000 00000003 
11.06.2021 13:40:58.072  00000003 00000000 00000000 00000000 00400003 
11.06.2021 13:40:58.075  00000003 00000000 00000000 00000000 00000003 
11.06.2021 13:40:58.219  00000003 00000000 00000000 00000000 00800003 
11.06.2021 13:40:58.222  00000003 00000000 00000000 00000000 00000003 
11.06.2021 13:40:58.570  00001003 00000000 00001000 00000000 00000003 
11.06.2021 13:40:58.657  00000003 00000000 00001000 00000000 00000003 
11.06.2021 13:40:58.660  00000003 00000000 00000000 00000000 00000003 
11.06.2021 13:40:58.795  00001003 00000000 00000000 00000000 00001003 
11.06.2021 13:40:58.873  00000003 00000000 00000000 00000000 00000003 
11.06.2021 13:40:59.023  00001003 00000000 00001000 00000000 00000003 
11.06.2021 13:40:59.107  00000003 00000000 00001000 00000000 00000003 
11.06.2021 13:40:59.110  00000003 00000000 00000000 00000000 00000003 
11.06.2021 13:40:59.245  00001003 00000000 00000000 00000000 00001003 
11.06.2021 13:40:59.368  00000003 00000000 00000000 00000000 00000003 
11.06.2021 13:41:00.142  00000003 00000000 00800000 00000000 00000003 
11.06.2021 13:41:00.145  00000003 00000000 00000000 00000000 00000003 
11.06.2021 13:41:00.277  00000003 00000000 00000000 00800000 00000003 
11.06.2021 13:41:00.280  00000003 00000000 00000000 00000000 00000003 
11.06.2021 13:41:00.418  00004003 00000000 00004000 00000000 00000003 
11.06.2021 13:41:00.499  00000003 00000000 00004000 00000000 00000003 
11.06.2021 13:41:00.502  00000003 00000000 00000000 00000000 00000003 
11.06.2021 13:41:00.637  00004003 00000000 00000000 00000000 00004003 
11.06.2021 13:41:00.727  00000003 00000000 00000000 00000000 00000003 
11.06.2021 13:41:00.874  00004003 00000000 00004000 00000000 00000003 
11.06.2021 13:41:00.961  00000003 00000000 00004000 00000000 00000003 
11.06.2021 13:41:00.964  00000003 00000000 00000000 00000000 00000003 
11.06.2021 13:41:01.099  00004003 00000000 00000000 00000000 00004003 
11.06.2021 13:41:01.177  00000003 00000000 00000000 00000000 00000003 
11.06.2021 13:41:01.534  00004003 00004000 00000000 00000000 00000003 
11.06.2021 13:41:02.746  00004003 00000000 00000000 00000000 00000003 
11.06.2021 13:41:02.752  00000003 00000000 00000000 00000000 00000003 
11.06.2021 13:41:02.992  00004003 00000000 00000000 00004000 00000003 
11.06.2021 13:41:03.718  00000003 00000000 00000000 00000000 00000003 
11.06.2021 13:41:04.417  00002003 00000000 00000000 00002000 00000003 
11.06.2021 13:41:06.262  00000000 00000000 00000000 00000000 00000000 
11.06.2021 13:41:06.295  00000080 00000080 00000000 00000000 00000000 
11.06.2021 13:41:06.298  00002080 00000080 00000000 00002000 00000000 
11.06.2021 13:41:06.391  00002082 00000080 00000000 00002000 00000002 
11.06.2021 13:41:06.397  00002083 00000080 00000000 00002000 00000003 
11.06.2021 13:41:06.454  000020c3 00000080 00000000 00002040 00000003 
11.06.2021 13:41:06.475  00002083 00000080 00000000 00002000 00000003 
11.06.2021 13:41:06.484  00002083 00000000 00000000 00002000 00000003 
11.06.2021 13:41:06.490  00002003 00000000 00000000 00002000 00000003 
11.06.2021 13:41:06.550  00002000 00000000 00000000 00002000 00000002 
11.06.2021 13:41:06.553  00000000 00000000 00000000 00000000 00000000 
11.06.2021 13:41:06.703  00000001 00000000 00000000 00000000 00000001 
11.06.2021 13:41:06.793  00000000 00000000 00000000 00000000 00000000 
11.06.2021 13:41:06.925  00000002 00000000 00000000 00000000 00000002 
11.06.2021 13:41:07.009  00000000 00000000 00000000 00000000 00000000 
11.06.2021 13:41:07.102  00002000 00000000 00000000 00002000 00000000 
11.06.2021 13:41:07.135  00000000 00000000 00000000 00000000 00000000 
11.06.2021 14:22:20.734  00000080 00000080 00000000 00000000 00000000 
11.06.2021 14:22:20.737  00002080 00000080 00000000 00002000 00000000 
11.06.2021 14:22:20.803  00002082 00000080 00000000 00002000 00000002 
11.06.2021 14:22:20.818  00002083 00000080 00000000 00002000 00000003 
11.06.2021 14:22:21.832  00002083 00000000 00000000 00002000 00000003 
11.06.2021 14:22:21.838  00002003 00000000 00000000 00002000 00000003 
11.06.2021 14:22:34.648  00002803 00000000 00000000 00002800 00000003 
11.06.2021 14:22:57.871  00002883 00000080 00000000 00002800 00000003 
11.06.2021 14:22:57.886  00002083 00000080 00000000 00002000 00000003 
11.06.2021 14:22:58.972  00002083 00000000 00000000 00002000 00000003 
11.06.2021 14:22:58.978  00002003 00000000 00000000 00002000 00000003 
11.06.2021 14:22:58.981  00002803 00000000 00000000 00002800 00000003 
11.06.2021 14:23:11.383  00000800 00000000 00000000 00000800 00000000 
11.06.2021 14:23:11.572  00000000 00000000 00000000 00000800 00000000 
11.06.2021 14:23:11.575  00000000 00000000 00000000 00000000 00000000 
11.06.2021 14:23:29.548  00000080 00000080 00000000 00000000 00000000 
11.06.2021 14:23:29.551  00002080 00000080 00000000 00002000 00000000 
11.06.2021 15:25:38.858  000003b3 000000b0 00000200 00000000 00010103 
11.06.2021 15:25:39.017  000001b3 000000b0 00000000 00000000 00010103 
11.06.2021 15:25:39.029  000000b3 000000b0 00000000 00000000 00000003 
11.06.2021 15:25:57.648  000000b3 00000000 00000000 00000000 00000003 
11.06.2021 15:25:57.653  00000003 00000000 00000000 00000000 00000003 
11.06.2021 15:25:58.020  80000003 80000000 00000000 00000000 00000003 
11.06.2021 15:25:58.026  00000003 00000000 00000000 00000000 00000003 
11.06.2021 15:25:58.116  00000033 00000030 00000000 00000000 00000003 
11.06.2021 15:25:58.185  00000033 00000000 00000000 00000000 00000003 
11.06.2021 15:25:58.191  00000003 00000000 00000000 00000000 00000003 
11.06.2021 15:26:01.317  00000033 00000030 00000000 00000000 00000003 
11.06.2021 15:26:01.389  00000033 00000000 00000000 00000000 00000003 
11.06.2021 15:26:01.395  00000003 00000000 00000000 00000000 00000003 
11.06.2021 15:26:01.533  00000043 00000000 00000000 00000040 00000003 
11.06.2021 15:26:01.545  000000c3 00000080 00000000 00000040 00000003 
11.06.2021 15:26:01.548  000020c3 00000080 00000000 00002040 00000003 
11.06.2021 15:26:01.626  00002083 00000080 00000000 00002000 00000003 
11.06.2021 15:26:01.629  00002083 00000000 00000000 00002000 00000003 
11.06.2021 15:26:01.635  00002003 00000000 00000000 00002000 00000003 
11.06.2021 15:26:01.638  00000003 00000000 00000000 00000000 00000003 
11.06.2021 15:26:01.752  00000083 00000080 00000000 00000000 00000003 
11.06.2021 15:26:01.821  00000083 00000000 00000000 00000000 00000003 
11.06.2021 15:26:01.827  00000003 00000000 00000000 00000000 00000003 
11.06.2021 15:26:01.974  00000083 00000080 00000000 00000000 00000003 
11.06.2021 15:26:02.136  00000083 00000000 00000000 00000000 00000003 
11.06.2021 15:26:02.142  00000003 00000000 00000000 00000000 00000003 
11.06.2021 15:26:02.286  00000103 00000000 00000000 00000000 00000003 
11.06.2021 15:26:02.289  00000103 00000000 00000000 00000000 00010103 
11.06.2021 15:26:02.382  00000003 00000000 00000000 00000000 00000003 
11.06.2021 15:26:02.547  00000103 00000000 00000000 00000000 00010103 
11.06.2021 15:26:02.631  00000003 00000000 00000000 00000000 00000003 
11.06.2021 15:26:02.772  00000203 00000000 00000000 00000000 00000003 
11.06.2021 15:26:02.775  00000203 00000000 00000200 00000000 00000003 
11.06.2021 15:26:02.868  00000003 00000000 00000000 00000000 00000003 
11.06.2021 15:26:03.003  00000203 00000000 00000000 00000000 00000003 
11.06.2021 15:26:03.006  00000203 00000000 00000200 00000000 00000003 
11.06.2021 15:26:03.069  00000003 00000000 00000000 00000000 00000003 
11.06.2021 15:26:03.189  00001003 00001000 00000000 00000000 00000003 
11.06.2021 15:26:03.210  00001003 00000000 00000000 00000000 00000003 
11.06.2021 15:26:03.213  00000003 00000000 00000000 00000000 00000003 
11.06.2021 15:26:03.237  00001003 00001000 00000000 00000000 00000003 
11.06.2021 15:26:03.246  00001003 00000000 00000000 00000000 00000003 
11.06.2021 15:26:03.249  00000003 00000000 00000000 00000000 00000003 
11.06.2021 15:26:03.270  00001003 00001000 00000000 00000000 00000003 
11.06.2021 15:26:03.282  00001003 00000000 00000000 00000000 00000003 
11.06.2021 15:26:03.285  00000003 00000000 00000000 00000000 00000003 
11.06.2021 15:26:03.297  00001003 00001000 00000000 00000000 00000003 
11.06.2021 15:26:03.318  00001003 00000000 00000000 00000000 00000003 
11.06.2021 15:26:03.321  00000003 00000000 00000000 00000000 00000003 
11.06.2021 15:26:03.336  00001003 00001000 00000000 00000000 00000003 
11.06.2021 15:26:03.354  00001003 00000000 00000000 00000000 00000003 
11.06.2021 15:26:03.357  00000003 00000000 00000000 00000000 00000003 
11.06.2021 15:26:03.372  00001003 00001000 00000000 00000000 00000003 
11.06.2021 15:26:03.390  00001003 00000000 00000000 00000000 00000003 
11.06.2021 15:26:03.393  00000003 00000000 00000000 00000000 00000003 
11.06.2021 15:26:03.405  00001003 00001000 00000000 00000000 00000003 
11.06.2021 15:26:03.426  00001003 00000000 00000000 00000000 00000003 
11.06.2021 15:26:03.429  00000003 00000000 00000000 00000000 00000003 
11.06.2021 15:26:03.441  00001003 00001000 00000000 00000000 00000003 
11.06.2021 15:26:03.462  00001003 00000000 00000000 00000000 00000003 
11.06.2021 15:26:03.465  00000003 00000000 00000000 00000000 00000003 
11.06.2021 15:26:03.477  00001003 00001000 00000000 00000000 00000003 
11.06.2021 15:26:03.498  00001003 00000000 00000000 00000000 00000003 
11.06.2021 15:26:03.501  00000003 00000000 00000000 00000000 00000003 
11.06.2021 15:26:03.516  00001003 00001000 00000000 00000000 00000003 
11.06.2021 15:26:03.534  00001003 00000000 00000000 00000000 00000003 
11.06.2021 15:26:03.537  00000003 00000000 00000000 00000000 00000003 
11.06.2021 15:26:03.549  00001003 00001000 00000000 00000000 00000003 
11.06.2021 15:26:03.570  00001003 00000000 00000000 00000000 00000003 
11.06.2021 15:26:03.573  00000003 00000000 00000000 00000000 00000003 
11.06.2021 15:26:03.585  00001003 00001000 00000000 00000000 00000003 
11.06.2021 15:26:03.606  00001003 00000000 00000000 00000000 00000003 
11.06.2021 15:26:03.609  00000003 00000000 00000000 00000000 00000003 
11.06.2021 15:26:03.624  00001003 00001000 00000000 00000000 00000003 
11.06.2021 15:26:03.642  00001003 00000000 00000000 00000000 00000003 
11.06.2021 15:26:03.645  00000003 00000000 00000000 00000000 00000003 
11.06.2021 15:26:03.660  00001003 00001000 00000000 00000000 00000003 
11.06.2021 15:26:03.678  00001003 00000000 00000000 00000000 00000003 
11.06.2021 15:26:03.681  00000003 00000000 00000000 00000000 00000003 
11.06.2021 15:26:03.693  00001003 00001000 00000000 00000000 00000003 
11.06.2021 15:26:03.714  00001003 00000000 00000000 00000000 00000003 
11.06.2021 15:26:03.717  00000003 00000000 00000000 00000000 00000003 
11.06.2021 15:26:03.732  00001003 00001000 00000000 00000000 00000003 
11.06.2021 15:26:03.750  00001003 00000000 00000000 00000000 00000003 
11.06.2021 15:26:03.753  00000003 00000000 00000000 00000000 00000003 
11.06.2021 15:26:03.771  00001003 00001000 00000000 00000000 00000003 
11.06.2021 15:26:03.786  00001003 00000000 00000000 00000000 00000003 
11.06.2021 15:26:03.789  00000003 00000000 00000000 00000000 00000003 
11.06.2021 15:26:03.801  00001003 00001000 00000000 00000000 00000003 
11.06.2021 15:26:03.822  00001003 00000000 00000000 00000000 00000003 
11.06.2021 15:26:03.825  00000003 00000000 00000000 00000000 00000003 
11.06.2021 15:26:03.837  00001003 00001000 00000000 00000000 00000003 
11.06.2021 15:26:03.858  00001003 00000000 00000000 00000000 00000003 
11.06.2021 15:26:03.861  00000003 00000000 00000000 00000000 00000003 
11.06.2021 15:26:03.876  00001003 00001000 00000000 00000000 00000003 
11.06.2021 15:26:03.894  00001003 00000000 00000000 00000000 00000003 
11.06.2021 15:26:03.897  00000003 00000000 00000000 00000000 00000003 
11.06.2021 15:26:03.909  00001003 00001000 00000000 00000000 00000003 
11.06.2021 15:26:03.930  00001003 00000000 00000000 00000000 00000003 
11.06.2021 15:26:03.933  00000003 00000000 00000000 00000000 00000003 
11.06.2021 15:26:03.948  00001003 00001000 00000000 00000000 00000003 
11.06.2021 15:26:03.966  00001003 00000000 00000000 00000000 00000003 
11.06.2021 15:26:03.969  00000003 00000000 00000000 00000000 00000003 
11.06.2021 15:26:03.981  00001003 00001000 00000000 00000000 00000003 
11.06.2021 15:26:04.002  00001003 00000000 00000000 00000000 00000003 
11.06.2021 15:26:04.005  00000003 00000000 00000000 00000000 00000003 
11.06.2021 15:26:04.017  00001003 00001000 00000000 00000000 00000003 
11.06.2021 15:26:04.038  00001003 00000000 00000000 00000000 00000003 
11.06.2021 15:26:04.041  00000003 00000000 00000000 00000000 00000003 
11.06.2021 15:26:04.053  00001003 00001000 00000000 00000000 00000003 
11.06.2021 15:26:04.074  00001003 00000000 00000000 00000000 00000003 
11.06.2021 15:26:04.077  00000003 00000000 00000000 00000000 00000003 
11.06.2021 15:26:04.089  00001003 00001000 00000000 00000000 00000003 
11.06.2021 15:26:04.110  00001003 00000000 00000000 00000000 00000003 
11.06.2021 15:26:04.113  00000003 00000000 00000000 00000000 00000003 
11.06.2021 15:26:04.242  00001003 00000000 00000000 00000000 00000003 
11.06.2021 15:26:04.245  00001003 00000000 00001000 00000000 00000003 
11.06.2021 15:26:04.320  00000003 00000000 00001000 00000000 00000003 
11.06.2021 15:26:04.323  00000003 00000000 00000000 00000000 00000003 
11.06.2021 15:26:04.482  00001003 00000000 00000000 00001000 00000003 
11.06.2021 15:26:04.491  00000003 00000000 00000000 00001000 00000003 
11.06.2021 15:26:04.494  00001003 00000000 00000000 00001000 00000003 
11.06.2021 15:26:04.503  00000003 00000000 00000000 00001000 00000003 
11.06.2021 15:26:04.506  00001003 00000000 00000000 00001000 00000003 
11.06.2021 15:26:04.515  00000003 00000000 00000000 00001000 00000003 
11.06.2021 15:26:04.518  00001003 00000000 00000000 00001000 00000003 
11.06.2021 15:26:04.527  00000003 00000000 00000000 00001000 00000003 
11.06.2021 15:26:04.530  00001003 00000000 00000000 00001000 00000003 
11.06.2021 15:26:04.539  00000003 00000000 00000000 00001000 00000003 
11.06.2021 15:26:04.542  00001003 00000000 00000000 00000000 00000003 
11.06.2021 15:26:04.545  00001003 00000000 00000000 00001000 00000003 
11.06.2021 15:26:04.551  00000003 00000000 00000000 00001000 00000003 
11.06.2021 15:26:04.554  00001003 00000000 00000000 00000000 00000003 
11.06.2021 15:26:04.557  00001003 00000000 00000000 00001000 00000003 
11.06.2021 15:26:04.575  00000003 00000000 00000000 00000000 00000003 
11.06.2021 15:26:04.578  00001003 00000000 00000000 00001000 00000003 
11.06.2021 15:26:04.587  00000003 00000000 00000000 00000000 00000003 
11.06.2021 15:26:04.590  00001003 00000000 00000000 00001000 00000003 
11.06.2021 15:26:04.599  00000003 00000000 00000000 00000000 00000003 
11.06.2021 15:26:04.602  00001003 00000000 00000000 00001000 00000003 
11.06.2021 15:26:04.611  00000003 00000000 00000000 00000000 00000003 
11.06.2021 15:26:04.614  00001003 00000000 00000000 00001000 00000003 
11.06.2021 15:26:04.623  00000003 00000000 00000000 00000000 00000003 
11.06.2021 15:26:04.626  00001003 00000000 00000000 00000000 00000003 
11.06.2021 15:26:04.629  00001003 00000000 00000000 00001000 00000003 
11.06.2021 15:26:04.665  00000003 00000000 00000000 00001000 00000003 
11.06.2021 15:26:04.668  00000003 00000000 00000000 00000000 00000003 
11.06.2021 15:26:04.671  00001003 00000000 00000000 00000000 00000003 
11.06.2021 15:26:04.674  00001003 00000000 00000000 00001000 00000003 
11.06.2021 15:26:04.758  00000003 00000000 00000000 00000000 00000003 
11.06.2021 15:26:04.887  00001003 00000000 00000000 00000000 00001003 
11.06.2021 15:26:04.965  00000003 00000000 00000000 00000000 00000003 
11.06.2021 15:26:05.067  00000003 00000000 00400000 00000000 00000003 
11.06.2021 15:26:05.070  00000003 00000000 00000000 00000000 00000003 
11.06.2021 15:26:05.175  00000003 00000000 00000000 00400000 00000003 
11.06.2021 15:26:05.178  00000003 00000000 00000000 00000000 00000003 
11.06.2021 15:26:05.283  00000003 00000000 00000000 00000000 00400003 
11.06.2021 15:26:05.286  00000003 00000000 00000000 00000000 00000003 
11.06.2021 15:26:05.430  00000003 00000000 00000000 00000000 00800003 
11.06.2021 15:26:05.433  00000003 00000000 00000000 00000000 00000003 
11.06.2021 15:26:05.886  00001003 00000000 00001000 00000000 00000003 
11.06.2021 15:26:05.973  00000003 00000000 00001000 00000000 00000003 
11.06.2021 15:26:05.976  00000003 00000000 00000000 00000000 00000003 
11.06.2021 15:26:06.114  00001003 00000000 00000000 00000000 00001003 
11.06.2021 15:26:06.189  00000003 00000000 00000000 00000000 00000003 
11.06.2021 15:26:06.345  00001003 00000000 00001000 00000000 00000003 
11.06.2021 15:26:06.423  00000003 00000000 00001000 00000000 00000003 
11.06.2021 15:26:06.426  00000003 00000000 00000000 00000000 00000003 
11.06.2021 15:26:06.564  00001003 00000000 00000000 00000000 00001003 
11.06.2021 15:26:06.639  00000003 00000000 00000000 00000000 00000003 
11.06.2021 15:26:07.563  00000003 00000000 00800000 00000000 00000003 
11.06.2021 15:26:07.566  00000003 00000000 00000000 00000000 00000003 
11.06.2021 15:26:07.698  00000003 00000000 00000000 00800000 00000003 
11.06.2021 15:26:07.701  00000003 00000000 00000000 00000000 00000003 
11.06.2021 15:26:07.839  00004003 00000000 00004000 00000000 00000003 
11.06.2021 15:26:07.917  00000003 00000000 00004000 00000000 00000003 
11.06.2021 15:26:07.920  00000003 00000000 00000000 00000000 00000003 
11.06.2021 15:26:08.058  00004003 00000000 00000000 00000000 00004003 
11.06.2021 15:26:08.133  00000003 00000000 00000000 00000000 00000003 
11.06.2021 15:26:08.283  00004003 00000000 00004000 00000000 00000003 
11.06.2021 15:26:08.367  00000003 00000000 00004000 00000000 00000003 
11.06.2021 15:26:08.370  00000003 00000000 00000000 00000000 00000003 
11.06.2021 15:26:08.508  00004003 00000000 00000000 00000000 00004003 
11.06.2021 15:26:08.583  00000003 00000000 00000000 00000000 00000003 
11.06.2021 15:26:08.940  00004003 00004000 00000000 00000000 00000003 
11.06.2021 15:26:10.152  00004003 00000000 00000000 00000000 00000003 
11.06.2021 15:26:10.158  00000003 00000000 00000000 00000000 00000003 
11.06.2021 15:26:10.623  00004003 00000000 00000000 00004000 00000003 
11.06.2021 15:26:11.259  00000003 00000000 00000000 00000000 00000003 
11.06.2021 15:26:11.811  00002003 00000000 00000000 00002000 00000003 
11.06.2021 15:26:38.331  00000000 00000000 00000000 00000000 00000000 
11.06.2021 15:26:38.370  00000080 00000080 00000000 00000000 00000000 
11.06.2021 15:26:38.373  00002080 00000080 00000000 00002000 00000000 
11.06.2021 15:26:38.466  00002082 00000080 00000000 00002000 00000002 
11.06.2021 15:26:38.472  00002083 00000080 00000000 00002000 00000003 
11.06.2021 15:26:38.529  000020c3 00000080 00000000 00002040 00000003 
11.06.2021 15:26:38.553  00002083 00000080 00000000 00002000 00000003 
11.06.2021 15:26:38.559  00002083 00000000 00000000 00002000 00000003 
11.06.2021 15:26:38.565  00002003 00000000 00000000 00002000 00000003 
11.06.2021 15:26:38.619  00002002 00000000 00000000 00002000 00000003 
11.06.2021 15:26:38.622  00000000 00000000 00000000 00000000 00000000 
11.06.2021 15:26:38.766  00000001 00000000 00000000 00000000 00000001 
11.06.2021 15:26:38.841  00000000 00000000 00000000 00000000 00000000 
11.06.2021 15:26:38.976  00000002 00000000 00000000 00000000 00000002 
11.06.2021 15:26:39.057  00000000 00000000 00000000 00000000 00000000 
11.06.2021 15:26:39.153  00002000 00000000 00000000 00002000 00000000 
11.06.2021 15:26:39.186  00000000 00000000 00000000 00000000 00000000 
11.06.2021 15:44:16.026  000003b3 000000b0 00000200 00000000 00010103 
11.06.2021 15:44:16.182  000001b3 000000b0 00000000 00000000 00010103 
11.06.2021 15:44:16.194  000000b3 000000b0 00000000 00000000 00000003 
11.06.2021 15:44:33.778  000000b3 00000000 00000000 00000000 00000003 
11.06.2021 15:44:33.784  00000003 00000000 00000000 00000000 00000003 
11.06.2021 15:44:34.138  80000003 80000000 00000000 00000000 00000003 
11.06.2021 15:44:34.144  00000003 00000000 00000000 00000000 00000003 
11.06.2021 15:44:34.234  00000033 00000030 00000000 00000000 00000003 
11.06.2021 15:44:34.300  00000033 00000000 00000000 00000000 00000003 
11.06.2021 15:44:34.306  00000003 00000000 00000000 00000000 00000003 
11.06.2021 15:44:37.432  00000033 00000030 00000000 00000000 00000003 
11.06.2021 15:44:37.504  00000033 00000000 00000000 00000000 00000003 
11.06.2021 15:44:37.510  00000003 00000000 00000000 00000000 00000003 
11.06.2021 15:44:37.651  00000043 00000000 00000000 00000040 00000003 
11.06.2021 15:44:37.663  000000c3 00000080 00000000 00000040 00000003 
11.06.2021 15:44:37.666  000020c3 00000080 00000000 00002040 00000003 
11.06.2021 15:44:37.744  00002083 00000080 00000000 00002000 00000003 
11.06.2021 15:44:37.747  00002083 00000000 00000000 00002000 00000003 
11.06.2021 15:44:37.753  00002003 00000000 00000000 00002000 00000003 
11.06.2021 15:44:37.756  00000003 00000000 00000000 00000000 00000003 
11.06.2021 15:44:37.870  00000083 00000080 00000000 00000000 00000003 
11.06.2021 15:44:37.936  00000083 00000000 00000000 00000000 00000003 
11.06.2021 15:44:37.942  00000003 00000000 00000000 00000000 00000003 
11.06.2021 15:44:38.080  00000083 00000080 00000000 00000000 00000003 
11.06.2021 15:44:38.254  00000083 00000000 00000000 00000000 00000003 
11.06.2021 15:44:38.260  00000003 00000000 00000000 00000000 00000003 
11.06.2021 15:44:38.404  00000103 00000000 00000000 00000000 00000003 
11.06.2021 15:44:38.407  00000103 00000000 00000000 00000000 00010103 
11.06.2021 15:44:38.497  00000003 00000000 00000000 00000000 00000003 
11.06.2021 15:44:38.662  00000103 00000000 00000000 00000000 00010103 
11.06.2021 15:44:38.746  00000003 00000000 00000000 00000000 00000003 
11.06.2021 15:44:38.887  00000203 00000000 00000000 00000000 00000003 
11.06.2021 15:44:38.890  00000203 00000000 00000200 00000000 00000003 
11.06.2021 15:44:38.983  00000003 00000000 00000000 00000000 00000003 
11.06.2021 15:44:39.118  00000203 00000000 00000000 00000000 00000003 
11.06.2021 15:44:39.121  00000203 00000000 00000200 00000000 00000003 
11.06.2021 15:44:39.181  00000003 00000000 00000000 00000000 00000003 
11.06.2021 15:44:39.307  00001003 00001000 00000000 00000000 00000003 
11.06.2021 15:44:39.325  00001003 00000000 00000000 00000000 00000003 
11.06.2021 15:44:39.328  00000003 00000000 00000000 00000000 00000003 
11.06.2021 15:44:39.352  00001003 00001000 00000000 00000000 00000003 
11.06.2021 15:44:39.361  00001003 00000000 00000000 00000000 00000003 
11.06.2021 15:44:39.364  00000003 00000000 00000000 00000000 00000003 
11.06.2021 15:44:39.385  00001003 00001000 00000000 00000000 00000003 
11.06.2021 15:44:39.397  00001003 00000000 00000000 00000000 00000003 
11.06.2021 15:44:39.400  00000003 00000000 00000000 00000000 00000003 
11.06.2021 15:44:39.412  00001003 00001000 00000000 00000000 00000003 
11.06.2021 15:44:39.433  00001003 00000000 00000000 00000000 00000003 
11.06.2021 15:44:39.436  00000003 00000000 00000000 00000000 00000003 
11.06.2021 15:44:39.451  00001003 00001000 00000000 00000000 00000003 
11.06.2021 15:44:39.469  00001003 00000000 00000000 00000000 00000003 
11.06.2021 15:44:39.472  00000003 00000000 00000000 00000000 00000003 
11.06.2021 15:44:39.487  00001003 00001000 00000000 00000000 00000003 
11.06.2021 15:44:39.505  00001003 00000000 00000000 00000000 00000003 
11.06.2021 15:44:39.508  00000003 00000000 00000000 00000000 00000003 
11.06.2021 15:44:39.520  00001003 00001000 00000000 00000000 00000003 
11.06.2021 15:44:39.541  00001003 00000000 00000000 00000000 00000003 
11.06.2021 15:44:39.544  00000003 00000000 00000000 00000000 00000003 
11.06.2021 15:44:39.559  00001003 00001000 00000000 00000000 00000003 
11.06.2021 15:44:39.577  00001003 00000000 00000000 00000000 00000003 
11.06.2021 15:44:39.580  00000003 00000000 00000000 00000000 00000003 
11.06.2021 15:44:39.592  00001003 00001000 00000000 00000000 00000003 
11.06.2021 15:44:39.613  00001003 00000000 00000000 00000000 00000003 
11.06.2021 15:44:39.616  00000003 00000000 00000000 00000000 00000003 
11.06.2021 15:44:39.631  00001003 00001000 00000000 00000000 00000003 
11.06.2021 15:44:39.649  00001003 00000000 00000000 00000000 00000003 
11.06.2021 15:44:39.652  00000003 00000000 00000000 00000000 00000003 
11.06.2021 15:44:39.667  00001003 00001000 00000000 00000000 00000003 
11.06.2021 15:44:39.685  00001003 00000000 00000000 00000000 00000003 
11.06.2021 15:44:39.688  00000003 00000000 00000000 00000000 00000003 
11.06.2021 15:44:39.700  00001003 00001000 00000000 00000000 00000003 
11.06.2021 15:44:39.721  00001003 00000000 00000000 00000000 00000003 
11.06.2021 15:44:39.724  00000003 00000000 00000000 00000000 00000003 
11.06.2021 15:44:39.739  00001003 00001000 00000000 00000000 00000003 
11.06.2021 15:44:39.757  00001003 00000000 00000000 00000000 00000003 
11.06.2021 15:44:39.760  00000003 00000000 00000000 00000000 00000003 
11.06.2021 15:44:39.775  00001003 00001000 00000000 00000000 00000003 
11.06.2021 15:44:39.793  00001003 00000000 00000000 00000000 00000003 
11.06.2021 15:44:39.796  00000003 00000000 00000000 00000000 00000003 
11.06.2021 15:44:39.808  00001003 00001000 00000000 00000000 00000003 
11.06.2021 15:44:39.829  00001003 00000000 00000000 00000000 00000003 
11.06.2021 15:44:39.832  00000003 00000000 00000000 00000000 00000003 
11.06.2021 15:44:39.847  00001003 00001000 00000000 00000000 00000003 
11.06.2021 15:44:39.865  00001003 00000000 00000000 00000000 00000003 
11.06.2021 15:44:39.868  00000003 00000000 00000000 00000000 00000003 
11.06.2021 15:44:39.883  00001003 00001000 00000000 00000000 00000003 
11.06.2021 15:44:39.901  00001003 00000000 00000000 00000000 00000003 
11.06.2021 15:44:39.904  00000003 00000000 00000000 00000000 00000003 
11.06.2021 15:44:39.916  00001003 00001000 00000000 00000000 00000003 
11.06.2021 15:44:39.937  00001003 00000000 00000000 00000000 00000003 
11.06.2021 15:44:39.940  00000003 00000000 00000000 00000000 00000003 
11.06.2021 15:44:39.955  00001003 00001000 00000000 00000000 00000003 
11.06.2021 15:44:39.973  00001003 00000000 00000000 00000000 00000003 
11.06.2021 15:44:39.976  00000003 00000000 00000000 00000000 00000003 
11.06.2021 15:44:39.991  00001003 00001000 00000000 00000000 00000003 
11.06.2021 15:44:40.009  00001003 00000000 00000000 00000000 00000003 
11.06.2021 15:44:40.012  00000003 00000000 00000000 00000000 00000003 
11.06.2021 15:44:40.024  00001003 00001000 00000000 00000000 00000003 
11.06.2021 15:44:40.045  00001003 00000000 00000000 00000000 00000003 
11.06.2021 15:44:40.048  00000003 00000000 00000000 00000000 00000003 
11.06.2021 15:44:40.063  00001003 00001000 00000000 00000000 00000003 
11.06.2021 15:44:40.081  00001003 00000000 00000000 00000000 00000003 
11.06.2021 15:44:40.084  00000003 00000000 00000000 00000000 00000003 
11.06.2021 15:44:40.096  00001003 00001000 00000000 00000000 00000003 
11.06.2021 15:44:40.117  00001003 00000000 00000000 00000000 00000003 
11.06.2021 15:44:40.120  00000003 00000000 00000000 00000000 00000003 
11.06.2021 15:44:40.132  00001003 00001000 00000000 00000000 00000003 
11.06.2021 15:44:40.153  00001003 00000000 00000000 00000000 00000003 
11.06.2021 15:44:40.156  00000003 00000000 00000000 00000000 00000003 
11.06.2021 15:44:40.168  00001003 00001000 00000000 00000000 00000003 
11.06.2021 15:44:40.189  00001003 00000000 00000000 00000000 00000003 
11.06.2021 15:44:40.192  00000003 00000000 00000000 00000000 00000003 
11.06.2021 15:44:40.204  00001003 00001000 00000000 00000000 00000003 
11.06.2021 15:44:40.225  00001003 00000000 00000000 00000000 00000003 
11.06.2021 15:44:40.228  00000003 00000000 00000000 00000000 00000003 
11.06.2021 15:44:40.360  00001003 00000000 00001000 00000000 00000003 
11.06.2021 15:44:40.435  00000003 00000000 00000000 00000000 00000003 
11.06.2021 15:44:40.570  00001003 00000000 00000000 00001000 00000003 
11.06.2021 15:44:40.579  00000003 00000000 00000000 00001000 00000003 
11.06.2021 15:44:40.582  00001003 00000000 00000000 00001000 00000003 
11.06.2021 15:44:40.591  00000003 00000000 00000000 00001000 00000003 
11.06.2021 15:44:40.594  00001003 00000000 00000000 00001000 00000003 
11.06.2021 15:44:40.603  00000003 00000000 00000000 00001000 00000003 
11.06.2021 15:44:40.606  00001003 00000000 00000000 00001000 00000003 
11.06.2021 15:44:40.615  00000003 00000000 00000000 00001000 00000003 
11.06.2021 15:44:40.618  00001003 00000000 00000000 00001000 00000003 
11.06.2021 15:44:40.627  00000003 00000000 00000000 00001000 00000003 
11.06.2021 15:44:40.630  00001003 00000000 00000000 00001000 00000003 
11.06.2021 15:44:40.639  00000003 00000000 00000000 00001000 00000003 
11.06.2021 15:44:40.642  00001003 00000000 00000000 00000000 00000003 
11.06.2021 15:44:40.645  00001003 00000000 00000000 00001000 00000003 
11.06.2021 15:44:40.663  00000003 00000000 00000000 00000000 00000003 
11.06.2021 15:44:40.666  00001003 00000000 00000000 00001000 00000003 
11.06.2021 15:44:40.675  00000003 00000000 00000000 00000000 00000003 
11.06.2021 15:44:40.678  00001003 00000000 00000000 00001000 00000003 
11.06.2021 15:44:40.687  00000003 00000000 00000000 00000000 00000003 
11.06.2021 15:44:40.690  00001003 00000000 00000000 00001000 00000003 
11.06.2021 15:44:40.699  00000003 00000000 00000000 00000000 00000003 
11.06.2021 15:44:40.702  00001003 00000000 00000000 00001000 00000003 
11.06.2021 15:44:40.711  00000003 00000000 00000000 00000000 00000003 
11.06.2021 15:44:40.714  00001003 00000000 00000000 00000000 00000003 
11.06.2021 15:44:40.717  00001003 00000000 00000000 00001000 00000003 
11.06.2021 15:44:40.753  00000003 00000000 00000000 00001000 00000003 
11.06.2021 15:44:40.756  00000003 00000000 00000000 00000000 00000003 
11.06.2021 15:44:40.759  00001003 00000000 00000000 00001000 00000003 
11.06.2021 15:44:40.846  00000003 00000000 00000000 00000000 00000003 
11.06.2021 15:44:40.972  00001003 00000000 00000000 00000000 00001003 
11.06.2021 15:44:41.044  00000003 00000000 00000000 00000000 00000003 
11.06.2021 15:44:41.146  00000003 00000000 00400000 00000000 00000003 
11.06.2021 15:44:41.149  00000003 00000000 00000000 00000000 00000003 
11.06.2021 15:44:41.254  00000003 00000000 00000000 00400000 00000003 
11.06.2021 15:44:41.257  00000003 00000000 00000000 00000000 00000003 
11.06.2021 15:44:41.371  00000003 00000000 00000000 00000000 00400003 
11.06.2021 15:44:41.374  00000003 00000000 00000000 00000000 00000003 
11.06.2021 15:44:41.518  00000003 00000000 00000000 00000000 00800003 
11.06.2021 15:44:41.521  00000003 00000000 00000000 00000000 00000003 
11.06.2021 15:44:41.881  00001003 00000000 00001000 00000000 00000003 
11.06.2021 15:44:41.962  00000003 00000000 00001000 00000000 00000003 
11.06.2021 15:44:41.965  00000003 00000000 00000000 00000000 00000003 
11.06.2021 15:44:42.103  00001003 00000000 00000000 00000000 00001003 
11.06.2021 15:44:42.178  00000003 00000000 00000000 00000000 00000003 
11.06.2021 15:44:42.331  00001003 00000000 00001000 00000000 00000003 
11.06.2021 15:44:42.412  00000003 00000000 00001000 00000000 00000003 
11.06.2021 15:44:42.415  00000003 00000000 00000000 00000000 00000003 
11.06.2021 15:44:42.553  00001003 00000000 00000000 00000000 00001003 
11.06.2021 15:44:42.628  00000003 00000000 00000000 00000000 00000003 
11.06.2021 15:44:43.711  00000003 00000000 00800000 00000000 00000003 
11.06.2021 15:44:43.714  00000003 00000000 00000000 00000000 00000003 
11.06.2021 15:44:43.846  00000003 00000000 00000000 00800000 00000003 
11.06.2021 15:44:43.849  00000003 00000000 00000000 00000000 00000003 
11.06.2021 15:44:43.987  00004003 00000000 00004000 00000000 00000003 
11.06.2021 15:44:44.068  00000003 00000000 00004000 00000000 00000003 
11.06.2021 15:44:44.071  00000003 00000000 00000000 00000000 00000003 
11.06.2021 15:44:44.209  00004003 00000000 00000000 00000000 00004003 
11.06.2021 15:44:44.284  00000003 00000000 00000000 00000000 00000003 
11.06.2021 15:44:44.434  00004003 00000000 00004000 00000000 00000003 
11.06.2021 15:44:44.518  00000003 00000000 00004000 00000000 00000003 
11.06.2021 15:44:44.521  00000003 00000000 00000000 00000000 00000003 
11.06.2021 15:44:44.659  00004003 00000000 00000000 00000000 00004003 
11.06.2021 15:44:44.734  00000003 00000000 00000000 00000000 00000003 
11.06.2021 15:44:45.070  00004003 00004000 00000000 00000000 00000003 
11.06.2021 15:44:46.285  00004003 00000000 00000000 00000000 00000003 
11.06.2021 15:44:46.291  00000003 00000000 00000000 00000000 00000003 
11.06.2021 15:44:46.570  00004003 00000000 00000000 00004000 00000003 
11.06.2021 15:44:47.287  00000003 00000000 00000000 00000000 00000003 
11.06.2021 15:44:47.836  00002003 00000000 00000000 00002000 00000003 
11.06.2021 15:44:49.678  00000000 00000000 00000000 00000000 00000000 
11.06.2021 15:44:49.714  00000080 00000080 00000000 00000000 00000000 
11.06.2021 15:44:49.717  00002080 00000080 00000000 00002000 00000000 
11.06.2021 15:44:49.810  00002082 00000080 00000000 00002000 00000002 
11.06.2021 15:44:49.816  00002083 00000080 00000000 00002000 00000003 
11.06.2021 15:44:49.873  000020c3 00000080 00000000 00002040 00000003 
11.06.2021 15:44:49.897  00002083 00000080 00000000 00002000 00000003 
11.06.2021 15:44:49.906  00002083 00000000 00000000 00002000 00000003 
11.06.2021 15:44:49.912  00002003 00000000 00000000 00002000 00000003 
11.06.2021 15:44:49.966  00002000 00000000 00000000 00002000 00000003 
11.06.2021 15:44:49.969  00000000 00000000 00000000 00000000 00000000 
11.06.2021 15:44:50.119  00000001 00000000 00000000 00000000 00000001 
11.06.2021 15:44:50.206  00000000 00000000 00000000 00000000 00000000 
11.06.2021 15:44:50.341  00000002 00000000 00000000 00000000 00000002 
11.06.2021 15:44:50.422  00000000 00000000 00000000 00000000 00000000 
11.06.2021 15:44:50.521  00002000 00000000 00000000 00002000 00000000 
11.06.2021 15:44:50.554  00000000 00000000 00000000 00000000 00000000 

Servicedata V1.0 PLC:\DEBUG\S_State.service.trace created 11.06.2021 16:08:36 (local time)
hostname: hu, Software: 606421 04, built: 08.10.2014 08:59
-------------------------------------------------------------------------------------------
                    ms   global   master   device1
11.06.2021 15:26:04.077  00000003 00000000 00000000 00000000 00000003 
11.06.2021 15:26:04.089  00001003 00001000 00000000 00000000 00000003 
11.06.2021 15:26:04.110  00001003 00000000 00000000 00000000 00000003 
11.06.2021 15:26:04.113  00000003 00000000 00000000 00000000 00000003 
11.06.2021 15:26:04.242  00001003 00000000 00000000 00000000 00000003 
11.06.2021 15:26:04.245  00001003 00000000 00001000 00000000 00000003 
11.06.2021 15:26:04.320  00000003 00000000 00001000 00000000 00000003 
11.06.2021 15:26:04.323  00000003 00000000 00000000 00000000 00000003 
11.06.2021 15:26:04.482  00001003 00000000 00000000 00001000 00000003 
11.06.2021 15:26:04.491  00000003 00000000 00000000 00001000 00000003 
11.06.2021 15:26:04.494  00001003 00000000 00000000 00001000 00000003 
11.06.2021 15:26:04.503  00000003 00000000 00000000 00001000 00000003 
11.06.2021 15:26:04.506  00001003 00000000 00000000 00001000 00000003 
11.06.2021 15:26:04.515  00000003 00000000 00000000 00001000 00000003 
11.06.2021 15:26:04.518  00001003 00000000 00000000 00001000 00000003 
11.06.2021 15:26:04.527  00000003 00000000 00000000 00001000 00000003 
11.06.2021 15:26:04.530  00001003 00000000 00000000 00001000 00000003 
11.06.2021 15:26:04.539  00000003 00000000 00000000 00001000 00000003 
11.06.2021 15:26:04.542  00001003 00000000 00000000 00000000 00000003 
11.06.2021 15:26:04.545  00001003 00000000 00000000 00001000 00000003 
11.06.2021 15:26:04.551  00000003 00000000 00000000 00001000 00000003 
11.06.2021 15:26:04.554  00001003 00000000 00000000 00000000 00000003 
11.06.2021 15:26:04.557  00001003 00000000 00000000 00001000 00000003 
11.06.2021 15:26:04.575  00000003 00000000 00000000 00000000 00000003 
11.06.2021 15:26:04.578  00001003 00000000 00000000 00001000 00000003 
11.06.2021 15:26:04.587  00000003 00000000 00000000 00000000 00000003 
11.06.2021 15:26:04.590  00001003 00000000 00000000 00001000 00000003 
11.06.2021 15:26:04.599  00000003 00000000 00000000 00000000 00000003 
11.06.2021 15:26:04.602  00001003 00000000 00000000 00001000 00000003 
11.06.2021 15:26:04.611  00000003 00000000 00000000 00000000 00000003 
11.06.2021 15:26:04.614  00001003 00000000 00000000 00001000 00000003 
11.06.2021 15:26:04.623  00000003 00000000 00000000 00000000 00000003 
11.06.2021 15:26:04.626  00001003 00000000 00000000 00000000 00000003 
11.06.2021 15:26:04.629  00001003 00000000 00000000 00001000 00000003 
11.06.2021 15:26:04.665  00000003 00000000 00000000 00001000 00000003 
11.06.2021 15:26:04.668  00000003 00000000 00000000 00000000 00000003 
11.06.2021 15:26:04.671  00001003 00000000 00000000 00000000 00000003 
11.06.2021 15:26:04.674  00001003 00000000 00000000 00001000 00000003 
11.06.2021 15:26:04.758  00000003 00000000 00000000 00000000 00000003 
11.06.2021 15:26:04.887  00001003 00000000 00000000 00000000 00001003 
11.06.2021 15:26:04.965  00000003 00000000 00000000 00000000 00000003 
11.06.2021 15:26:05.067  00000003 00000000 00400000 00000000 00000003 
11.06.2021 15:26:05.070  00000003 00000000 00000000 00000000 00000003 
11.06.2021 15:26:05.175  00000003 00000000 00000000 00400000 00000003 
11.06.2021 15:26:05.178  00000003 00000000 00000000 00000000 00000003 
11.06.2021 15:26:05.283  00000003 00000000 00000000 00000000 00400003 
11.06.2021 15:26:05.286  00000003 00000000 00000000 00000000 00000003 
11.06.2021 15:26:05.430  00000003 00000000 00000000 00000000 00800003 
11.06.2021 15:26:05.433  00000003 00000000 00000000 00000000 00000003 
11.06.2021 15:26:05.886  00001003 00000000 00001000 00000000 00000003 
11.06.2021 15:26:05.973  00000003 00000000 00001000 00000000 00000003 
11.06.2021 15:26:05.976  00000003 00000000 00000000 00000000 00000003 
11.06.2021 15:26:06.114  00001003 00000000 00000000 00000000 00001003 
11.06.2021 15:26:06.189  00000003 00000000 00000000 00000000 00000003 
11.06.2021 15:26:06.345  00001003 00000000 00001000 00000000 00000003 
11.06.2021 15:26:06.423  00000003 00000000 00001000 00000000 00000003 
11.06.2021 15:26:06.426  00000003 00000000 00000000 00000000 00000003 
11.06.2021 15:26:06.564  00001003 00000000 00000000 00000000 00001003 
11.06.2021 15:26:06.639  00000003 00000000 00000000 00000000 00000003 
11.06.2021 15:26:07.563  00000003 00000000 00800000 00000000 00000003 
11.06.2021 15:26:07.566  00000003 00000000 00000000 00000000 00000003 
11.06.2021 15:26:07.698  00000003 00000000 00000000 00800000 00000003 
11.06.2021 15:26:07.701  00000003 00000000 00000000 00000000 00000003 
11.06.2021 15:26:07.839  00004003 00000000 00004000 00000000 00000003 
11.06.2021 15:26:07.917  00000003 00000000 00004000 00000000 00000003 
11.06.2021 15:26:07.920  00000003 00000000 00000000 00000000 00000003 
11.06.2021 15:26:08.058  00004003 00000000 00000000 00000000 00004003 
11.06.2021 15:26:08.133  00000003 00000000 00000000 00000000 00000003 
11.06.2021 15:26:08.283  00004003 00000000 00004000 00000000 00000003 
11.06.2021 15:26:08.367  00000003 00000000 00004000 00000000 00000003 
11.06.2021 15:26:08.370  00000003 00000000 00000000 00000000 00000003 
11.06.2021 15:26:08.508  00004003 00000000 00000000 00000000 00004003 
11.06.2021 15:26:08.583  00000003 00000000 00000000 00000000 00000003 
11.06.2021 15:26:08.940  00004003 00004000 00000000 00000000 00000003 
11.06.2021 15:26:10.152  00004003 00000000 00000000 00000000 00000003 
11.06.2021 15:26:10.158  00000003 00000000 00000000 00000000 00000003 
11.06.2021 15:26:10.623  00004003 00000000 00000000 00004000 00000003 
11.06.2021 15:26:11.259  00000003 00000000 00000000 00000000 00000003 
11.06.2021 15:26:11.811  00002003 00000000 00000000 00002000 00000003 
11.06.2021 15:26:38.331  00000000 00000000 00000000 00000000 00000000 
11.06.2021 15:26:38.370  00000080 00000080 00000000 00000000 00000000 
11.06.2021 15:26:38.373  00002080 00000080 00000000 00002000 00000000 
11.06.2021 15:26:38.466  00002082 00000080 00000000 00002000 00000002 
11.06.2021 15:26:38.472  00002083 00000080 00000000 00002000 00000003 
11.06.2021 15:26:38.529  000020c3 00000080 00000000 00002040 00000003 
11.06.2021 15:26:38.553  00002083 00000080 00000000 00002000 00000003 
11.06.2021 15:26:38.559  00002083 00000000 00000000 00002000 00000003 
11.06.2021 15:26:38.565  00002003 00000000 00000000 00002000 00000003 
11.06.2021 15:26:38.619  00002002 00000000 00000000 00002000 00000003 
11.06.2021 15:26:38.622  00000000 00000000 00000000 00000000 00000000 
11.06.2021 15:26:38.766  00000001 00000000 00000000 00000000 00000001 
11.06.2021 15:26:38.841  00000000 00000000 00000000 00000000 00000000 
11.06.2021 15:26:38.976  00000002 00000000 00000000 00000000 00000002 
11.06.2021 15:26:39.057  00000000 00000000 00000000 00000000 00000000 
11.06.2021 15:26:39.153  00002000 00000000 00000000 00002000 00000000 
11.06.2021 15:26:39.186  00000000 00000000 00000000 00000000 00000000 
11.06.2021 15:44:16.026  000003b3 000000b0 00000200 00000000 00010103 
11.06.2021 15:44:16.182  000001b3 000000b0 00000000 00000000 00010103 
11.06.2021 15:44:16.194  000000b3 000000b0 00000000 00000000 00000003 
11.06.2021 15:44:33.778  000000b3 00000000 00000000 00000000 00000003 
11.06.2021 15:44:33.784  00000003 00000000 00000000 00000000 00000003 
11.06.2021 15:44:34.138  80000003 80000000 00000000 00000000 00000003 
11.06.2021 15:44:34.144  00000003 00000000 00000000 00000000 00000003 
11.06.2021 15:44:34.234  00000033 00000030 00000000 00000000 00000003 
11.06.2021 15:44:34.300  00000033 00000000 00000000 00000000 00000003 
11.06.2021 15:44:34.306  00000003 00000000 00000000 00000000 00000003 
11.06.2021 15:44:37.432  00000033 00000030 00000000 00000000 00000003 
11.06.2021 15:44:37.504  00000033 00000000 00000000 00000000 00000003 
11.06.2021 15:44:37.510  00000003 00000000 00000000 00000000 00000003 
11.06.2021 15:44:37.651  00000043 00000000 00000000 00000040 00000003 
11.06.2021 15:44:37.663  000000c3 00000080 00000000 00000040 00000003 
11.06.2021 15:44:37.666  000020c3 00000080 00000000 00002040 00000003 
11.06.2021 15:44:37.744  00002083 00000080 00000000 00002000 00000003 
11.06.2021 15:44:37.747  00002083 00000000 00000000 00002000 00000003 
11.06.2021 15:44:37.753  00002003 00000000 00000000 00002000 00000003 
11.06.2021 15:44:37.756  00000003 00000000 00000000 00000000 00000003 
11.06.2021 15:44:37.870  00000083 00000080 00000000 00000000 00000003 
11.06.2021 15:44:37.936  00000083 00000000 00000000 00000000 00000003 
11.06.2021 15:44:37.942  00000003 00000000 00000000 00000000 00000003 
11.06.2021 15:44:38.080  00000083 00000080 00000000 00000000 00000003 
11.06.2021 15:44:38.254  00000083 00000000 00000000 00000000 00000003 
11.06.2021 15:44:38.260  00000003 00000000 00000000 00000000 00000003 
11.06.2021 15:44:38.404  00000103 00000000 00000000 00000000 00000003 
11.06.2021 15:44:38.407  00000103 00000000 00000000 00000000 00010103 
11.06.2021 15:44:38.497  00000003 00000000 00000000 00000000 00000003 
11.06.2021 15:44:38.662  00000103 00000000 00000000 00000000 00010103 
11.06.2021 15:44:38.746  00000003 00000000 00000000 00000000 00000003 
11.06.2021 15:44:38.887  00000203 00000000 00000000 00000000 00000003 
11.06.2021 15:44:38.890  00000203 00000000 00000200 00000000 00000003 
11.06.2021 15:44:38.983  00000003 00000000 00000000 00000000 00000003 
11.06.2021 15:44:39.118  00000203 00000000 00000000 00000000 00000003 
11.06.2021 15:44:39.121  00000203 00000000 00000200 00000000 00000003 
11.06.2021 15:44:39.181  00000003 00000000 00000000 00000000 00000003 
11.06.2021 15:44:39.307  00001003 00001000 00000000 00000000 00000003 
11.06.2021 15:44:39.325  00001003 00000000 00000000 00000000 00000003 
11.06.2021 15:44:39.328  00000003 00000000 00000000 00000000 00000003 
11.06.2021 15:44:39.352  00001003 00001000 00000000 00000000 00000003 
11.06.2021 15:44:39.361  00001003 00000000 00000000 00000000 00000003 
11.06.2021 15:44:39.364  00000003 00000000 00000000 00000000 00000003 
11.06.2021 15:44:39.385  00001003 00001000 00000000 00000000 00000003 
11.06.2021 15:44:39.397  00001003 00000000 00000000 00000000 00000003 
11.06.2021 15:44:39.400  00000003 00000000 00000000 00000000 00000003 
11.06.2021 15:44:39.412  00001003 00001000 00000000 00000000 00000003 
11.06.2021 15:44:39.433  00001003 00000000 00000000 00000000 00000003 
11.06.2021 15:44:39.436  00000003 00000000 00000000 00000000 00000003 
11.06.2021 15:44:39.451  00001003 00001000 00000000 00000000 00000003 
11.06.2021 15:44:39.469  00001003 00000000 00000000 00000000 00000003 
11.06.2021 15:44:39.472  00000003 00000000 00000000 00000000 00000003 
11.06.2021 15:44:39.487  00001003 00001000 00000000 00000000 00000003 
11.06.2021 15:44:39.505  00001003 00000000 00000000 00000000 00000003 
11.06.2021 15:44:39.508  00000003 00000000 00000000 00000000 00000003 
11.06.2021 15:44:39.520  00001003 00001000 00000000 00000000 00000003 
11.06.2021 15:44:39.541  00001003 00000000 00000000 00000000 00000003 
11.06.2021 15:44:39.544  00000003 00000000 00000000 00000000 00000003 
11.06.2021 15:44:39.559  00001003 00001000 00000000 00000000 00000003 
11.06.2021 15:44:39.577  00001003 00000000 00000000 00000000 00000003 
11.06.2021 15:44:39.580  00000003 00000000 00000000 00000000 00000003 
11.06.2021 15:44:39.592  00001003 00001000 00000000 00000000 00000003 
11.06.2021 15:44:39.613  00001003 00000000 00000000 00000000 00000003 
11.06.2021 15:44:39.616  00000003 00000000 00000000 00000000 00000003 
11.06.2021 15:44:39.631  00001003 00001000 00000000 00000000 00000003 
11.06.2021 15:44:39.649  00001003 00000000 00000000 00000000 00000003 
11.06.2021 15:44:39.652  00000003 00000000 00000000 00000000 00000003 
11.06.2021 15:44:39.667  00001003 00001000 00000000 00000000 00000003 
11.06.2021 15:44:39.685  00001003 00000000 00000000 00000000 00000003 
11.06.2021 15:44:39.688  00000003 00000000 00000000 00000000 00000003 
11.06.2021 15:44:39.700  00001003 00001000 00000000 00000000 00000003 
11.06.2021 15:44:39.721  00001003 00000000 00000000 00000000 00000003 
11.06.2021 15:44:39.724  00000003 00000000 00000000 00000000 00000003 
11.06.2021 15:44:39.739  00001003 00001000 00000000 00000000 00000003 
11.06.2021 15:44:39.757  00001003 00000000 00000000 00000000 00000003 
11.06.2021 15:44:39.760  00000003 00000000 00000000 00000000 00000003 
11.06.2021 15:44:39.775  00001003 00001000 00000000 00000000 00000003 
11.06.2021 15:44:39.793  00001003 00000000 00000000 00000000 00000003 
11.06.2021 15:44:39.796  00000003 00000000 00000000 00000000 00000003 
11.06.2021 15:44:39.808  00001003 00001000 00000000 00000000 00000003 
11.06.2021 15:44:39.829  00001003 00000000 00000000 00000000 00000003 
11.06.2021 15:44:39.832  00000003 00000000 00000000 00000000 00000003 
11.06.2021 15:44:39.847  00001003 00001000 00000000 00000000 00000003 
11.06.2021 15:44:39.865  00001003 00000000 00000000 00000000 00000003 
11.06.2021 15:44:39.868  00000003 00000000 00000000 00000000 00000003 
11.06.2021 15:44:39.883  00001003 00001000 00000000 00000000 00000003 
11.06.2021 15:44:39.901  00001003 00000000 00000000 00000000 00000003 
11.06.2021 15:44:39.904  00000003 00000000 00000000 00000000 00000003 
11.06.2021 15:44:39.916  00001003 00001000 00000000 00000000 00000003 
11.06.2021 15:44:39.937  00001003 00000000 00000000 00000000 00000003 
11.06.2021 15:44:39.940  00000003 00000000 00000000 00000000 00000003 
11.06.2021 15:44:39.955  00001003 00001000 00000000 00000000 00000003 
11.06.2021 15:44:39.973  00001003 00000000 00000000 00000000 00000003 
11.06.2021 15:44:39.976  00000003 00000000 00000000 00000000 00000003 
11.06.2021 15:44:39.991  00001003 00001000 00000000 00000000 00000003 
11.06.2021 15:44:40.009  00001003 00000000 00000000 00000000 00000003 
11.06.2021 15:44:40.012  00000003 00000000 00000000 00000000 00000003 
11.06.2021 15:44:40.024  00001003 00001000 00000000 00000000 00000003 
11.06.2021 15:44:40.045  00001003 00000000 00000000 00000000 00000003 
11.06.2021 15:44:40.048  00000003 00000000 00000000 00000000 00000003 
11.06.2021 15:44:40.063  00001003 00001000 00000000 00000000 00000003 
11.06.2021 15:44:40.081  00001003 00000000 00000000 00000000 00000003 
11.06.2021 15:44:40.084  00000003 00000000 00000000 00000000 00000003 
11.06.2021 15:44:40.096  00001003 00001000 00000000 00000000 00000003 
11.06.2021 15:44:40.117  00001003 00000000 00000000 00000000 00000003 
11.06.2021 15:44:40.120  00000003 00000000 00000000 00000000 00000003 
11.06.2021 15:44:40.132  00001003 00001000 00000000 00000000 00000003 
11.06.2021 15:44:40.153  00001003 00000000 00000000 00000000 00000003 
11.06.2021 15:44:40.156  00000003 00000000 00000000 00000000 00000003 
11.06.2021 15:44:40.168  00001003 00001000 00000000 00000000 00000003 
11.06.2021 15:44:40.189  00001003 00000000 00000000 00000000 00000003 
11.06.2021 15:44:40.192  00000003 00000000 00000000 00000000 00000003 
11.06.2021 15:44:40.204  00001003 00001000 00000000 00000000 00000003 
11.06.2021 15:44:40.225  00001003 00000000 00000000 00000000 00000003 
11.06.2021 15:44:40.228  00000003 00000000 00000000 00000000 00000003 
11.06.2021 15:44:40.360  00001003 00000000 00001000 00000000 00000003 
11.06.2021 15:44:40.435  00000003 00000000 00000000 00000000 00000003 
11.06.2021 15:44:40.570  00001003 00000000 00000000 00001000 00000003 
11.06.2021 15:44:40.579  00000003 00000000 00000000 00001000 00000003 
11.06.2021 15:44:40.582  00001003 00000000 00000000 00001000 00000003 
11.06.2021 15:44:40.591  00000003 00000000 00000000 00001000 00000003 
11.06.2021 15:44:40.594  00001003 00000000 00000000 00001000 00000003 
11.06.2021 15:44:40.603  00000003 00000000 00000000 00001000 00000003 
11.06.2021 15:44:40.606  00001003 00000000 00000000 00001000 00000003 
11.06.2021 15:44:40.615  00000003 00000000 00000000 00001000 00000003 
11.06.2021 15:44:40.618  00001003 00000000 00000000 00001000 00000003 
11.06.2021 15:44:40.627  00000003 00000000 00000000 00001000 00000003 
11.06.2021 15:44:40.630  00001003 00000000 00000000 00001000 00000003 
11.06.2021 15:44:40.639  00000003 00000000 00000000 00001000 00000003 
11.06.2021 15:44:40.642  00001003 00000000 00000000 00000000 00000003 
11.06.2021 15:44:40.645  00001003 00000000 00000000 00001000 00000003 
11.06.2021 15:44:40.663  00000003 00000000 00000000 00000000 00000003 
11.06.2021 15:44:40.666  00001003 00000000 00000000 00001000 00000003 
11.06.2021 15:44:40.675  00000003 00000000 00000000 00000000 00000003 
11.06.2021 15:44:40.678  00001003 00000000 00000000 00001000 00000003 
11.06.2021 15:44:40.687  00000003 00000000 00000000 00000000 00000003 
11.06.2021 15:44:40.690  00001003 00000000 00000000 00001000 00000003 
11.06.2021 15:44:40.699  00000003 00000000 00000000 00000000 00000003 
11.06.2021 15:44:40.702  00001003 00000000 00000000 00001000 00000003 
11.06.2021 15:44:40.711  00000003 00000000 00000000 00000000 00000003 
11.06.2021 15:44:40.714  00001003 00000000 00000000 00000000 00000003 
11.06.2021 15:44:40.717  00001003 00000000 00000000 00001000 00000003 
11.06.2021 15:44:40.753  00000003 00000000 00000000 00001000 00000003 
11.06.2021 15:44:40.756  00000003 00000000 00000000 00000000 00000003 
11.06.2021 15:44:40.759  00001003 00000000 00000000 00001000 00000003 
11.06.2021 15:44:40.846  00000003 00000000 00000000 00000000 00000003 
11.06.2021 15:44:40.972  00001003 00000000 00000000 00000000 00001003 
11.06.2021 15:44:41.044  00000003 00000000 00000000 00000000 00000003 
11.06.2021 15:44:41.146  00000003 00000000 00400000 00000000 00000003 
11.06.2021 15:44:41.149  00000003 00000000 00000000 00000000 00000003 
11.06.2021 15:44:41.254  00000003 00000000 00000000 00400000 00000003 
11.06.2021 15:44:41.257  00000003 00000000 00000000 00000000 00000003 
11.06.2021 15:44:41.371  00000003 00000000 00000000 00000000 00400003 
11.06.2021 15:44:41.374  00000003 00000000 00000000 00000000 00000003 
11.06.2021 15:44:41.518  00000003 00000000 00000000 00000000 00800003 
11.06.2021 15:44:41.521  00000003 00000000 00000000 00000000 00000003 
11.06.2021 15:44:41.881  00001003 00000000 00001000 00000000 00000003 
11.06.2021 15:44:41.962  00000003 00000000 00001000 00000000 00000003 
11.06.2021 15:44:41.965  00000003 00000000 00000000 00000000 00000003 
11.06.2021 15:44:42.103  00001003 00000000 00000000 00000000 00001003 
11.06.2021 15:44:42.178  00000003 00000000 00000000 00000000 00000003 
11.06.2021 15:44:42.331  00001003 00000000 00001000 00000000 00000003 
11.06.2021 15:44:42.412  00000003 00000000 00001000 00000000 00000003 
11.06.2021 15:44:42.415  00000003 00000000 00000000 00000000 00000003 
11.06.2021 15:44:42.553  00001003 00000000 00000000 00000000 00001003 
11.06.2021 15:44:42.628  00000003 00000000 00000000 00000000 00000003 
11.06.2021 15:44:43.711  00000003 00000000 00800000 00000000 00000003 
11.06.2021 15:44:43.714  00000003 00000000 00000000 00000000 00000003 
11.06.2021 15:44:43.846  00000003 00000000 00000000 00800000 00000003 
11.06.2021 15:44:43.849  00000003 00000000 00000000 00000000 00000003 
11.06.2021 15:44:43.987  00004003 00000000 00004000 00000000 00000003 
11.06.2021 15:44:44.068  00000003 00000000 00004000 00000000 00000003 
11.06.2021 15:44:44.071  00000003 00000000 00000000 00000000 00000003 
11.06.2021 15:44:44.209  00004003 00000000 00000000 00000000 00004003 
11.06.2021 15:44:44.284  00000003 00000000 00000000 00000000 00000003 
11.06.2021 15:44:44.434  00004003 00000000 00004000 00000000 00000003 
11.06.2021 15:44:44.518  00000003 00000000 00004000 00000000 00000003 
11.06.2021 15:44:44.521  00000003 00000000 00000000 00000000 00000003 
11.06.2021 15:44:44.659  00004003 00000000 00000000 00000000 00004003 
11.06.2021 15:44:44.734  00000003 00000000 00000000 00000000 00000003 
11.06.2021 15:44:45.070  00004003 00004000 00000000 00000000 00000003 
11.06.2021 15:44:46.285  00004003 00000000 00000000 00000000 00000003 
11.06.2021 15:44:46.291  00000003 00000000 00000000 00000000 00000003 
11.06.2021 15:44:46.570  00004003 00000000 00000000 00004000 00000003 
11.06.2021 15:44:47.287  00000003 00000000 00000000 00000000 00000003 
11.06.2021 15:44:47.836  00002003 00000000 00000000 00002000 00000003 
11.06.2021 15:44:49.678  00000000 00000000 00000000 00000000 00000000 
11.06.2021 15:44:49.714  00000080 00000080 00000000 00000000 00000000 
11.06.2021 15:44:49.717  00002080 00000080 00000000 00002000 00000000 
11.06.2021 15:44:49.810  00002082 00000080 00000000 00002000 00000002 
11.06.2021 15:44:49.816  00002083 00000080 00000000 00002000 00000003 
11.06.2021 15:44:49.873  000020c3 00000080 00000000 00002040 00000003 
11.06.2021 15:44:49.897  00002083 00000080 00000000 00002000 00000003 
11.06.2021 15:44:49.906  00002083 00000000 00000000 00002000 00000003 
11.06.2021 15:44:49.912  00002003 00000000 00000000 00002000 00000003 
11.06.2021 15:44:49.966  00002000 00000000 00000000 00002000 00000003 
11.06.2021 15:44:49.969  00000000 00000000 00000000 00000000 00000000 
11.06.2021 15:44:50.119  00000001 00000000 00000000 00000000 00000001 
11.06.2021 15:44:50.206  00000000 00000000 00000000 00000000 00000000 
11.06.2021 15:44:50.341  00000002 00000000 00000000 00000000 00000002 
11.06.2021 15:44:50.422  00000000 00000000 00000000 00000000 00000000 
11.06.2021 15:44:50.521  00002000 00000000 00000000 00002000 00000000 
11.06.2021 15:44:50.554  00000000 00000000 00000000 00000000 00000000 
11.06.2021 15:52:00.700  000003b3 000000b0 00000200 00000000 00010103 
11.06.2021 15:52:00.859  000001b3 000000b0 00000000 00000000 00010103 
11.06.2021 15:52:00.868  000000b3 000000b0 00000000 00000000 00000003 
11.06.2021 15:52:17.459  000000b3 00000000 00000000 00000000 00000003 
11.06.2021 15:52:17.464  00000003 00000000 00000000 00000000 00000003 
11.06.2021 15:52:17.831  80000003 80000000 00000000 00000000 00000003 
11.06.2021 15:52:17.836  00000003 00000000 00000000 00000000 00000003 
11.06.2021 15:52:17.932  00000033 00000030 00000000 00000000 00000003 
11.06.2021 15:52:17.996  00000033 00000000 00000000 00000000 00000003 
11.06.2021 15:52:18.001  00000003 00000000 00000000 00000000 00000003 
11.06.2021 15:52:21.128  00000033 00000030 00000000 00000000 00000003 
11.06.2021 15:52:21.200  00000033 00000000 00000000 00000000 00000003 
11.06.2021 15:52:21.206  00000003 00000000 00000000 00000000 00000003 
11.06.2021 15:52:21.341  00000043 00000000 00000000 00000040 00000003 
11.06.2021 15:52:21.353  000000c3 00000080 00000000 00000040 00000003 
11.06.2021 15:52:21.356  000020c3 00000080 00000000 00002040 00000003 
11.06.2021 15:52:21.434  00002083 00000080 00000000 00002000 00000003 
11.06.2021 15:52:21.437  00002083 00000000 00000000 00002000 00000003 
11.06.2021 15:52:21.443  00002003 00000000 00000000 00002000 00000003 
11.06.2021 15:52:21.446  00000003 00000000 00000000 00000000 00000003 
11.06.2021 15:52:21.560  00000083 00000080 00000000 00000000 00000003 
11.06.2021 15:52:21.632  00000083 00000000 00000000 00000000 00000003 
11.06.2021 15:52:21.638  00000003 00000000 00000000 00000000 00000003 
11.06.2021 15:52:21.824  00000083 00000080 00000000 00000000 00000003 
11.06.2021 15:52:21.980  00000083 00000000 00000000 00000000 00000003 
11.06.2021 15:52:21.986  00000003 00000000 00000000 00000000 00000003 
11.06.2021 15:52:22.130  00000103 00000000 00000000 00000000 00000003 
11.06.2021 15:52:22.133  00000103 00000000 00000000 00000000 00010103 
11.06.2021 15:52:22.211  00000003 00000000 00000000 00000000 00000003 
11.06.2021 15:52:22.376  00000103 00000000 00000000 00000000 00010103 
11.06.2021 15:52:22.460  00000003 00000000 00000000 00000000 00000003 
11.06.2021 15:52:22.601  00000203 00000000 00000000 00000000 00000003 
11.06.2021 15:52:22.604  00000203 00000000 00000200 00000000 00000003 
11.06.2021 15:52:22.694  00000003 00000000 00000000 00000000 00000003 
11.06.2021 15:52:22.835  00000203 00000000 00000000 00000000 00000003 
11.06.2021 15:52:22.838  00000203 00000000 00000200 00000000 00000003 
11.06.2021 15:52:22.928  00000003 00000000 00000000 00000000 00000003 
11.06.2021 15:52:23.051  00001003 00001000 00000000 00000000 00000003 
11.06.2021 15:52:23.081  00001003 00000000 00000000 00000000 00000003 
11.06.2021 15:52:23.084  00000003 00000000 00000000 00000000 00000003 
11.06.2021 15:52:23.093  00001003 00001000 00000000 00000000 00000003 
11.06.2021 15:52:23.111  00001003 00000000 00000000 00000000 00000003 
11.06.2021 15:52:23.114  00000003 00000000 00000000 00000000 00000003 
11.06.2021 15:52:23.126  00001003 00001000 00000000 00000000 00000003 
11.06.2021 15:52:23.147  00001003 00000000 00000000 00000000 00000003 
11.06.2021 15:52:23.150  00000003 00000000 00000000 00000000 00000003 
11.06.2021 15:52:23.162  00001003 00001000 00000000 00000000 00000003 
11.06.2021 15:52:23.183  00001003 00000000 00000000 00000000 00000003 
11.06.2021 15:52:23.186  00000003 00000000 00000000 00000000 00000003 
11.06.2021 15:52:23.201  00001003 00001000 00000000 00000000 00000003 
11.06.2021 15:52:23.219  00001003 00000000 00000000 00000000 00000003 
11.06.2021 15:52:23.222  00000003 00000000 00000000 00000000 00000003 
11.06.2021 15:52:23.237  00001003 00001000 00000000 00000000 00000003 
11.06.2021 15:52:23.255  00001003 00000000 00000000 00000000 00000003 
11.06.2021 15:52:23.258  00000003 00000000 00000000 00000000 00000003 
11.06.2021 15:52:23.270  00001003 00001000 00000000 00000000 00000003 
11.06.2021 15:52:23.291  00001003 00000000 00000000 00000000 00000003 
11.06.2021 15:52:23.294  00000003 00000000 00000000 00000000 00000003 
11.06.2021 15:52:23.306  00001003 00001000 00000000 00000000 00000003 
11.06.2021 15:52:23.327  00001003 00000000 00000000 00000000 00000003 
11.06.2021 15:52:23.330  00000003 00000000 00000000 00000000 00000003 
11.06.2021 15:52:23.342  00001003 00001000 00000000 00000000 00000003 
11.06.2021 15:52:23.363  00001003 00000000 00000000 00000000 00000003 
11.06.2021 15:52:23.366  00000003 00000000 00000000 00000000 00000003 
11.06.2021 15:52:23.381  00001003 00001000 00000000 00000000 00000003 
11.06.2021 15:52:23.399  00001003 00000000 00000000 00000000 00000003 
11.06.2021 15:52:23.402  00000003 00000000 00000000 00000000 00000003 
11.06.2021 15:52:23.414  00001003 00001000 00000000 00000000 00000003 
11.06.2021 15:52:23.435  00001003 00000000 00000000 00000000 00000003 
11.06.2021 15:52:23.438  00000003 00000000 00000000 00000000 00000003 
11.06.2021 15:52:23.450  00001003 00001000 00000000 00000000 00000003 
11.06.2021 15:52:23.471  00001003 00000000 00000000 00000000 00000003 
11.06.2021 15:52:23.474  00000003 00000000 00000000 00000000 00000003 
11.06.2021 15:52:23.489  00001003 00001000 00000000 00000000 00000003 
11.06.2021 15:52:23.507  00001003 00000000 00000000 00000000 00000003 
11.06.2021 15:52:23.510  00000003 00000000 00000000 00000000 00000003 
11.06.2021 15:52:23.525  00001003 00001000 00000000 00000000 00000003 
11.06.2021 15:52:23.543  00001003 00000000 00000000 00000000 00000003 
11.06.2021 15:52:23.546  00000003 00000000 00000000 00000000 00000003 
11.06.2021 15:52:23.558  00001003 00001000 00000000 00000000 00000003 
11.06.2021 15:52:23.579  00001003 00000000 00000000 00000000 00000003 
11.06.2021 15:52:23.582  00000003 00000000 00000000 00000000 00000003 
11.06.2021 15:52:23.600  00001003 00001000 00000000 00000000 00000003 
11.06.2021 15:52:23.615  00001003 00000000 00000000 00000000 00000003 
11.06.2021 15:52:23.618  00000003 00000000 00000000 00000000 00000003 
11.06.2021 15:52:23.633  00001003 00001000 00000000 00000000 00000003 
11.06.2021 15:52:23.651  00001003 00000000 00000000 00000000 00000003 
11.06.2021 15:52:23.654  00000003 00000000 00000000 00000000 00000003 
11.06.2021 15:52:23.666  00001003 00001000 00000000 00000000 00000003 
11.06.2021 15:52:23.687  00001003 00000000 00000000 00000000 00000003 
11.06.2021 15:52:23.690  00000003 00000000 00000000 00000000 00000003 
11.06.2021 15:52:23.702  00001003 00001000 00000000 00000000 00000003 
11.06.2021 15:52:23.723  00001003 00000000 00000000 00000000 00000003 
11.06.2021 15:52:23.726  00000003 00000000 00000000 00000000 00000003 
11.06.2021 15:52:23.741  00001003 00001000 00000000 00000000 00000003 
11.06.2021 15:52:23.759  00001003 00000000 00000000 00000000 00000003 
11.06.2021 15:52:23.762  00000003 00000000 00000000 00000000 00000003 
11.06.2021 15:52:23.774  00001003 00001000 00000000 00000000 00000003 
11.06.2021 15:52:23.795  00001003 00000000 00000000 00000000 00000003 
11.06.2021 15:52:23.798  00000003 00000000 00000000 00000000 00000003 
11.06.2021 15:52:23.813  00001003 00001000 00000000 00000000 00000003 
11.06.2021 15:52:23.831  00001003 00000000 00000000 00000000 00000003 
11.06.2021 15:52:23.834  00000003 00000000 00000000 00000000 00000003 
11.06.2021 15:52:23.846  00001003 00001000 00000000 00000000 00000003 
11.06.2021 15:52:23.867  00001003 00000000 00000000 00000000 00000003 
11.06.2021 15:52:23.870  00000003 00000000 00000000 00000000 00000003 
11.06.2021 15:52:23.882  00001003 00001000 00000000 00000000 00000003 
11.06.2021 15:52:23.903  00001003 00000000 00000000 00000000 00000003 
11.06.2021 15:52:23.906  00000003 00000000 00000000 00000000 00000003 
11.06.2021 15:52:23.921  00001003 00001000 00000000 00000000 00000003 
11.06.2021 15:52:23.939  00001003 00000000 00000000 00000000 00000003 
11.06.2021 15:52:23.942  00000003 00000000 00000000 00000000 00000003 
11.06.2021 15:52:23.954  00001003 00001000 00000000 00000000 00000003 
11.06.2021 15:52:23.975  00001003 00000000 00000000 00000000 00000003 
11.06.2021 15:52:23.978  00000003 00000000 00000000 00000000 00000003 
11.06.2021 15:52:24.104  00001003 00000000 00000000 00000000 00000003 
11.06.2021 15:52:24.107  00001003 00000000 00001000 00000000 00000003 
11.06.2021 15:52:24.185  00000003 00000000 00001000 00000000 00000003 
11.06.2021 15:52:24.188  00000003 00000000 00000000 00000000 00000003 
11.06.2021 15:52:24.320  00001003 00000000 00000000 00001000 00000003 
11.06.2021 15:52:24.329  00000003 00000000 00000000 00001000 00000003 
11.06.2021 15:52:24.332  00001003 00000000 00000000 00001000 00000003 
11.06.2021 15:52:24.341  00000003 00000000 00000000 00000000 00000003 
11.06.2021 15:52:24.344  00001003 00000000 00000000 00001000 00000003 
11.06.2021 15:52:24.353  00000003 00000000 00000000 00000000 00000003 
11.06.2021 15:52:24.356  00001003 00000000 00000000 00001000 00000003 
11.06.2021 15:52:24.365  00000003 00000000 00000000 00001000 00000003 
11.06.2021 15:52:24.368  00001003 00000000 00000000 00001000 00000003 
11.06.2021 15:52:24.377  00000003 00000000 00000000 00001000 00000003 
11.06.2021 15:52:24.380  00001003 00000000 00000000 00001000 00000003 
11.06.2021 15:52:24.389  00000003 00000000 00000000 00001000 00000003 
11.06.2021 15:52:24.392  00001003 00000000 00000000 00001000 00000003 
11.06.2021 15:52:24.410  00000003 00000000 00000000 00001000 00000003 
11.06.2021 15:52:24.413  00001003 00000000 00000000 00000000 00000003 
11.06.2021 15:52:24.416  00001003 00000000 00000000 00001000 00000003 
11.06.2021 15:52:24.425  00001003 00000000 00000000 00000000 00000003 
11.06.2021 15:52:24.428  00001003 00000000 00000000 00001000 00000003 
11.06.2021 15:52:24.434  00000003 00000000 00000000 00001000 00000003 
11.06.2021 15:52:24.437  00001003 00000000 00000000 00000000 00000003 
11.06.2021 15:52:24.440  00001003 00000000 00000000 00001000 00000003 
11.06.2021 15:52:24.449  00001003 00000000 00000000 00000000 00000003 
11.06.2021 15:52:24.452  00001003 00000000 00000000 00001000 00000003 
11.06.2021 15:52:24.458  00000003 00000000 00000000 00001000 00000003 
11.06.2021 15:52:24.461  00000003 00000000 00000000 00000000 00000003 
11.06.2021 15:52:24.464  00001003 00000000 00000000 00000000 00000003 
11.06.2021 15:52:24.467  00001003 00000000 00000000 00001000 00000003 
11.06.2021 15:52:24.473  00000003 00000000 00000000 00001000 00000003 
11.06.2021 15:52:24.476  00001003 00000000 00000000 00001000 00000003 
11.06.2021 15:52:24.503  00000003 00000000 00000000 00001000 00000003 
11.06.2021 15:52:24.506  00000003 00000000 00000000 00000000 00000003 
11.06.2021 15:52:24.509  00001003 00000000 00000000 00000000 00000003 
11.06.2021 15:52:24.512  00001003 00000000 00000000 00001000 00000003 
11.06.2021 15:52:24.518  00000003 00000000 00000000 00001000 00000003 
11.06.2021 15:52:24.521  00001003 00000000 00000000 00001000 00000003 
11.06.2021 15:52:24.596  00000003 00000000 00000000 00000000 00000003 
11.06.2021 15:52:24.725  00001003 00000000 00000000 00000000 00001003 
11.06.2021 15:52:24.815  00000003 00000000 00000000 00000000 00000003 
11.06.2021 15:52:24.914  00000003 00000000 00400000 00000000 00000003 
11.06.2021 15:52:24.917  00000003 00000000 00000000 00000000 00000003 
11.06.2021 15:52:25.022  00000003 00000000 00000000 00400000 00000003 
11.06.2021 15:52:25.025  00000003 00000000 00000000 00000000 00000003 
11.06.2021 15:52:25.121  00000003 00000000 00000000 00000000 00400003 
11.06.2021 15:52:25.124  00000003 00000000 00000000 00000000 00000003 
11.06.2021 15:52:25.268  00000003 00000000 00000000 00000000 00800003 
11.06.2021 15:52:25.271  00000003 00000000 00000000 00000000 00000003 
11.06.2021 15:52:25.628  00001003 00000000 00001000 00000000 00000003 
11.06.2021 15:52:25.712  00000003 00000000 00001000 00000000 00000003 
11.06.2021 15:52:25.715  00000003 00000000 00000000 00000000 00000003 
11.06.2021 15:52:25.853  00001003 00000000 00000000 00000000 00001003 
11.06.2021 15:52:25.931  00000003 00000000 00000000 00000000 00000003 
11.06.2021 15:52:26.081  00001003 00000000 00001000 00000000 00000003 
11.06.2021 15:52:26.162  00000003 00000000 00001000 00000000 00000003 
11.06.2021 15:52:26.165  00000003 00000000 00000000 00000000 00000003 
11.06.2021 15:52:26.303  00001003 00000000 00000000 00000000 00001003 
11.06.2021 15:52:26.381  00000003 00000000 00000000 00000000 00000003 
11.06.2021 15:52:27.311  00000003 00000000 00800000 00000000 00000003 
11.06.2021 15:52:27.314  00000003 00000000 00000000 00000000 00000003 
11.06.2021 15:52:27.446  00000003 00000000 00000000 00800000 00000003 
11.06.2021 15:52:27.449  00000003 00000000 00000000 00000000 00000003 
11.06.2021 15:52:27.587  00004003 00000000 00004000 00000000 00000003 
11.06.2021 15:52:27.674  00000003 00000000 00004000 00000000 00000003 
11.06.2021 15:52:27.677  00000003 00000000 00000000 00000000 00000003 
11.06.2021 15:52:27.815  00004003 00000000 00000000 00000000 00004003 
11.06.2021 15:52:27.890  00000003 00000000 00000000 00000000 00000003 
11.06.2021 15:52:28.043  00004003 00000000 00004000 00000000 00000003 
11.06.2021 15:52:28.127  00000003 00000000 00000000 00000000 00000003 
11.06.2021 15:52:28.265  00004003 00000000 00000000 00000000 00004003 
11.06.2021 15:52:28.340  00000003 00000000 00000000 00000000 00000003 
11.06.2021 15:52:28.721  00004003 00004000 00000000 00000000 00000003 
11.06.2021 15:52:29.936  00004003 00000000 00000000 00000000 00000003 
11.06.2021 15:52:29.942  00000003 00000000 00000000 00000000 00000003 
11.06.2021 15:52:30.323  00004003 00000000 00000000 00004000 00000003 
11.06.2021 15:52:31.037  00000003 00000000 00000000 00000000 00000003 
11.06.2021 15:52:31.553  00002003 00000000 00000000 00002000 00000003 
11.06.2021 15:54:53.667  00000000 00000000 00000000 00000000 00000000 
11.06.2021 15:54:53.691  00000080 00000080 00000000 00000000 00000000 
11.06.2021 15:54:53.694  00002080 00000080 00000000 00002000 00000000 
11.06.2021 15:54:53.787  00002082 00000080 00000000 00002000 00000002 
11.06.2021 15:54:53.793  00002083 00000080 00000000 00002000 00000003 
11.06.2021 15:54:53.850  000020c3 00000080 00000000 00002040 00000003 
11.06.2021 15:54:53.874  00002083 00000080 00000000 00002000 00000003 
11.06.2021 15:54:53.880  00002083 00000000 00000000 00002000 00000003 
11.06.2021 15:54:53.886  00002003 00000000 00000000 00002000 00000003 
11.06.2021 15:54:53.955  00002000 00000000 00000000 00002000 00000002 
11.06.2021 15:54:53.958  00000000 00000000 00000000 00000000 00000000 
11.06.2021 15:54:54.102  00000001 00000000 00000000 00000000 00000001 
11.06.2021 15:54:54.180  00000000 00000000 00000000 00000000 00000000 
11.06.2021 15:54:54.312  00000002 00000000 00000000 00000000 00000002 
11.06.2021 15:54:54.396  00000000 00000000 00000000 00000000 00000000 
11.06.2021 15:54:54.492  00002000 00000000 00000000 00002000 00000000 
11.06.2021 15:54:54.525  00000000 00000000 00000000 00000000 00000000 
11.06.2021 16:08:36.045  00000080 00000080 00000000 00000000 00000000 
11.06.2021 16:08:36.048  00002080 00000080 00000000 00002000 00000000 

Servicedata V1.0 PLC:\DEBUG\S_State.service.trace created 11.06.2021 19:06:46 (local time)
hostname: hu, Software: 606421 04, built: 08.10.2014 08:59
-------------------------------------------------------------------------------------------
                    ms   global   master   device1
11.06.2021 15:44:40.582  00001003 00000000 00000000 00001000 00000003 
11.06.2021 15:44:40.591  00000003 00000000 00000000 00001000 00000003 
11.06.2021 15:44:40.594  00001003 00000000 00000000 00001000 00000003 
11.06.2021 15:44:40.603  00000003 00000000 00000000 00001000 00000003 
11.06.2021 15:44:40.606  00001003 00000000 00000000 00001000 00000003 
11.06.2021 15:44:40.615  00000003 00000000 00000000 00001000 00000003 
11.06.2021 15:44:40.618  00001003 00000000 00000000 00001000 00000003 
11.06.2021 15:44:40.627  00000003 00000000 00000000 00001000 00000003 
11.06.2021 15:44:40.630  00001003 00000000 00000000 00001000 00000003 
11.06.2021 15:44:40.639  00000003 00000000 00000000 00001000 00000003 
11.06.2021 15:44:40.642  00001003 00000000 00000000 00000000 00000003 
11.06.2021 15:44:40.645  00001003 00000000 00000000 00001000 00000003 
11.06.2021 15:44:40.663  00000003 00000000 00000000 00000000 00000003 
11.06.2021 15:44:40.666  00001003 00000000 00000000 00001000 00000003 
11.06.2021 15:44:40.675  00000003 00000000 00000000 00000000 00000003 
11.06.2021 15:44:40.678  00001003 00000000 00000000 00001000 00000003 
11.06.2021 15:44:40.687  00000003 00000000 00000000 00000000 00000003 
11.06.2021 15:44:40.690  00001003 00000000 00000000 00001000 00000003 
11.06.2021 15:44:40.699  00000003 00000000 00000000 00000000 00000003 
11.06.2021 15:44:40.702  00001003 00000000 00000000 00001000 00000003 
11.06.2021 15:44:40.711  00000003 00000000 00000000 00000000 00000003 
11.06.2021 15:44:40.714  00001003 00000000 00000000 00000000 00000003 
11.06.2021 15:44:40.717  00001003 00000000 00000000 00001000 00000003 
11.06.2021 15:44:40.753  00000003 00000000 00000000 00001000 00000003 
11.06.2021 15:44:40.756  00000003 00000000 00000000 00000000 00000003 
11.06.2021 15:44:40.759  00001003 00000000 00000000 00001000 00000003 
11.06.2021 15:44:40.846  00000003 00000000 00000000 00000000 00000003 
11.06.2021 15:44:40.972  00001003 00000000 00000000 00000000 00001003 
11.06.2021 15:44:41.044  00000003 00000000 00000000 00000000 00000003 
11.06.2021 15:44:41.146  00000003 00000000 00400000 00000000 00000003 
11.06.2021 15:44:41.149  00000003 00000000 00000000 00000000 00000003 
11.06.2021 15:44:41.254  00000003 00000000 00000000 00400000 00000003 
11.06.2021 15:44:41.257  00000003 00000000 00000000 00000000 00000003 
11.06.2021 15:44:41.371  00000003 00000000 00000000 00000000 00400003 
11.06.2021 15:44:41.374  00000003 00000000 00000000 00000000 00000003 
11.06.2021 15:44:41.518  00000003 00000000 00000000 00000000 00800003 
11.06.2021 15:44:41.521  00000003 00000000 00000000 00000000 00000003 
11.06.2021 15:44:41.881  00001003 00000000 00001000 00000000 00000003 
11.06.2021 15:44:41.962  00000003 00000000 00001000 00000000 00000003 
11.06.2021 15:44:41.965  00000003 00000000 00000000 00000000 00000003 
11.06.2021 15:44:42.103  00001003 00000000 00000000 00000000 00001003 
11.06.2021 15:44:42.178  00000003 00000000 00000000 00000000 00000003 
11.06.2021 15:44:42.331  00001003 00000000 00001000 00000000 00000003 
11.06.2021 15:44:42.412  00000003 00000000 00001000 00000000 00000003 
11.06.2021 15:44:42.415  00000003 00000000 00000000 00000000 00000003 
11.06.2021 15:44:42.553  00001003 00000000 00000000 00000000 00001003 
11.06.2021 15:44:42.628  00000003 00000000 00000000 00000000 00000003 
11.06.2021 15:44:43.711  00000003 00000000 00800000 00000000 00000003 
11.06.2021 15:44:43.714  00000003 00000000 00000000 00000000 00000003 
11.06.2021 15:44:43.846  00000003 00000000 00000000 00800000 00000003 
11.06.2021 15:44:43.849  00000003 00000000 00000000 00000000 00000003 
11.06.2021 15:44:43.987  00004003 00000000 00004000 00000000 00000003 
11.06.2021 15:44:44.068  00000003 00000000 00004000 00000000 00000003 
11.06.2021 15:44:44.071  00000003 00000000 00000000 00000000 00000003 
11.06.2021 15:44:44.209  00004003 00000000 00000000 00000000 00004003 
11.06.2021 15:44:44.284  00000003 00000000 00000000 00000000 00000003 
11.06.2021 15:44:44.434  00004003 00000000 00004000 00000000 00000003 
11.06.2021 15:44:44.518  00000003 00000000 00004000 00000000 00000003 
11.06.2021 15:44:44.521  00000003 00000000 00000000 00000000 00000003 
11.06.2021 15:44:44.659  00004003 00000000 00000000 00000000 00004003 
11.06.2021 15:44:44.734  00000003 00000000 00000000 00000000 00000003 
11.06.2021 15:44:45.070  00004003 00004000 00000000 00000000 00000003 
11.06.2021 15:44:46.285  00004003 00000000 00000000 00000000 00000003 
11.06.2021 15:44:46.291  00000003 00000000 00000000 00000000 00000003 
11.06.2021 15:44:46.570  00004003 00000000 00000000 00004000 00000003 
11.06.2021 15:44:47.287  00000003 00000000 00000000 00000000 00000003 
11.06.2021 15:44:47.836  00002003 00000000 00000000 00002000 00000003 
11.06.2021 15:44:49.678  00000000 00000000 00000000 00000000 00000000 
11.06.2021 15:44:49.714  00000080 00000080 00000000 00000000 00000000 
11.06.2021 15:44:49.717  00002080 00000080 00000000 00002000 00000000 
11.06.2021 15:44:49.810  00002082 00000080 00000000 00002000 00000002 
11.06.2021 15:44:49.816  00002083 00000080 00000000 00002000 00000003 
11.06.2021 15:44:49.873  000020c3 00000080 00000000 00002040 00000003 
11.06.2021 15:44:49.897  00002083 00000080 00000000 00002000 00000003 
11.06.2021 15:44:49.906  00002083 00000000 00000000 00002000 00000003 
11.06.2021 15:44:49.912  00002003 00000000 00000000 00002000 00000003 
11.06.2021 15:44:49.966  00002000 00000000 00000000 00002000 00000003 
11.06.2021 15:44:49.969  00000000 00000000 00000000 00000000 00000000 
11.06.2021 15:44:50.119  00000001 00000000 00000000 00000000 00000001 
11.06.2021 15:44:50.206  00000000 00000000 00000000 00000000 00000000 
11.06.2021 15:44:50.341  00000002 00000000 00000000 00000000 00000002 
11.06.2021 15:44:50.422  00000000 00000000 00000000 00000000 00000000 
11.06.2021 15:44:50.521  00002000 00000000 00000000 00002000 00000000 
11.06.2021 15:44:50.554  00000000 00000000 00000000 00000000 00000000 
11.06.2021 15:52:00.700  000003b3 000000b0 00000200 00000000 00010103 
11.06.2021 15:52:00.859  000001b3 000000b0 00000000 00000000 00010103 
11.06.2021 15:52:00.868  000000b3 000000b0 00000000 00000000 00000003 
11.06.2021 15:52:17.459  000000b3 00000000 00000000 00000000 00000003 
11.06.2021 15:52:17.464  00000003 00000000 00000000 00000000 00000003 
11.06.2021 15:52:17.831  80000003 80000000 00000000 00000000 00000003 
11.06.2021 15:52:17.836  00000003 00000000 00000000 00000000 00000003 
11.06.2021 15:52:17.932  00000033 00000030 00000000 00000000 00000003 
11.06.2021 15:52:17.996  00000033 00000000 00000000 00000000 00000003 
11.06.2021 15:52:18.001  00000003 00000000 00000000 00000000 00000003 
11.06.2021 15:52:21.128  00000033 00000030 00000000 00000000 00000003 
11.06.2021 15:52:21.200  00000033 00000000 00000000 00000000 00000003 
11.06.2021 15:52:21.206  00000003 00000000 00000000 00000000 00000003 
11.06.2021 15:52:21.341  00000043 00000000 00000000 00000040 00000003 
11.06.2021 15:52:21.353  000000c3 00000080 00000000 00000040 00000003 
11.06.2021 15:52:21.356  000020c3 00000080 00000000 00002040 00000003 
11.06.2021 15:52:21.434  00002083 00000080 00000000 00002000 00000003 
11.06.2021 15:52:21.437  00002083 00000000 00000000 00002000 00000003 
11.06.2021 15:52:21.443  00002003 00000000 00000000 00002000 00000003 
11.06.2021 15:52:21.446  00000003 00000000 00000000 00000000 00000003 
11.06.2021 15:52:21.560  00000083 00000080 00000000 00000000 00000003 
11.06.2021 15:52:21.632  00000083 00000000 00000000 00000000 00000003 
11.06.2021 15:52:21.638  00000003 00000000 00000000 00000000 00000003 
11.06.2021 15:52:21.824  00000083 00000080 00000000 00000000 00000003 
11.06.2021 15:52:21.980  00000083 00000000 00000000 00000000 00000003 
11.06.2021 15:52:21.986  00000003 00000000 00000000 00000000 00000003 
11.06.2021 15:52:22.130  00000103 00000000 00000000 00000000 00000003 
11.06.2021 15:52:22.133  00000103 00000000 00000000 00000000 00010103 
11.06.2021 15:52:22.211  00000003 00000000 00000000 00000000 00000003 
11.06.2021 15:52:22.376  00000103 00000000 00000000 00000000 00010103 
11.06.2021 15:52:22.460  00000003 00000000 00000000 00000000 00000003 
11.06.2021 15:52:22.601  00000203 00000000 00000000 00000000 00000003 
11.06.2021 15:52:22.604  00000203 00000000 00000200 00000000 00000003 
11.06.2021 15:52:22.694  00000003 00000000 00000000 00000000 00000003 
11.06.2021 15:52:22.835  00000203 00000000 00000000 00000000 00000003 
11.06.2021 15:52:22.838  00000203 00000000 00000200 00000000 00000003 
11.06.2021 15:52:22.928  00000003 00000000 00000000 00000000 00000003 
11.06.2021 15:52:23.051  00001003 00001000 00000000 00000000 00000003 
11.06.2021 15:52:23.081  00001003 00000000 00000000 00000000 00000003 
11.06.2021 15:52:23.084  00000003 00000000 00000000 00000000 00000003 
11.06.2021 15:52:23.093  00001003 00001000 00000000 00000000 00000003 
11.06.2021 15:52:23.111  00001003 00000000 00000000 00000000 00000003 
11.06.2021 15:52:23.114  00000003 00000000 00000000 00000000 00000003 
11.06.2021 15:52:23.126  00001003 00001000 00000000 00000000 00000003 
11.06.2021 15:52:23.147  00001003 00000000 00000000 00000000 00000003 
11.06.2021 15:52:23.150  00000003 00000000 00000000 00000000 00000003 
11.06.2021 15:52:23.162  00001003 00001000 00000000 00000000 00000003 
11.06.2021 15:52:23.183  00001003 00000000 00000000 00000000 00000003 
11.06.2021 15:52:23.186  00000003 00000000 00000000 00000000 00000003 
11.06.2021 15:52:23.201  00001003 00001000 00000000 00000000 00000003 
11.06.2021 15:52:23.219  00001003 00000000 00000000 00000000 00000003 
11.06.2021 15:52:23.222  00000003 00000000 00000000 00000000 00000003 
11.06.2021 15:52:23.237  00001003 00001000 00000000 00000000 00000003 
11.06.2021 15:52:23.255  00001003 00000000 00000000 00000000 00000003 
11.06.2021 15:52:23.258  00000003 00000000 00000000 00000000 00000003 
11.06.2021 15:52:23.270  00001003 00001000 00000000 00000000 00000003 
11.06.2021 15:52:23.291  00001003 00000000 00000000 00000000 00000003 
11.06.2021 15:52:23.294  00000003 00000000 00000000 00000000 00000003 
11.06.2021 15:52:23.306  00001003 00001000 00000000 00000000 00000003 
11.06.2021 15:52:23.327  00001003 00000000 00000000 00000000 00000003 
11.06.2021 15:52:23.330  00000003 00000000 00000000 00000000 00000003 
11.06.2021 15:52:23.342  00001003 00001000 00000000 00000000 00000003 
11.06.2021 15:52:23.363  00001003 00000000 00000000 00000000 00000003 
11.06.2021 15:52:23.366  00000003 00000000 00000000 00000000 00000003 
11.06.2021 15:52:23.381  00001003 00001000 00000000 00000000 00000003 
11.06.2021 15:52:23.399  00001003 00000000 00000000 00000000 00000003 
11.06.2021 15:52:23.402  00000003 00000000 00000000 00000000 00000003 
11.06.2021 15:52:23.414  00001003 00001000 00000000 00000000 00000003 
11.06.2021 15:52:23.435  00001003 00000000 00000000 00000000 00000003 
11.06.2021 15:52:23.438  00000003 00000000 00000000 00000000 00000003 
11.06.2021 15:52:23.450  00001003 00001000 00000000 00000000 00000003 
11.06.2021 15:52:23.471  00001003 00000000 00000000 00000000 00000003 
11.06.2021 15:52:23.474  00000003 00000000 00000000 00000000 00000003 
11.06.2021 15:52:23.489  00001003 00001000 00000000 00000000 00000003 
11.06.2021 15:52:23.507  00001003 00000000 00000000 00000000 00000003 
11.06.2021 15:52:23.510  00000003 00000000 00000000 00000000 00000003 
11.06.2021 15:52:23.525  00001003 00001000 00000000 00000000 00000003 
11.06.2021 15:52:23.543  00001003 00000000 00000000 00000000 00000003 
11.06.2021 15:52:23.546  00000003 00000000 00000000 00000000 00000003 
11.06.2021 15:52:23.558  00001003 00001000 00000000 00000000 00000003 
11.06.2021 15:52:23.579  00001003 00000000 00000000 00000000 00000003 
11.06.2021 15:52:23.582  00000003 00000000 00000000 00000000 00000003 
11.06.2021 15:52:23.600  00001003 00001000 00000000 00000000 00000003 
11.06.2021 15:52:23.615  00001003 00000000 00000000 00000000 00000003 
11.06.2021 15:52:23.618  00000003 00000000 00000000 00000000 00000003 
11.06.2021 15:52:23.633  00001003 00001000 00000000 00000000 00000003 
11.06.2021 15:52:23.651  00001003 00000000 00000000 00000000 00000003 
11.06.2021 15:52:23.654  00000003 00000000 00000000 00000000 00000003 
11.06.2021 15:52:23.666  00001003 00001000 00000000 00000000 00000003 
11.06.2021 15:52:23.687  00001003 00000000 00000000 00000000 00000003 
11.06.2021 15:52:23.690  00000003 00000000 00000000 00000000 00000003 
11.06.2021 15:52:23.702  00001003 00001000 00000000 00000000 00000003 
11.06.2021 15:52:23.723  00001003 00000000 00000000 00000000 00000003 
11.06.2021 15:52:23.726  00000003 00000000 00000000 00000000 00000003 
11.06.2021 15:52:23.741  00001003 00001000 00000000 00000000 00000003 
11.06.2021 15:52:23.759  00001003 00000000 00000000 00000000 00000003 
11.06.2021 15:52:23.762  00000003 00000000 00000000 00000000 00000003 
11.06.2021 15:52:23.774  00001003 00001000 00000000 00000000 00000003 
11.06.2021 15:52:23.795  00001003 00000000 00000000 00000000 00000003 
11.06.2021 15:52:23.798  00000003 00000000 00000000 00000000 00000003 
11.06.2021 15:52:23.813  00001003 00001000 00000000 00000000 00000003 
11.06.2021 15:52:23.831  00001003 00000000 00000000 00000000 00000003 
11.06.2021 15:52:23.834  00000003 00000000 00000000 00000000 00000003 
11.06.2021 15:52:23.846  00001003 00001000 00000000 00000000 00000003 
11.06.2021 15:52:23.867  00001003 00000000 00000000 00000000 00000003 
11.06.2021 15:52:23.870  00000003 00000000 00000000 00000000 00000003 
11.06.2021 15:52:23.882  00001003 00001000 00000000 00000000 00000003 
11.06.2021 15:52:23.903  00001003 00000000 00000000 00000000 00000003 
11.06.2021 15:52:23.906  00000003 00000000 00000000 00000000 00000003 
11.06.2021 15:52:23.921  00001003 00001000 00000000 00000000 00000003 
11.06.2021 15:52:23.939  00001003 00000000 00000000 00000000 00000003 
11.06.2021 15:52:23.942  00000003 00000000 00000000 00000000 00000003 
11.06.2021 15:52:23.954  00001003 00001000 00000000 00000000 00000003 
11.06.2021 15:52:23.975  00001003 00000000 00000000 00000000 00000003 
11.06.2021 15:52:23.978  00000003 00000000 00000000 00000000 00000003 
11.06.2021 15:52:24.104  00001003 00000000 00000000 00000000 00000003 
11.06.2021 15:52:24.107  00001003 00000000 00001000 00000000 00000003 
11.06.2021 15:52:24.185  00000003 00000000 00001000 00000000 00000003 
11.06.2021 15:52:24.188  00000003 00000000 00000000 00000000 00000003 
11.06.2021 15:52:24.320  00001003 00000000 00000000 00001000 00000003 
11.06.2021 15:52:24.329  00000003 00000000 00000000 00001000 00000003 
11.06.2021 15:52:24.332  00001003 00000000 00000000 00001000 00000003 
11.06.2021 15:52:24.341  00000003 00000000 00000000 00000000 00000003 
11.06.2021 15:52:24.344  00001003 00000000 00000000 00001000 00000003 
11.06.2021 15:52:24.353  00000003 00000000 00000000 00000000 00000003 
11.06.2021 15:52:24.356  00001003 00000000 00000000 00001000 00000003 
11.06.2021 15:52:24.365  00000003 00000000 00000000 00001000 00000003 
11.06.2021 15:52:24.368  00001003 00000000 00000000 00001000 00000003 
11.06.2021 15:52:24.377  00000003 00000000 00000000 00001000 00000003 
11.06.2021 15:52:24.380  00001003 00000000 00000000 00001000 00000003 
11.06.2021 15:52:24.389  00000003 00000000 00000000 00001000 00000003 
11.06.2021 15:52:24.392  00001003 00000000 00000000 00001000 00000003 
11.06.2021 15:52:24.410  00000003 00000000 00000000 00001000 00000003 
11.06.2021 15:52:24.413  00001003 00000000 00000000 00000000 00000003 
11.06.2021 15:52:24.416  00001003 00000000 00000000 00001000 00000003 
11.06.2021 15:52:24.425  00001003 00000000 00000000 00000000 00000003 
11.06.2021 15:52:24.428  00001003 00000000 00000000 00001000 00000003 
11.06.2021 15:52:24.434  00000003 00000000 00000000 00001000 00000003 
11.06.2021 15:52:24.437  00001003 00000000 00000000 00000000 00000003 
11.06.2021 15:52:24.440  00001003 00000000 00000000 00001000 00000003 
11.06.2021 15:52:24.449  00001003 00000000 00000000 00000000 00000003 
11.06.2021 15:52:24.452  00001003 00000000 00000000 00001000 00000003 
11.06.2021 15:52:24.458  00000003 00000000 00000000 00001000 00000003 
11.06.2021 15:52:24.461  00000003 00000000 00000000 00000000 00000003 
11.06.2021 15:52:24.464  00001003 00000000 00000000 00000000 00000003 
11.06.2021 15:52:24.467  00001003 00000000 00000000 00001000 00000003 
11.06.2021 15:52:24.473  00000003 00000000 00000000 00001000 00000003 
11.06.2021 15:52:24.476  00001003 00000000 00000000 00001000 00000003 
11.06.2021 15:52:24.503  00000003 00000000 00000000 00001000 00000003 
11.06.2021 15:52:24.506  00000003 00000000 00000000 00000000 00000003 
11.06.2021 15:52:24.509  00001003 00000000 00000000 00000000 00000003 
11.06.2021 15:52:24.512  00001003 00000000 00000000 00001000 00000003 
11.06.2021 15:52:24.518  00000003 00000000 00000000 00001000 00000003 
11.06.2021 15:52:24.521  00001003 00000000 00000000 00001000 00000003 
11.06.2021 15:52:24.596  00000003 00000000 00000000 00000000 00000003 
11.06.2021 15:52:24.725  00001003 00000000 00000000 00000000 00001003 
11.06.2021 15:52:24.815  00000003 00000000 00000000 00000000 00000003 
11.06.2021 15:52:24.914  00000003 00000000 00400000 00000000 00000003 
11.06.2021 15:52:24.917  00000003 00000000 00000000 00000000 00000003 
11.06.2021 15:52:25.022  00000003 00000000 00000000 00400000 00000003 
11.06.2021 15:52:25.025  00000003 00000000 00000000 00000000 00000003 
11.06.2021 15:52:25.121  00000003 00000000 00000000 00000000 00400003 
11.06.2021 15:52:25.124  00000003 00000000 00000000 00000000 00000003 
11.06.2021 15:52:25.268  00000003 00000000 00000000 00000000 00800003 
11.06.2021 15:52:25.271  00000003 00000000 00000000 00000000 00000003 
11.06.2021 15:52:25.628  00001003 00000000 00001000 00000000 00000003 
11.06.2021 15:52:25.712  00000003 00000000 00001000 00000000 00000003 
11.06.2021 15:52:25.715  00000003 00000000 00000000 00000000 00000003 
11.06.2021 15:52:25.853  00001003 00000000 00000000 00000000 00001003 
11.06.2021 15:52:25.931  00000003 00000000 00000000 00000000 00000003 
11.06.2021 15:52:26.081  00001003 00000000 00001000 00000000 00000003 
11.06.2021 15:52:26.162  00000003 00000000 00001000 00000000 00000003 
11.06.2021 15:52:26.165  00000003 00000000 00000000 00000000 00000003 
11.06.2021 15:52:26.303  00001003 00000000 00000000 00000000 00001003 
11.06.2021 15:52:26.381  00000003 00000000 00000000 00000000 00000003 
11.06.2021 15:52:27.311  00000003 00000000 00800000 00000000 00000003 
11.06.2021 15:52:27.314  00000003 00000000 00000000 00000000 00000003 
11.06.2021 15:52:27.446  00000003 00000000 00000000 00800000 00000003 
11.06.2021 15:52:27.449  00000003 00000000 00000000 00000000 00000003 
11.06.2021 15:52:27.587  00004003 00000000 00004000 00000000 00000003 
11.06.2021 15:52:27.674  00000003 00000000 00004000 00000000 00000003 
11.06.2021 15:52:27.677  00000003 00000000 00000000 00000000 00000003 
11.06.2021 15:52:27.815  00004003 00000000 00000000 00000000 00004003 
11.06.2021 15:52:27.890  00000003 00000000 00000000 00000000 00000003 
11.06.2021 15:52:28.043  00004003 00000000 00004000 00000000 00000003 
11.06.2021 15:52:28.127  00000003 00000000 00000000 00000000 00000003 
11.06.2021 15:52:28.265  00004003 00000000 00000000 00000000 00004003 
11.06.2021 15:52:28.340  00000003 00000000 00000000 00000000 00000003 
11.06.2021 15:52:28.721  00004003 00004000 00000000 00000000 00000003 
11.06.2021 15:52:29.936  00004003 00000000 00000000 00000000 00000003 
11.06.2021 15:52:29.942  00000003 00000000 00000000 00000000 00000003 
11.06.2021 15:52:30.323  00004003 00000000 00000000 00004000 00000003 
11.06.2021 15:52:31.037  00000003 00000000 00000000 00000000 00000003 
11.06.2021 15:52:31.553  00002003 00000000 00000000 00002000 00000003 
11.06.2021 15:54:53.667  00000000 00000000 00000000 00000000 00000000 
11.06.2021 15:54:53.691  00000080 00000080 00000000 00000000 00000000 
11.06.2021 15:54:53.694  00002080 00000080 00000000 00002000 00000000 
11.06.2021 15:54:53.787  00002082 00000080 00000000 00002000 00000002 
11.06.2021 15:54:53.793  00002083 00000080 00000000 00002000 00000003 
11.06.2021 15:54:53.850  000020c3 00000080 00000000 00002040 00000003 
11.06.2021 15:54:53.874  00002083 00000080 00000000 00002000 00000003 
11.06.2021 15:54:53.880  00002083 00000000 00000000 00002000 00000003 
11.06.2021 15:54:53.886  00002003 00000000 00000000 00002000 00000003 
11.06.2021 15:54:53.955  00002000 00000000 00000000 00002000 00000002 
11.06.2021 15:54:53.958  00000000 00000000 00000000 00000000 00000000 
11.06.2021 15:54:54.102  00000001 00000000 00000000 00000000 00000001 
11.06.2021 15:54:54.180  00000000 00000000 00000000 00000000 00000000 
11.06.2021 15:54:54.312  00000002 00000000 00000000 00000000 00000002 
11.06.2021 15:54:54.396  00000000 00000000 00000000 00000000 00000000 
11.06.2021 15:54:54.492  00002000 00000000 00000000 00002000 00000000 
11.06.2021 15:54:54.525  00000000 00000000 00000000 00000000 00000000 
11.06.2021 16:08:36.045  00000080 00000080 00000000 00000000 00000000 
11.06.2021 16:08:36.048  00002080 00000080 00000000 00002000 00000000 
11.06.2021 16:12:34.821  000003b3 000000b0 00000200 00000000 00010103 
11.06.2021 16:12:34.980  000001b3 000000b0 00000000 00000000 00010103 
11.06.2021 16:12:34.989  000000b3 000000b0 00000000 00000000 00000003 
11.06.2021 16:12:50.979  000000b3 00000000 00000000 00000000 00000003 
11.06.2021 16:12:50.985  00000003 00000000 00000000 00000000 00000003 
11.06.2021 16:12:51.342  80000003 80000000 00000000 00000000 00000003 
11.06.2021 16:12:51.348  00000003 00000000 00000000 00000000 00000003 
11.06.2021 16:12:51.441  00000033 00000030 00000000 00000000 00000003 
11.06.2021 16:12:51.504  00000033 00000000 00000000 00000000 00000003 
11.06.2021 16:12:51.510  00000003 00000000 00000000 00000000 00000003 
11.06.2021 16:12:54.636  00000033 00000030 00000000 00000000 00000003 
11.06.2021 16:12:54.708  00000033 00000000 00000000 00000000 00000003 
11.06.2021 16:12:54.714  00000003 00000000 00000000 00000000 00000003 
11.06.2021 16:12:54.855  00000043 00000000 00000000 00000040 00000003 
11.06.2021 16:12:54.867  000000c3 00000080 00000000 00000040 00000003 
11.06.2021 16:12:54.870  000020c3 00000080 00000000 00002040 00000003 
11.06.2021 16:12:54.948  00002083 00000080 00000000 00002000 00000003 
11.06.2021 16:12:54.951  00002083 00000000 00000000 00002000 00000003 
11.06.2021 16:12:54.957  00002003 00000000 00000000 00002000 00000003 
11.06.2021 16:12:54.960  00000003 00000000 00000000 00000000 00000003 
11.06.2021 16:12:55.080  00000083 00000080 00000000 00000000 00000003 
11.06.2021 16:12:55.140  00000083 00000000 00000000 00000000 00000003 
11.06.2021 16:12:55.146  00000003 00000000 00000000 00000000 00000003 
11.06.2021 16:12:55.284  00000083 00000080 00000000 00000000 00000003 
11.06.2021 16:12:55.356  00000083 00000000 00000000 00000000 00000003 
11.06.2021 16:12:55.362  00000003 00000000 00000000 00000000 00000003 
11.06.2021 16:12:55.503  00000103 00000000 00000000 00000000 00000003 
11.06.2021 16:12:55.506  00000103 00000000 00000000 00000000 00010103 
11.06.2021 16:12:55.593  00000003 00000000 00000000 00000000 00000003 
11.06.2021 16:12:55.758  00000103 00000000 00000000 00000000 00010103 
11.06.2021 16:12:55.842  00000003 00000000 00000000 00000000 00000003 
11.06.2021 16:12:55.983  00000203 00000000 00000000 00000000 00000003 
11.06.2021 16:12:55.986  00000203 00000000 00000200 00000000 00000003 
11.06.2021 16:12:56.076  00000003 00000000 00000000 00000000 00000003 
11.06.2021 16:12:56.385  00000203 00000000 00000000 00000000 00000003 
11.06.2021 16:12:56.388  00000203 00000000 00000200 00000000 00000003 
11.06.2021 16:12:56.475  00000003 00000000 00000000 00000000 00000003 
11.06.2021 16:12:56.592  00001003 00001000 00000000 00000000 00000003 
11.06.2021 16:12:56.601  00001003 00000000 00000000 00000000 00000003 
11.06.2021 16:12:56.604  00000003 00000000 00000000 00000000 00000003 
11.06.2021 16:12:56.628  00001003 00001000 00000000 00000000 00000003 
11.06.2021 16:12:56.637  00001003 00000000 00000000 00000000 00000003 
11.06.2021 16:12:56.640  00000003 00000000 00000000 00000000 00000003 
11.06.2021 16:12:56.661  00001003 00001000 00000000 00000000 00000003 
11.06.2021 16:12:56.673  00001003 00000000 00000000 00000000 00000003 
11.06.2021 16:12:56.676  00000003 00000000 00000000 00000000 00000003 
11.06.2021 16:12:56.688  00001003 00001000 00000000 00000000 00000003 
11.06.2021 16:12:56.709  00001003 00000000 00000000 00000000 00000003 
11.06.2021 16:12:56.712  00000003 00000000 00000000 00000000 00000003 
11.06.2021 16:12:56.727  00001003 00001000 00000000 00000000 00000003 
11.06.2021 16:12:56.745  00001003 00000000 00000000 00000000 00000003 
11.06.2021 16:12:56.748  00000003 00000000 00000000 00000000 00000003 
11.06.2021 16:12:56.763  00001003 00001000 00000000 00000000 00000003 
11.06.2021 16:12:56.781  00001003 00000000 00000000 00000000 00000003 
11.06.2021 16:12:56.784  00000003 00000000 00000000 00000000 00000003 
11.06.2021 16:12:56.796  00001003 00001000 00000000 00000000 00000003 
11.06.2021 16:12:56.817  00001003 00000000 00000000 00000000 00000003 
11.06.2021 16:12:56.820  00000003 00000000 00000000 00000000 00000003 
11.06.2021 16:12:56.835  00001003 00001000 00000000 00000000 00000003 
11.06.2021 16:12:56.853  00001003 00000000 00000000 00000000 00000003 
11.06.2021 16:12:56.856  00000003 00000000 00000000 00000000 00000003 
11.06.2021 16:12:56.868  00001003 00001000 00000000 00000000 00000003 
11.06.2021 16:12:56.889  00001003 00000000 00000000 00000000 00000003 
11.06.2021 16:12:56.892  00000003 00000000 00000000 00000000 00000003 
11.06.2021 16:12:56.907  00001003 00001000 00000000 00000000 00000003 
11.06.2021 16:12:56.925  00001003 00000000 00000000 00000000 00000003 
11.06.2021 16:12:56.928  00000003 00000000 00000000 00000000 00000003 
11.06.2021 16:12:56.940  00001003 00001000 00000000 00000000 00000003 
11.06.2021 16:12:56.961  00001003 00000000 00000000 00000000 00000003 
11.06.2021 16:12:56.964  00000003 00000000 00000000 00000000 00000003 
11.06.2021 16:12:56.976  00001003 00001000 00000000 00000000 00000003 
11.06.2021 16:12:56.997  00001003 00000000 00000000 00000000 00000003 
11.06.2021 16:12:57.000  00000003 00000000 00000000 00000000 00000003 
11.06.2021 16:12:57.018  00001003 00001000 00000000 00000000 00000003 
11.06.2021 16:12:57.033  00001003 00000000 00000000 00000000 00000003 
11.06.2021 16:12:57.036  00000003 00000000 00000000 00000000 00000003 
11.06.2021 16:12:57.051  00001003 00001000 00000000 00000000 00000003 
11.06.2021 16:12:57.069  00001003 00000000 00000000 00000000 00000003 
11.06.2021 16:12:57.072  00000003 00000000 00000000 00000000 00000003 
11.06.2021 16:12:57.087  00001003 00001000 00000000 00000000 00000003 
11.06.2021 16:12:57.105  00001003 00000000 00000000 00000000 00000003 
11.06.2021 16:12:57.108  00000003 00000000 00000000 00000000 00000003 
11.06.2021 16:12:57.123  00001003 00001000 00000000 00000000 00000003 
11.06.2021 16:12:57.141  00001003 00000000 00000000 00000000 00000003 
11.06.2021 16:12:57.144  00000003 00000000 00000000 00000000 00000003 
11.06.2021 16:12:57.159  00001003 00001000 00000000 00000000 00000003 
11.06.2021 16:12:57.177  00001003 00000000 00000000 00000000 00000003 
11.06.2021 16:12:57.180  00000003 00000000 00000000 00000000 00000003 
11.06.2021 16:12:57.192  00001003 00001000 00000000 00000000 00000003 
11.06.2021 16:12:57.213  00001003 00000000 00000000 00000000 00000003 
11.06.2021 16:12:57.216  00000003 00000000 00000000 00000000 00000003 
11.06.2021 16:12:57.228  00001003 00001000 00000000 00000000 00000003 
11.06.2021 16:12:57.249  00001003 00000000 00000000 00000000 00000003 
11.06.2021 16:12:57.252  00000003 00000000 00000000 00000000 00000003 
11.06.2021 16:12:57.267  00001003 00001000 00000000 00000000 00000003 
11.06.2021 16:12:57.285  00001003 00000000 00000000 00000000 00000003 
11.06.2021 16:12:57.288  00000003 00000000 00000000 00000000 00000003 
11.06.2021 16:12:57.300  00001003 00001000 00000000 00000000 00000003 
11.06.2021 16:12:57.321  00001003 00000000 00000000 00000000 00000003 
11.06.2021 16:12:57.324  00000003 00000000 00000000 00000000 00000003 
11.06.2021 16:12:57.342  00001003 00001000 00000000 00000000 00000003 
11.06.2021 16:12:57.357  00001003 00000000 00000000 00000000 00000003 
11.06.2021 16:12:57.360  00000003 00000000 00000000 00000000 00000003 
11.06.2021 16:12:57.372  00001003 00001000 00000000 00000000 00000003 
11.06.2021 16:12:57.393  00001003 00000000 00000000 00000000 00000003 
11.06.2021 16:12:57.396  00000003 00000000 00000000 00000000 00000003 
11.06.2021 16:12:57.408  00001003 00001000 00000000 00000000 00000003 
11.06.2021 16:12:57.429  00001003 00000000 00000000 00000000 00000003 
11.06.2021 16:12:57.432  00000003 00000000 00000000 00000000 00000003 
11.06.2021 16:12:57.444  00001003 00001000 00000000 00000000 00000003 
11.06.2021 16:12:57.465  00001003 00000000 00000000 00000000 00000003 
11.06.2021 16:12:57.468  00000003 00000000 00000000 00000000 00000003 
11.06.2021 16:12:57.480  00001003 00001000 00000000 00000000 00000003 
11.06.2021 16:12:57.501  00001003 00000000 00000000 00000000 00000003 
11.06.2021 16:12:57.504  00000003 00000000 00000000 00000000 00000003 
11.06.2021 16:12:57.636  00001003 00000000 00001000 00000000 00000003 
11.06.2021 16:12:57.711  00000003 00000000 00001000 00000000 00000003 
11.06.2021 16:12:57.714  00000003 00000000 00000000 00000000 00000003 
11.06.2021 16:12:57.864  00001003 00000000 00000000 00001000 00000003 
11.06.2021 16:12:57.873  00000003 00000000 00000000 00000000 00000003 
11.06.2021 16:12:57.876  00001003 00000000 00000000 00001000 00000003 
11.06.2021 16:12:57.885  00000003 00000000 00000000 00000000 00000003 
11.06.2021 16:12:57.888  00001003 00000000 00000000 00001000 00000003 
11.06.2021 16:12:57.897  00000003 00000000 00000000 00000000 00000003 
11.06.2021 16:12:57.900  00001003 00000000 00000000 00001000 00000003 
11.06.2021 16:12:57.909  00000003 00000000 00000000 00000000 00000003 
11.06.2021 16:12:57.912  00001003 00000000 00000000 00001000 00000003 
11.06.2021 16:12:57.921  00000003 00000000 00000000 00000000 00000003 
11.06.2021 16:12:57.924  00001003 00000000 00000000 00001000 00000003 
11.06.2021 16:12:57.933  00000003 00000000 00000000 00000000 00000003 
11.06.2021 16:12:57.936  00001003 00000000 00000000 00001000 00000003 
11.06.2021 16:12:57.954  00000003 00000000 00000000 00001000 00000003 
11.06.2021 16:12:57.957  00001003 00000000 00000000 00001000 00000003 
11.06.2021 16:12:57.966  00000003 00000000 00000000 00001000 00000003 
11.06.2021 16:12:57.969  00001003 00000000 00000000 00001000 00000003 
11.06.2021 16:12:57.978  00000003 00000000 00000000 00001000 00000003 
11.06.2021 16:12:57.981  00001003 00000000 00000000 00001000 00000003 
11.06.2021 16:12:57.990  00000003 00000000 00000000 00001000 00000003 
11.06.2021 16:12:57.993  00001003 00000000 00000000 00001000 00000003 
11.06.2021 16:12:58.002  00000003 00000000 00000000 00001000 00000003 
11.06.2021 16:12:58.005  00000003 00000000 00000000 00000000 00000003 
11.06.2021 16:12:58.008  00001003 00000000 00000000 00000000 00000003 
11.06.2021 16:12:58.011  00001003 00000000 00000000 00001000 00000003 
11.06.2021 16:12:58.047  00000003 00000000 00000000 00001000 00000003 
11.06.2021 16:12:58.050  00000003 00000000 00000000 00000000 00000003 
11.06.2021 16:12:58.053  00001003 00000000 00000000 00000000 00000003 
11.06.2021 16:12:58.056  00001003 00000000 00000000 00001000 00000003 
11.06.2021 16:12:58.062  00000003 00000000 00000000 00001000 00000003 
11.06.2021 16:12:58.065  00001003 00000000 00000000 00001000 00000003 
11.06.2021 16:12:58.140  00000003 00000000 00000000 00000000 00000003 
11.06.2021 16:12:58.269  00001003 00000000 00000000 00000000 00001003 
11.06.2021 16:12:58.359  00000003 00000000 00000000 00000000 00000003 
11.06.2021 16:12:58.458  00000003 00000000 00400000 00000000 00000003 
11.06.2021 16:12:58.461  00000003 00000000 00000000 00000000 00000003 
11.06.2021 16:12:58.566  00000003 00000000 00000000 00400000 00000003 
11.06.2021 16:12:58.569  00000003 00000000 00000000 00000000 00000003 
11.06.2021 16:12:58.665  00000003 00000000 00000000 00000000 00400003 
11.06.2021 16:12:58.668  00000003 00000000 00000000 00000000 00000003 
11.06.2021 16:12:58.812  00000003 00000000 00000000 00000000 00800003 
11.06.2021 16:12:58.815  00000003 00000000 00000000 00000000 00000003 
11.06.2021 16:12:59.169  00001003 00000000 00001000 00000000 00000003 
11.06.2021 16:12:59.256  00000003 00000000 00001000 00000000 00000003 
11.06.2021 16:12:59.259  00000003 00000000 00000000 00000000 00000003 
11.06.2021 16:12:59.397  00001003 00000000 00000000 00000000 00001003 
11.06.2021 16:12:59.475  00000003 00000000 00000000 00000000 00000003 
11.06.2021 16:12:59.625  00001003 00000000 00001000 00000000 00000003 
11.06.2021 16:12:59.709  00000003 00000000 00001000 00000000 00000003 
11.06.2021 16:12:59.712  00000003 00000000 00000000 00000000 00000003 
11.06.2021 16:12:59.847  00001003 00000000 00000000 00000000 00001003 
11.06.2021 16:12:59.922  00000003 00000000 00000000 00000000 00000003 
11.06.2021 16:13:00.675  00000003 00000000 00800000 00000000 00000003 
11.06.2021 16:13:00.678  00000003 00000000 00000000 00000000 00000003 
11.06.2021 16:13:00.810  00000003 00000000 00000000 00800000 00000003 
11.06.2021 16:13:00.813  00000003 00000000 00000000 00000000 00000003 
11.06.2021 16:13:00.951  00004003 00000000 00004000 00000000 00000003 
11.06.2021 16:13:01.038  00000003 00000000 00004000 00000000 00000003 
11.06.2021 16:13:01.041  00000003 00000000 00000000 00000000 00000003 
11.06.2021 16:13:01.356  00004003 00000000 00000000 00000000 00004003 
11.06.2021 16:13:01.434  00000003 00000000 00000000 00000000 00000003 
11.06.2021 16:13:01.584  00004003 00000000 00004000 00000000 00000003 
11.06.2021 16:13:01.668  00000003 00000000 00004000 00000000 00000003 
11.06.2021 16:13:01.671  00000003 00000000 00000000 00000000 00000003 
11.06.2021 16:13:01.809  00004003 00000000 00000000 00000000 00004003 
11.06.2021 16:13:01.884  00000003 00000000 00000000 00000000 00000003 
11.06.2021 16:13:02.121  00004003 00004000 00000000 00000000 00000003 
11.06.2021 16:13:03.333  00004003 00000000 00000000 00000000 00000003 
11.06.2021 16:13:03.339  00000003 00000000 00000000 00000000 00000003 
11.06.2021 16:13:03.552  00004003 00000000 00000000 00000000 00000003 
11.06.2021 16:13:03.555  00004003 00000000 00000000 00004000 00000003 
11.06.2021 16:13:04.281  00000003 00000000 00000000 00000000 00000003 
11.06.2021 16:13:04.827  00002003 00000000 00000000 00002000 00000003 
11.06.2021 16:13:06.090  00000000 00000000 00000000 00000000 00000000 
11.06.2021 16:13:06.123  00000080 00000080 00000000 00000000 00000000 
11.06.2021 16:13:06.126  00002080 00000080 00000000 00002000 00000000 
11.06.2021 16:13:06.219  00002082 00000080 00000000 00002000 00000002 
11.06.2021 16:13:06.225  00002083 00000080 00000000 00002000 00000003 
11.06.2021 16:13:06.282  000020c3 00000080 00000000 00002040 00000003 
11.06.2021 16:13:06.306  00002083 00000080 00000000 00002000 00000003 
11.06.2021 16:13:06.315  00002083 00000000 00000000 00002000 00000003 
11.06.2021 16:13:06.321  00002003 00000000 00000000 00002000 00000003 
11.06.2021 16:13:06.378  00002000 00000000 00000000 00002000 00000003 
11.06.2021 16:13:06.381  00000000 00000000 00000000 00000000 00000000 
11.06.2021 16:13:06.531  00000001 00000000 00000000 00000000 00000001 
11.06.2021 16:13:06.618  00000000 00000000 00000000 00000000 00000000 
11.06.2021 16:13:06.753  00000002 00000000 00000000 00000000 00000002 
11.06.2021 16:13:06.834  00000000 00000000 00000000 00000000 00000000 
11.06.2021 16:13:06.945  00002000 00000000 00000000 00002000 00000000 
11.06.2021 16:13:06.978  00000000 00000000 00000000 00000000 00000000 
11.06.2021 18:56:40.930  00002002 00000000 00000000 00002000 00000002 
11.06.2021 18:56:40.933  00002003 00000000 00000000 00002000 00000002 
11.06.2021 18:56:40.936  00002003 00000000 00000000 00002000 00000003 
11.06.2021 18:57:00.988  00002803 00000000 00000000 00002000 00000003 
11.06.2021 18:57:00.991  00002803 00000000 00000000 00002800 00000003 
11.06.2021 19:06:46.315  00002883 00000080 00000000 00002800 00000003 
11.06.2021 19:06:46.333  00002083 00000080 00000000 00002000 00000003 

Servicedata V1.0 PLC:\DEBUG\S_State.service.trace created 15.06.2021 13:45:51 (local time)
hostname: hu, Software: 606421 04, built: 08.10.2014 08:59
-------------------------------------------------------------------------------------------
                    ms   global   master   device1
11.06.2021 15:52:24.368  00001003 00000000 00000000 00001000 00000003 
11.06.2021 15:52:24.377  00000003 00000000 00000000 00001000 00000003 
11.06.2021 15:52:24.380  00001003 00000000 00000000 00001000 00000003 
11.06.2021 15:52:24.389  00000003 00000000 00000000 00001000 00000003 
11.06.2021 15:52:24.392  00001003 00000000 00000000 00001000 00000003 
11.06.2021 15:52:24.410  00000003 00000000 00000000 00001000 00000003 
11.06.2021 15:52:24.413  00001003 00000000 00000000 00000000 00000003 
11.06.2021 15:52:24.416  00001003 00000000 00000000 00001000 00000003 
11.06.2021 15:52:24.425  00001003 00000000 00000000 00000000 00000003 
11.06.2021 15:52:24.428  00001003 00000000 00000000 00001000 00000003 
11.06.2021 15:52:24.434  00000003 00000000 00000000 00001000 00000003 
11.06.2021 15:52:24.437  00001003 00000000 00000000 00000000 00000003 
11.06.2021 15:52:24.440  00001003 00000000 00000000 00001000 00000003 
11.06.2021 15:52:24.449  00001003 00000000 00000000 00000000 00000003 
11.06.2021 15:52:24.452  00001003 00000000 00000000 00001000 00000003 
11.06.2021 15:52:24.458  00000003 00000000 00000000 00001000 00000003 
11.06.2021 15:52:24.461  00000003 00000000 00000000 00000000 00000003 
11.06.2021 15:52:24.464  00001003 00000000 00000000 00000000 00000003 
11.06.2021 15:52:24.467  00001003 00000000 00000000 00001000 00000003 
11.06.2021 15:52:24.473  00000003 00000000 00000000 00001000 00000003 
11.06.2021 15:52:24.476  00001003 00000000 00000000 00001000 00000003 
11.06.2021 15:52:24.503  00000003 00000000 00000000 00001000 00000003 
11.06.2021 15:52:24.506  00000003 00000000 00000000 00000000 00000003 
11.06.2021 15:52:24.509  00001003 00000000 00000000 00000000 00000003 
11.06.2021 15:52:24.512  00001003 00000000 00000000 00001000 00000003 
11.06.2021 15:52:24.518  00000003 00000000 00000000 00001000 00000003 
11.06.2021 15:52:24.521  00001003 00000000 00000000 00001000 00000003 
11.06.2021 15:52:24.596  00000003 00000000 00000000 00000000 00000003 
11.06.2021 15:52:24.725  00001003 00000000 00000000 00000000 00001003 
11.06.2021 15:52:24.815  00000003 00000000 00000000 00000000 00000003 
11.06.2021 15:52:24.914  00000003 00000000 00400000 00000000 00000003 
11.06.2021 15:52:24.917  00000003 00000000 00000000 00000000 00000003 
11.06.2021 15:52:25.022  00000003 00000000 00000000 00400000 00000003 
11.06.2021 15:52:25.025  00000003 00000000 00000000 00000000 00000003 
11.06.2021 15:52:25.121  00000003 00000000 00000000 00000000 00400003 
11.06.2021 15:52:25.124  00000003 00000000 00000000 00000000 00000003 
11.06.2021 15:52:25.268  00000003 00000000 00000000 00000000 00800003 
11.06.2021 15:52:25.271  00000003 00000000 00000000 00000000 00000003 
11.06.2021 15:52:25.628  00001003 00000000 00001000 00000000 00000003 
11.06.2021 15:52:25.712  00000003 00000000 00001000 00000000 00000003 
11.06.2021 15:52:25.715  00000003 00000000 00000000 00000000 00000003 
11.06.2021 15:52:25.853  00001003 00000000 00000000 00000000 00001003 
11.06.2021 15:52:25.931  00000003 00000000 00000000 00000000 00000003 
11.06.2021 15:52:26.081  00001003 00000000 00001000 00000000 00000003 
11.06.2021 15:52:26.162  00000003 00000000 00001000 00000000 00000003 
11.06.2021 15:52:26.165  00000003 00000000 00000000 00000000 00000003 
11.06.2021 15:52:26.303  00001003 00000000 00000000 00000000 00001003 
11.06.2021 15:52:26.381  00000003 00000000 00000000 00000000 00000003 
11.06.2021 15:52:27.311  00000003 00000000 00800000 00000000 00000003 
11.06.2021 15:52:27.314  00000003 00000000 00000000 00000000 00000003 
11.06.2021 15:52:27.446  00000003 00000000 00000000 00800000 00000003 
11.06.2021 15:52:27.449  00000003 00000000 00000000 00000000 00000003 
11.06.2021 15:52:27.587  00004003 00000000 00004000 00000000 00000003 
11.06.2021 15:52:27.674  00000003 00000000 00004000 00000000 00000003 
11.06.2021 15:52:27.677  00000003 00000000 00000000 00000000 00000003 
11.06.2021 15:52:27.815  00004003 00000000 00000000 00000000 00004003 
11.06.2021 15:52:27.890  00000003 00000000 00000000 00000000 00000003 
11.06.2021 15:52:28.043  00004003 00000000 00004000 00000000 00000003 
11.06.2021 15:52:28.127  00000003 00000000 00000000 00000000 00000003 
11.06.2021 15:52:28.265  00004003 00000000 00000000 00000000 00004003 
11.06.2021 15:52:28.340  00000003 00000000 00000000 00000000 00000003 
11.06.2021 15:52:28.721  00004003 00004000 00000000 00000000 00000003 
11.06.2021 15:52:29.936  00004003 00000000 00000000 00000000 00000003 
11.06.2021 15:52:29.942  00000003 00000000 00000000 00000000 00000003 
11.06.2021 15:52:30.323  00004003 00000000 00000000 00004000 00000003 
11.06.2021 15:52:31.037  00000003 00000000 00000000 00000000 00000003 
11.06.2021 15:52:31.553  00002003 00000000 00000000 00002000 00000003 
11.06.2021 15:54:53.667  00000000 00000000 00000000 00000000 00000000 
11.06.2021 15:54:53.691  00000080 00000080 00000000 00000000 00000000 
11.06.2021 15:54:53.694  00002080 00000080 00000000 00002000 00000000 
11.06.2021 15:54:53.787  00002082 00000080 00000000 00002000 00000002 
11.06.2021 15:54:53.793  00002083 00000080 00000000 00002000 00000003 
11.06.2021 15:54:53.850  000020c3 00000080 00000000 00002040 00000003 
11.06.2021 15:54:53.874  00002083 00000080 00000000 00002000 00000003 
11.06.2021 15:54:53.880  00002083 00000000 00000000 00002000 00000003 
11.06.2021 15:54:53.886  00002003 00000000 00000000 00002000 00000003 
11.06.2021 15:54:53.955  00002000 00000000 00000000 00002000 00000002 
11.06.2021 15:54:53.958  00000000 00000000 00000000 00000000 00000000 
11.06.2021 15:54:54.102  00000001 00000000 00000000 00000000 00000001 
11.06.2021 15:54:54.180  00000000 00000000 00000000 00000000 00000000 
11.06.2021 15:54:54.312  00000002 00000000 00000000 00000000 00000002 
11.06.2021 15:54:54.396  00000000 00000000 00000000 00000000 00000000 
11.06.2021 15:54:54.492  00002000 00000000 00000000 00002000 00000000 
11.06.2021 15:54:54.525  00000000 00000000 00000000 00000000 00000000 
11.06.2021 16:08:36.045  00000080 00000080 00000000 00000000 00000000 
11.06.2021 16:08:36.048  00002080 00000080 00000000 00002000 00000000 
11.06.2021 16:12:34.821  000003b3 000000b0 00000200 00000000 00010103 
11.06.2021 16:12:34.980  000001b3 000000b0 00000000 00000000 00010103 
11.06.2021 16:12:34.989  000000b3 000000b0 00000000 00000000 00000003 
11.06.2021 16:12:50.979  000000b3 00000000 00000000 00000000 00000003 
11.06.2021 16:12:50.985  00000003 00000000 00000000 00000000 00000003 
11.06.2021 16:12:51.342  80000003 80000000 00000000 00000000 00000003 
11.06.2021 16:12:51.348  00000003 00000000 00000000 00000000 00000003 
11.06.2021 16:12:51.441  00000033 00000030 00000000 00000000 00000003 
11.06.2021 16:12:51.504  00000033 00000000 00000000 00000000 00000003 
11.06.2021 16:12:51.510  00000003 00000000 00000000 00000000 00000003 
11.06.2021 16:12:54.636  00000033 00000030 00000000 00000000 00000003 
11.06.2021 16:12:54.708  00000033 00000000 00000000 00000000 00000003 
11.06.2021 16:12:54.714  00000003 00000000 00000000 00000000 00000003 
11.06.2021 16:12:54.855  00000043 00000000 00000000 00000040 00000003 
11.06.2021 16:12:54.867  000000c3 00000080 00000000 00000040 00000003 
11.06.2021 16:12:54.870  000020c3 00000080 00000000 00002040 00000003 
11.06.2021 16:12:54.948  00002083 00000080 00000000 00002000 00000003 
11.06.2021 16:12:54.951  00002083 00000000 00000000 00002000 00000003 
11.06.2021 16:12:54.957  00002003 00000000 00000000 00002000 00000003 
11.06.2021 16:12:54.960  00000003 00000000 00000000 00000000 00000003 
11.06.2021 16:12:55.080  00000083 00000080 00000000 00000000 00000003 
11.06.2021 16:12:55.140  00000083 00000000 00000000 00000000 00000003 
11.06.2021 16:12:55.146  00000003 00000000 00000000 00000000 00000003 
11.06.2021 16:12:55.284  00000083 00000080 00000000 00000000 00000003 
11.06.2021 16:12:55.356  00000083 00000000 00000000 00000000 00000003 
11.06.2021 16:12:55.362  00000003 00000000 00000000 00000000 00000003 
11.06.2021 16:12:55.503  00000103 00000000 00000000 00000000 00000003 
11.06.2021 16:12:55.506  00000103 00000000 00000000 00000000 00010103 
11.06.2021 16:12:55.593  00000003 00000000 00000000 00000000 00000003 
11.06.2021 16:12:55.758  00000103 00000000 00000000 00000000 00010103 
11.06.2021 16:12:55.842  00000003 00000000 00000000 00000000 00000003 
11.06.2021 16:12:55.983  00000203 00000000 00000000 00000000 00000003 
11.06.2021 16:12:55.986  00000203 00000000 00000200 00000000 00000003 
11.06.2021 16:12:56.076  00000003 00000000 00000000 00000000 00000003 
11.06.2021 16:12:56.385  00000203 00000000 00000000 00000000 00000003 
11.06.2021 16:12:56.388  00000203 00000000 00000200 00000000 00000003 
11.06.2021 16:12:56.475  00000003 00000000 00000000 00000000 00000003 
11.06.2021 16:12:56.592  00001003 00001000 00000000 00000000 00000003 
11.06.2021 16:12:56.601  00001003 00000000 00000000 00000000 00000003 
11.06.2021 16:12:56.604  00000003 00000000 00000000 00000000 00000003 
11.06.2021 16:12:56.628  00001003 00001000 00000000 00000000 00000003 
11.06.2021 16:12:56.637  00001003 00000000 00000000 00000000 00000003 
11.06.2021 16:12:56.640  00000003 00000000 00000000 00000000 00000003 
11.06.2021 16:12:56.661  00001003 00001000 00000000 00000000 00000003 
11.06.2021 16:12:56.673  00001003 00000000 00000000 00000000 00000003 
11.06.2021 16:12:56.676  00000003 00000000 00000000 00000000 00000003 
11.06.2021 16:12:56.688  00001003 00001000 00000000 00000000 00000003 
11.06.2021 16:12:56.709  00001003 00000000 00000000 00000000 00000003 
11.06.2021 16:12:56.712  00000003 00000000 00000000 00000000 00000003 
11.06.2021 16:12:56.727  00001003 00001000 00000000 00000000 00000003 
11.06.2021 16:12:56.745  00001003 00000000 00000000 00000000 00000003 
11.06.2021 16:12:56.748  00000003 00000000 00000000 00000000 00000003 
11.06.2021 16:12:56.763  00001003 00001000 00000000 00000000 00000003 
11.06.2021 16:12:56.781  00001003 00000000 00000000 00000000 00000003 
11.06.2021 16:12:56.784  00000003 00000000 00000000 00000000 00000003 
11.06.2021 16:12:56.796  00001003 00001000 00000000 00000000 00000003 
11.06.2021 16:12:56.817  00001003 00000000 00000000 00000000 00000003 
11.06.2021 16:12:56.820  00000003 00000000 00000000 00000000 00000003 
11.06.2021 16:12:56.835  00001003 00001000 00000000 00000000 00000003 
11.06.2021 16:12:56.853  00001003 00000000 00000000 00000000 00000003 
11.06.2021 16:12:56.856  00000003 00000000 00000000 00000000 00000003 
11.06.2021 16:12:56.868  00001003 00001000 00000000 00000000 00000003 
11.06.2021 16:12:56.889  00001003 00000000 00000000 00000000 00000003 
11.06.2021 16:12:56.892  00000003 00000000 00000000 00000000 00000003 
11.06.2021 16:12:56.907  00001003 00001000 00000000 00000000 00000003 
11.06.2021 16:12:56.925  00001003 00000000 00000000 00000000 00000003 
11.06.2021 16:12:56.928  00000003 00000000 00000000 00000000 00000003 
11.06.2021 16:12:56.940  00001003 00001000 00000000 00000000 00000003 
11.06.2021 16:12:56.961  00001003 00000000 00000000 00000000 00000003 
11.06.2021 16:12:56.964  00000003 00000000 00000000 00000000 00000003 
11.06.2021 16:12:56.976  00001003 00001000 00000000 00000000 00000003 
11.06.2021 16:12:56.997  00001003 00000000 00000000 00000000 00000003 
11.06.2021 16:12:57.000  00000003 00000000 00000000 00000000 00000003 
11.06.2021 16:12:57.018  00001003 00001000 00000000 00000000 00000003 
11.06.2021 16:12:57.033  00001003 00000000 00000000 00000000 00000003 
11.06.2021 16:12:57.036  00000003 00000000 00000000 00000000 00000003 
11.06.2021 16:12:57.051  00001003 00001000 00000000 00000000 00000003 
11.06.2021 16:12:57.069  00001003 00000000 00000000 00000000 00000003 
11.06.2021 16:12:57.072  00000003 00000000 00000000 00000000 00000003 
11.06.2021 16:12:57.087  00001003 00001000 00000000 00000000 00000003 
11.06.2021 16:12:57.105  00001003 00000000 00000000 00000000 00000003 
11.06.2021 16:12:57.108  00000003 00000000 00000000 00000000 00000003 
11.06.2021 16:12:57.123  00001003 00001000 00000000 00000000 00000003 
11.06.2021 16:12:57.141  00001003 00000000 00000000 00000000 00000003 
11.06.2021 16:12:57.144  00000003 00000000 00000000 00000000 00000003 
11.06.2021 16:12:57.159  00001003 00001000 00000000 00000000 00000003 
11.06.2021 16:12:57.177  00001003 00000000 00000000 00000000 00000003 
11.06.2021 16:12:57.180  00000003 00000000 00000000 00000000 00000003 
11.06.2021 16:12:57.192  00001003 00001000 00000000 00000000 00000003 
11.06.2021 16:12:57.213  00001003 00000000 00000000 00000000 00000003 
11.06.2021 16:12:57.216  00000003 00000000 00000000 00000000 00000003 
11.06.2021 16:12:57.228  00001003 00001000 00000000 00000000 00000003 
11.06.2021 16:12:57.249  00001003 00000000 00000000 00000000 00000003 
11.06.2021 16:12:57.252  00000003 00000000 00000000 00000000 00000003 
11.06.2021 16:12:57.267  00001003 00001000 00000000 00000000 00000003 
11.06.2021 16:12:57.285  00001003 00000000 00000000 00000000 00000003 
11.06.2021 16:12:57.288  00000003 00000000 00000000 00000000 00000003 
11.06.2021 16:12:57.300  00001003 00001000 00000000 00000000 00000003 
11.06.2021 16:12:57.321  00001003 00000000 00000000 00000000 00000003 
11.06.2021 16:12:57.324  00000003 00000000 00000000 00000000 00000003 
11.06.2021 16:12:57.342  00001003 00001000 00000000 00000000 00000003 
11.06.2021 16:12:57.357  00001003 00000000 00000000 00000000 00000003 
11.06.2021 16:12:57.360  00000003 00000000 00000000 00000000 00000003 
11.06.2021 16:12:57.372  00001003 00001000 00000000 00000000 00000003 
11.06.2021 16:12:57.393  00001003 00000000 00000000 00000000 00000003 
11.06.2021 16:12:57.396  00000003 00000000 00000000 00000000 00000003 
11.06.2021 16:12:57.408  00001003 00001000 00000000 00000000 00000003 
11.06.2021 16:12:57.429  00001003 00000000 00000000 00000000 00000003 
11.06.2021 16:12:57.432  00000003 00000000 00000000 00000000 00000003 
11.06.2021 16:12:57.444  00001003 00001000 00000000 00000000 00000003 
11.06.2021 16:12:57.465  00001003 00000000 00000000 00000000 00000003 
11.06.2021 16:12:57.468  00000003 00000000 00000000 00000000 00000003 
11.06.2021 16:12:57.480  00001003 00001000 00000000 00000000 00000003 
11.06.2021 16:12:57.501  00001003 00000000 00000000 00000000 00000003 
11.06.2021 16:12:57.504  00000003 00000000 00000000 00000000 00000003 
11.06.2021 16:12:57.636  00001003 00000000 00001000 00000000 00000003 
11.06.2021 16:12:57.711  00000003 00000000 00001000 00000000 00000003 
11.06.2021 16:12:57.714  00000003 00000000 00000000 00000000 00000003 
11.06.2021 16:12:57.864  00001003 00000000 00000000 00001000 00000003 
11.06.2021 16:12:57.873  00000003 00000000 00000000 00000000 00000003 
11.06.2021 16:12:57.876  00001003 00000000 00000000 00001000 00000003 
11.06.2021 16:12:57.885  00000003 00000000 00000000 00000000 00000003 
11.06.2021 16:12:57.888  00001003 00000000 00000000 00001000 00000003 
11.06.2021 16:12:57.897  00000003 00000000 00000000 00000000 00000003 
11.06.2021 16:12:57.900  00001003 00000000 00000000 00001000 00000003 
11.06.2021 16:12:57.909  00000003 00000000 00000000 00000000 00000003 
11.06.2021 16:12:57.912  00001003 00000000 00000000 00001000 00000003 
11.06.2021 16:12:57.921  00000003 00000000 00000000 00000000 00000003 
11.06.2021 16:12:57.924  00001003 00000000 00000000 00001000 00000003 
11.06.2021 16:12:57.933  00000003 00000000 00000000 00000000 00000003 
11.06.2021 16:12:57.936  00001003 00000000 00000000 00001000 00000003 
11.06.2021 16:12:57.954  00000003 00000000 00000000 00001000 00000003 
11.06.2021 16:12:57.957  00001003 00000000 00000000 00001000 00000003 
11.06.2021 16:12:57.966  00000003 00000000 00000000 00001000 00000003 
11.06.2021 16:12:57.969  00001003 00000000 00000000 00001000 00000003 
11.06.2021 16:12:57.978  00000003 00000000 00000000 00001000 00000003 
11.06.2021 16:12:57.981  00001003 00000000 00000000 00001000 00000003 
11.06.2021 16:12:57.990  00000003 00000000 00000000 00001000 00000003 
11.06.2021 16:12:57.993  00001003 00000000 00000000 00001000 00000003 
11.06.2021 16:12:58.002  00000003 00000000 00000000 00001000 00000003 
11.06.2021 16:12:58.005  00000003 00000000 00000000 00000000 00000003 
11.06.2021 16:12:58.008  00001003 00000000 00000000 00000000 00000003 
11.06.2021 16:12:58.011  00001003 00000000 00000000 00001000 00000003 
11.06.2021 16:12:58.047  00000003 00000000 00000000 00001000 00000003 
11.06.2021 16:12:58.050  00000003 00000000 00000000 00000000 00000003 
11.06.2021 16:12:58.053  00001003 00000000 00000000 00000000 00000003 
11.06.2021 16:12:58.056  00001003 00000000 00000000 00001000 00000003 
11.06.2021 16:12:58.062  00000003 00000000 00000000 00001000 00000003 
11.06.2021 16:12:58.065  00001003 00000000 00000000 00001000 00000003 
11.06.2021 16:12:58.140  00000003 00000000 00000000 00000000 00000003 
11.06.2021 16:12:58.269  00001003 00000000 00000000 00000000 00001003 
11.06.2021 16:12:58.359  00000003 00000000 00000000 00000000 00000003 
11.06.2021 16:12:58.458  00000003 00000000 00400000 00000000 00000003 
11.06.2021 16:12:58.461  00000003 00000000 00000000 00000000 00000003 
11.06.2021 16:12:58.566  00000003 00000000 00000000 00400000 00000003 
11.06.2021 16:12:58.569  00000003 00000000 00000000 00000000 00000003 
11.06.2021 16:12:58.665  00000003 00000000 00000000 00000000 00400003 
11.06.2021 16:12:58.668  00000003 00000000 00000000 00000000 00000003 
11.06.2021 16:12:58.812  00000003 00000000 00000000 00000000 00800003 
11.06.2021 16:12:58.815  00000003 00000000 00000000 00000000 00000003 
11.06.2021 16:12:59.169  00001003 00000000 00001000 00000000 00000003 
11.06.2021 16:12:59.256  00000003 00000000 00001000 00000000 00000003 
11.06.2021 16:12:59.259  00000003 00000000 00000000 00000000 00000003 
11.06.2021 16:12:59.397  00001003 00000000 00000000 00000000 00001003 
11.06.2021 16:12:59.475  00000003 00000000 00000000 00000000 00000003 
11.06.2021 16:12:59.625  00001003 00000000 00001000 00000000 00000003 
11.06.2021 16:12:59.709  00000003 00000000 00001000 00000000 00000003 
11.06.2021 16:12:59.712  00000003 00000000 00000000 00000000 00000003 
11.06.2021 16:12:59.847  00001003 00000000 00000000 00000000 00001003 
11.06.2021 16:12:59.922  00000003 00000000 00000000 00000000 00000003 
11.06.2021 16:13:00.675  00000003 00000000 00800000 00000000 00000003 
11.06.2021 16:13:00.678  00000003 00000000 00000000 00000000 00000003 
11.06.2021 16:13:00.810  00000003 00000000 00000000 00800000 00000003 
11.06.2021 16:13:00.813  00000003 00000000 00000000 00000000 00000003 
11.06.2021 16:13:00.951  00004003 00000000 00004000 00000000 00000003 
11.06.2021 16:13:01.038  00000003 00000000 00004000 00000000 00000003 
11.06.2021 16:13:01.041  00000003 00000000 00000000 00000000 00000003 
11.06.2021 16:13:01.356  00004003 00000000 00000000 00000000 00004003 
11.06.2021 16:13:01.434  00000003 00000000 00000000 00000000 00000003 
11.06.2021 16:13:01.584  00004003 00000000 00004000 00000000 00000003 
11.06.2021 16:13:01.668  00000003 00000000 00004000 00000000 00000003 
11.06.2021 16:13:01.671  00000003 00000000 00000000 00000000 00000003 
11.06.2021 16:13:01.809  00004003 00000000 00000000 00000000 00004003 
11.06.2021 16:13:01.884  00000003 00000000 00000000 00000000 00000003 
11.06.2021 16:13:02.121  00004003 00004000 00000000 00000000 00000003 
11.06.2021 16:13:03.333  00004003 00000000 00000000 00000000 00000003 
11.06.2021 16:13:03.339  00000003 00000000 00000000 00000000 00000003 
11.06.2021 16:13:03.552  00004003 00000000 00000000 00000000 00000003 
11.06.2021 16:13:03.555  00004003 00000000 00000000 00004000 00000003 
11.06.2021 16:13:04.281  00000003 00000000 00000000 00000000 00000003 
11.06.2021 16:13:04.827  00002003 00000000 00000000 00002000 00000003 
11.06.2021 16:13:06.090  00000000 00000000 00000000 00000000 00000000 
11.06.2021 16:13:06.123  00000080 00000080 00000000 00000000 00000000 
11.06.2021 16:13:06.126  00002080 00000080 00000000 00002000 00000000 
11.06.2021 16:13:06.219  00002082 00000080 00000000 00002000 00000002 
11.06.2021 16:13:06.225  00002083 00000080 00000000 00002000 00000003 
11.06.2021 16:13:06.282  000020c3 00000080 00000000 00002040 00000003 
11.06.2021 16:13:06.306  00002083 00000080 00000000 00002000 00000003 
11.06.2021 16:13:06.315  00002083 00000000 00000000 00002000 00000003 
11.06.2021 16:13:06.321  00002003 00000000 00000000 00002000 00000003 
11.06.2021 16:13:06.378  00002000 00000000 00000000 00002000 00000003 
11.06.2021 16:13:06.381  00000000 00000000 00000000 00000000 00000000 
11.06.2021 16:13:06.531  00000001 00000000 00000000 00000000 00000001 
11.06.2021 16:13:06.618  00000000 00000000 00000000 00000000 00000000 
11.06.2021 16:13:06.753  00000002 00000000 00000000 00000000 00000002 
11.06.2021 16:13:06.834  00000000 00000000 00000000 00000000 00000000 
11.06.2021 16:13:06.945  00002000 00000000 00000000 00002000 00000000 
11.06.2021 16:13:06.978  00000000 00000000 00000000 00000000 00000000 
11.06.2021 18:56:40.930  00002002 00000000 00000000 00002000 00000002 
11.06.2021 18:56:40.933  00002003 00000000 00000000 00002000 00000002 
11.06.2021 18:56:40.936  00002003 00000000 00000000 00002000 00000003 
11.06.2021 18:57:00.988  00002803 00000000 00000000 00002000 00000003 
11.06.2021 18:57:00.991  00002803 00000000 00000000 00002800 00000003 
11.06.2021 19:06:46.315  00002883 00000080 00000000 00002800 00000003 
11.06.2021 19:06:46.333  00002083 00000080 00000000 00002000 00000003 
15.06.2021 13:09:57.301  000003b3 000000b0 00000200 00000000 00010103 
15.06.2021 13:09:57.460  000001b3 000000b0 00000000 00000000 00010103 
15.06.2021 13:09:57.469  000000b3 000000b0 00000000 00000000 00000003 
15.06.2021 13:11:46.190  000000b3 00000000 00000000 00000000 00000003 
15.06.2021 13:11:46.196  00000003 00000000 00000000 00000000 00000003 
15.06.2021 13:11:46.577  80000003 80000000 00000000 00000000 00000003 
15.06.2021 13:11:46.583  00000003 00000000 00000000 00000000 00000003 
15.06.2021 13:11:46.673  00000033 00000030 00000000 00000000 00000003 
15.06.2021 13:11:46.742  00000033 00000000 00000000 00000000 00000003 
15.06.2021 13:11:46.748  00000003 00000000 00000000 00000000 00000003 
15.06.2021 13:11:49.874  00000033 00000030 00000000 00000000 00000003 
15.06.2021 13:11:49.946  00000033 00000000 00000000 00000000 00000003 
15.06.2021 13:11:49.952  00000003 00000000 00000000 00000000 00000003 
15.06.2021 13:11:50.081  00000043 00000000 00000000 00000040 00000003 
15.06.2021 13:11:50.093  000000c3 00000080 00000000 00000040 00000003 
15.06.2021 13:11:50.096  000020c3 00000080 00000000 00002040 00000003 
15.06.2021 13:11:50.174  00002083 00000080 00000000 00002000 00000003 
15.06.2021 13:11:50.177  00002083 00000000 00000000 00002000 00000003 
15.06.2021 13:11:50.183  00002003 00000000 00000000 00002000 00000003 
15.06.2021 13:11:50.186  00000003 00000000 00000000 00000000 00000003 
15.06.2021 13:11:50.300  00000083 00000080 00000000 00000000 00000003 
15.06.2021 13:11:50.360  00000083 00000000 00000000 00000000 00000003 
15.06.2021 13:11:50.366  00000003 00000000 00000000 00000000 00000003 
15.06.2021 13:11:50.522  00000083 00000080 00000000 00000000 00000003 
15.06.2021 13:11:50.684  00000083 00000000 00000000 00000000 00000003 
15.06.2021 13:11:50.690  00000003 00000000 00000000 00000000 00000003 
15.06.2021 13:11:50.834  00000103 00000000 00000000 00000000 00000003 
15.06.2021 13:11:50.837  00000103 00000000 00000000 00000000 00010103 
15.06.2021 13:11:50.918  00000003 00000000 00000000 00000000 00000003 
15.06.2021 13:11:51.083  00000103 00000000 00000000 00000000 00010103 
15.06.2021 13:11:51.170  00000003 00000000 00000000 00000000 00000003 
15.06.2021 13:11:51.311  00000203 00000000 00000000 00000000 00000003 
15.06.2021 13:11:51.314  00000203 00000000 00000200 00000000 00000003 
15.06.2021 13:11:51.407  00000003 00000000 00000000 00000000 00000003 
15.06.2021 13:11:51.542  00000203 00000000 00000000 00000000 00000003 
15.06.2021 13:11:51.545  00000203 00000000 00000200 00000000 00000003 
15.06.2021 13:11:51.608  00000003 00000000 00000000 00000000 00000003 
15.06.2021 13:11:51.728  00001003 00001000 00000000 00000000 00000003 
15.06.2021 13:11:51.749  00001003 00000000 00000000 00000000 00000003 
15.06.2021 13:11:51.752  00000003 00000000 00000000 00000000 00000003 
15.06.2021 13:11:51.776  00001003 00001000 00000000 00000000 00000003 
15.06.2021 13:11:51.785  00001003 00000000 00000000 00000000 00000003 
15.06.2021 13:11:51.788  00000003 00000000 00000000 00000000 00000003 
15.06.2021 13:11:51.809  00001003 00001000 00000000 00000000 00000003 
15.06.2021 13:11:51.821  00001003 00000000 00000000 00000000 00000003 
15.06.2021 13:11:51.824  00000003 00000000 00000000 00000000 00000003 
15.06.2021 13:11:51.836  00001003 00001000 00000000 00000000 00000003 
15.06.2021 13:11:51.857  00001003 00000000 00000000 00000000 00000003 
15.06.2021 13:11:51.860  00000003 00000000 00000000 00000000 00000003 
15.06.2021 13:11:51.878  00001003 00001000 00000000 00000000 00000003 
15.06.2021 13:11:51.893  00001003 00000000 00000000 00000000 00000003 
15.06.2021 13:11:51.896  00000003 00000000 00000000 00000000 00000003 
15.06.2021 13:11:51.911  00001003 00001000 00000000 00000000 00000003 
15.06.2021 13:11:51.929  00001003 00000000 00000000 00000000 00000003 
15.06.2021 13:11:51.932  00000003 00000000 00000000 00000000 00000003 
15.06.2021 13:11:51.944  00001003 00001000 00000000 00000000 00000003 
15.06.2021 13:11:51.965  00001003 00000000 00000000 00000000 00000003 
15.06.2021 13:11:51.968  00000003 00000000 00000000 00000000 00000003 
15.06.2021 13:11:51.980  00001003 00001000 00000000 00000000 00000003 
15.06.2021 13:11:52.001  00001003 00000000 00000000 00000000 00000003 
15.06.2021 13:11:52.004  00000003 00000000 00000000 00000000 00000003 
15.06.2021 13:11:52.016  00001003 00001000 00000000 00000000 00000003 
15.06.2021 13:11:52.037  00001003 00000000 00000000 00000000 00000003 
15.06.2021 13:11:52.040  00000003 00000000 00000000 00000000 00000003 
15.06.2021 13:11:52.055  00001003 00001000 00000000 00000000 00000003 
15.06.2021 13:11:52.073  00001003 00000000 00000000 00000000 00000003 
15.06.2021 13:11:52.076  00000003 00000000 00000000 00000000 00000003 
15.06.2021 13:11:52.088  00001003 00001000 00000000 00000000 00000003 
15.06.2021 13:11:52.109  00001003 00000000 00000000 00000000 00000003 
15.06.2021 13:11:52.112  00000003 00000000 00000000 00000000 00000003 
15.06.2021 13:11:52.124  00001003 00001000 00000000 00000000 00000003 
15.06.2021 13:11:52.145  00001003 00000000 00000000 00000000 00000003 
15.06.2021 13:11:52.148  00000003 00000000 00000000 00000000 00000003 
15.06.2021 13:11:52.163  00001003 00001000 00000000 00000000 00000003 
15.06.2021 13:11:52.181  00001003 00000000 00000000 00000000 00000003 
15.06.2021 13:11:52.184  00000003 00000000 00000000 00000000 00000003 
15.06.2021 13:11:52.199  00001003 00001000 00000000 00000000 00000003 
15.06.2021 13:11:52.217  00001003 00000000 00000000 00000000 00000003 
15.06.2021 13:11:52.220  00000003 00000000 00000000 00000000 00000003 
15.06.2021 13:11:52.232  00001003 00001000 00000000 00000000 00000003 
15.06.2021 13:11:52.253  00001003 00000000 00000000 00000000 00000003 
15.06.2021 13:11:52.256  00000003 00000000 00000000 00000000 00000003 
15.06.2021 13:11:52.271  00001003 00001000 00000000 00000000 00000003 
15.06.2021 13:11:52.289  00001003 00000000 00000000 00000000 00000003 
15.06.2021 13:11:52.292  00000003 00000000 00000000 00000000 00000003 
15.06.2021 13:11:52.307  00001003 00001000 00000000 00000000 00000003 
15.06.2021 13:11:52.325  00001003 00000000 00000000 00000000 00000003 
15.06.2021 13:11:52.328  00000003 00000000 00000000 00000000 00000003 
15.06.2021 13:11:52.340  00001003 00001000 00000000 00000000 00000003 
15.06.2021 13:11:52.361  00001003 00000000 00000000 00000000 00000003 
15.06.2021 13:11:52.364  00000003 00000000 00000000 00000000 00000003 
15.06.2021 13:11:52.376  00001003 00001000 00000000 00000000 00000003 
15.06.2021 13:11:52.397  00001003 00000000 00000000 00000000 00000003 
15.06.2021 13:11:52.400  00000003 00000000 00000000 00000000 00000003 
15.06.2021 13:11:52.415  00001003 00001000 00000000 00000000 00000003 
15.06.2021 13:11:52.433  00001003 00000000 00000000 00000000 00000003 
15.06.2021 13:11:52.436  00000003 00000000 00000000 00000000 00000003 
15.06.2021 13:11:52.448  00001003 00001000 00000000 00000000 00000003 
15.06.2021 13:11:52.469  00001003 00000000 00000000 00000000 00000003 
15.06.2021 13:11:52.472  00000003 00000000 00000000 00000000 00000003 
15.06.2021 13:11:52.487  00001003 00001000 00000000 00000000 00000003 
15.06.2021 13:11:52.505  00001003 00000000 00000000 00000000 00000003 
15.06.2021 13:11:52.508  00000003 00000000 00000000 00000000 00000003 
15.06.2021 13:11:52.520  00001003 00001000 00000000 00000000 00000003 
15.06.2021 13:11:52.541  00001003 00000000 00000000 00000000 00000003 
15.06.2021 13:11:52.544  00000003 00000000 00000000 00000000 00000003 
15.06.2021 13:11:52.556  00001003 00001000 00000000 00000000 00000003 
15.06.2021 13:11:52.577  00001003 00000000 00000000 00000000 00000003 
15.06.2021 13:11:52.580  00000003 00000000 00000000 00000000 00000003 
15.06.2021 13:11:52.592  00001003 00001000 00000000 00000000 00000003 
15.06.2021 13:11:52.613  00001003 00000000 00000000 00000000 00000003 
15.06.2021 13:11:52.616  00000003 00000000 00000000 00000000 00000003 
15.06.2021 13:11:52.628  00001003 00001000 00000000 00000000 00000003 
15.06.2021 13:11:52.649  00001003 00000000 00000000 00000000 00000003 
15.06.2021 13:11:52.652  00000003 00000000 00000000 00000000 00000003 
15.06.2021 13:11:52.781  00001003 00000000 00000000 00000000 00000003 
15.06.2021 13:11:52.784  00001003 00000000 00001000 00000000 00000003 
15.06.2021 13:11:52.859  00000003 00000000 00001000 00000000 00000003 
15.06.2021 13:11:52.862  00000003 00000000 00000000 00000000 00000003 
15.06.2021 13:11:53.000  00001003 00000000 00000000 00001000 00000003 
15.06.2021 13:11:53.009  00000003 00000000 00000000 00001000 00000003 
15.06.2021 13:11:53.012  00001003 00000000 00000000 00001000 00000003 
15.06.2021 13:11:53.021  00000003 00000000 00000000 00000000 00000003 
15.06.2021 13:11:53.024  00001003 00000000 00000000 00001000 00000003 
15.06.2021 13:11:53.033  00000003 00000000 00000000 00000000 00000003 
15.06.2021 13:11:53.036  00001003 00000000 00000000 00001000 00000003 
15.06.2021 13:11:53.045  00000003 00000000 00000000 00001000 00000003 
15.06.2021 13:11:53.048  00001003 00000000 00000000 00001000 00000003 
15.06.2021 13:11:53.057  00000003 00000000 00000000 00001000 00000003 
15.06.2021 13:11:53.060  00001003 00000000 00000000 00001000 00000003 
15.06.2021 13:11:53.069  00000003 00000000 00000000 00001000 00000003 
15.06.2021 13:11:53.072  00001003 00000000 00000000 00001000 00000003 
15.06.2021 13:11:53.090  00000003 00000000 00000000 00001000 00000003 
15.06.2021 13:11:53.093  00001003 00000000 00000000 00000000 00000003 
15.06.2021 13:11:53.096  00001003 00000000 00000000 00001000 00000003 
15.06.2021 13:11:53.102  00000003 00000000 00000000 00001000 00000003 
15.06.2021 13:11:53.105  00001003 00000000 00000000 00000000 00000003 
15.06.2021 13:11:53.108  00001003 00000000 00000000 00001000 00000003 
15.06.2021 13:11:53.117  00001003 00000000 00000000 00000000 00000003 
15.06.2021 13:11:53.120  00001003 00000000 00000000 00001000 00000003 
15.06.2021 13:11:53.129  00001003 00000000 00000000 00000000 00000003 
15.06.2021 13:11:53.132  00001003 00000000 00000000 00001000 00000003 
15.06.2021 13:11:53.141  00000003 00000000 00000000 00000000 00000003 
15.06.2021 13:11:53.144  00001003 00000000 00000000 00000000 00000003 
15.06.2021 13:11:53.147  00001003 00000000 00000000 00001000 00000003 
15.06.2021 13:11:53.183  00000003 00000000 00000000 00001000 00000003 
15.06.2021 13:11:53.186  00000003 00000000 00000000 00000000 00000003 
15.06.2021 13:11:53.189  00001003 00000000 00000000 00000000 00000003 
15.06.2021 13:11:53.192  00001003 00000000 00000000 00001000 00000003 
15.06.2021 13:11:53.276  00000003 00000000 00000000 00000000 00000003 
15.06.2021 13:11:53.405  00001003 00000000 00000000 00000000 00001003 
15.06.2021 13:11:53.489  00000003 00000000 00000000 00000000 00000003 
15.06.2021 13:11:53.588  00000003 00000000 00400000 00000000 00000003 
15.06.2021 13:11:53.591  00000003 00000000 00000000 00000000 00000003 
15.06.2021 13:11:53.696  00000003 00000000 00000000 00400000 00000003 
15.06.2021 13:11:53.699  00000003 00000000 00000000 00000000 00000003 
15.06.2021 13:11:53.801  00000003 00000000 00000000 00000000 00400003 
15.06.2021 13:11:53.804  00000003 00000000 00000000 00000000 00000003 
15.06.2021 13:11:53.948  00000003 00000000 00000000 00000000 00800003 
15.06.2021 13:11:53.951  00000003 00000000 00000000 00000000 00000003 
15.06.2021 13:11:54.302  00001003 00000000 00001000 00000000 00000003 
15.06.2021 13:11:54.389  00000003 00000000 00001000 00000000 00000003 
15.06.2021 13:11:54.392  00000003 00000000 00000000 00000000 00000003 
15.06.2021 13:11:54.527  00001003 00000000 00000000 00000000 00001003 
15.06.2021 13:11:54.605  00000003 00000000 00000000 00000000 00000003 
15.06.2021 13:11:54.755  00001003 00000000 00001000 00000000 00000003 
15.06.2021 13:11:54.839  00000003 00000000 00001000 00000000 00000003 
15.06.2021 13:11:54.842  00000003 00000000 00000000 00000000 00000003 
15.06.2021 13:11:54.977  00001003 00000000 00000000 00000000 00001003 
15.06.2021 13:11:55.055  00000003 00000000 00000000 00000000 00000003 
15.06.2021 13:11:55.871  00000003 00000000 00800000 00000000 00000003 
15.06.2021 13:11:55.874  00000003 00000000 00000000 00000000 00000003 
15.06.2021 13:11:56.006  00000003 00000000 00000000 00800000 00000003 
15.06.2021 13:11:56.009  00000003 00000000 00000000 00000000 00000003 
15.06.2021 13:11:56.147  00004003 00000000 00004000 00000000 00000003 
15.06.2021 13:11:56.225  00000003 00000000 00004000 00000000 00000003 
15.06.2021 13:11:56.228  00000003 00000000 00000000 00000000 00000003 
15.06.2021 13:11:56.363  00004003 00000000 00000000 00000000 00004003 
15.06.2021 13:11:56.441  00000003 00000000 00000000 00000000 00000003 
15.06.2021 13:11:56.588  00004003 00000000 00004000 00000000 00000003 
15.06.2021 13:11:56.678  00000003 00000000 00000000 00000000 00000003 
15.06.2021 13:11:56.813  00004003 00000000 00000000 00000000 00004003 
15.06.2021 13:11:56.891  00000003 00000000 00000000 00000000 00000003 
15.06.2021 13:11:57.173  00004003 00004000 00000000 00000000 00000003 
15.06.2021 13:11:58.388  00004003 00000000 00000000 00000000 00000003 
15.06.2021 13:11:58.394  00000003 00000000 00000000 00000000 00000003 
15.06.2021 13:11:58.691  00004003 00000000 00000000 00004000 00000003 
15.06.2021 13:11:59.417  00000003 00000000 00000000 00000000 00000003 
15.06.2021 13:11:59.972  00002003 00000000 00000000 00002000 00000003 
15.06.2021 13:40:40.922  00000002 00000000 00000000 00000000 00000002 
15.06.2021 13:40:40.925  00000000 00000000 00000000 00000000 00000000 
15.06.2021 13:40:40.949  00000080 00000080 00000000 00000000 00000000 
15.06.2021 13:40:40.952  00002080 00000080 00000000 00002000 00000000 
15.06.2021 13:40:41.045  00002082 00000080 00000000 00002000 00000002 
15.06.2021 13:40:41.051  00002083 00000080 00000000 00002000 00000003 
15.06.2021 13:40:41.090  000020c3 00000080 00000000 00002040 00000003 
15.06.2021 13:40:41.111  00002083 00000080 00000000 00002000 00000003 
15.06.2021 13:40:41.120  00002083 00000000 00000000 00002000 00000003 
15.06.2021 13:40:41.126  00002003 00000000 00000000 00002000 00000003 
15.06.2021 13:40:41.192  00002000 00000000 00000000 00002000 00000000 
15.06.2021 13:40:41.195  00000000 00000000 00000000 00000000 00000000 
15.06.2021 13:40:41.339  00000001 00000000 00000000 00000000 00000001 
15.06.2021 13:40:41.414  00000000 00000000 00000000 00000000 00000000 
15.06.2021 13:40:41.549  00000002 00000000 00000000 00000000 00000002 
15.06.2021 13:40:41.630  00000000 00000000 00000000 00000000 00000000 
15.06.2021 13:40:41.729  00002000 00000000 00000000 00002000 00000000 
15.06.2021 13:40:41.762  00000000 00000000 00000000 00000000 00000000 
15.06.2021 13:45:45.744  00002002 00000000 00000000 00002000 00000002 
15.06.2021 13:45:45.747  00002003 00000000 00000000 00002000 00000002 
15.06.2021 13:45:45.750  00002003 00000000 00000000 00002000 00000003 
15.06.2021 13:45:51.717  00002083 00000080 00000000 00002000 00000003 

Servicedata V1.0 PLC:\DEBUG\S_State.service.trace created 16.06.2021 11:48:17 (local time)
hostname: hu, Software: 606421 04, built: 08.10.2014 08:59
-------------------------------------------------------------------------------------------
                    ms   global   master   device1
11.06.2021 16:12:57.933  00000003 00000000 00000000 00000000 00000003 
11.06.2021 16:12:57.936  00001003 00000000 00000000 00001000 00000003 
11.06.2021 16:12:57.954  00000003 00000000 00000000 00001000 00000003 
11.06.2021 16:12:57.957  00001003 00000000 00000000 00001000 00000003 
11.06.2021 16:12:57.966  00000003 00000000 00000000 00001000 00000003 
11.06.2021 16:12:57.969  00001003 00000000 00000000 00001000 00000003 
11.06.2021 16:12:57.978  00000003 00000000 00000000 00001000 00000003 
11.06.2021 16:12:57.981  00001003 00000000 00000000 00001000 00000003 
11.06.2021 16:12:57.990  00000003 00000000 00000000 00001000 00000003 
11.06.2021 16:12:57.993  00001003 00000000 00000000 00001000 00000003 
11.06.2021 16:12:58.002  00000003 00000000 00000000 00001000 00000003 
11.06.2021 16:12:58.005  00000003 00000000 00000000 00000000 00000003 
11.06.2021 16:12:58.008  00001003 00000000 00000000 00000000 00000003 
11.06.2021 16:12:58.011  00001003 00000000 00000000 00001000 00000003 
11.06.2021 16:12:58.047  00000003 00000000 00000000 00001000 00000003 
11.06.2021 16:12:58.050  00000003 00000000 00000000 00000000 00000003 
11.06.2021 16:12:58.053  00001003 00000000 00000000 00000000 00000003 
11.06.2021 16:12:58.056  00001003 00000000 00000000 00001000 00000003 
11.06.2021 16:12:58.062  00000003 00000000 00000000 00001000 00000003 
11.06.2021 16:12:58.065  00001003 00000000 00000000 00001000 00000003 
11.06.2021 16:12:58.140  00000003 00000000 00000000 00000000 00000003 
11.06.2021 16:12:58.269  00001003 00000000 00000000 00000000 00001003 
11.06.2021 16:12:58.359  00000003 00000000 00000000 00000000 00000003 
11.06.2021 16:12:58.458  00000003 00000000 00400000 00000000 00000003 
11.06.2021 16:12:58.461  00000003 00000000 00000000 00000000 00000003 
11.06.2021 16:12:58.566  00000003 00000000 00000000 00400000 00000003 
11.06.2021 16:12:58.569  00000003 00000000 00000000 00000000 00000003 
11.06.2021 16:12:58.665  00000003 00000000 00000000 00000000 00400003 
11.06.2021 16:12:58.668  00000003 00000000 00000000 00000000 00000003 
11.06.2021 16:12:58.812  00000003 00000000 00000000 00000000 00800003 
11.06.2021 16:12:58.815  00000003 00000000 00000000 00000000 00000003 
11.06.2021 16:12:59.169  00001003 00000000 00001000 00000000 00000003 
11.06.2021 16:12:59.256  00000003 00000000 00001000 00000000 00000003 
11.06.2021 16:12:59.259  00000003 00000000 00000000 00000000 00000003 
11.06.2021 16:12:59.397  00001003 00000000 00000000 00000000 00001003 
11.06.2021 16:12:59.475  00000003 00000000 00000000 00000000 00000003 
11.06.2021 16:12:59.625  00001003 00000000 00001000 00000000 00000003 
11.06.2021 16:12:59.709  00000003 00000000 00001000 00000000 00000003 
11.06.2021 16:12:59.712  00000003 00000000 00000000 00000000 00000003 
11.06.2021 16:12:59.847  00001003 00000000 00000000 00000000 00001003 
11.06.2021 16:12:59.922  00000003 00000000 00000000 00000000 00000003 
11.06.2021 16:13:00.675  00000003 00000000 00800000 00000000 00000003 
11.06.2021 16:13:00.678  00000003 00000000 00000000 00000000 00000003 
11.06.2021 16:13:00.810  00000003 00000000 00000000 00800000 00000003 
11.06.2021 16:13:00.813  00000003 00000000 00000000 00000000 00000003 
11.06.2021 16:13:00.951  00004003 00000000 00004000 00000000 00000003 
11.06.2021 16:13:01.038  00000003 00000000 00004000 00000000 00000003 
11.06.2021 16:13:01.041  00000003 00000000 00000000 00000000 00000003 
11.06.2021 16:13:01.356  00004003 00000000 00000000 00000000 00004003 
11.06.2021 16:13:01.434  00000003 00000000 00000000 00000000 00000003 
11.06.2021 16:13:01.584  00004003 00000000 00004000 00000000 00000003 
11.06.2021 16:13:01.668  00000003 00000000 00004000 00000000 00000003 
11.06.2021 16:13:01.671  00000003 00000000 00000000 00000000 00000003 
11.06.2021 16:13:01.809  00004003 00000000 00000000 00000000 00004003 
11.06.2021 16:13:01.884  00000003 00000000 00000000 00000000 00000003 
11.06.2021 16:13:02.121  00004003 00004000 00000000 00000000 00000003 
11.06.2021 16:13:03.333  00004003 00000000 00000000 00000000 00000003 
11.06.2021 16:13:03.339  00000003 00000000 00000000 00000000 00000003 
11.06.2021 16:13:03.552  00004003 00000000 00000000 00000000 00000003 
11.06.2021 16:13:03.555  00004003 00000000 00000000 00004000 00000003 
11.06.2021 16:13:04.281  00000003 00000000 00000000 00000000 00000003 
11.06.2021 16:13:04.827  00002003 00000000 00000000 00002000 00000003 
11.06.2021 16:13:06.090  00000000 00000000 00000000 00000000 00000000 
11.06.2021 16:13:06.123  00000080 00000080 00000000 00000000 00000000 
11.06.2021 16:13:06.126  00002080 00000080 00000000 00002000 00000000 
11.06.2021 16:13:06.219  00002082 00000080 00000000 00002000 00000002 
11.06.2021 16:13:06.225  00002083 00000080 00000000 00002000 00000003 
11.06.2021 16:13:06.282  000020c3 00000080 00000000 00002040 00000003 
11.06.2021 16:13:06.306  00002083 00000080 00000000 00002000 00000003 
11.06.2021 16:13:06.315  00002083 00000000 00000000 00002000 00000003 
11.06.2021 16:13:06.321  00002003 00000000 00000000 00002000 00000003 
11.06.2021 16:13:06.378  00002000 00000000 00000000 00002000 00000003 
11.06.2021 16:13:06.381  00000000 00000000 00000000 00000000 00000000 
11.06.2021 16:13:06.531  00000001 00000000 00000000 00000000 00000001 
11.06.2021 16:13:06.618  00000000 00000000 00000000 00000000 00000000 
11.06.2021 16:13:06.753  00000002 00000000 00000000 00000000 00000002 
11.06.2021 16:13:06.834  00000000 00000000 00000000 00000000 00000000 
11.06.2021 16:13:06.945  00002000 00000000 00000000 00002000 00000000 
11.06.2021 16:13:06.978  00000000 00000000 00000000 00000000 00000000 
11.06.2021 18:56:40.930  00002002 00000000 00000000 00002000 00000002 
11.06.2021 18:56:40.933  00002003 00000000 00000000 00002000 00000002 
11.06.2021 18:56:40.936  00002003 00000000 00000000 00002000 00000003 
11.06.2021 18:57:00.988  00002803 00000000 00000000 00002000 00000003 
11.06.2021 18:57:00.991  00002803 00000000 00000000 00002800 00000003 
11.06.2021 19:06:46.315  00002883 00000080 00000000 00002800 00000003 
11.06.2021 19:06:46.333  00002083 00000080 00000000 00002000 00000003 
15.06.2021 13:09:57.301  000003b3 000000b0 00000200 00000000 00010103 
15.06.2021 13:09:57.460  000001b3 000000b0 00000000 00000000 00010103 
15.06.2021 13:09:57.469  000000b3 000000b0 00000000 00000000 00000003 
15.06.2021 13:11:46.190  000000b3 00000000 00000000 00000000 00000003 
15.06.2021 13:11:46.196  00000003 00000000 00000000 00000000 00000003 
15.06.2021 13:11:46.577  80000003 80000000 00000000 00000000 00000003 
15.06.2021 13:11:46.583  00000003 00000000 00000000 00000000 00000003 
15.06.2021 13:11:46.673  00000033 00000030 00000000 00000000 00000003 
15.06.2021 13:11:46.742  00000033 00000000 00000000 00000000 00000003 
15.06.2021 13:11:46.748  00000003 00000000 00000000 00000000 00000003 
15.06.2021 13:11:49.874  00000033 00000030 00000000 00000000 00000003 
15.06.2021 13:11:49.946  00000033 00000000 00000000 00000000 00000003 
15.06.2021 13:11:49.952  00000003 00000000 00000000 00000000 00000003 
15.06.2021 13:11:50.081  00000043 00000000 00000000 00000040 00000003 
15.06.2021 13:11:50.093  000000c3 00000080 00000000 00000040 00000003 
15.06.2021 13:11:50.096  000020c3 00000080 00000000 00002040 00000003 
15.06.2021 13:11:50.174  00002083 00000080 00000000 00002000 00000003 
15.06.2021 13:11:50.177  00002083 00000000 00000000 00002000 00000003 
15.06.2021 13:11:50.183  00002003 00000000 00000000 00002000 00000003 
15.06.2021 13:11:50.186  00000003 00000000 00000000 00000000 00000003 
15.06.2021 13:11:50.300  00000083 00000080 00000000 00000000 00000003 
15.06.2021 13:11:50.360  00000083 00000000 00000000 00000000 00000003 
15.06.2021 13:11:50.366  00000003 00000000 00000000 00000000 00000003 
15.06.2021 13:11:50.522  00000083 00000080 00000000 00000000 00000003 
15.06.2021 13:11:50.684  00000083 00000000 00000000 00000000 00000003 
15.06.2021 13:11:50.690  00000003 00000000 00000000 00000000 00000003 
15.06.2021 13:11:50.834  00000103 00000000 00000000 00000000 00000003 
15.06.2021 13:11:50.837  00000103 00000000 00000000 00000000 00010103 
15.06.2021 13:11:50.918  00000003 00000000 00000000 00000000 00000003 
15.06.2021 13:11:51.083  00000103 00000000 00000000 00000000 00010103 
15.06.2021 13:11:51.170  00000003 00000000 00000000 00000000 00000003 
15.06.2021 13:11:51.311  00000203 00000000 00000000 00000000 00000003 
15.06.2021 13:11:51.314  00000203 00000000 00000200 00000000 00000003 
15.06.2021 13:11:51.407  00000003 00000000 00000000 00000000 00000003 
15.06.2021 13:11:51.542  00000203 00000000 00000000 00000000 00000003 
15.06.2021 13:11:51.545  00000203 00000000 00000200 00000000 00000003 
15.06.2021 13:11:51.608  00000003 00000000 00000000 00000000 00000003 
15.06.2021 13:11:51.728  00001003 00001000 00000000 00000000 00000003 
15.06.2021 13:11:51.749  00001003 00000000 00000000 00000000 00000003 
15.06.2021 13:11:51.752  00000003 00000000 00000000 00000000 00000003 
15.06.2021 13:11:51.776  00001003 00001000 00000000 00000000 00000003 
15.06.2021 13:11:51.785  00001003 00000000 00000000 00000000 00000003 
15.06.2021 13:11:51.788  00000003 00000000 00000000 00000000 00000003 
15.06.2021 13:11:51.809  00001003 00001000 00000000 00000000 00000003 
15.06.2021 13:11:51.821  00001003 00000000 00000000 00000000 00000003 
15.06.2021 13:11:51.824  00000003 00000000 00000000 00000000 00000003 
15.06.2021 13:11:51.836  00001003 00001000 00000000 00000000 00000003 
15.06.2021 13:11:51.857  00001003 00000000 00000000 00000000 00000003 
15.06.2021 13:11:51.860  00000003 00000000 00000000 00000000 00000003 
15.06.2021 13:11:51.878  00001003 00001000 00000000 00000000 00000003 
15.06.2021 13:11:51.893  00001003 00000000 00000000 00000000 00000003 
15.06.2021 13:11:51.896  00000003 00000000 00000000 00000000 00000003 
15.06.2021 13:11:51.911  00001003 00001000 00000000 00000000 00000003 
15.06.2021 13:11:51.929  00001003 00000000 00000000 00000000 00000003 
15.06.2021 13:11:51.932  00000003 00000000 00000000 00000000 00000003 
15.06.2021 13:11:51.944  00001003 00001000 00000000 00000000 00000003 
15.06.2021 13:11:51.965  00001003 00000000 00000000 00000000 00000003 
15.06.2021 13:11:51.968  00000003 00000000 00000000 00000000 00000003 
15.06.2021 13:11:51.980  00001003 00001000 00000000 00000000 00000003 
15.06.2021 13:11:52.001  00001003 00000000 00000000 00000000 00000003 
15.06.2021 13:11:52.004  00000003 00000000 00000000 00000000 00000003 
15.06.2021 13:11:52.016  00001003 00001000 00000000 00000000 00000003 
15.06.2021 13:11:52.037  00001003 00000000 00000000 00000000 00000003 
15.06.2021 13:11:52.040  00000003 00000000 00000000 00000000 00000003 
15.06.2021 13:11:52.055  00001003 00001000 00000000 00000000 00000003 
15.06.2021 13:11:52.073  00001003 00000000 00000000 00000000 00000003 
15.06.2021 13:11:52.076  00000003 00000000 00000000 00000000 00000003 
15.06.2021 13:11:52.088  00001003 00001000 00000000 00000000 00000003 
15.06.2021 13:11:52.109  00001003 00000000 00000000 00000000 00000003 
15.06.2021 13:11:52.112  00000003 00000000 00000000 00000000 00000003 
15.06.2021 13:11:52.124  00001003 00001000 00000000 00000000 00000003 
15.06.2021 13:11:52.145  00001003 00000000 00000000 00000000 00000003 
15.06.2021 13:11:52.148  00000003 00000000 00000000 00000000 00000003 
15.06.2021 13:11:52.163  00001003 00001000 00000000 00000000 00000003 
15.06.2021 13:11:52.181  00001003 00000000 00000000 00000000 00000003 
15.06.2021 13:11:52.184  00000003 00000000 00000000 00000000 00000003 
15.06.2021 13:11:52.199  00001003 00001000 00000000 00000000 00000003 
15.06.2021 13:11:52.217  00001003 00000000 00000000 00000000 00000003 
15.06.2021 13:11:52.220  00000003 00000000 00000000 00000000 00000003 
15.06.2021 13:11:52.232  00001003 00001000 00000000 00000000 00000003 
15.06.2021 13:11:52.253  00001003 00000000 00000000 00000000 00000003 
15.06.2021 13:11:52.256  00000003 00000000 00000000 00000000 00000003 
15.06.2021 13:11:52.271  00001003 00001000 00000000 00000000 00000003 
15.06.2021 13:11:52.289  00001003 00000000 00000000 00000000 00000003 
15.06.2021 13:11:52.292  00000003 00000000 00000000 00000000 00000003 
15.06.2021 13:11:52.307  00001003 00001000 00000000 00000000 00000003 
15.06.2021 13:11:52.325  00001003 00000000 00000000 00000000 00000003 
15.06.2021 13:11:52.328  00000003 00000000 00000000 00000000 00000003 
15.06.2021 13:11:52.340  00001003 00001000 00000000 00000000 00000003 
15.06.2021 13:11:52.361  00001003 00000000 00000000 00000000 00000003 
15.06.2021 13:11:52.364  00000003 00000000 00000000 00000000 00000003 
15.06.2021 13:11:52.376  00001003 00001000 00000000 00000000 00000003 
15.06.2021 13:11:52.397  00001003 00000000 00000000 00000000 00000003 
15.06.2021 13:11:52.400  00000003 00000000 00000000 00000000 00000003 
15.06.2021 13:11:52.415  00001003 00001000 00000000 00000000 00000003 
15.06.2021 13:11:52.433  00001003 00000000 00000000 00000000 00000003 
15.06.2021 13:11:52.436  00000003 00000000 00000000 00000000 00000003 
15.06.2021 13:11:52.448  00001003 00001000 00000000 00000000 00000003 
15.06.2021 13:11:52.469  00001003 00000000 00000000 00000000 00000003 
15.06.2021 13:11:52.472  00000003 00000000 00000000 00000000 00000003 
15.06.2021 13:11:52.487  00001003 00001000 00000000 00000000 00000003 
15.06.2021 13:11:52.505  00001003 00000000 00000000 00000000 00000003 
15.06.2021 13:11:52.508  00000003 00000000 00000000 00000000 00000003 
15.06.2021 13:11:52.520  00001003 00001000 00000000 00000000 00000003 
15.06.2021 13:11:52.541  00001003 00000000 00000000 00000000 00000003 
15.06.2021 13:11:52.544  00000003 00000000 00000000 00000000 00000003 
15.06.2021 13:11:52.556  00001003 00001000 00000000 00000000 00000003 
15.06.2021 13:11:52.577  00001003 00000000 00000000 00000000 00000003 
15.06.2021 13:11:52.580  00000003 00000000 00000000 00000000 00000003 
15.06.2021 13:11:52.592  00001003 00001000 00000000 00000000 00000003 
15.06.2021 13:11:52.613  00001003 00000000 00000000 00000000 00000003 
15.06.2021 13:11:52.616  00000003 00000000 00000000 00000000 00000003 
15.06.2021 13:11:52.628  00001003 00001000 00000000 00000000 00000003 
15.06.2021 13:11:52.649  00001003 00000000 00000000 00000000 00000003 
15.06.2021 13:11:52.652  00000003 00000000 00000000 00000000 00000003 
15.06.2021 13:11:52.781  00001003 00000000 00000000 00000000 00000003 
15.06.2021 13:11:52.784  00001003 00000000 00001000 00000000 00000003 
15.06.2021 13:11:52.859  00000003 00000000 00001000 00000000 00000003 
15.06.2021 13:11:52.862  00000003 00000000 00000000 00000000 00000003 
15.06.2021 13:11:53.000  00001003 00000000 00000000 00001000 00000003 
15.06.2021 13:11:53.009  00000003 00000000 00000000 00001000 00000003 
15.06.2021 13:11:53.012  00001003 00000000 00000000 00001000 00000003 
15.06.2021 13:11:53.021  00000003 00000000 00000000 00000000 00000003 
15.06.2021 13:11:53.024  00001003 00000000 00000000 00001000 00000003 
15.06.2021 13:11:53.033  00000003 00000000 00000000 00000000 00000003 
15.06.2021 13:11:53.036  00001003 00000000 00000000 00001000 00000003 
15.06.2021 13:11:53.045  00000003 00000000 00000000 00001000 00000003 
15.06.2021 13:11:53.048  00001003 00000000 00000000 00001000 00000003 
15.06.2021 13:11:53.057  00000003 00000000 00000000 00001000 00000003 
15.06.2021 13:11:53.060  00001003 00000000 00000000 00001000 00000003 
15.06.2021 13:11:53.069  00000003 00000000 00000000 00001000 00000003 
15.06.2021 13:11:53.072  00001003 00000000 00000000 00001000 00000003 
15.06.2021 13:11:53.090  00000003 00000000 00000000 00001000 00000003 
15.06.2021 13:11:53.093  00001003 00000000 00000000 00000000 00000003 
15.06.2021 13:11:53.096  00001003 00000000 00000000 00001000 00000003 
15.06.2021 13:11:53.102  00000003 00000000 00000000 00001000 00000003 
15.06.2021 13:11:53.105  00001003 00000000 00000000 00000000 00000003 
15.06.2021 13:11:53.108  00001003 00000000 00000000 00001000 00000003 
15.06.2021 13:11:53.117  00001003 00000000 00000000 00000000 00000003 
15.06.2021 13:11:53.120  00001003 00000000 00000000 00001000 00000003 
15.06.2021 13:11:53.129  00001003 00000000 00000000 00000000 00000003 
15.06.2021 13:11:53.132  00001003 00000000 00000000 00001000 00000003 
15.06.2021 13:11:53.141  00000003 00000000 00000000 00000000 00000003 
15.06.2021 13:11:53.144  00001003 00000000 00000000 00000000 00000003 
15.06.2021 13:11:53.147  00001003 00000000 00000000 00001000 00000003 
15.06.2021 13:11:53.183  00000003 00000000 00000000 00001000 00000003 
15.06.2021 13:11:53.186  00000003 00000000 00000000 00000000 00000003 
15.06.2021 13:11:53.189  00001003 00000000 00000000 00000000 00000003 
15.06.2021 13:11:53.192  00001003 00000000 00000000 00001000 00000003 
15.06.2021 13:11:53.276  00000003 00000000 00000000 00000000 00000003 
15.06.2021 13:11:53.405  00001003 00000000 00000000 00000000 00001003 
15.06.2021 13:11:53.489  00000003 00000000 00000000 00000000 00000003 
15.06.2021 13:11:53.588  00000003 00000000 00400000 00000000 00000003 
15.06.2021 13:11:53.591  00000003 00000000 00000000 00000000 00000003 
15.06.2021 13:11:53.696  00000003 00000000 00000000 00400000 00000003 
15.06.2021 13:11:53.699  00000003 00000000 00000000 00000000 00000003 
15.06.2021 13:11:53.801  00000003 00000000 00000000 00000000 00400003 
15.06.2021 13:11:53.804  00000003 00000000 00000000 00000000 00000003 
15.06.2021 13:11:53.948  00000003 00000000 00000000 00000000 00800003 
15.06.2021 13:11:53.951  00000003 00000000 00000000 00000000 00000003 
15.06.2021 13:11:54.302  00001003 00000000 00001000 00000000 00000003 
15.06.2021 13:11:54.389  00000003 00000000 00001000 00000000 00000003 
15.06.2021 13:11:54.392  00000003 00000000 00000000 00000000 00000003 
15.06.2021 13:11:54.527  00001003 00000000 00000000 00000000 00001003 
15.06.2021 13:11:54.605  00000003 00000000 00000000 00000000 00000003 
15.06.2021 13:11:54.755  00001003 00000000 00001000 00000000 00000003 
15.06.2021 13:11:54.839  00000003 00000000 00001000 00000000 00000003 
15.06.2021 13:11:54.842  00000003 00000000 00000000 00000000 00000003 
15.06.2021 13:11:54.977  00001003 00000000 00000000 00000000 00001003 
15.06.2021 13:11:55.055  00000003 00000000 00000000 00000000 00000003 
15.06.2021 13:11:55.871  00000003 00000000 00800000 00000000 00000003 
15.06.2021 13:11:55.874  00000003 00000000 00000000 00000000 00000003 
15.06.2021 13:11:56.006  00000003 00000000 00000000 00800000 00000003 
15.06.2021 13:11:56.009  00000003 00000000 00000000 00000000 00000003 
15.06.2021 13:11:56.147  00004003 00000000 00004000 00000000 00000003 
15.06.2021 13:11:56.225  00000003 00000000 00004000 00000000 00000003 
15.06.2021 13:11:56.228  00000003 00000000 00000000 00000000 00000003 
15.06.2021 13:11:56.363  00004003 00000000 00000000 00000000 00004003 
15.06.2021 13:11:56.441  00000003 00000000 00000000 00000000 00000003 
15.06.2021 13:11:56.588  00004003 00000000 00004000 00000000 00000003 
15.06.2021 13:11:56.678  00000003 00000000 00000000 00000000 00000003 
15.06.2021 13:11:56.813  00004003 00000000 00000000 00000000 00004003 
15.06.2021 13:11:56.891  00000003 00000000 00000000 00000000 00000003 
15.06.2021 13:11:57.173  00004003 00004000 00000000 00000000 00000003 
15.06.2021 13:11:58.388  00004003 00000000 00000000 00000000 00000003 
15.06.2021 13:11:58.394  00000003 00000000 00000000 00000000 00000003 
15.06.2021 13:11:58.691  00004003 00000000 00000000 00004000 00000003 
15.06.2021 13:11:59.417  00000003 00000000 00000000 00000000 00000003 
15.06.2021 13:11:59.972  00002003 00000000 00000000 00002000 00000003 
15.06.2021 13:40:40.922  00000002 00000000 00000000 00000000 00000002 
15.06.2021 13:40:40.925  00000000 00000000 00000000 00000000 00000000 
15.06.2021 13:40:40.949  00000080 00000080 00000000 00000000 00000000 
15.06.2021 13:40:40.952  00002080 00000080 00000000 00002000 00000000 
15.06.2021 13:40:41.045  00002082 00000080 00000000 00002000 00000002 
15.06.2021 13:40:41.051  00002083 00000080 00000000 00002000 00000003 
15.06.2021 13:40:41.090  000020c3 00000080 00000000 00002040 00000003 
15.06.2021 13:40:41.111  00002083 00000080 00000000 00002000 00000003 
15.06.2021 13:40:41.120  00002083 00000000 00000000 00002000 00000003 
15.06.2021 13:40:41.126  00002003 00000000 00000000 00002000 00000003 
15.06.2021 13:40:41.192  00002000 00000000 00000000 00002000 00000000 
15.06.2021 13:40:41.195  00000000 00000000 00000000 00000000 00000000 
15.06.2021 13:40:41.339  00000001 00000000 00000000 00000000 00000001 
15.06.2021 13:40:41.414  00000000 00000000 00000000 00000000 00000000 
15.06.2021 13:40:41.549  00000002 00000000 00000000 00000000 00000002 
15.06.2021 13:40:41.630  00000000 00000000 00000000 00000000 00000000 
15.06.2021 13:40:41.729  00002000 00000000 00000000 00002000 00000000 
15.06.2021 13:40:41.762  00000000 00000000 00000000 00000000 00000000 
15.06.2021 13:45:45.744  00002002 00000000 00000000 00002000 00000002 
15.06.2021 13:45:45.747  00002003 00000000 00000000 00002000 00000002 
15.06.2021 13:45:45.750  00002003 00000000 00000000 00002000 00000003 
15.06.2021 13:45:51.717  00002083 00000080 00000000 00002000 00000003 
16.06.2021 11:05:14.355  000003b3 000000b0 00000200 00000000 00010103 
16.06.2021 11:05:14.511  000001b3 000000b0 00000000 00000000 00010103 
16.06.2021 11:05:14.523  000000b3 000000b0 00000000 00000000 00000003 
16.06.2021 11:05:56.482  000000b3 00000000 00000000 00000000 00000003 
16.06.2021 11:05:56.488  00000003 00000000 00000000 00000000 00000003 
16.06.2021 11:05:56.857  80000003 80000000 00000000 00000000 00000003 
16.06.2021 11:05:56.863  00000003 00000000 00000000 00000000 00000003 
16.06.2021 11:05:56.953  00000033 00000030 00000000 00000000 00000003 
16.06.2021 11:05:57.013  00000033 00000000 00000000 00000000 00000003 
16.06.2021 11:05:57.019  00000003 00000000 00000000 00000000 00000003 
16.06.2021 11:06:00.148  00000033 00000030 00000000 00000000 00000003 
16.06.2021 11:06:00.217  00000033 00000000 00000000 00000000 00000003 
16.06.2021 11:06:00.223  00000003 00000000 00000000 00000000 00000003 
16.06.2021 11:06:00.370  00000043 00000000 00000000 00000040 00000003 
16.06.2021 11:06:00.382  000000c3 00000080 00000000 00000040 00000003 
16.06.2021 11:06:00.385  000020c3 00000080 00000000 00002040 00000003 
16.06.2021 11:06:00.463  00002083 00000080 00000000 00002000 00000003 
16.06.2021 11:06:00.466  00002083 00000000 00000000 00002000 00000003 
16.06.2021 11:06:00.472  00002003 00000000 00000000 00002000 00000003 
16.06.2021 11:06:00.475  00000003 00000000 00000000 00000000 00000003 
16.06.2021 11:06:00.589  00000083 00000080 00000000 00000000 00000003 
16.06.2021 11:06:00.649  00000083 00000000 00000000 00000000 00000003 
16.06.2021 11:06:00.655  00000003 00000000 00000000 00000000 00000003 
16.06.2021 11:06:00.940  00000083 00000080 00000000 00000000 00000003 
16.06.2021 11:06:01.120  00000083 00000000 00000000 00000000 00000003 
16.06.2021 11:06:01.126  00000003 00000000 00000000 00000000 00000003 
16.06.2021 11:06:01.273  00000103 00000000 00000000 00000000 00000003 
16.06.2021 11:06:01.276  00000103 00000000 00000000 00000000 00010103 
16.06.2021 11:06:01.354  00000003 00000000 00000000 00000000 00000003 
16.06.2021 11:06:01.519  00000103 00000000 00000000 00000000 00010103 
16.06.2021 11:06:01.603  00000003 00000000 00000000 00000000 00000003 
16.06.2021 11:06:01.747  00000203 00000000 00000000 00000000 00000003 
16.06.2021 11:06:01.750  00000203 00000000 00000200 00000000 00000003 
16.06.2021 11:06:01.840  00000003 00000000 00000000 00000000 00000003 
16.06.2021 11:06:01.981  00000203 00000000 00000000 00000000 00000003 
16.06.2021 11:06:01.984  00000203 00000000 00000200 00000000 00000003 
16.06.2021 11:06:02.071  00000003 00000000 00000000 00000000 00000003 
16.06.2021 11:06:02.197  00001003 00001000 00000000 00000000 00000003 
16.06.2021 11:06:02.221  00001003 00000000 00000000 00000000 00000003 
16.06.2021 11:06:02.224  00000003 00000000 00000000 00000000 00000003 
16.06.2021 11:06:02.248  00001003 00001000 00000000 00000000 00000003 
16.06.2021 11:06:02.257  00001003 00000000 00000000 00000000 00000003 
16.06.2021 11:06:02.260  00000003 00000000 00000000 00000000 00000003 
16.06.2021 11:06:02.281  00001003 00001000 00000000 00000000 00000003 
16.06.2021 11:06:02.293  00001003 00000000 00000000 00000000 00000003 
16.06.2021 11:06:02.296  00000003 00000000 00000000 00000000 00000003 
16.06.2021 11:06:02.308  00001003 00001000 00000000 00000000 00000003 
16.06.2021 11:06:02.329  00001003 00000000 00000000 00000000 00000003 
16.06.2021 11:06:02.332  00000003 00000000 00000000 00000000 00000003 
16.06.2021 11:06:02.347  00001003 00001000 00000000 00000000 00000003 
16.06.2021 11:06:02.365  00001003 00000000 00000000 00000000 00000003 
16.06.2021 11:06:02.368  00000003 00000000 00000000 00000000 00000003 
16.06.2021 11:06:02.383  00001003 00001000 00000000 00000000 00000003 
16.06.2021 11:06:02.401  00001003 00000000 00000000 00000000 00000003 
16.06.2021 11:06:02.404  00000003 00000000 00000000 00000000 00000003 
16.06.2021 11:06:02.419  00001003 00001000 00000000 00000000 00000003 
16.06.2021 11:06:02.437  00001003 00000000 00000000 00000000 00000003 
16.06.2021 11:06:02.440  00000003 00000000 00000000 00000000 00000003 
16.06.2021 11:06:02.452  00001003 00001000 00000000 00000000 00000003 
16.06.2021 11:06:02.473  00001003 00000000 00000000 00000000 00000003 
16.06.2021 11:06:02.476  00000003 00000000 00000000 00000000 00000003 
16.06.2021 11:06:02.488  00001003 00001000 00000000 00000000 00000003 
16.06.2021 11:06:02.509  00001003 00000000 00000000 00000000 00000003 
16.06.2021 11:06:02.512  00000003 00000000 00000000 00000000 00000003 
16.06.2021 11:06:02.527  00001003 00001000 00000000 00000000 00000003 
16.06.2021 11:06:02.545  00001003 00000000 00000000 00000000 00000003 
16.06.2021 11:06:02.548  00000003 00000000 00000000 00000000 00000003 
16.06.2021 11:06:02.560  00001003 00001000 00000000 00000000 00000003 
16.06.2021 11:06:02.581  00001003 00000000 00000000 00000000 00000003 
16.06.2021 11:06:02.584  00000003 00000000 00000000 00000000 00000003 
16.06.2021 11:06:02.596  00001003 00001000 00000000 00000000 00000003 
16.06.2021 11:06:02.617  00001003 00000000 00000000 00000000 00000003 
16.06.2021 11:06:02.620  00000003 00000000 00000000 00000000 00000003 
16.06.2021 11:06:02.635  00001003 00001000 00000000 00000000 00000003 
16.06.2021 11:06:02.653  00001003 00000000 00000000 00000000 00000003 
16.06.2021 11:06:02.656  00000003 00000000 00000000 00000000 00000003 
16.06.2021 11:06:02.671  00001003 00001000 00000000 00000000 00000003 
16.06.2021 11:06:02.689  00001003 00000000 00000000 00000000 00000003 
16.06.2021 11:06:02.692  00000003 00000000 00000000 00000000 00000003 
16.06.2021 11:06:02.704  00001003 00001000 00000000 00000000 00000003 
16.06.2021 11:06:02.725  00001003 00000000 00000000 00000000 00000003 
16.06.2021 11:06:02.728  00000003 00000000 00000000 00000000 00000003 
16.06.2021 11:06:02.743  00001003 00001000 00000000 00000000 00000003 
16.06.2021 11:06:02.761  00001003 00000000 00000000 00000000 00000003 
16.06.2021 11:06:02.764  00000003 00000000 00000000 00000000 00000003 
16.06.2021 11:06:02.779  00001003 00001000 00000000 00000000 00000003 
16.06.2021 11:06:02.797  00001003 00000000 00000000 00000000 00000003 
16.06.2021 11:06:02.800  00000003 00000000 00000000 00000000 00000003 
16.06.2021 11:06:02.812  00001003 00001000 00000000 00000000 00000003 
16.06.2021 11:06:02.833  00001003 00000000 00000000 00000000 00000003 
16.06.2021 11:06:02.836  00000003 00000000 00000000 00000000 00000003 
16.06.2021 11:06:02.848  00001003 00001000 00000000 00000000 00000003 
16.06.2021 11:06:02.869  00001003 00000000 00000000 00000000 00000003 
16.06.2021 11:06:02.872  00000003 00000000 00000000 00000000 00000003 
16.06.2021 11:06:02.887  00001003 00001000 00000000 00000000 00000003 
16.06.2021 11:06:02.905  00001003 00000000 00000000 00000000 00000003 
16.06.2021 11:06:02.908  00000003 00000000 00000000 00000000 00000003 
16.06.2021 11:06:02.920  00001003 00001000 00000000 00000000 00000003 
16.06.2021 11:06:02.941  00001003 00000000 00000000 00000000 00000003 
16.06.2021 11:06:02.944  00000003 00000000 00000000 00000000 00000003 
16.06.2021 11:06:02.959  00001003 00001000 00000000 00000000 00000003 
16.06.2021 11:06:02.977  00001003 00000000 00000000 00000000 00000003 
16.06.2021 11:06:02.980  00000003 00000000 00000000 00000000 00000003 
16.06.2021 11:06:02.992  00001003 00001000 00000000 00000000 00000003 
16.06.2021 11:06:03.013  00001003 00000000 00000000 00000000 00000003 
16.06.2021 11:06:03.016  00000003 00000000 00000000 00000000 00000003 
16.06.2021 11:06:03.028  00001003 00001000 00000000 00000000 00000003 
16.06.2021 11:06:03.049  00001003 00000000 00000000 00000000 00000003 
16.06.2021 11:06:03.052  00000003 00000000 00000000 00000000 00000003 
16.06.2021 11:06:03.064  00001003 00001000 00000000 00000000 00000003 
16.06.2021 11:06:03.085  00001003 00000000 00000000 00000000 00000003 
16.06.2021 11:06:03.088  00000003 00000000 00000000 00000000 00000003 
16.06.2021 11:06:03.100  00001003 00001000 00000000 00000000 00000003 
16.06.2021 11:06:03.121  00001003 00000000 00000000 00000000 00000003 
16.06.2021 11:06:03.124  00000003 00000000 00000000 00000000 00000003 
16.06.2021 11:06:03.250  00001003 00000000 00000000 00000000 00000003 
16.06.2021 11:06:03.253  00001003 00000000 00001000 00000000 00000003 
16.06.2021 11:06:03.328  00000003 00000000 00001000 00000000 00000003 
16.06.2021 11:06:03.331  00000003 00000000 00000000 00000000 00000003 
16.06.2021 11:06:03.469  00001003 00000000 00000000 00001000 00000003 
16.06.2021 11:06:03.478  00000003 00000000 00000000 00001000 00000003 
16.06.2021 11:06:03.481  00001003 00000000 00000000 00001000 00000003 
16.06.2021 11:06:03.490  00000003 00000000 00000000 00001000 00000003 
16.06.2021 11:06:03.493  00001003 00000000 00000000 00000000 00000003 
16.06.2021 11:06:03.496  00001003 00000000 00000000 00001000 00000003 
16.06.2021 11:06:03.502  00000003 00000000 00000000 00001000 00000003 
16.06.2021 11:06:03.505  00001003 00000000 00000000 00000000 00000003 
16.06.2021 11:06:03.508  00001003 00000000 00000000 00001000 00000003 
16.06.2021 11:06:03.514  00000003 00000000 00000000 00001000 00000003 
16.06.2021 11:06:03.517  00001003 00000000 00000000 00000000 00000003 
16.06.2021 11:06:03.520  00001003 00000000 00000000 00001000 00000003 
16.06.2021 11:06:03.526  00000003 00000000 00000000 00001000 00000003 
16.06.2021 11:06:03.529  00001003 00000000 00000000 00000000 00000003 
16.06.2021 11:06:03.532  00001003 00000000 00000000 00001000 00000003 
16.06.2021 11:06:03.541  00001003 00000000 00000000 00000000 00000003 
16.06.2021 11:06:03.544  00001003 00000000 00000000 00001000 00000003 
16.06.2021 11:06:03.562  00000003 00000000 00000000 00000000 00000003 
16.06.2021 11:06:03.565  00001003 00000000 00000000 00001000 00000003 
16.06.2021 11:06:03.574  00000003 00000000 00000000 00000000 00000003 
16.06.2021 11:06:03.577  00001003 00000000 00000000 00001000 00000003 
16.06.2021 11:06:03.586  00000003 00000000 00000000 00000000 00000003 
16.06.2021 11:06:03.589  00001003 00000000 00000000 00001000 00000003 
16.06.2021 11:06:03.598  00000003 00000000 00000000 00000000 00000003 
16.06.2021 11:06:03.601  00001003 00000000 00000000 00001000 00000003 
16.06.2021 11:06:03.610  00000003 00000000 00000000 00000000 00000003 
16.06.2021 11:06:03.613  00001003 00000000 00000000 00000000 00000003 
16.06.2021 11:06:03.616  00001003 00000000 00000000 00001000 00000003 
16.06.2021 11:06:03.652  00000003 00000000 00000000 00001000 00000003 
16.06.2021 11:06:03.655  00000003 00000000 00000000 00000000 00000003 
16.06.2021 11:06:03.658  00001003 00000000 00000000 00000000 00000003 
16.06.2021 11:06:03.661  00001003 00000000 00000000 00001000 00000003 
16.06.2021 11:06:03.745  00000003 00000000 00000000 00000000 00000003 
16.06.2021 11:06:03.871  00001003 00000000 00000000 00000000 00001003 
16.06.2021 11:06:03.958  00000003 00000000 00000000 00000000 00000003 
16.06.2021 11:06:04.060  00000003 00000000 00400000 00000000 00000003 
16.06.2021 11:06:04.063  00000003 00000000 00000000 00000000 00000003 
16.06.2021 11:06:04.168  00000003 00000000 00000000 00400000 00000003 
16.06.2021 11:06:04.171  00000003 00000000 00000000 00000000 00000003 
16.06.2021 11:06:04.270  00000003 00000000 00000000 00000000 00400003 
16.06.2021 11:06:04.273  00000003 00000000 00000000 00000000 00000003 
16.06.2021 11:06:04.417  00000003 00000000 00000000 00000000 00800003 
16.06.2021 11:06:04.420  00000003 00000000 00000000 00000000 00000003 
16.06.2021 11:06:04.771  00001003 00000000 00001000 00000000 00000003 
16.06.2021 11:06:04.858  00000003 00000000 00001000 00000000 00000003 
16.06.2021 11:06:04.861  00000003 00000000 00000000 00000000 00000003 
16.06.2021 11:06:04.999  00001003 00000000 00000000 00000000 00001003 
16.06.2021 11:06:05.074  00000003 00000000 00000000 00000000 00000003 
16.06.2021 11:06:05.227  00001003 00000000 00001000 00000000 00000003 
16.06.2021 11:06:05.308  00000003 00000000 00001000 00000000 00000003 
16.06.2021 11:06:05.311  00000003 00000000 00000000 00000000 00000003 
16.06.2021 11:06:05.449  00001003 00000000 00000000 00000000 00001003 
16.06.2021 11:06:05.524  00000003 00000000 00000000 00000000 00000003 
16.06.2021 11:06:06.400  00000003 00000000 00800000 00000000 00000003 
16.06.2021 11:06:06.403  00000003 00000000 00000000 00000000 00000003 
16.06.2021 11:06:06.535  00000003 00000000 00000000 00800000 00000003 
16.06.2021 11:06:06.538  00000003 00000000 00000000 00000000 00000003 
16.06.2021 11:06:06.676  00004003 00000000 00004000 00000000 00000003 
16.06.2021 11:06:06.748  00000003 00000000 00004000 00000000 00000003 
16.06.2021 11:06:06.751  00000003 00000000 00000000 00000000 00000003 
16.06.2021 11:06:06.889  00004003 00000000 00000000 00000000 00004003 
16.06.2021 11:06:06.964  00000003 00000000 00000000 00000000 00000003 
16.06.2021 11:06:07.114  00004003 00000000 00004000 00000000 00000003 
16.06.2021 11:06:07.198  00000003 00000000 00004000 00000000 00000003 
16.06.2021 11:06:07.201  00000003 00000000 00000000 00000000 00000003 
16.06.2021 11:06:07.339  00004003 00000000 00000000 00000000 00004003 
16.06.2021 11:06:07.414  00000003 00000000 00000000 00000000 00000003 
16.06.2021 11:06:07.861  00004003 00004000 00000000 00000000 00000003 
16.06.2021 11:06:09.073  00004003 00000000 00000000 00000000 00000003 
16.06.2021 11:06:09.079  00000003 00000000 00000000 00000000 00000003 
16.06.2021 11:06:09.337  00004003 00000000 00000000 00000000 00000003 
16.06.2021 11:06:09.340  00004003 00000000 00000000 00004000 00000003 
16.06.2021 11:06:10.066  00000003 00000000 00000000 00000000 00000003 
16.06.2021 11:06:10.624  00002003 00000000 00000000 00002000 00000003 
16.06.2021 11:07:00.742  00000000 00000000 00000000 00000000 00000000 
16.06.2021 11:07:00.763  00000080 00000080 00000000 00000000 00000000 
16.06.2021 11:07:00.766  00002080 00000080 00000000 00002000 00000000 
16.06.2021 11:07:00.859  00002082 00000080 00000000 00002000 00000000 
16.06.2021 11:07:00.862  00002082 00000080 00000000 00002000 00000002 
16.06.2021 11:07:00.865  00002083 00000080 00000000 00002000 00000002 
16.06.2021 11:07:00.868  00002083 00000080 00000000 00002000 00000003 
16.06.2021 11:07:00.922  000020c3 00000080 00000000 00002040 00000003 
16.06.2021 11:07:00.943  00002083 00000080 00000000 00002000 00000003 
16.06.2021 11:07:00.952  00002083 00000000 00000000 00002000 00000003 
16.06.2021 11:07:00.958  00002003 00000000 00000000 00002000 00000003 
16.06.2021 11:07:01.012  00002000 00000000 00000000 00002000 00000003 
16.06.2021 11:07:01.015  00000000 00000000 00000000 00000000 00000000 
16.06.2021 11:07:01.165  00000001 00000000 00000000 00000000 00000001 
16.06.2021 11:07:01.255  00000000 00000000 00000000 00000000 00000000 
16.06.2021 11:07:01.387  00000002 00000000 00000000 00000000 00000002 
16.06.2021 11:07:01.471  00000000 00000000 00000000 00000000 00000000 
16.06.2021 11:07:01.570  00002000 00000000 00000000 00002000 00000000 
16.06.2021 11:07:01.603  00000000 00000000 00000000 00000000 00000000 
16.06.2021 11:48:02.394  00002002 00000000 00000000 00002000 00000002 
16.06.2021 11:48:02.397  00002003 00000000 00000000 00002000 00000003 
16.06.2021 11:48:17.211  00002083 00000080 00000000 00002000 00000003 

Servicedata V1.0 PLC:\DEBUG\S_State.service.trace created 16.06.2021 20:54:19 (local time)
hostname: hu, Software: 606421 04, built: 08.10.2014 08:59
-------------------------------------------------------------------------------------------
                    ms   global   master   device1
15.06.2021 13:11:53.120  00001003 00000000 00000000 00001000 00000003 
15.06.2021 13:11:53.129  00001003 00000000 00000000 00000000 00000003 
15.06.2021 13:11:53.132  00001003 00000000 00000000 00001000 00000003 
15.06.2021 13:11:53.141  00000003 00000000 00000000 00000000 00000003 
15.06.2021 13:11:53.144  00001003 00000000 00000000 00000000 00000003 
15.06.2021 13:11:53.147  00001003 00000000 00000000 00001000 00000003 
15.06.2021 13:11:53.183  00000003 00000000 00000000 00001000 00000003 
15.06.2021 13:11:53.186  00000003 00000000 00000000 00000000 00000003 
15.06.2021 13:11:53.189  00001003 00000000 00000000 00000000 00000003 
15.06.2021 13:11:53.192  00001003 00000000 00000000 00001000 00000003 
15.06.2021 13:11:53.276  00000003 00000000 00000000 00000000 00000003 
15.06.2021 13:11:53.405  00001003 00000000 00000000 00000000 00001003 
15.06.2021 13:11:53.489  00000003 00000000 00000000 00000000 00000003 
15.06.2021 13:11:53.588  00000003 00000000 00400000 00000000 00000003 
15.06.2021 13:11:53.591  00000003 00000000 00000000 00000000 00000003 
15.06.2021 13:11:53.696  00000003 00000000 00000000 00400000 00000003 
15.06.2021 13:11:53.699  00000003 00000000 00000000 00000000 00000003 
15.06.2021 13:11:53.801  00000003 00000000 00000000 00000000 00400003 
15.06.2021 13:11:53.804  00000003 00000000 00000000 00000000 00000003 
15.06.2021 13:11:53.948  00000003 00000000 00000000 00000000 00800003 
15.06.2021 13:11:53.951  00000003 00000000 00000000 00000000 00000003 
15.06.2021 13:11:54.302  00001003 00000000 00001000 00000000 00000003 
15.06.2021 13:11:54.389  00000003 00000000 00001000 00000000 00000003 
15.06.2021 13:11:54.392  00000003 00000000 00000000 00000000 00000003 
15.06.2021 13:11:54.527  00001003 00000000 00000000 00000000 00001003 
15.06.2021 13:11:54.605  00000003 00000000 00000000 00000000 00000003 
15.06.2021 13:11:54.755  00001003 00000000 00001000 00000000 00000003 
15.06.2021 13:11:54.839  00000003 00000000 00001000 00000000 00000003 
15.06.2021 13:11:54.842  00000003 00000000 00000000 00000000 00000003 
15.06.2021 13:11:54.977  00001003 00000000 00000000 00000000 00001003 
15.06.2021 13:11:55.055  00000003 00000000 00000000 00000000 00000003 
15.06.2021 13:11:55.871  00000003 00000000 00800000 00000000 00000003 
15.06.2021 13:11:55.874  00000003 00000000 00000000 00000000 00000003 
15.06.2021 13:11:56.006  00000003 00000000 00000000 00800000 00000003 
15.06.2021 13:11:56.009  00000003 00000000 00000000 00000000 00000003 
15.06.2021 13:11:56.147  00004003 00000000 00004000 00000000 00000003 
15.06.2021 13:11:56.225  00000003 00000000 00004000 00000000 00000003 
15.06.2021 13:11:56.228  00000003 00000000 00000000 00000000 00000003 
15.06.2021 13:11:56.363  00004003 00000000 00000000 00000000 00004003 
15.06.2021 13:11:56.441  00000003 00000000 00000000 00000000 00000003 
15.06.2021 13:11:56.588  00004003 00000000 00004000 00000000 00000003 
15.06.2021 13:11:56.678  00000003 00000000 00000000 00000000 00000003 
15.06.2021 13:11:56.813  00004003 00000000 00000000 00000000 00004003 
15.06.2021 13:11:56.891  00000003 00000000 00000000 00000000 00000003 
15.06.2021 13:11:57.173  00004003 00004000 00000000 00000000 00000003 
15.06.2021 13:11:58.388  00004003 00000000 00000000 00000000 00000003 
15.06.2021 13:11:58.394  00000003 00000000 00000000 00000000 00000003 
15.06.2021 13:11:58.691  00004003 00000000 00000000 00004000 00000003 
15.06.2021 13:11:59.417  00000003 00000000 00000000 00000000 00000003 
15.06.2021 13:11:59.972  00002003 00000000 00000000 00002000 00000003 
15.06.2021 13:40:40.922  00000002 00000000 00000000 00000000 00000002 
15.06.2021 13:40:40.925  00000000 00000000 00000000 00000000 00000000 
15.06.2021 13:40:40.949  00000080 00000080 00000000 00000000 00000000 
15.06.2021 13:40:40.952  00002080 00000080 00000000 00002000 00000000 
15.06.2021 13:40:41.045  00002082 00000080 00000000 00002000 00000002 
15.06.2021 13:40:41.051  00002083 00000080 00000000 00002000 00000003 
15.06.2021 13:40:41.090  000020c3 00000080 00000000 00002040 00000003 
15.06.2021 13:40:41.111  00002083 00000080 00000000 00002000 00000003 
15.06.2021 13:40:41.120  00002083 00000000 00000000 00002000 00000003 
15.06.2021 13:40:41.126  00002003 00000000 00000000 00002000 00000003 
15.06.2021 13:40:41.192  00002000 00000000 00000000 00002000 00000000 
15.06.2021 13:40:41.195  00000000 00000000 00000000 00000000 00000000 
15.06.2021 13:40:41.339  00000001 00000000 00000000 00000000 00000001 
15.06.2021 13:40:41.414  00000000 00000000 00000000 00000000 00000000 
15.06.2021 13:40:41.549  00000002 00000000 00000000 00000000 00000002 
15.06.2021 13:40:41.630  00000000 00000000 00000000 00000000 00000000 
15.06.2021 13:40:41.729  00002000 00000000 00000000 00002000 00000000 
15.06.2021 13:40:41.762  00000000 00000000 00000000 00000000 00000000 
15.06.2021 13:45:45.744  00002002 00000000 00000000 00002000 00000002 
15.06.2021 13:45:45.747  00002003 00000000 00000000 00002000 00000002 
15.06.2021 13:45:45.750  00002003 00000000 00000000 00002000 00000003 
15.06.2021 13:45:51.717  00002083 00000080 00000000 00002000 00000003 
16.06.2021 11:05:14.355  000003b3 000000b0 00000200 00000000 00010103 
16.06.2021 11:05:14.511  000001b3 000000b0 00000000 00000000 00010103 
16.06.2021 11:05:14.523  000000b3 000000b0 00000000 00000000 00000003 
16.06.2021 11:05:56.482  000000b3 00000000 00000000 00000000 00000003 
16.06.2021 11:05:56.488  00000003 00000000 00000000 00000000 00000003 
16.06.2021 11:05:56.857  80000003 80000000 00000000 00000000 00000003 
16.06.2021 11:05:56.863  00000003 00000000 00000000 00000000 00000003 
16.06.2021 11:05:56.953  00000033 00000030 00000000 00000000 00000003 
16.06.2021 11:05:57.013  00000033 00000000 00000000 00000000 00000003 
16.06.2021 11:05:57.019  00000003 00000000 00000000 00000000 00000003 
16.06.2021 11:06:00.148  00000033 00000030 00000000 00000000 00000003 
16.06.2021 11:06:00.217  00000033 00000000 00000000 00000000 00000003 
16.06.2021 11:06:00.223  00000003 00000000 00000000 00000000 00000003 
16.06.2021 11:06:00.370  00000043 00000000 00000000 00000040 00000003 
16.06.2021 11:06:00.382  000000c3 00000080 00000000 00000040 00000003 
16.06.2021 11:06:00.385  000020c3 00000080 00000000 00002040 00000003 
16.06.2021 11:06:00.463  00002083 00000080 00000000 00002000 00000003 
16.06.2021 11:06:00.466  00002083 00000000 00000000 00002000 00000003 
16.06.2021 11:06:00.472  00002003 00000000 00000000 00002000 00000003 
16.06.2021 11:06:00.475  00000003 00000000 00000000 00000000 00000003 
16.06.2021 11:06:00.589  00000083 00000080 00000000 00000000 00000003 
16.06.2021 11:06:00.649  00000083 00000000 00000000 00000000 00000003 
16.06.2021 11:06:00.655  00000003 00000000 00000000 00000000 00000003 
16.06.2021 11:06:00.940  00000083 00000080 00000000 00000000 00000003 
16.06.2021 11:06:01.120  00000083 00000000 00000000 00000000 00000003 
16.06.2021 11:06:01.126  00000003 00000000 00000000 00000000 00000003 
16.06.2021 11:06:01.273  00000103 00000000 00000000 00000000 00000003 
16.06.2021 11:06:01.276  00000103 00000000 00000000 00000000 00010103 
16.06.2021 11:06:01.354  00000003 00000000 00000000 00000000 00000003 
16.06.2021 11:06:01.519  00000103 00000000 00000000 00000000 00010103 
16.06.2021 11:06:01.603  00000003 00000000 00000000 00000000 00000003 
16.06.2021 11:06:01.747  00000203 00000000 00000000 00000000 00000003 
16.06.2021 11:06:01.750  00000203 00000000 00000200 00000000 00000003 
16.06.2021 11:06:01.840  00000003 00000000 00000000 00000000 00000003 
16.06.2021 11:06:01.981  00000203 00000000 00000000 00000000 00000003 
16.06.2021 11:06:01.984  00000203 00000000 00000200 00000000 00000003 
16.06.2021 11:06:02.071  00000003 00000000 00000000 00000000 00000003 
16.06.2021 11:06:02.197  00001003 00001000 00000000 00000000 00000003 
16.06.2021 11:06:02.221  00001003 00000000 00000000 00000000 00000003 
16.06.2021 11:06:02.224  00000003 00000000 00000000 00000000 00000003 
16.06.2021 11:06:02.248  00001003 00001000 00000000 00000000 00000003 
16.06.2021 11:06:02.257  00001003 00000000 00000000 00000000 00000003 
16.06.2021 11:06:02.260  00000003 00000000 00000000 00000000 00000003 
16.06.2021 11:06:02.281  00001003 00001000 00000000 00000000 00000003 
16.06.2021 11:06:02.293  00001003 00000000 00000000 00000000 00000003 
16.06.2021 11:06:02.296  00000003 00000000 00000000 00000000 00000003 
16.06.2021 11:06:02.308  00001003 00001000 00000000 00000000 00000003 
16.06.2021 11:06:02.329  00001003 00000000 00000000 00000000 00000003 
16.06.2021 11:06:02.332  00000003 00000000 00000000 00000000 00000003 
16.06.2021 11:06:02.347  00001003 00001000 00000000 00000000 00000003 
16.06.2021 11:06:02.365  00001003 00000000 00000000 00000000 00000003 
16.06.2021 11:06:02.368  00000003 00000000 00000000 00000000 00000003 
16.06.2021 11:06:02.383  00001003 00001000 00000000 00000000 00000003 
16.06.2021 11:06:02.401  00001003 00000000 00000000 00000000 00000003 
16.06.2021 11:06:02.404  00000003 00000000 00000000 00000000 00000003 
16.06.2021 11:06:02.419  00001003 00001000 00000000 00000000 00000003 
16.06.2021 11:06:02.437  00001003 00000000 00000000 00000000 00000003 
16.06.2021 11:06:02.440  00000003 00000000 00000000 00000000 00000003 
16.06.2021 11:06:02.452  00001003 00001000 00000000 00000000 00000003 
16.06.2021 11:06:02.473  00001003 00000000 00000000 00000000 00000003 
16.06.2021 11:06:02.476  00000003 00000000 00000000 00000000 00000003 
16.06.2021 11:06:02.488  00001003 00001000 00000000 00000000 00000003 
16.06.2021 11:06:02.509  00001003 00000000 00000000 00000000 00000003 
16.06.2021 11:06:02.512  00000003 00000000 00000000 00000000 00000003 
16.06.2021 11:06:02.527  00001003 00001000 00000000 00000000 00000003 
16.06.2021 11:06:02.545  00001003 00000000 00000000 00000000 00000003 
16.06.2021 11:06:02.548  00000003 00000000 00000000 00000000 00000003 
16.06.2021 11:06:02.560  00001003 00001000 00000000 00000000 00000003 
16.06.2021 11:06:02.581  00001003 00000000 00000000 00000000 00000003 
16.06.2021 11:06:02.584  00000003 00000000 00000000 00000000 00000003 
16.06.2021 11:06:02.596  00001003 00001000 00000000 00000000 00000003 
16.06.2021 11:06:02.617  00001003 00000000 00000000 00000000 00000003 
16.06.2021 11:06:02.620  00000003 00000000 00000000 00000000 00000003 
16.06.2021 11:06:02.635  00001003 00001000 00000000 00000000 00000003 
16.06.2021 11:06:02.653  00001003 00000000 00000000 00000000 00000003 
16.06.2021 11:06:02.656  00000003 00000000 00000000 00000000 00000003 
16.06.2021 11:06:02.671  00001003 00001000 00000000 00000000 00000003 
16.06.2021 11:06:02.689  00001003 00000000 00000000 00000000 00000003 
16.06.2021 11:06:02.692  00000003 00000000 00000000 00000000 00000003 
16.06.2021 11:06:02.704  00001003 00001000 00000000 00000000 00000003 
16.06.2021 11:06:02.725  00001003 00000000 00000000 00000000 00000003 
16.06.2021 11:06:02.728  00000003 00000000 00000000 00000000 00000003 
16.06.2021 11:06:02.743  00001003 00001000 00000000 00000000 00000003 
16.06.2021 11:06:02.761  00001003 00000000 00000000 00000000 00000003 
16.06.2021 11:06:02.764  00000003 00000000 00000000 00000000 00000003 
16.06.2021 11:06:02.779  00001003 00001000 00000000 00000000 00000003 
16.06.2021 11:06:02.797  00001003 00000000 00000000 00000000 00000003 
16.06.2021 11:06:02.800  00000003 00000000 00000000 00000000 00000003 
16.06.2021 11:06:02.812  00001003 00001000 00000000 00000000 00000003 
16.06.2021 11:06:02.833  00001003 00000000 00000000 00000000 00000003 
16.06.2021 11:06:02.836  00000003 00000000 00000000 00000000 00000003 
16.06.2021 11:06:02.848  00001003 00001000 00000000 00000000 00000003 
16.06.2021 11:06:02.869  00001003 00000000 00000000 00000000 00000003 
16.06.2021 11:06:02.872  00000003 00000000 00000000 00000000 00000003 
16.06.2021 11:06:02.887  00001003 00001000 00000000 00000000 00000003 
16.06.2021 11:06:02.905  00001003 00000000 00000000 00000000 00000003 
16.06.2021 11:06:02.908  00000003 00000000 00000000 00000000 00000003 
16.06.2021 11:06:02.920  00001003 00001000 00000000 00000000 00000003 
16.06.2021 11:06:02.941  00001003 00000000 00000000 00000000 00000003 
16.06.2021 11:06:02.944  00000003 00000000 00000000 00000000 00000003 
16.06.2021 11:06:02.959  00001003 00001000 00000000 00000000 00000003 
16.06.2021 11:06:02.977  00001003 00000000 00000000 00000000 00000003 
16.06.2021 11:06:02.980  00000003 00000000 00000000 00000000 00000003 
16.06.2021 11:06:02.992  00001003 00001000 00000000 00000000 00000003 
16.06.2021 11:06:03.013  00001003 00000000 00000000 00000000 00000003 
16.06.2021 11:06:03.016  00000003 00000000 00000000 00000000 00000003 
16.06.2021 11:06:03.028  00001003 00001000 00000000 00000000 00000003 
16.06.2021 11:06:03.049  00001003 00000000 00000000 00000000 00000003 
16.06.2021 11:06:03.052  00000003 00000000 00000000 00000000 00000003 
16.06.2021 11:06:03.064  00001003 00001000 00000000 00000000 00000003 
16.06.2021 11:06:03.085  00001003 00000000 00000000 00000000 00000003 
16.06.2021 11:06:03.088  00000003 00000000 00000000 00000000 00000003 
16.06.2021 11:06:03.100  00001003 00001000 00000000 00000000 00000003 
16.06.2021 11:06:03.121  00001003 00000000 00000000 00000000 00000003 
16.06.2021 11:06:03.124  00000003 00000000 00000000 00000000 00000003 
16.06.2021 11:06:03.250  00001003 00000000 00000000 00000000 00000003 
16.06.2021 11:06:03.253  00001003 00000000 00001000 00000000 00000003 
16.06.2021 11:06:03.328  00000003 00000000 00001000 00000000 00000003 
16.06.2021 11:06:03.331  00000003 00000000 00000000 00000000 00000003 
16.06.2021 11:06:03.469  00001003 00000000 00000000 00001000 00000003 
16.06.2021 11:06:03.478  00000003 00000000 00000000 00001000 00000003 
16.06.2021 11:06:03.481  00001003 00000000 00000000 00001000 00000003 
16.06.2021 11:06:03.490  00000003 00000000 00000000 00001000 00000003 
16.06.2021 11:06:03.493  00001003 00000000 00000000 00000000 00000003 
16.06.2021 11:06:03.496  00001003 00000000 00000000 00001000 00000003 
16.06.2021 11:06:03.502  00000003 00000000 00000000 00001000 00000003 
16.06.2021 11:06:03.505  00001003 00000000 00000000 00000000 00000003 
16.06.2021 11:06:03.508  00001003 00000000 00000000 00001000 00000003 
16.06.2021 11:06:03.514  00000003 00000000 00000000 00001000 00000003 
16.06.2021 11:06:03.517  00001003 00000000 00000000 00000000 00000003 
16.06.2021 11:06:03.520  00001003 00000000 00000000 00001000 00000003 
16.06.2021 11:06:03.526  00000003 00000000 00000000 00001000 00000003 
16.06.2021 11:06:03.529  00001003 00000000 00000000 00000000 00000003 
16.06.2021 11:06:03.532  00001003 00000000 00000000 00001000 00000003 
16.06.2021 11:06:03.541  00001003 00000000 00000000 00000000 00000003 
16.06.2021 11:06:03.544  00001003 00000000 00000000 00001000 00000003 
16.06.2021 11:06:03.562  00000003 00000000 00000000 00000000 00000003 
16.06.2021 11:06:03.565  00001003 00000000 00000000 00001000 00000003 
16.06.2021 11:06:03.574  00000003 00000000 00000000 00000000 00000003 
16.06.2021 11:06:03.577  00001003 00000000 00000000 00001000 00000003 
16.06.2021 11:06:03.586  00000003 00000000 00000000 00000000 00000003 
16.06.2021 11:06:03.589  00001003 00000000 00000000 00001000 00000003 
16.06.2021 11:06:03.598  00000003 00000000 00000000 00000000 00000003 
16.06.2021 11:06:03.601  00001003 00000000 00000000 00001000 00000003 
16.06.2021 11:06:03.610  00000003 00000000 00000000 00000000 00000003 
16.06.2021 11:06:03.613  00001003 00000000 00000000 00000000 00000003 
16.06.2021 11:06:03.616  00001003 00000000 00000000 00001000 00000003 
16.06.2021 11:06:03.652  00000003 00000000 00000000 00001000 00000003 
16.06.2021 11:06:03.655  00000003 00000000 00000000 00000000 00000003 
16.06.2021 11:06:03.658  00001003 00000000 00000000 00000000 00000003 
16.06.2021 11:06:03.661  00001003 00000000 00000000 00001000 00000003 
16.06.2021 11:06:03.745  00000003 00000000 00000000 00000000 00000003 
16.06.2021 11:06:03.871  00001003 00000000 00000000 00000000 00001003 
16.06.2021 11:06:03.958  00000003 00000000 00000000 00000000 00000003 
16.06.2021 11:06:04.060  00000003 00000000 00400000 00000000 00000003 
16.06.2021 11:06:04.063  00000003 00000000 00000000 00000000 00000003 
16.06.2021 11:06:04.168  00000003 00000000 00000000 00400000 00000003 
16.06.2021 11:06:04.171  00000003 00000000 00000000 00000000 00000003 
16.06.2021 11:06:04.270  00000003 00000000 00000000 00000000 00400003 
16.06.2021 11:06:04.273  00000003 00000000 00000000 00000000 00000003 
16.06.2021 11:06:04.417  00000003 00000000 00000000 00000000 00800003 
16.06.2021 11:06:04.420  00000003 00000000 00000000 00000000 00000003 
16.06.2021 11:06:04.771  00001003 00000000 00001000 00000000 00000003 
16.06.2021 11:06:04.858  00000003 00000000 00001000 00000000 00000003 
16.06.2021 11:06:04.861  00000003 00000000 00000000 00000000 00000003 
16.06.2021 11:06:04.999  00001003 00000000 00000000 00000000 00001003 
16.06.2021 11:06:05.074  00000003 00000000 00000000 00000000 00000003 
16.06.2021 11:06:05.227  00001003 00000000 00001000 00000000 00000003 
16.06.2021 11:06:05.308  00000003 00000000 00001000 00000000 00000003 
16.06.2021 11:06:05.311  00000003 00000000 00000000 00000000 00000003 
16.06.2021 11:06:05.449  00001003 00000000 00000000 00000000 00001003 
16.06.2021 11:06:05.524  00000003 00000000 00000000 00000000 00000003 
16.06.2021 11:06:06.400  00000003 00000000 00800000 00000000 00000003 
16.06.2021 11:06:06.403  00000003 00000000 00000000 00000000 00000003 
16.06.2021 11:06:06.535  00000003 00000000 00000000 00800000 00000003 
16.06.2021 11:06:06.538  00000003 00000000 00000000 00000000 00000003 
16.06.2021 11:06:06.676  00004003 00000000 00004000 00000000 00000003 
16.06.2021 11:06:06.748  00000003 00000000 00004000 00000000 00000003 
16.06.2021 11:06:06.751  00000003 00000000 00000000 00000000 00000003 
16.06.2021 11:06:06.889  00004003 00000000 00000000 00000000 00004003 
16.06.2021 11:06:06.964  00000003 00000000 00000000 00000000 00000003 
16.06.2021 11:06:07.114  00004003 00000000 00004000 00000000 00000003 
16.06.2021 11:06:07.198  00000003 00000000 00004000 00000000 00000003 
16.06.2021 11:06:07.201  00000003 00000000 00000000 00000000 00000003 
16.06.2021 11:06:07.339  00004003 00000000 00000000 00000000 00004003 
16.06.2021 11:06:07.414  00000003 00000000 00000000 00000000 00000003 
16.06.2021 11:06:07.861  00004003 00004000 00000000 00000000 00000003 
16.06.2021 11:06:09.073  00004003 00000000 00000000 00000000 00000003 
16.06.2021 11:06:09.079  00000003 00000000 00000000 00000000 00000003 
16.06.2021 11:06:09.337  00004003 00000000 00000000 00000000 00000003 
16.06.2021 11:06:09.340  00004003 00000000 00000000 00004000 00000003 
16.06.2021 11:06:10.066  00000003 00000000 00000000 00000000 00000003 
16.06.2021 11:06:10.624  00002003 00000000 00000000 00002000 00000003 
16.06.2021 11:07:00.742  00000000 00000000 00000000 00000000 00000000 
16.06.2021 11:07:00.763  00000080 00000080 00000000 00000000 00000000 
16.06.2021 11:07:00.766  00002080 00000080 00000000 00002000 00000000 
16.06.2021 11:07:00.859  00002082 00000080 00000000 00002000 00000000 
16.06.2021 11:07:00.862  00002082 00000080 00000000 00002000 00000002 
16.06.2021 11:07:00.865  00002083 00000080 00000000 00002000 00000002 
16.06.2021 11:07:00.868  00002083 00000080 00000000 00002000 00000003 
16.06.2021 11:07:00.922  000020c3 00000080 00000000 00002040 00000003 
16.06.2021 11:07:00.943  00002083 00000080 00000000 00002000 00000003 
16.06.2021 11:07:00.952  00002083 00000000 00000000 00002000 00000003 
16.06.2021 11:07:00.958  00002003 00000000 00000000 00002000 00000003 
16.06.2021 11:07:01.012  00002000 00000000 00000000 00002000 00000003 
16.06.2021 11:07:01.015  00000000 00000000 00000000 00000000 00000000 
16.06.2021 11:07:01.165  00000001 00000000 00000000 00000000 00000001 
16.06.2021 11:07:01.255  00000000 00000000 00000000 00000000 00000000 
16.06.2021 11:07:01.387  00000002 00000000 00000000 00000000 00000002 
16.06.2021 11:07:01.471  00000000 00000000 00000000 00000000 00000000 
16.06.2021 11:07:01.570  00002000 00000000 00000000 00002000 00000000 
16.06.2021 11:07:01.603  00000000 00000000 00000000 00000000 00000000 
16.06.2021 11:48:02.394  00002002 00000000 00000000 00002000 00000002 
16.06.2021 11:48:02.397  00002003 00000000 00000000 00002000 00000003 
16.06.2021 11:48:17.211  00002083 00000080 00000000 00002000 00000003 
16.06.2021 19:28:02.672  000003b3 000000b0 00000200 00000000 00010103 
16.06.2021 19:28:02.828  000001b3 000000b0 00000000 00000000 00010103 
16.06.2021 19:28:02.840  000000b3 000000b0 00000000 00000000 00000003 
16.06.2021 19:28:32.388  000000b3 00000000 00000000 00000000 00000003 
16.06.2021 19:28:32.394  00000003 00000000 00000000 00000000 00000003 
16.06.2021 19:28:32.736  80000003 80000000 00000000 00000000 00000003 
16.06.2021 19:28:32.742  00000003 00000000 00000000 00000000 00000003 
16.06.2021 19:28:32.832  00000033 00000030 00000000 00000000 00000003 
16.06.2021 19:28:32.889  00000033 00000000 00000000 00000000 00000003 
16.06.2021 19:28:32.895  00000003 00000000 00000000 00000000 00000003 
16.06.2021 19:28:36.024  00000033 00000030 00000000 00000000 00000003 
16.06.2021 19:28:36.093  00000033 00000000 00000000 00000000 00000003 
16.06.2021 19:28:36.099  00000003 00000000 00000000 00000000 00000003 
16.06.2021 19:28:36.249  00000043 00000000 00000000 00000040 00000003 
16.06.2021 19:28:36.261  000000c3 00000080 00000000 00000040 00000003 
16.06.2021 19:28:36.264  000020c3 00000080 00000000 00002040 00000003 
16.06.2021 19:28:36.342  00002083 00000080 00000000 00002000 00000003 
16.06.2021 19:28:36.345  00002083 00000000 00000000 00002000 00000003 
16.06.2021 19:28:36.351  00002003 00000000 00000000 00002000 00000003 
16.06.2021 19:28:36.354  00000003 00000000 00000000 00000000 00000003 
16.06.2021 19:28:36.468  00000083 00000080 00000000 00000000 00000003 
16.06.2021 19:28:36.525  00000083 00000000 00000000 00000000 00000003 
16.06.2021 19:28:36.531  00000003 00000000 00000000 00000000 00000003 
16.06.2021 19:28:36.672  00000083 00000080 00000000 00000000 00000003 
16.06.2021 19:28:36.741  00000083 00000000 00000000 00000000 00000003 
16.06.2021 19:28:36.747  00000003 00000000 00000000 00000000 00000003 
16.06.2021 19:28:36.891  00000103 00000000 00000000 00000000 00000003 
16.06.2021 19:28:36.894  00000103 00000000 00000000 00000000 00010103 
16.06.2021 19:28:36.975  00000003 00000000 00000000 00000000 00000003 
16.06.2021 19:28:37.140  00000103 00000000 00000000 00000000 00010103 
16.06.2021 19:28:37.227  00000003 00000000 00000000 00000000 00000003 
16.06.2021 19:28:37.374  00000203 00000000 00000200 00000000 00000003 
16.06.2021 19:28:37.461  00000003 00000000 00000000 00000000 00000003 
16.06.2021 19:28:37.620  00000203 00000000 00000000 00000000 00000003 
16.06.2021 19:28:37.623  00000203 00000000 00000200 00000000 00000003 
16.06.2021 19:28:37.686  00000003 00000000 00000000 00000000 00000003 
16.06.2021 19:28:37.809  00001003 00001000 00000000 00000000 00000003 
16.06.2021 19:28:37.827  00001003 00000000 00000000 00000000 00000003 
16.06.2021 19:28:37.830  00000003 00000000 00000000 00000000 00000003 
16.06.2021 19:28:37.851  00001003 00001000 00000000 00000000 00000003 
16.06.2021 19:28:37.863  00001003 00000000 00000000 00000000 00000003 
16.06.2021 19:28:37.866  00000003 00000000 00000000 00000000 00000003 
16.06.2021 19:28:37.887  00001003 00001000 00000000 00000000 00000003 
16.06.2021 19:28:37.899  00001003 00000000 00000000 00000000 00000003 
16.06.2021 19:28:37.902  00000003 00000000 00000000 00000000 00000003 
16.06.2021 19:28:37.914  00001003 00001000 00000000 00000000 00000003 
16.06.2021 19:28:37.935  00001003 00000000 00000000 00000000 00000003 
16.06.2021 19:28:37.938  00000003 00000000 00000000 00000000 00000003 
16.06.2021 19:28:37.953  00001003 00001000 00000000 00000000 00000003 
16.06.2021 19:28:37.971  00001003 00000000 00000000 00000000 00000003 
16.06.2021 19:28:37.974  00000003 00000000 00000000 00000000 00000003 
16.06.2021 19:28:37.989  00001003 00001000 00000000 00000000 00000003 
16.06.2021 19:28:38.007  00001003 00000000 00000000 00000000 00000003 
16.06.2021 19:28:38.010  00000003 00000000 00000000 00000000 00000003 
16.06.2021 19:28:38.022  00001003 00001000 00000000 00000000 00000003 
16.06.2021 19:28:38.043  00001003 00000000 00000000 00000000 00000003 
16.06.2021 19:28:38.046  00000003 00000000 00000000 00000000 00000003 
16.06.2021 19:28:38.058  00001003 00001000 00000000 00000000 00000003 
16.06.2021 19:28:38.079  00001003 00000000 00000000 00000000 00000003 
16.06.2021 19:28:38.082  00000003 00000000 00000000 00000000 00000003 
16.06.2021 19:28:38.094  00001003 00001000 00000000 00000000 00000003 
16.06.2021 19:28:38.115  00001003 00000000 00000000 00000000 00000003 
16.06.2021 19:28:38.118  00000003 00000000 00000000 00000000 00000003 
16.06.2021 19:28:38.133  00001003 00001000 00000000 00000000 00000003 
16.06.2021 19:28:38.151  00001003 00000000 00000000 00000000 00000003 
16.06.2021 19:28:38.154  00000003 00000000 00000000 00000000 00000003 
16.06.2021 19:28:38.166  00001003 00001000 00000000 00000000 00000003 
16.06.2021 19:28:38.187  00001003 00000000 00000000 00000000 00000003 
16.06.2021 19:28:38.190  00000003 00000000 00000000 00000000 00000003 
16.06.2021 19:28:38.202  00001003 00001000 00000000 00000000 00000003 
16.06.2021 19:28:38.223  00001003 00000000 00000000 00000000 00000003 
16.06.2021 19:28:38.226  00000003 00000000 00000000 00000000 00000003 
16.06.2021 19:28:38.241  00001003 00001000 00000000 00000000 00000003 
16.06.2021 19:28:38.259  00001003 00000000 00000000 00000000 00000003 
16.06.2021 19:28:38.262  00000003 00000000 00000000 00000000 00000003 
16.06.2021 19:28:38.277  00001003 00001000 00000000 00000000 00000003 
16.06.2021 19:28:38.295  00001003 00000000 00000000 00000000 00000003 
16.06.2021 19:28:38.298  00000003 00000000 00000000 00000000 00000003 
16.06.2021 19:28:38.310  00001003 00001000 00000000 00000000 00000003 
16.06.2021 19:28:38.331  00001003 00000000 00000000 00000000 00000003 
16.06.2021 19:28:38.334  00000003 00000000 00000000 00000000 00000003 
16.06.2021 19:28:38.349  00001003 00001000 00000000 00000000 00000003 
16.06.2021 19:28:38.367  00001003 00000000 00000000 00000000 00000003 
16.06.2021 19:28:38.370  00000003 00000000 00000000 00000000 00000003 
16.06.2021 19:28:38.385  00001003 00001000 00000000 00000000 00000003 
16.06.2021 19:28:38.403  00001003 00000000 00000000 00000000 00000003 
16.06.2021 19:28:38.406  00000003 00000000 00000000 00000000 00000003 
16.06.2021 19:28:38.418  00001003 00001000 00000000 00000000 00000003 
16.06.2021 19:28:38.439  00001003 00000000 00000000 00000000 00000003 
16.06.2021 19:28:38.442  00000003 00000000 00000000 00000000 00000003 
16.06.2021 19:28:38.454  00001003 00001000 00000000 00000000 00000003 
16.06.2021 19:28:38.475  00001003 00000000 00000000 00000000 00000003 
16.06.2021 19:28:38.478  00000003 00000000 00000000 00000000 00000003 
16.06.2021 19:28:38.493  00001003 00001000 00000000 00000000 00000003 
16.06.2021 19:28:38.511  00001003 00000000 00000000 00000000 00000003 
16.06.2021 19:28:38.514  00000003 00000000 00000000 00000000 00000003 
16.06.2021 19:28:38.526  00001003 00001000 00000000 00000000 00000003 
16.06.2021 19:28:38.547  00001003 00000000 00000000 00000000 00000003 
16.06.2021 19:28:38.550  00000003 00000000 00000000 00000000 00000003 
16.06.2021 19:28:38.565  00001003 00001000 00000000 00000000 00000003 
16.06.2021 19:28:38.583  00001003 00000000 00000000 00000000 00000003 
16.06.2021 19:28:38.586  00000003 00000000 00000000 00000000 00000003 
16.06.2021 19:28:38.598  00001003 00001000 00000000 00000000 00000003 
16.06.2021 19:28:38.619  00001003 00000000 00000000 00000000 00000003 
16.06.2021 19:28:38.622  00000003 00000000 00000000 00000000 00000003 
16.06.2021 19:28:38.634  00001003 00001000 00000000 00000000 00000003 
16.06.2021 19:28:38.655  00001003 00000000 00000000 00000000 00000003 
16.06.2021 19:28:38.658  00000003 00000000 00000000 00000000 00000003 
16.06.2021 19:28:38.670  00001003 00001000 00000000 00000000 00000003 
16.06.2021 19:28:38.691  00001003 00000000 00000000 00000000 00000003 
16.06.2021 19:28:38.694  00000003 00000000 00000000 00000000 00000003 
16.06.2021 19:28:38.706  00001003 00001000 00000000 00000000 00000003 
16.06.2021 19:28:38.727  00001003 00000000 00000000 00000000 00000003 
16.06.2021 19:28:38.730  00000003 00000000 00000000 00000000 00000003 
16.06.2021 19:28:38.859  00001003 00000000 00001000 00000000 00000003 
16.06.2021 19:28:38.934  00000003 00000000 00001000 00000000 00000003 
16.06.2021 19:28:38.937  00000003 00000000 00000000 00000000 00000003 
16.06.2021 19:28:39.078  00001003 00000000 00000000 00001000 00000003 
16.06.2021 19:28:39.087  00000003 00000000 00000000 00001000 00000003 
16.06.2021 19:28:39.090  00001003 00000000 00000000 00001000 00000003 
16.06.2021 19:28:39.099  00000003 00000000 00000000 00001000 00000003 
16.06.2021 19:28:39.102  00001003 00000000 00000000 00001000 00000003 
16.06.2021 19:28:39.111  00000003 00000000 00000000 00001000 00000003 
16.06.2021 19:28:39.114  00001003 00000000 00000000 00000000 00000003 
16.06.2021 19:28:39.117  00001003 00000000 00000000 00001000 00000003 
16.06.2021 19:28:39.123  00000003 00000000 00000000 00001000 00000003 
16.06.2021 19:28:39.126  00001003 00000000 00000000 00000000 00000003 
16.06.2021 19:28:39.129  00001003 00000000 00000000 00001000 00000003 
16.06.2021 19:28:39.138  00001003 00000000 00000000 00000000 00000003 
16.06.2021 19:28:39.141  00001003 00000000 00000000 00001000 00000003 
16.06.2021 19:28:39.147  00000003 00000000 00000000 00001000 00000003 
16.06.2021 19:28:39.150  00001003 00000000 00000000 00000000 00000003 
16.06.2021 19:28:39.153  00001003 00000000 00000000 00001000 00000003 
16.06.2021 19:28:39.171  00000003 00000000 00000000 00000000 00000003 
16.06.2021 19:28:39.174  00001003 00000000 00000000 00001000 00000003 
16.06.2021 19:28:39.183  00000003 00000000 00000000 00000000 00000003 
16.06.2021 19:28:39.186  00001003 00000000 00000000 00001000 00000003 
16.06.2021 19:28:39.195  00000003 00000000 00000000 00000000 00000003 
16.06.2021 19:28:39.198  00001003 00000000 00000000 00001000 00000003 
16.06.2021 19:28:39.207  00000003 00000000 00000000 00000000 00000003 
16.06.2021 19:28:39.210  00001003 00000000 00000000 00001000 00000003 
16.06.2021 19:28:39.219  00000003 00000000 00000000 00001000 00000003 
16.06.2021 19:28:39.222  00000003 00000000 00000000 00000000 00000003 
16.06.2021 19:28:39.225  00001003 00000000 00000000 00001000 00000003 
16.06.2021 19:28:39.264  00000003 00000000 00000000 00000000 00000003 
16.06.2021 19:28:39.267  00001003 00000000 00000000 00000000 00000003 
16.06.2021 19:28:39.270  00001003 00000000 00000000 00001000 00000003 
16.06.2021 19:28:39.354  00000003 00000000 00000000 00000000 00000003 
16.06.2021 19:28:39.480  00001003 00000000 00000000 00000000 00001003 
16.06.2021 19:28:39.564  00000003 00000000 00000000 00000000 00000003 
16.06.2021 19:28:39.666  00000003 00000000 00400000 00000000 00000003 
16.06.2021 19:28:39.669  00000003 00000000 00000000 00000000 00000003 
16.06.2021 19:28:39.774  00000003 00000000 00000000 00400000 00000003 
16.06.2021 19:28:39.777  00000003 00000000 00000000 00000000 00000003 
16.06.2021 19:28:39.879  00000003 00000000 00000000 00000000 00400003 
16.06.2021 19:28:39.882  00000003 00000000 00000000 00000000 00000003 
16.06.2021 19:28:40.026  00000003 00000000 00000000 00000000 00800003 
16.06.2021 19:28:40.029  00000003 00000000 00000000 00000000 00000003 
16.06.2021 19:28:40.377  00001003 00000000 00001000 00000000 00000003 
16.06.2021 19:28:40.464  00000003 00000000 00001000 00000000 00000003 
16.06.2021 19:28:40.467  00000003 00000000 00000000 00000000 00000003 
16.06.2021 19:28:40.605  00001003 00000000 00000000 00000000 00001003 
16.06.2021 19:28:40.680  00000003 00000000 00000000 00000000 00000003 
16.06.2021 19:28:40.836  00001003 00000000 00001000 00000000 00000003 
16.06.2021 19:28:40.914  00000003 00000000 00001000 00000000 00000003 
16.06.2021 19:28:40.917  00000003 00000000 00000000 00000000 00000003 
16.06.2021 19:28:41.055  00001003 00000000 00000000 00000000 00001003 
16.06.2021 19:28:41.130  00000003 00000000 00000000 00000000 00000003 
16.06.2021 19:28:41.859  00000003 00000000 00800000 00000000 00000003 
16.06.2021 19:28:41.862  00000003 00000000 00000000 00000000 00000003 
16.06.2021 19:28:41.994  00000003 00000000 00000000 00800000 00000003 
16.06.2021 19:28:41.997  00000003 00000000 00000000 00000000 00000003 
16.06.2021 19:28:42.138  00004003 00000000 00004000 00000000 00000003 
16.06.2021 19:28:42.210  00000003 00000000 00004000 00000000 00000003 
16.06.2021 19:28:42.213  00000003 00000000 00000000 00000000 00000003 
16.06.2021 19:28:42.351  00004003 00000000 00000000 00000000 00004003 
16.06.2021 19:28:42.426  00000003 00000000 00000000 00000000 00000003 
16.06.2021 19:28:42.585  00004003 00000000 00004000 00000000 00000003 
16.06.2021 19:28:42.660  00000003 00000000 00004000 00000000 00000003 
16.06.2021 19:28:42.663  00000003 00000000 00000000 00000000 00000003 
16.06.2021 19:28:42.801  00004003 00000000 00000000 00000000 00004003 
16.06.2021 19:28:42.876  00000003 00000000 00000000 00000000 00000003 
16.06.2021 19:28:43.206  00004003 00004000 00000000 00000000 00000003 
16.06.2021 19:28:44.418  00004003 00000000 00000000 00000000 00000003 
16.06.2021 19:28:44.424  00000003 00000000 00000000 00000000 00000003 
16.06.2021 19:28:44.889  00004003 00000000 00000000 00004000 00000003 
16.06.2021 19:28:45.525  00000003 00000000 00000000 00000000 00000003 
16.06.2021 19:28:46.050  00002003 00000000 00000000 00002000 00000003 
16.06.2021 19:29:25.224  00000000 00000000 00000000 00000000 00000000 
16.06.2021 19:29:25.248  00000080 00000080 00000000 00000000 00000000 
16.06.2021 19:29:25.251  00002080 00000080 00000000 00002000 00000000 
16.06.2021 19:29:25.344  00002082 00000080 00000000 00002000 00000002 
16.06.2021 19:29:25.350  00002083 00000080 00000000 00002000 00000002 
16.06.2021 19:29:25.353  00002083 00000080 00000000 00002000 00000003 
16.06.2021 19:29:25.410  000020c3 00000080 00000000 00002040 00000003 
16.06.2021 19:29:25.431  00002083 00000080 00000000 00002000 00000003 
16.06.2021 19:29:25.440  00002083 00000000 00000000 00002000 00000003 
16.06.2021 19:29:25.446  00002003 00000000 00000000 00002000 00000003 
16.06.2021 19:29:25.512  00002000 00000000 00000000 00002000 00000003 
16.06.2021 19:29:25.515  00000000 00000000 00000000 00000000 00000000 
16.06.2021 19:29:25.659  00000001 00000000 00000000 00000000 00000001 
16.06.2021 19:29:25.737  00000000 00000000 00000000 00000000 00000000 
16.06.2021 19:29:25.869  00000002 00000000 00000000 00000000 00000002 
16.06.2021 19:29:25.953  00000000 00000000 00000000 00000000 00000000 
16.06.2021 19:29:26.049  00002000 00000000 00000000 00002000 00000000 
16.06.2021 19:29:26.082  00000000 00000000 00000000 00000000 00000000 
16.06.2021 19:32:13.964  00002002 00000000 00000000 00002000 00000002 
16.06.2021 19:32:13.967  00002003 00000000 00000000 00002000 00000002 
16.06.2021 19:32:13.970  00002003 00000000 00000000 00002000 00000003 
16.06.2021 19:32:34.223  00002803 00000000 00000000 00002800 00000003 
16.06.2021 20:32:16.211  00000800 00000000 00000000 00000800 00000000 
16.06.2021 20:32:16.526  00000000 00000000 00000000 00000800 00000000 
16.06.2021 20:32:16.529  00000000 00000000 00000000 00000000 00000000 
16.06.2021 20:32:37.511  00000002 00000000 00000000 00000000 00000000 
16.06.2021 20:32:37.514  00002002 00000000 00000000 00002000 00000002 
16.06.2021 20:32:37.517  00002003 00000000 00000000 00002000 00000003 
16.06.2021 20:32:57.560  00002803 00000000 00000000 00002000 00000003 
16.06.2021 20:32:57.563  00002803 00000000 00000000 00002800 00000003 
16.06.2021 20:47:59.061  00000800 00000000 00000000 00000800 00000000 
16.06.2021 20:47:59.376  00000000 00000000 00000000 00000800 00000000 
16.06.2021 20:47:59.379  00000000 00000000 00000000 00000000 00000000 
16.06.2021 20:54:02.890  00002002 00000000 00000000 00002000 00000002 
16.06.2021 20:54:02.893  00002003 00000000 00000000 00002000 00000002 
16.06.2021 20:54:02.896  00002003 00000000 00000000 00002000 00000003 
16.06.2021 20:54:19.588  00002083 00000080 00000000 00002000 00000003 

Servicedata V1.0 PLC:\DEBUG\S_State.service.trace created 19.06.2021 17:39:54 (local time)
hostname: hu, Software: 606421 04, built: 08.10.2014 08:59
-------------------------------------------------------------------------------------------
                    ms   global   master   device1
16.06.2021 11:06:03.616  00001003 00000000 00000000 00001000 00000003 
16.06.2021 11:06:03.652  00000003 00000000 00000000 00001000 00000003 
16.06.2021 11:06:03.655  00000003 00000000 00000000 00000000 00000003 
16.06.2021 11:06:03.658  00001003 00000000 00000000 00000000 00000003 
16.06.2021 11:06:03.661  00001003 00000000 00000000 00001000 00000003 
16.06.2021 11:06:03.745  00000003 00000000 00000000 00000000 00000003 
16.06.2021 11:06:03.871  00001003 00000000 00000000 00000000 00001003 
16.06.2021 11:06:03.958  00000003 00000000 00000000 00000000 00000003 
16.06.2021 11:06:04.060  00000003 00000000 00400000 00000000 00000003 
16.06.2021 11:06:04.063  00000003 00000000 00000000 00000000 00000003 
16.06.2021 11:06:04.168  00000003 00000000 00000000 00400000 00000003 
16.06.2021 11:06:04.171  00000003 00000000 00000000 00000000 00000003 
16.06.2021 11:06:04.270  00000003 00000000 00000000 00000000 00400003 
16.06.2021 11:06:04.273  00000003 00000000 00000000 00000000 00000003 
16.06.2021 11:06:04.417  00000003 00000000 00000000 00000000 00800003 
16.06.2021 11:06:04.420  00000003 00000000 00000000 00000000 00000003 
16.06.2021 11:06:04.771  00001003 00000000 00001000 00000000 00000003 
16.06.2021 11:06:04.858  00000003 00000000 00001000 00000000 00000003 
16.06.2021 11:06:04.861  00000003 00000000 00000000 00000000 00000003 
16.06.2021 11:06:04.999  00001003 00000000 00000000 00000000 00001003 
16.06.2021 11:06:05.074  00000003 00000000 00000000 00000000 00000003 
16.06.2021 11:06:05.227  00001003 00000000 00001000 00000000 00000003 
16.06.2021 11:06:05.308  00000003 00000000 00001000 00000000 00000003 
16.06.2021 11:06:05.311  00000003 00000000 00000000 00000000 00000003 
16.06.2021 11:06:05.449  00001003 00000000 00000000 00000000 00001003 
16.06.2021 11:06:05.524  00000003 00000000 00000000 00000000 00000003 
16.06.2021 11:06:06.400  00000003 00000000 00800000 00000000 00000003 
16.06.2021 11:06:06.403  00000003 00000000 00000000 00000000 00000003 
16.06.2021 11:06:06.535  00000003 00000000 00000000 00800000 00000003 
16.06.2021 11:06:06.538  00000003 00000000 00000000 00000000 00000003 
16.06.2021 11:06:06.676  00004003 00000000 00004000 00000000 00000003 
16.06.2021 11:06:06.748  00000003 00000000 00004000 00000000 00000003 
16.06.2021 11:06:06.751  00000003 00000000 00000000 00000000 00000003 
16.06.2021 11:06:06.889  00004003 00000000 00000000 00000000 00004003 
16.06.2021 11:06:06.964  00000003 00000000 00000000 00000000 00000003 
16.06.2021 11:06:07.114  00004003 00000000 00004000 00000000 00000003 
16.06.2021 11:06:07.198  00000003 00000000 00004000 00000000 00000003 
16.06.2021 11:06:07.201  00000003 00000000 00000000 00000000 00000003 
16.06.2021 11:06:07.339  00004003 00000000 00000000 00000000 00004003 
16.06.2021 11:06:07.414  00000003 00000000 00000000 00000000 00000003 
16.06.2021 11:06:07.861  00004003 00004000 00000000 00000000 00000003 
16.06.2021 11:06:09.073  00004003 00000000 00000000 00000000 00000003 
16.06.2021 11:06:09.079  00000003 00000000 00000000 00000000 00000003 
16.06.2021 11:06:09.337  00004003 00000000 00000000 00000000 00000003 
16.06.2021 11:06:09.340  00004003 00000000 00000000 00004000 00000003 
16.06.2021 11:06:10.066  00000003 00000000 00000000 00000000 00000003 
16.06.2021 11:06:10.624  00002003 00000000 00000000 00002000 00000003 
16.06.2021 11:07:00.742  00000000 00000000 00000000 00000000 00000000 
16.06.2021 11:07:00.763  00000080 00000080 00000000 00000000 00000000 
16.06.2021 11:07:00.766  00002080 00000080 00000000 00002000 00000000 
16.06.2021 11:07:00.859  00002082 00000080 00000000 00002000 00000000 
16.06.2021 11:07:00.862  00002082 00000080 00000000 00002000 00000002 
16.06.2021 11:07:00.865  00002083 00000080 00000000 00002000 00000002 
16.06.2021 11:07:00.868  00002083 00000080 00000000 00002000 00000003 
16.06.2021 11:07:00.922  000020c3 00000080 00000000 00002040 00000003 
16.06.2021 11:07:00.943  00002083 00000080 00000000 00002000 00000003 
16.06.2021 11:07:00.952  00002083 00000000 00000000 00002000 00000003 
16.06.2021 11:07:00.958  00002003 00000000 00000000 00002000 00000003 
16.06.2021 11:07:01.012  00002000 00000000 00000000 00002000 00000003 
16.06.2021 11:07:01.015  00000000 00000000 00000000 00000000 00000000 
16.06.2021 11:07:01.165  00000001 00000000 00000000 00000000 00000001 
16.06.2021 11:07:01.255  00000000 00000000 00000000 00000000 00000000 
16.06.2021 11:07:01.387  00000002 00000000 00000000 00000000 00000002 
16.06.2021 11:07:01.471  00000000 00000000 00000000 00000000 00000000 
16.06.2021 11:07:01.570  00002000 00000000 00000000 00002000 00000000 
16.06.2021 11:07:01.603  00000000 00000000 00000000 00000000 00000000 
16.06.2021 11:48:02.394  00002002 00000000 00000000 00002000 00000002 
16.06.2021 11:48:02.397  00002003 00000000 00000000 00002000 00000003 
16.06.2021 11:48:17.211  00002083 00000080 00000000 00002000 00000003 
16.06.2021 19:28:02.672  000003b3 000000b0 00000200 00000000 00010103 
16.06.2021 19:28:02.828  000001b3 000000b0 00000000 00000000 00010103 
16.06.2021 19:28:02.840  000000b3 000000b0 00000000 00000000 00000003 
16.06.2021 19:28:32.388  000000b3 00000000 00000000 00000000 00000003 
16.06.2021 19:28:32.394  00000003 00000000 00000000 00000000 00000003 
16.06.2021 19:28:32.736  80000003 80000000 00000000 00000000 00000003 
16.06.2021 19:28:32.742  00000003 00000000 00000000 00000000 00000003 
16.06.2021 19:28:32.832  00000033 00000030 00000000 00000000 00000003 
16.06.2021 19:28:32.889  00000033 00000000 00000000 00000000 00000003 
16.06.2021 19:28:32.895  00000003 00000000 00000000 00000000 00000003 
16.06.2021 19:28:36.024  00000033 00000030 00000000 00000000 00000003 
16.06.2021 19:28:36.093  00000033 00000000 00000000 00000000 00000003 
16.06.2021 19:28:36.099  00000003 00000000 00000000 00000000 00000003 
16.06.2021 19:28:36.249  00000043 00000000 00000000 00000040 00000003 
16.06.2021 19:28:36.261  000000c3 00000080 00000000 00000040 00000003 
16.06.2021 19:28:36.264  000020c3 00000080 00000000 00002040 00000003 
16.06.2021 19:28:36.342  00002083 00000080 00000000 00002000 00000003 
16.06.2021 19:28:36.345  00002083 00000000 00000000 00002000 00000003 
16.06.2021 19:28:36.351  00002003 00000000 00000000 00002000 00000003 
16.06.2021 19:28:36.354  00000003 00000000 00000000 00000000 00000003 
16.06.2021 19:28:36.468  00000083 00000080 00000000 00000000 00000003 
16.06.2021 19:28:36.525  00000083 00000000 00000000 00000000 00000003 
16.06.2021 19:28:36.531  00000003 00000000 00000000 00000000 00000003 
16.06.2021 19:28:36.672  00000083 00000080 00000000 00000000 00000003 
16.06.2021 19:28:36.741  00000083 00000000 00000000 00000000 00000003 
16.06.2021 19:28:36.747  00000003 00000000 00000000 00000000 00000003 
16.06.2021 19:28:36.891  00000103 00000000 00000000 00000000 00000003 
16.06.2021 19:28:36.894  00000103 00000000 00000000 00000000 00010103 
16.06.2021 19:28:36.975  00000003 00000000 00000000 00000000 00000003 
16.06.2021 19:28:37.140  00000103 00000000 00000000 00000000 00010103 
16.06.2021 19:28:37.227  00000003 00000000 00000000 00000000 00000003 
16.06.2021 19:28:37.374  00000203 00000000 00000200 00000000 00000003 
16.06.2021 19:28:37.461  00000003 00000000 00000000 00000000 00000003 
16.06.2021 19:28:37.620  00000203 00000000 00000000 00000000 00000003 
16.06.2021 19:28:37.623  00000203 00000000 00000200 00000000 00000003 
16.06.2021 19:28:37.686  00000003 00000000 00000000 00000000 00000003 
16.06.2021 19:28:37.809  00001003 00001000 00000000 00000000 00000003 
16.06.2021 19:28:37.827  00001003 00000000 00000000 00000000 00000003 
16.06.2021 19:28:37.830  00000003 00000000 00000000 00000000 00000003 
16.06.2021 19:28:37.851  00001003 00001000 00000000 00000000 00000003 
16.06.2021 19:28:37.863  00001003 00000000 00000000 00000000 00000003 
16.06.2021 19:28:37.866  00000003 00000000 00000000 00000000 00000003 
16.06.2021 19:28:37.887  00001003 00001000 00000000 00000000 00000003 
16.06.2021 19:28:37.899  00001003 00000000 00000000 00000000 00000003 
16.06.2021 19:28:37.902  00000003 00000000 00000000 00000000 00000003 
16.06.2021 19:28:37.914  00001003 00001000 00000000 00000000 00000003 
16.06.2021 19:28:37.935  00001003 00000000 00000000 00000000 00000003 
16.06.2021 19:28:37.938  00000003 00000000 00000000 00000000 00000003 
16.06.2021 19:28:37.953  00001003 00001000 00000000 00000000 00000003 
16.06.2021 19:28:37.971  00001003 00000000 00000000 00000000 00000003 
16.06.2021 19:28:37.974  00000003 00000000 00000000 00000000 00000003 
16.06.2021 19:28:37.989  00001003 00001000 00000000 00000000 00000003 
16.06.2021 19:28:38.007  00001003 00000000 00000000 00000000 00000003 
16.06.2021 19:28:38.010  00000003 00000000 00000000 00000000 00000003 
16.06.2021 19:28:38.022  00001003 00001000 00000000 00000000 00000003 
16.06.2021 19:28:38.043  00001003 00000000 00000000 00000000 00000003 
16.06.2021 19:28:38.046  00000003 00000000 00000000 00000000 00000003 
16.06.2021 19:28:38.058  00001003 00001000 00000000 00000000 00000003 
16.06.2021 19:28:38.079  00001003 00000000 00000000 00000000 00000003 
16.06.2021 19:28:38.082  00000003 00000000 00000000 00000000 00000003 
16.06.2021 19:28:38.094  00001003 00001000 00000000 00000000 00000003 
16.06.2021 19:28:38.115  00001003 00000000 00000000 00000000 00000003 
16.06.2021 19:28:38.118  00000003 00000000 00000000 00000000 00000003 
16.06.2021 19:28:38.133  00001003 00001000 00000000 00000000 00000003 
16.06.2021 19:28:38.151  00001003 00000000 00000000 00000000 00000003 
16.06.2021 19:28:38.154  00000003 00000000 00000000 00000000 00000003 
16.06.2021 19:28:38.166  00001003 00001000 00000000 00000000 00000003 
16.06.2021 19:28:38.187  00001003 00000000 00000000 00000000 00000003 
16.06.2021 19:28:38.190  00000003 00000000 00000000 00000000 00000003 
16.06.2021 19:28:38.202  00001003 00001000 00000000 00000000 00000003 
16.06.2021 19:28:38.223  00001003 00000000 00000000 00000000 00000003 
16.06.2021 19:28:38.226  00000003 00000000 00000000 00000000 00000003 
16.06.2021 19:28:38.241  00001003 00001000 00000000 00000000 00000003 
16.06.2021 19:28:38.259  00001003 00000000 00000000 00000000 00000003 
16.06.2021 19:28:38.262  00000003 00000000 00000000 00000000 00000003 
16.06.2021 19:28:38.277  00001003 00001000 00000000 00000000 00000003 
16.06.2021 19:28:38.295  00001003 00000000 00000000 00000000 00000003 
16.06.2021 19:28:38.298  00000003 00000000 00000000 00000000 00000003 
16.06.2021 19:28:38.310  00001003 00001000 00000000 00000000 00000003 
16.06.2021 19:28:38.331  00001003 00000000 00000000 00000000 00000003 
16.06.2021 19:28:38.334  00000003 00000000 00000000 00000000 00000003 
16.06.2021 19:28:38.349  00001003 00001000 00000000 00000000 00000003 
16.06.2021 19:28:38.367  00001003 00000000 00000000 00000000 00000003 
16.06.2021 19:28:38.370  00000003 00000000 00000000 00000000 00000003 
16.06.2021 19:28:38.385  00001003 00001000 00000000 00000000 00000003 
16.06.2021 19:28:38.403  00001003 00000000 00000000 00000000 00000003 
16.06.2021 19:28:38.406  00000003 00000000 00000000 00000000 00000003 
16.06.2021 19:28:38.418  00001003 00001000 00000000 00000000 00000003 
16.06.2021 19:28:38.439  00001003 00000000 00000000 00000000 00000003 
16.06.2021 19:28:38.442  00000003 00000000 00000000 00000000 00000003 
16.06.2021 19:28:38.454  00001003 00001000 00000000 00000000 00000003 
16.06.2021 19:28:38.475  00001003 00000000 00000000 00000000 00000003 
16.06.2021 19:28:38.478  00000003 00000000 00000000 00000000 00000003 
16.06.2021 19:28:38.493  00001003 00001000 00000000 00000000 00000003 
16.06.2021 19:28:38.511  00001003 00000000 00000000 00000000 00000003 
16.06.2021 19:28:38.514  00000003 00000000 00000000 00000000 00000003 
16.06.2021 19:28:38.526  00001003 00001000 00000000 00000000 00000003 
16.06.2021 19:28:38.547  00001003 00000000 00000000 00000000 00000003 
16.06.2021 19:28:38.550  00000003 00000000 00000000 00000000 00000003 
16.06.2021 19:28:38.565  00001003 00001000 00000000 00000000 00000003 
16.06.2021 19:28:38.583  00001003 00000000 00000000 00000000 00000003 
16.06.2021 19:28:38.586  00000003 00000000 00000000 00000000 00000003 
16.06.2021 19:28:38.598  00001003 00001000 00000000 00000000 00000003 
16.06.2021 19:28:38.619  00001003 00000000 00000000 00000000 00000003 
16.06.2021 19:28:38.622  00000003 00000000 00000000 00000000 00000003 
16.06.2021 19:28:38.634  00001003 00001000 00000000 00000000 00000003 
16.06.2021 19:28:38.655  00001003 00000000 00000000 00000000 00000003 
16.06.2021 19:28:38.658  00000003 00000000 00000000 00000000 00000003 
16.06.2021 19:28:38.670  00001003 00001000 00000000 00000000 00000003 
16.06.2021 19:28:38.691  00001003 00000000 00000000 00000000 00000003 
16.06.2021 19:28:38.694  00000003 00000000 00000000 00000000 00000003 
16.06.2021 19:28:38.706  00001003 00001000 00000000 00000000 00000003 
16.06.2021 19:28:38.727  00001003 00000000 00000000 00000000 00000003 
16.06.2021 19:28:38.730  00000003 00000000 00000000 00000000 00000003 
16.06.2021 19:28:38.859  00001003 00000000 00001000 00000000 00000003 
16.06.2021 19:28:38.934  00000003 00000000 00001000 00000000 00000003 
16.06.2021 19:28:38.937  00000003 00000000 00000000 00000000 00000003 
16.06.2021 19:28:39.078  00001003 00000000 00000000 00001000 00000003 
16.06.2021 19:28:39.087  00000003 00000000 00000000 00001000 00000003 
16.06.2021 19:28:39.090  00001003 00000000 00000000 00001000 00000003 
16.06.2021 19:28:39.099  00000003 00000000 00000000 00001000 00000003 
16.06.2021 19:28:39.102  00001003 00000000 00000000 00001000 00000003 
16.06.2021 19:28:39.111  00000003 00000000 00000000 00001000 00000003 
16.06.2021 19:28:39.114  00001003 00000000 00000000 00000000 00000003 
16.06.2021 19:28:39.117  00001003 00000000 00000000 00001000 00000003 
16.06.2021 19:28:39.123  00000003 00000000 00000000 00001000 00000003 
16.06.2021 19:28:39.126  00001003 00000000 00000000 00000000 00000003 
16.06.2021 19:28:39.129  00001003 00000000 00000000 00001000 00000003 
16.06.2021 19:28:39.138  00001003 00000000 00000000 00000000 00000003 
16.06.2021 19:28:39.141  00001003 00000000 00000000 00001000 00000003 
16.06.2021 19:28:39.147  00000003 00000000 00000000 00001000 00000003 
16.06.2021 19:28:39.150  00001003 00000000 00000000 00000000 00000003 
16.06.2021 19:28:39.153  00001003 00000000 00000000 00001000 00000003 
16.06.2021 19:28:39.171  00000003 00000000 00000000 00000000 00000003 
16.06.2021 19:28:39.174  00001003 00000000 00000000 00001000 00000003 
16.06.2021 19:28:39.183  00000003 00000000 00000000 00000000 00000003 
16.06.2021 19:28:39.186  00001003 00000000 00000000 00001000 00000003 
16.06.2021 19:28:39.195  00000003 00000000 00000000 00000000 00000003 
16.06.2021 19:28:39.198  00001003 00000000 00000000 00001000 00000003 
16.06.2021 19:28:39.207  00000003 00000000 00000000 00000000 00000003 
16.06.2021 19:28:39.210  00001003 00000000 00000000 00001000 00000003 
16.06.2021 19:28:39.219  00000003 00000000 00000000 00001000 00000003 
16.06.2021 19:28:39.222  00000003 00000000 00000000 00000000 00000003 
16.06.2021 19:28:39.225  00001003 00000000 00000000 00001000 00000003 
16.06.2021 19:28:39.264  00000003 00000000 00000000 00000000 00000003 
16.06.2021 19:28:39.267  00001003 00000000 00000000 00000000 00000003 
16.06.2021 19:28:39.270  00001003 00000000 00000000 00001000 00000003 
16.06.2021 19:28:39.354  00000003 00000000 00000000 00000000 00000003 
16.06.2021 19:28:39.480  00001003 00000000 00000000 00000000 00001003 
16.06.2021 19:28:39.564  00000003 00000000 00000000 00000000 00000003 
16.06.2021 19:28:39.666  00000003 00000000 00400000 00000000 00000003 
16.06.2021 19:28:39.669  00000003 00000000 00000000 00000000 00000003 
16.06.2021 19:28:39.774  00000003 00000000 00000000 00400000 00000003 
16.06.2021 19:28:39.777  00000003 00000000 00000000 00000000 00000003 
16.06.2021 19:28:39.879  00000003 00000000 00000000 00000000 00400003 
16.06.2021 19:28:39.882  00000003 00000000 00000000 00000000 00000003 
16.06.2021 19:28:40.026  00000003 00000000 00000000 00000000 00800003 
16.06.2021 19:28:40.029  00000003 00000000 00000000 00000000 00000003 
16.06.2021 19:28:40.377  00001003 00000000 00001000 00000000 00000003 
16.06.2021 19:28:40.464  00000003 00000000 00001000 00000000 00000003 
16.06.2021 19:28:40.467  00000003 00000000 00000000 00000000 00000003 
16.06.2021 19:28:40.605  00001003 00000000 00000000 00000000 00001003 
16.06.2021 19:28:40.680  00000003 00000000 00000000 00000000 00000003 
16.06.2021 19:28:40.836  00001003 00000000 00001000 00000000 00000003 
16.06.2021 19:28:40.914  00000003 00000000 00001000 00000000 00000003 
16.06.2021 19:28:40.917  00000003 00000000 00000000 00000000 00000003 
16.06.2021 19:28:41.055  00001003 00000000 00000000 00000000 00001003 
16.06.2021 19:28:41.130  00000003 00000000 00000000 00000000 00000003 
16.06.2021 19:28:41.859  00000003 00000000 00800000 00000000 00000003 
16.06.2021 19:28:41.862  00000003 00000000 00000000 00000000 00000003 
16.06.2021 19:28:41.994  00000003 00000000 00000000 00800000 00000003 
16.06.2021 19:28:41.997  00000003 00000000 00000000 00000000 00000003 
16.06.2021 19:28:42.138  00004003 00000000 00004000 00000000 00000003 
16.06.2021 19:28:42.210  00000003 00000000 00004000 00000000 00000003 
16.06.2021 19:28:42.213  00000003 00000000 00000000 00000000 00000003 
16.06.2021 19:28:42.351  00004003 00000000 00000000 00000000 00004003 
16.06.2021 19:28:42.426  00000003 00000000 00000000 00000000 00000003 
16.06.2021 19:28:42.585  00004003 00000000 00004000 00000000 00000003 
16.06.2021 19:28:42.660  00000003 00000000 00004000 00000000 00000003 
16.06.2021 19:28:42.663  00000003 00000000 00000000 00000000 00000003 
16.06.2021 19:28:42.801  00004003 00000000 00000000 00000000 00004003 
16.06.2021 19:28:42.876  00000003 00000000 00000000 00000000 00000003 
16.06.2021 19:28:43.206  00004003 00004000 00000000 00000000 00000003 
16.06.2021 19:28:44.418  00004003 00000000 00000000 00000000 00000003 
16.06.2021 19:28:44.424  00000003 00000000 00000000 00000000 00000003 
16.06.2021 19:28:44.889  00004003 00000000 00000000 00004000 00000003 
16.06.2021 19:28:45.525  00000003 00000000 00000000 00000000 00000003 
16.06.2021 19:28:46.050  00002003 00000000 00000000 00002000 00000003 
16.06.2021 19:29:25.224  00000000 00000000 00000000 00000000 00000000 
16.06.2021 19:29:25.248  00000080 00000080 00000000 00000000 00000000 
16.06.2021 19:29:25.251  00002080 00000080 00000000 00002000 00000000 
16.06.2021 19:29:25.344  00002082 00000080 00000000 00002000 00000002 
16.06.2021 19:29:25.350  00002083 00000080 00000000 00002000 00000002 
16.06.2021 19:29:25.353  00002083 00000080 00000000 00002000 00000003 
16.06.2021 19:29:25.410  000020c3 00000080 00000000 00002040 00000003 
16.06.2021 19:29:25.431  00002083 00000080 00000000 00002000 00000003 
16.06.2021 19:29:25.440  00002083 00000000 00000000 00002000 00000003 
16.06.2021 19:29:25.446  00002003 00000000 00000000 00002000 00000003 
16.06.2021 19:29:25.512  00002000 00000000 00000000 00002000 00000003 
16.06.2021 19:29:25.515  00000000 00000000 00000000 00000000 00000000 
16.06.2021 19:29:25.659  00000001 00000000 00000000 00000000 00000001 
16.06.2021 19:29:25.737  00000000 00000000 00000000 00000000 00000000 
16.06.2021 19:29:25.869  00000002 00000000 00000000 00000000 00000002 
16.06.2021 19:29:25.953  00000000 00000000 00000000 00000000 00000000 
16.06.2021 19:29:26.049  00002000 00000000 00000000 00002000 00000000 
16.06.2021 19:29:26.082  00000000 00000000 00000000 00000000 00000000 
16.06.2021 19:32:13.964  00002002 00000000 00000000 00002000 00000002 
16.06.2021 19:32:13.967  00002003 00000000 00000000 00002000 00000002 
16.06.2021 19:32:13.970  00002003 00000000 00000000 00002000 00000003 
16.06.2021 19:32:34.223  00002803 00000000 00000000 00002800 00000003 
16.06.2021 20:32:16.211  00000800 00000000 00000000 00000800 00000000 
16.06.2021 20:32:16.526  00000000 00000000 00000000 00000800 00000000 
16.06.2021 20:32:16.529  00000000 00000000 00000000 00000000 00000000 
16.06.2021 20:32:37.511  00000002 00000000 00000000 00000000 00000000 
16.06.2021 20:32:37.514  00002002 00000000 00000000 00002000 00000002 
16.06.2021 20:32:37.517  00002003 00000000 00000000 00002000 00000003 
16.06.2021 20:32:57.560  00002803 00000000 00000000 00002000 00000003 
16.06.2021 20:32:57.563  00002803 00000000 00000000 00002800 00000003 
16.06.2021 20:47:59.061  00000800 00000000 00000000 00000800 00000000 
16.06.2021 20:47:59.376  00000000 00000000 00000000 00000800 00000000 
16.06.2021 20:47:59.379  00000000 00000000 00000000 00000000 00000000 
16.06.2021 20:54:02.890  00002002 00000000 00000000 00002000 00000002 
16.06.2021 20:54:02.893  00002003 00000000 00000000 00002000 00000002 
16.06.2021 20:54:02.896  00002003 00000000 00000000 00002000 00000003 
16.06.2021 20:54:19.588  00002083 00000080 00000000 00002000 00000003 
19.06.2021 11:49:23.398  000003b3 000000b0 00000200 00000000 00010103 
19.06.2021 11:49:23.557  000001b3 000000b0 00000000 00000000 00010103 
19.06.2021 11:49:23.569  000000b3 000000b0 00000000 00000000 00000003 
19.06.2021 11:49:39.254  000000b3 00000000 00000000 00000000 00000003 
19.06.2021 11:49:39.260  00000003 00000000 00000000 00000000 00000003 
19.06.2021 11:49:39.614  80000003 80000000 00000000 00000000 00000003 
19.06.2021 11:49:39.620  00000003 00000000 00000000 00000000 00000003 
19.06.2021 11:49:39.710  00000033 00000030 00000000 00000000 00000003 
19.06.2021 11:49:39.773  00000033 00000000 00000000 00000000 00000003 
19.06.2021 11:49:39.779  00000003 00000000 00000000 00000000 00000003 
19.06.2021 11:49:42.905  00000033 00000030 00000000 00000000 00000003 
19.06.2021 11:49:42.977  00000033 00000000 00000000 00000000 00000003 
19.06.2021 11:49:42.983  00000003 00000000 00000000 00000000 00000003 
19.06.2021 11:49:43.127  00000043 00000000 00000000 00000040 00000003 
19.06.2021 11:49:43.139  000000c3 00000080 00000000 00000040 00000003 
19.06.2021 11:49:43.142  000020c3 00000080 00000000 00002040 00000003 
19.06.2021 11:49:43.220  00002083 00000080 00000000 00002000 00000003 
19.06.2021 11:49:43.223  00002083 00000000 00000000 00002000 00000003 
19.06.2021 11:49:43.229  00002003 00000000 00000000 00002000 00000003 
19.06.2021 11:49:43.232  00000003 00000000 00000000 00000000 00000003 
19.06.2021 11:49:43.346  00000083 00000080 00000000 00000000 00000003 
19.06.2021 11:49:43.409  00000083 00000000 00000000 00000000 00000003 
19.06.2021 11:49:43.415  00000003 00000000 00000000 00000000 00000003 
19.06.2021 11:49:43.553  00000083 00000080 00000000 00000000 00000003 
19.06.2021 11:49:43.763  00000083 00000000 00000000 00000000 00000003 
19.06.2021 11:49:43.769  00000003 00000000 00000000 00000000 00000003 
19.06.2021 11:49:43.913  00000103 00000000 00000000 00000000 00000003 
19.06.2021 11:49:43.916  00000103 00000000 00000000 00000000 00010103 
19.06.2021 11:49:44.006  00000003 00000000 00000000 00000000 00000003 
19.06.2021 11:49:44.171  00000103 00000000 00000000 00000000 00010103 
19.06.2021 11:49:44.255  00000003 00000000 00000000 00000000 00000003 
19.06.2021 11:49:44.396  00000203 00000000 00000000 00000000 00000003 
19.06.2021 11:49:44.399  00000203 00000000 00000200 00000000 00000003 
19.06.2021 11:49:44.492  00000003 00000000 00000000 00000000 00000003 
19.06.2021 11:49:44.627  00000203 00000000 00000000 00000000 00000003 
19.06.2021 11:49:44.630  00000203 00000000 00000200 00000000 00000003 
19.06.2021 11:49:44.693  00000003 00000000 00000000 00000000 00000003 
19.06.2021 11:49:44.816  00001003 00001000 00000000 00000000 00000003 
19.06.2021 11:49:44.834  00001003 00000000 00000000 00000000 00000003 
19.06.2021 11:49:44.837  00000003 00000000 00000000 00000000 00000003 
19.06.2021 11:49:44.861  00001003 00001000 00000000 00000000 00000003 
19.06.2021 11:49:44.870  00001003 00000000 00000000 00000000 00000003 
19.06.2021 11:49:44.873  00000003 00000000 00000000 00000000 00000003 
19.06.2021 11:49:44.894  00001003 00001000 00000000 00000000 00000003 
19.06.2021 11:49:44.906  00001003 00000000 00000000 00000000 00000003 
19.06.2021 11:49:44.909  00000003 00000000 00000000 00000000 00000003 
19.06.2021 11:49:44.924  00001003 00001000 00000000 00000000 00000003 
19.06.2021 11:49:44.942  00001003 00000000 00000000 00000000 00000003 
19.06.2021 11:49:44.945  00000003 00000000 00000000 00000000 00000003 
19.06.2021 11:49:44.960  00001003 00001000 00000000 00000000 00000003 
19.06.2021 11:49:44.978  00001003 00000000 00000000 00000000 00000003 
19.06.2021 11:49:44.981  00000003 00000000 00000000 00000000 00000003 
19.06.2021 11:49:44.996  00001003 00001000 00000000 00000000 00000003 
19.06.2021 11:49:45.014  00001003 00000000 00000000 00000000 00000003 
19.06.2021 11:49:45.017  00000003 00000000 00000000 00000000 00000003 
19.06.2021 11:49:45.029  00001003 00001000 00000000 00000000 00000003 
19.06.2021 11:49:45.050  00001003 00000000 00000000 00000000 00000003 
19.06.2021 11:49:45.053  00000003 00000000 00000000 00000000 00000003 
19.06.2021 11:49:45.065  00001003 00001000 00000000 00000000 00000003 
19.06.2021 11:49:45.086  00001003 00000000 00000000 00000000 00000003 
19.06.2021 11:49:45.089  00000003 00000000 00000000 00000000 00000003 
19.06.2021 11:49:45.101  00001003 00001000 00000000 00000000 00000003 
19.06.2021 11:49:45.122  00001003 00000000 00000000 00000000 00000003 
19.06.2021 11:49:45.125  00000003 00000000 00000000 00000000 00000003 
19.06.2021 11:49:45.140  00001003 00001000 00000000 00000000 00000003 
19.06.2021 11:49:45.158  00001003 00000000 00000000 00000000 00000003 
19.06.2021 11:49:45.161  00000003 00000000 00000000 00000000 00000003 
19.06.2021 11:49:45.173  00001003 00001000 00000000 00000000 00000003 
19.06.2021 11:49:45.194  00001003 00000000 00000000 00000000 00000003 
19.06.2021 11:49:45.197  00000003 00000000 00000000 00000000 00000003 
19.06.2021 11:49:45.209  00001003 00001000 00000000 00000000 00000003 
19.06.2021 11:49:45.230  00001003 00000000 00000000 00000000 00000003 
19.06.2021 11:49:45.233  00000003 00000000 00000000 00000000 00000003 
19.06.2021 11:49:45.248  00001003 00001000 00000000 00000000 00000003 
19.06.2021 11:49:45.266  00001003 00000000 00000000 00000000 00000003 
19.06.2021 11:49:45.269  00000003 00000000 00000000 00000000 00000003 
19.06.2021 11:49:45.284  00001003 00001000 00000000 00000000 00000003 
19.06.2021 11:49:45.302  00001003 00000000 00000000 00000000 00000003 
19.06.2021 11:49:45.305  00000003 00000000 00000000 00000000 00000003 
19.06.2021 11:49:45.317  00001003 00001000 00000000 00000000 00000003 
19.06.2021 11:49:45.338  00001003 00000000 00000000 00000000 00000003 
19.06.2021 11:49:45.341  00000003 00000000 00000000 00000000 00000003 
19.06.2021 11:49:45.359  00001003 00001000 00000000 00000000 00000003 
19.06.2021 11:49:45.374  00001003 00000000 00000000 00000000 00000003 
19.06.2021 11:49:45.377  00000003 00000000 00000000 00000000 00000003 
19.06.2021 11:49:45.392  00001003 00001000 00000000 00000000 00000003 
19.06.2021 11:49:45.410  00001003 00000000 00000000 00000000 00000003 
19.06.2021 11:49:45.413  00000003 00000000 00000000 00000000 00000003 
19.06.2021 11:49:45.425  00001003 00001000 00000000 00000000 00000003 
19.06.2021 11:49:45.446  00001003 00000000 00000000 00000000 00000003 
19.06.2021 11:49:45.449  00000003 00000000 00000000 00000000 00000003 
19.06.2021 11:49:45.461  00001003 00001000 00000000 00000000 00000003 
19.06.2021 11:49:45.482  00001003 00000000 00000000 00000000 00000003 
19.06.2021 11:49:45.485  00000003 00000000 00000000 00000000 00000003 
19.06.2021 11:49:45.500  00001003 00001000 00000000 00000000 00000003 
19.06.2021 11:49:45.518  00001003 00000000 00000000 00000000 00000003 
19.06.2021 11:49:45.521  00000003 00000000 00000000 00000000 00000003 
19.06.2021 11:49:45.536  00001003 00001000 00000000 00000000 00000003 
19.06.2021 11:49:45.554  00001003 00000000 00000000 00000000 00000003 
19.06.2021 11:49:45.557  00000003 00000000 00000000 00000000 00000003 
19.06.2021 11:49:45.572  00001003 00001000 00000000 00000000 00000003 
19.06.2021 11:49:45.590  00001003 00000000 00000000 00000000 00000003 
19.06.2021 11:49:45.593  00000003 00000000 00000000 00000000 00000003 
19.06.2021 11:49:45.605  00001003 00001000 00000000 00000000 00000003 
19.06.2021 11:49:45.626  00001003 00000000 00000000 00000000 00000003 
19.06.2021 11:49:45.629  00000003 00000000 00000000 00000000 00000003 
19.06.2021 11:49:45.641  00001003 00001000 00000000 00000000 00000003 
19.06.2021 11:49:45.662  00001003 00000000 00000000 00000000 00000003 
19.06.2021 11:49:45.665  00000003 00000000 00000000 00000000 00000003 
19.06.2021 11:49:45.677  00001003 00001000 00000000 00000000 00000003 
19.06.2021 11:49:45.698  00001003 00000000 00000000 00000000 00000003 
19.06.2021 11:49:45.701  00000003 00000000 00000000 00000000 00000003 
19.06.2021 11:49:45.713  00001003 00001000 00000000 00000000 00000003 
19.06.2021 11:49:45.734  00001003 00000000 00000000 00000000 00000003 
19.06.2021 11:49:45.737  00000003 00000000 00000000 00000000 00000003 
19.06.2021 11:49:45.866  00001003 00000000 00000000 00000000 00000003 
19.06.2021 11:49:45.869  00001003 00000000 00001000 00000000 00000003 
19.06.2021 11:49:45.947  00000003 00000000 00000000 00000000 00000003 
19.06.2021 11:49:46.106  00001003 00000000 00000000 00001000 00000003 
19.06.2021 11:49:46.115  00000003 00000000 00000000 00000000 00000003 
19.06.2021 11:49:46.118  00001003 00000000 00000000 00001000 00000003 
19.06.2021 11:49:46.127  00000003 00000000 00000000 00000000 00000003 
19.06.2021 11:49:46.130  00001003 00000000 00000000 00001000 00000003 
19.06.2021 11:49:46.139  00000003 00000000 00000000 00000000 00000003 
19.06.2021 11:49:46.142  00001003 00000000 00000000 00001000 00000003 
19.06.2021 11:49:46.151  00000003 00000000 00000000 00000000 00000003 
19.06.2021 11:49:46.154  00001003 00000000 00000000 00001000 00000003 
19.06.2021 11:49:46.163  00000003 00000000 00000000 00000000 00000003 
19.06.2021 11:49:46.166  00001003 00000000 00000000 00001000 00000003 
19.06.2021 11:49:46.175  00000003 00000000 00000000 00000000 00000003 
19.06.2021 11:49:46.178  00001003 00000000 00000000 00001000 00000003 
19.06.2021 11:49:46.196  00000003 00000000 00000000 00001000 00000003 
19.06.2021 11:49:46.199  00001003 00000000 00000000 00001000 00000003 
19.06.2021 11:49:46.208  00000003 00000000 00000000 00001000 00000003 
19.06.2021 11:49:46.211  00001003 00000000 00000000 00001000 00000003 
19.06.2021 11:49:46.220  00000003 00000000 00000000 00001000 00000003 
19.06.2021 11:49:46.223  00001003 00000000 00000000 00001000 00000003 
19.06.2021 11:49:46.232  00000003 00000000 00000000 00001000 00000003 
19.06.2021 11:49:46.235  00001003 00000000 00000000 00000000 00000003 
19.06.2021 11:49:46.238  00001003 00000000 00000000 00001000 00000003 
19.06.2021 11:49:46.244  00000003 00000000 00000000 00001000 00000003 
19.06.2021 11:49:46.247  00000003 00000000 00000000 00000000 00000003 
19.06.2021 11:49:46.250  00001003 00000000 00000000 00001000 00000003 
19.06.2021 11:49:46.268  00000003 00000000 00000000 00001000 00000003 
19.06.2021 11:49:46.271  00001003 00000000 00000000 00001000 00000003 
19.06.2021 11:49:46.289  00000003 00000000 00000000 00000000 00000003 
19.06.2021 11:49:46.292  00001003 00000000 00000000 00000000 00000003 
19.06.2021 11:49:46.295  00001003 00000000 00000000 00001000 00000003 
19.06.2021 11:49:46.352  00000003 00000000 00000000 00000000 00000003 
19.06.2021 11:49:46.487  00001003 00000000 00000000 00000000 00001003 
19.06.2021 11:49:46.574  00000003 00000000 00000000 00000000 00000003 
19.06.2021 11:49:46.673  00000003 00000000 00400000 00000000 00000003 
19.06.2021 11:49:46.676  00000003 00000000 00000000 00000000 00000003 
19.06.2021 11:49:46.781  00000003 00000000 00000000 00400000 00000003 
19.06.2021 11:49:46.784  00000003 00000000 00000000 00000000 00000003 
19.06.2021 11:49:46.877  00000003 00000000 00000000 00000000 00400003 
19.06.2021 11:49:46.880  00000003 00000000 00000000 00000000 00000003 
19.06.2021 11:49:46.994  00000003 00000000 00000000 00000000 00800003 
19.06.2021 11:49:46.997  00000003 00000000 00000000 00000000 00000003 
19.06.2021 11:49:47.351  00001003 00000000 00001000 00000000 00000003 
19.06.2021 11:49:47.438  00000003 00000000 00001000 00000000 00000003 
19.06.2021 11:49:47.441  00000003 00000000 00000000 00000000 00000003 
19.06.2021 11:49:47.576  00001003 00000000 00000000 00000000 00001003 
19.06.2021 11:49:47.654  00000003 00000000 00000000 00000000 00000003 
19.06.2021 11:49:47.807  00001003 00000000 00001000 00000000 00000003 
19.06.2021 11:49:47.888  00000003 00000000 00001000 00000000 00000003 
19.06.2021 11:49:47.891  00000003 00000000 00000000 00000000 00000003 
19.06.2021 11:49:48.026  00001003 00000000 00000000 00000000 00001003 
19.06.2021 11:49:48.104  00000003 00000000 00000000 00000000 00000003 
19.06.2021 11:49:48.947  00000003 00000000 00800000 00000000 00000003 
19.06.2021 11:49:48.950  00000003 00000000 00000000 00000000 00000003 
19.06.2021 11:49:49.082  00000003 00000000 00000000 00800000 00000003 
19.06.2021 11:49:49.085  00000003 00000000 00000000 00000000 00000003 
19.06.2021 11:49:49.223  00004003 00000000 00004000 00000000 00000003 
19.06.2021 11:49:49.313  00000003 00000000 00000000 00000000 00000003 
19.06.2021 11:49:49.448  00004003 00000000 00000000 00000000 00004003 
19.06.2021 11:49:49.526  00000003 00000000 00000000 00000000 00000003 
19.06.2021 11:49:49.673  00004003 00000000 00004000 00000000 00000003 
19.06.2021 11:49:49.757  00000003 00000000 00004000 00000000 00000003 
19.06.2021 11:49:49.760  00000003 00000000 00000000 00000000 00000003 
19.06.2021 11:49:49.898  00004003 00000000 00000000 00000000 00004003 
19.06.2021 11:49:49.976  00000003 00000000 00000000 00000000 00000003 
19.06.2021 11:49:50.330  00004003 00004000 00000000 00000000 00000003 
19.06.2021 11:49:51.542  00004003 00000000 00000000 00000000 00000003 
19.06.2021 11:49:51.548  00000003 00000000 00000000 00000000 00000003 
19.06.2021 11:49:51.971  00004003 00000000 00000000 00000000 00000003 
19.06.2021 11:49:51.974  00004003 00000000 00000000 00004000 00000003 
19.06.2021 11:49:52.613  00000003 00000000 00000000 00000000 00000003 
19.06.2021 11:49:53.165  00002003 00000000 00000000 00002000 00000003 
19.06.2021 11:50:10.343  00000000 00000000 00000000 00000000 00000000 
19.06.2021 11:50:10.364  00000080 00000080 00000000 00000000 00000000 
19.06.2021 11:50:10.367  00002080 00000080 00000000 00002000 00000000 
19.06.2021 11:50:10.460  00002082 00000080 00000000 00002000 00000002 
19.06.2021 11:50:10.466  00002083 00000080 00000000 00002000 00000002 
19.06.2021 11:50:10.469  00002083 00000080 00000000 00002000 00000003 
19.06.2021 11:50:10.523  000020c3 00000080 00000000 00002040 00000003 
19.06.2021 11:50:10.547  00002083 00000080 00000000 00002000 00000003 
19.06.2021 11:50:10.553  00002083 00000000 00000000 00002000 00000003 
19.06.2021 11:50:10.559  00002003 00000000 00000000 00002000 00000003 
19.06.2021 11:50:10.613  00002000 00000000 00000000 00002000 00000003 
19.06.2021 11:50:10.616  00000000 00000000 00000000 00000000 00000000 
19.06.2021 11:50:10.766  00000001 00000000 00000000 00000000 00000001 
19.06.2021 11:50:10.853  00000000 00000000 00000000 00000000 00000000 
19.06.2021 11:50:10.988  00000002 00000000 00000000 00000000 00000002 
19.06.2021 11:50:11.069  00000000 00000000 00000000 00000000 00000000 
19.06.2021 11:50:11.177  00002000 00000000 00000000 00002000 00000000 
19.06.2021 11:50:11.210  00000000 00000000 00000000 00000000 00000000 
19.06.2021 15:45:16.617  00002002 00000000 00000000 00002000 00000002 
19.06.2021 15:45:16.620  00002003 00000000 00000000 00002000 00000002 
19.06.2021 15:45:16.623  00002003 00000000 00000000 00002000 00000003 
19.06.2021 15:45:30.465  00000000 00000000 00000000 00000000 00000000 
19.06.2021 16:35:18.461  00000002 00000000 00000000 00000000 00000000 
19.06.2021 16:35:18.464  00002002 00000000 00000000 00002000 00000002 
19.06.2021 16:35:18.467  00002003 00000000 00000000 00002000 00000003 
19.06.2021 16:35:38.816  00002803 00000000 00000000 00002000 00000003 
19.06.2021 16:35:38.819  00002803 00000000 00000000 00002800 00000003 
19.06.2021 17:39:54.679  00002883 00000080 00000000 00002800 00000003 
19.06.2021 17:39:54.697  00002083 00000080 00000000 00002000 00000003 

Servicedata V1.0 PLC:\DEBUG\S_State.service.trace created 22.06.2021 09:01:31 (local time)
hostname: hu, Software: 606421 04, built: 08.10.2014 08:59
-------------------------------------------------------------------------------------------
                    ms   global   master   device1
16.06.2021 19:28:39.264  00000003 00000000 00000000 00000000 00000003 
16.06.2021 19:28:39.267  00001003 00000000 00000000 00000000 00000003 
16.06.2021 19:28:39.270  00001003 00000000 00000000 00001000 00000003 
16.06.2021 19:28:39.354  00000003 00000000 00000000 00000000 00000003 
16.06.2021 19:28:39.480  00001003 00000000 00000000 00000000 00001003 
16.06.2021 19:28:39.564  00000003 00000000 00000000 00000000 00000003 
16.06.2021 19:28:39.666  00000003 00000000 00400000 00000000 00000003 
16.06.2021 19:28:39.669  00000003 00000000 00000000 00000000 00000003 
16.06.2021 19:28:39.774  00000003 00000000 00000000 00400000 00000003 
16.06.2021 19:28:39.777  00000003 00000000 00000000 00000000 00000003 
16.06.2021 19:28:39.879  00000003 00000000 00000000 00000000 00400003 
16.06.2021 19:28:39.882  00000003 00000000 00000000 00000000 00000003 
16.06.2021 19:28:40.026  00000003 00000000 00000000 00000000 00800003 
16.06.2021 19:28:40.029  00000003 00000000 00000000 00000000 00000003 
16.06.2021 19:28:40.377  00001003 00000000 00001000 00000000 00000003 
16.06.2021 19:28:40.464  00000003 00000000 00001000 00000000 00000003 
16.06.2021 19:28:40.467  00000003 00000000 00000000 00000000 00000003 
16.06.2021 19:28:40.605  00001003 00000000 00000000 00000000 00001003 
16.06.2021 19:28:40.680  00000003 00000000 00000000 00000000 00000003 
16.06.2021 19:28:40.836  00001003 00000000 00001000 00000000 00000003 
16.06.2021 19:28:40.914  00000003 00000000 00001000 00000000 00000003 
16.06.2021 19:28:40.917  00000003 00000000 00000000 00000000 00000003 
16.06.2021 19:28:41.055  00001003 00000000 00000000 00000000 00001003 
16.06.2021 19:28:41.130  00000003 00000000 00000000 00000000 00000003 
16.06.2021 19:28:41.859  00000003 00000000 00800000 00000000 00000003 
16.06.2021 19:28:41.862  00000003 00000000 00000000 00000000 00000003 
16.06.2021 19:28:41.994  00000003 00000000 00000000 00800000 00000003 
16.06.2021 19:28:41.997  00000003 00000000 00000000 00000000 00000003 
16.06.2021 19:28:42.138  00004003 00000000 00004000 00000000 00000003 
16.06.2021 19:28:42.210  00000003 00000000 00004000 00000000 00000003 
16.06.2021 19:28:42.213  00000003 00000000 00000000 00000000 00000003 
16.06.2021 19:28:42.351  00004003 00000000 00000000 00000000 00004003 
16.06.2021 19:28:42.426  00000003 00000000 00000000 00000000 00000003 
16.06.2021 19:28:42.585  00004003 00000000 00004000 00000000 00000003 
16.06.2021 19:28:42.660  00000003 00000000 00004000 00000000 00000003 
16.06.2021 19:28:42.663  00000003 00000000 00000000 00000000 00000003 
16.06.2021 19:28:42.801  00004003 00000000 00000000 00000000 00004003 
16.06.2021 19:28:42.876  00000003 00000000 00000000 00000000 00000003 
16.06.2021 19:28:43.206  00004003 00004000 00000000 00000000 00000003 
16.06.2021 19:28:44.418  00004003 00000000 00000000 00000000 00000003 
16.06.2021 19:28:44.424  00000003 00000000 00000000 00000000 00000003 
16.06.2021 19:28:44.889  00004003 00000000 00000000 00004000 00000003 
16.06.2021 19:28:45.525  00000003 00000000 00000000 00000000 00000003 
16.06.2021 19:28:46.050  00002003 00000000 00000000 00002000 00000003 
16.06.2021 19:29:25.224  00000000 00000000 00000000 00000000 00000000 
16.06.2021 19:29:25.248  00000080 00000080 00000000 00000000 00000000 
16.06.2021 19:29:25.251  00002080 00000080 00000000 00002000 00000000 
16.06.2021 19:29:25.344  00002082 00000080 00000000 00002000 00000002 
16.06.2021 19:29:25.350  00002083 00000080 00000000 00002000 00000002 
16.06.2021 19:29:25.353  00002083 00000080 00000000 00002000 00000003 
16.06.2021 19:29:25.410  000020c3 00000080 00000000 00002040 00000003 
16.06.2021 19:29:25.431  00002083 00000080 00000000 00002000 00000003 
16.06.2021 19:29:25.440  00002083 00000000 00000000 00002000 00000003 
16.06.2021 19:29:25.446  00002003 00000000 00000000 00002000 00000003 
16.06.2021 19:29:25.512  00002000 00000000 00000000 00002000 00000003 
16.06.2021 19:29:25.515  00000000 00000000 00000000 00000000 00000000 
16.06.2021 19:29:25.659  00000001 00000000 00000000 00000000 00000001 
16.06.2021 19:29:25.737  00000000 00000000 00000000 00000000 00000000 
16.06.2021 19:29:25.869  00000002 00000000 00000000 00000000 00000002 
16.06.2021 19:29:25.953  00000000 00000000 00000000 00000000 00000000 
16.06.2021 19:29:26.049  00002000 00000000 00000000 00002000 00000000 
16.06.2021 19:29:26.082  00000000 00000000 00000000 00000000 00000000 
16.06.2021 19:32:13.964  00002002 00000000 00000000 00002000 00000002 
16.06.2021 19:32:13.967  00002003 00000000 00000000 00002000 00000002 
16.06.2021 19:32:13.970  00002003 00000000 00000000 00002000 00000003 
16.06.2021 19:32:34.223  00002803 00000000 00000000 00002800 00000003 
16.06.2021 20:32:16.211  00000800 00000000 00000000 00000800 00000000 
16.06.2021 20:32:16.526  00000000 00000000 00000000 00000800 00000000 
16.06.2021 20:32:16.529  00000000 00000000 00000000 00000000 00000000 
16.06.2021 20:32:37.511  00000002 00000000 00000000 00000000 00000000 
16.06.2021 20:32:37.514  00002002 00000000 00000000 00002000 00000002 
16.06.2021 20:32:37.517  00002003 00000000 00000000 00002000 00000003 
16.06.2021 20:32:57.560  00002803 00000000 00000000 00002000 00000003 
16.06.2021 20:32:57.563  00002803 00000000 00000000 00002800 00000003 
16.06.2021 20:47:59.061  00000800 00000000 00000000 00000800 00000000 
16.06.2021 20:47:59.376  00000000 00000000 00000000 00000800 00000000 
16.06.2021 20:47:59.379  00000000 00000000 00000000 00000000 00000000 
16.06.2021 20:54:02.890  00002002 00000000 00000000 00002000 00000002 
16.06.2021 20:54:02.893  00002003 00000000 00000000 00002000 00000002 
16.06.2021 20:54:02.896  00002003 00000000 00000000 00002000 00000003 
16.06.2021 20:54:19.588  00002083 00000080 00000000 00002000 00000003 
19.06.2021 11:49:23.398  000003b3 000000b0 00000200 00000000 00010103 
19.06.2021 11:49:23.557  000001b3 000000b0 00000000 00000000 00010103 
19.06.2021 11:49:23.569  000000b3 000000b0 00000000 00000000 00000003 
19.06.2021 11:49:39.254  000000b3 00000000 00000000 00000000 00000003 
19.06.2021 11:49:39.260  00000003 00000000 00000000 00000000 00000003 
19.06.2021 11:49:39.614  80000003 80000000 00000000 00000000 00000003 
19.06.2021 11:49:39.620  00000003 00000000 00000000 00000000 00000003 
19.06.2021 11:49:39.710  00000033 00000030 00000000 00000000 00000003 
19.06.2021 11:49:39.773  00000033 00000000 00000000 00000000 00000003 
19.06.2021 11:49:39.779  00000003 00000000 00000000 00000000 00000003 
19.06.2021 11:49:42.905  00000033 00000030 00000000 00000000 00000003 
19.06.2021 11:49:42.977  00000033 00000000 00000000 00000000 00000003 
19.06.2021 11:49:42.983  00000003 00000000 00000000 00000000 00000003 
19.06.2021 11:49:43.127  00000043 00000000 00000000 00000040 00000003 
19.06.2021 11:49:43.139  000000c3 00000080 00000000 00000040 00000003 
19.06.2021 11:49:43.142  000020c3 00000080 00000000 00002040 00000003 
19.06.2021 11:49:43.220  00002083 00000080 00000000 00002000 00000003 
19.06.2021 11:49:43.223  00002083 00000000 00000000 00002000 00000003 
19.06.2021 11:49:43.229  00002003 00000000 00000000 00002000 00000003 
19.06.2021 11:49:43.232  00000003 00000000 00000000 00000000 00000003 
19.06.2021 11:49:43.346  00000083 00000080 00000000 00000000 00000003 
19.06.2021 11:49:43.409  00000083 00000000 00000000 00000000 00000003 
19.06.2021 11:49:43.415  00000003 00000000 00000000 00000000 00000003 
19.06.2021 11:49:43.553  00000083 00000080 00000000 00000000 00000003 
19.06.2021 11:49:43.763  00000083 00000000 00000000 00000000 00000003 
19.06.2021 11:49:43.769  00000003 00000000 00000000 00000000 00000003 
19.06.2021 11:49:43.913  00000103 00000000 00000000 00000000 00000003 
19.06.2021 11:49:43.916  00000103 00000000 00000000 00000000 00010103 
19.06.2021 11:49:44.006  00000003 00000000 00000000 00000000 00000003 
19.06.2021 11:49:44.171  00000103 00000000 00000000 00000000 00010103 
19.06.2021 11:49:44.255  00000003 00000000 00000000 00000000 00000003 
19.06.2021 11:49:44.396  00000203 00000000 00000000 00000000 00000003 
19.06.2021 11:49:44.399  00000203 00000000 00000200 00000000 00000003 
19.06.2021 11:49:44.492  00000003 00000000 00000000 00000000 00000003 
19.06.2021 11:49:44.627  00000203 00000000 00000000 00000000 00000003 
19.06.2021 11:49:44.630  00000203 00000000 00000200 00000000 00000003 
19.06.2021 11:49:44.693  00000003 00000000 00000000 00000000 00000003 
19.06.2021 11:49:44.816  00001003 00001000 00000000 00000000 00000003 
19.06.2021 11:49:44.834  00001003 00000000 00000000 00000000 00000003 
19.06.2021 11:49:44.837  00000003 00000000 00000000 00000000 00000003 
19.06.2021 11:49:44.861  00001003 00001000 00000000 00000000 00000003 
19.06.2021 11:49:44.870  00001003 00000000 00000000 00000000 00000003 
19.06.2021 11:49:44.873  00000003 00000000 00000000 00000000 00000003 
19.06.2021 11:49:44.894  00001003 00001000 00000000 00000000 00000003 
19.06.2021 11:49:44.906  00001003 00000000 00000000 00000000 00000003 
19.06.2021 11:49:44.909  00000003 00000000 00000000 00000000 00000003 
19.06.2021 11:49:44.924  00001003 00001000 00000000 00000000 00000003 
19.06.2021 11:49:44.942  00001003 00000000 00000000 00000000 00000003 
19.06.2021 11:49:44.945  00000003 00000000 00000000 00000000 00000003 
19.06.2021 11:49:44.960  00001003 00001000 00000000 00000000 00000003 
19.06.2021 11:49:44.978  00001003 00000000 00000000 00000000 00000003 
19.06.2021 11:49:44.981  00000003 00000000 00000000 00000000 00000003 
19.06.2021 11:49:44.996  00001003 00001000 00000000 00000000 00000003 
19.06.2021 11:49:45.014  00001003 00000000 00000000 00000000 00000003 
19.06.2021 11:49:45.017  00000003 00000000 00000000 00000000 00000003 
19.06.2021 11:49:45.029  00001003 00001000 00000000 00000000 00000003 
19.06.2021 11:49:45.050  00001003 00000000 00000000 00000000 00000003 
19.06.2021 11:49:45.053  00000003 00000000 00000000 00000000 00000003 
19.06.2021 11:49:45.065  00001003 00001000 00000000 00000000 00000003 
19.06.2021 11:49:45.086  00001003 00000000 00000000 00000000 00000003 
19.06.2021 11:49:45.089  00000003 00000000 00000000 00000000 00000003 
19.06.2021 11:49:45.101  00001003 00001000 00000000 00000000 00000003 
19.06.2021 11:49:45.122  00001003 00000000 00000000 00000000 00000003 
19.06.2021 11:49:45.125  00000003 00000000 00000000 00000000 00000003 
19.06.2021 11:49:45.140  00001003 00001000 00000000 00000000 00000003 
19.06.2021 11:49:45.158  00001003 00000000 00000000 00000000 00000003 
19.06.2021 11:49:45.161  00000003 00000000 00000000 00000000 00000003 
19.06.2021 11:49:45.173  00001003 00001000 00000000 00000000 00000003 
19.06.2021 11:49:45.194  00001003 00000000 00000000 00000000 00000003 
19.06.2021 11:49:45.197  00000003 00000000 00000000 00000000 00000003 
19.06.2021 11:49:45.209  00001003 00001000 00000000 00000000 00000003 
19.06.2021 11:49:45.230  00001003 00000000 00000000 00000000 00000003 
19.06.2021 11:49:45.233  00000003 00000000 00000000 00000000 00000003 
19.06.2021 11:49:45.248  00001003 00001000 00000000 00000000 00000003 
19.06.2021 11:49:45.266  00001003 00000000 00000000 00000000 00000003 
19.06.2021 11:49:45.269  00000003 00000000 00000000 00000000 00000003 
19.06.2021 11:49:45.284  00001003 00001000 00000000 00000000 00000003 
19.06.2021 11:49:45.302  00001003 00000000 00000000 00000000 00000003 
19.06.2021 11:49:45.305  00000003 00000000 00000000 00000000 00000003 
19.06.2021 11:49:45.317  00001003 00001000 00000000 00000000 00000003 
19.06.2021 11:49:45.338  00001003 00000000 00000000 00000000 00000003 
19.06.2021 11:49:45.341  00000003 00000000 00000000 00000000 00000003 
19.06.2021 11:49:45.359  00001003 00001000 00000000 00000000 00000003 
19.06.2021 11:49:45.374  00001003 00000000 00000000 00000000 00000003 
19.06.2021 11:49:45.377  00000003 00000000 00000000 00000000 00000003 
19.06.2021 11:49:45.392  00001003 00001000 00000000 00000000 00000003 
19.06.2021 11:49:45.410  00001003 00000000 00000000 00000000 00000003 
19.06.2021 11:49:45.413  00000003 00000000 00000000 00000000 00000003 
19.06.2021 11:49:45.425  00001003 00001000 00000000 00000000 00000003 
19.06.2021 11:49:45.446  00001003 00000000 00000000 00000000 00000003 
19.06.2021 11:49:45.449  00000003 00000000 00000000 00000000 00000003 
19.06.2021 11:49:45.461  00001003 00001000 00000000 00000000 00000003 
19.06.2021 11:49:45.482  00001003 00000000 00000000 00000000 00000003 
19.06.2021 11:49:45.485  00000003 00000000 00000000 00000000 00000003 
19.06.2021 11:49:45.500  00001003 00001000 00000000 00000000 00000003 
19.06.2021 11:49:45.518  00001003 00000000 00000000 00000000 00000003 
19.06.2021 11:49:45.521  00000003 00000000 00000000 00000000 00000003 
19.06.2021 11:49:45.536  00001003 00001000 00000000 00000000 00000003 
19.06.2021 11:49:45.554  00001003 00000000 00000000 00000000 00000003 
19.06.2021 11:49:45.557  00000003 00000000 00000000 00000000 00000003 
19.06.2021 11:49:45.572  00001003 00001000 00000000 00000000 00000003 
19.06.2021 11:49:45.590  00001003 00000000 00000000 00000000 00000003 
19.06.2021 11:49:45.593  00000003 00000000 00000000 00000000 00000003 
19.06.2021 11:49:45.605  00001003 00001000 00000000 00000000 00000003 
19.06.2021 11:49:45.626  00001003 00000000 00000000 00000000 00000003 
19.06.2021 11:49:45.629  00000003 00000000 00000000 00000000 00000003 
19.06.2021 11:49:45.641  00001003 00001000 00000000 00000000 00000003 
19.06.2021 11:49:45.662  00001003 00000000 00000000 00000000 00000003 
19.06.2021 11:49:45.665  00000003 00000000 00000000 00000000 00000003 
19.06.2021 11:49:45.677  00001003 00001000 00000000 00000000 00000003 
19.06.2021 11:49:45.698  00001003 00000000 00000000 00000000 00000003 
19.06.2021 11:49:45.701  00000003 00000000 00000000 00000000 00000003 
19.06.2021 11:49:45.713  00001003 00001000 00000000 00000000 00000003 
19.06.2021 11:49:45.734  00001003 00000000 00000000 00000000 00000003 
19.06.2021 11:49:45.737  00000003 00000000 00000000 00000000 00000003 
19.06.2021 11:49:45.866  00001003 00000000 00000000 00000000 00000003 
19.06.2021 11:49:45.869  00001003 00000000 00001000 00000000 00000003 
19.06.2021 11:49:45.947  00000003 00000000 00000000 00000000 00000003 
19.06.2021 11:49:46.106  00001003 00000000 00000000 00001000 00000003 
19.06.2021 11:49:46.115  00000003 00000000 00000000 00000000 00000003 
19.06.2021 11:49:46.118  00001003 00000000 00000000 00001000 00000003 
19.06.2021 11:49:46.127  00000003 00000000 00000000 00000000 00000003 
19.06.2021 11:49:46.130  00001003 00000000 00000000 00001000 00000003 
19.06.2021 11:49:46.139  00000003 00000000 00000000 00000000 00000003 
19.06.2021 11:49:46.142  00001003 00000000 00000000 00001000 00000003 
19.06.2021 11:49:46.151  00000003 00000000 00000000 00000000 00000003 
19.06.2021 11:49:46.154  00001003 00000000 00000000 00001000 00000003 
19.06.2021 11:49:46.163  00000003 00000000 00000000 00000000 00000003 
19.06.2021 11:49:46.166  00001003 00000000 00000000 00001000 00000003 
19.06.2021 11:49:46.175  00000003 00000000 00000000 00000000 00000003 
19.06.2021 11:49:46.178  00001003 00000000 00000000 00001000 00000003 
19.06.2021 11:49:46.196  00000003 00000000 00000000 00001000 00000003 
19.06.2021 11:49:46.199  00001003 00000000 00000000 00001000 00000003 
19.06.2021 11:49:46.208  00000003 00000000 00000000 00001000 00000003 
19.06.2021 11:49:46.211  00001003 00000000 00000000 00001000 00000003 
19.06.2021 11:49:46.220  00000003 00000000 00000000 00001000 00000003 
19.06.2021 11:49:46.223  00001003 00000000 00000000 00001000 00000003 
19.06.2021 11:49:46.232  00000003 00000000 00000000 00001000 00000003 
19.06.2021 11:49:46.235  00001003 00000000 00000000 00000000 00000003 
19.06.2021 11:49:46.238  00001003 00000000 00000000 00001000 00000003 
19.06.2021 11:49:46.244  00000003 00000000 00000000 00001000 00000003 
19.06.2021 11:49:46.247  00000003 00000000 00000000 00000000 00000003 
19.06.2021 11:49:46.250  00001003 00000000 00000000 00001000 00000003 
19.06.2021 11:49:46.268  00000003 00000000 00000000 00001000 00000003 
19.06.2021 11:49:46.271  00001003 00000000 00000000 00001000 00000003 
19.06.2021 11:49:46.289  00000003 00000000 00000000 00000000 00000003 
19.06.2021 11:49:46.292  00001003 00000000 00000000 00000000 00000003 
19.06.2021 11:49:46.295  00001003 00000000 00000000 00001000 00000003 
19.06.2021 11:49:46.352  00000003 00000000 00000000 00000000 00000003 
19.06.2021 11:49:46.487  00001003 00000000 00000000 00000000 00001003 
19.06.2021 11:49:46.574  00000003 00000000 00000000 00000000 00000003 
19.06.2021 11:49:46.673  00000003 00000000 00400000 00000000 00000003 
19.06.2021 11:49:46.676  00000003 00000000 00000000 00000000 00000003 
19.06.2021 11:49:46.781  00000003 00000000 00000000 00400000 00000003 
19.06.2021 11:49:46.784  00000003 00000000 00000000 00000000 00000003 
19.06.2021 11:49:46.877  00000003 00000000 00000000 00000000 00400003 
19.06.2021 11:49:46.880  00000003 00000000 00000000 00000000 00000003 
19.06.2021 11:49:46.994  00000003 00000000 00000000 00000000 00800003 
19.06.2021 11:49:46.997  00000003 00000000 00000000 00000000 00000003 
19.06.2021 11:49:47.351  00001003 00000000 00001000 00000000 00000003 
19.06.2021 11:49:47.438  00000003 00000000 00001000 00000000 00000003 
19.06.2021 11:49:47.441  00000003 00000000 00000000 00000000 00000003 
19.06.2021 11:49:47.576  00001003 00000000 00000000 00000000 00001003 
19.06.2021 11:49:47.654  00000003 00000000 00000000 00000000 00000003 
19.06.2021 11:49:47.807  00001003 00000000 00001000 00000000 00000003 
19.06.2021 11:49:47.888  00000003 00000000 00001000 00000000 00000003 
19.06.2021 11:49:47.891  00000003 00000000 00000000 00000000 00000003 
19.06.2021 11:49:48.026  00001003 00000000 00000000 00000000 00001003 
19.06.2021 11:49:48.104  00000003 00000000 00000000 00000000 00000003 
19.06.2021 11:49:48.947  00000003 00000000 00800000 00000000 00000003 
19.06.2021 11:49:48.950  00000003 00000000 00000000 00000000 00000003 
19.06.2021 11:49:49.082  00000003 00000000 00000000 00800000 00000003 
19.06.2021 11:49:49.085  00000003 00000000 00000000 00000000 00000003 
19.06.2021 11:49:49.223  00004003 00000000 00004000 00000000 00000003 
19.06.2021 11:49:49.313  00000003 00000000 00000000 00000000 00000003 
19.06.2021 11:49:49.448  00004003 00000000 00000000 00000000 00004003 
19.06.2021 11:49:49.526  00000003 00000000 00000000 00000000 00000003 
19.06.2021 11:49:49.673  00004003 00000000 00004000 00000000 00000003 
19.06.2021 11:49:49.757  00000003 00000000 00004000 00000000 00000003 
19.06.2021 11:49:49.760  00000003 00000000 00000000 00000000 00000003 
19.06.2021 11:49:49.898  00004003 00000000 00000000 00000000 00004003 
19.06.2021 11:49:49.976  00000003 00000000 00000000 00000000 00000003 
19.06.2021 11:49:50.330  00004003 00004000 00000000 00000000 00000003 
19.06.2021 11:49:51.542  00004003 00000000 00000000 00000000 00000003 
19.06.2021 11:49:51.548  00000003 00000000 00000000 00000000 00000003 
19.06.2021 11:49:51.971  00004003 00000000 00000000 00000000 00000003 
19.06.2021 11:49:51.974  00004003 00000000 00000000 00004000 00000003 
19.06.2021 11:49:52.613  00000003 00000000 00000000 00000000 00000003 
19.06.2021 11:49:53.165  00002003 00000000 00000000 00002000 00000003 
19.06.2021 11:50:10.343  00000000 00000000 00000000 00000000 00000000 
19.06.2021 11:50:10.364  00000080 00000080 00000000 00000000 00000000 
19.06.2021 11:50:10.367  00002080 00000080 00000000 00002000 00000000 
19.06.2021 11:50:10.460  00002082 00000080 00000000 00002000 00000002 
19.06.2021 11:50:10.466  00002083 00000080 00000000 00002000 00000002 
19.06.2021 11:50:10.469  00002083 00000080 00000000 00002000 00000003 
19.06.2021 11:50:10.523  000020c3 00000080 00000000 00002040 00000003 
19.06.2021 11:50:10.547  00002083 00000080 00000000 00002000 00000003 
19.06.2021 11:50:10.553  00002083 00000000 00000000 00002000 00000003 
19.06.2021 11:50:10.559  00002003 00000000 00000000 00002000 00000003 
19.06.2021 11:50:10.613  00002000 00000000 00000000 00002000 00000003 
19.06.2021 11:50:10.616  00000000 00000000 00000000 00000000 00000000 
19.06.2021 11:50:10.766  00000001 00000000 00000000 00000000 00000001 
19.06.2021 11:50:10.853  00000000 00000000 00000000 00000000 00000000 
19.06.2021 11:50:10.988  00000002 00000000 00000000 00000000 00000002 
19.06.2021 11:50:11.069  00000000 00000000 00000000 00000000 00000000 
19.06.2021 11:50:11.177  00002000 00000000 00000000 00002000 00000000 
19.06.2021 11:50:11.210  00000000 00000000 00000000 00000000 00000000 
19.06.2021 15:45:16.617  00002002 00000000 00000000 00002000 00000002 
19.06.2021 15:45:16.620  00002003 00000000 00000000 00002000 00000002 
19.06.2021 15:45:16.623  00002003 00000000 00000000 00002000 00000003 
19.06.2021 15:45:30.465  00000000 00000000 00000000 00000000 00000000 
19.06.2021 16:35:18.461  00000002 00000000 00000000 00000000 00000000 
19.06.2021 16:35:18.464  00002002 00000000 00000000 00002000 00000002 
19.06.2021 16:35:18.467  00002003 00000000 00000000 00002000 00000003 
19.06.2021 16:35:38.816  00002803 00000000 00000000 00002000 00000003 
19.06.2021 16:35:38.819  00002803 00000000 00000000 00002800 00000003 
19.06.2021 17:39:54.679  00002883 00000080 00000000 00002800 00000003 
19.06.2021 17:39:54.697  00002083 00000080 00000000 00002000 00000003 
22.06.2021 08:37:29.463  000003b3 000000b0 00000200 00000000 00010103 
22.06.2021 08:37:29.622  000001b3 000000b0 00000000 00000000 00010103 
22.06.2021 08:37:29.634  000000b3 000000b0 00000000 00000000 00000003 
22.06.2021 08:37:43.017  000000b3 00000000 00000000 00000000 00000003 
22.06.2021 08:37:43.023  00000003 00000000 00000000 00000000 00000003 
22.06.2021 08:37:43.401  80000003 80000000 00000000 00000000 00000003 
22.06.2021 08:37:43.407  00000003 00000000 00000000 00000000 00000003 
22.06.2021 08:37:43.497  00000033 00000030 00000000 00000000 00000003 
22.06.2021 08:37:43.566  00000033 00000000 00000000 00000000 00000003 
22.06.2021 08:37:43.572  00000003 00000000 00000000 00000000 00000003 
22.06.2021 08:37:46.698  00000033 00000030 00000000 00000000 00000003 
22.06.2021 08:37:46.770  00000033 00000000 00000000 00000000 00000003 
22.06.2021 08:37:46.776  00000003 00000000 00000000 00000000 00000003 
22.06.2021 08:37:46.908  00000043 00000000 00000000 00000040 00000003 
22.06.2021 08:37:46.920  000000c3 00000080 00000000 00000040 00000003 
22.06.2021 08:37:46.923  000020c3 00000080 00000000 00002040 00000003 
22.06.2021 08:37:47.001  00002083 00000080 00000000 00002000 00000003 
22.06.2021 08:37:47.004  00002083 00000000 00000000 00002000 00000003 
22.06.2021 08:37:47.010  00002003 00000000 00000000 00002000 00000003 
22.06.2021 08:37:47.013  00000003 00000000 00000000 00000000 00000003 
22.06.2021 08:37:47.127  00000083 00000080 00000000 00000000 00000003 
22.06.2021 08:37:47.202  00000083 00000000 00000000 00000000 00000003 
22.06.2021 08:37:47.208  00000003 00000000 00000000 00000000 00000003 
22.06.2021 08:37:47.346  00000083 00000080 00000000 00000000 00000003 
22.06.2021 08:37:47.418  00000083 00000000 00000000 00000000 00000003 
22.06.2021 08:37:47.424  00000003 00000000 00000000 00000000 00000003 
22.06.2021 08:37:47.565  00000103 00000000 00000000 00000000 00000003 
22.06.2021 08:37:47.568  00000103 00000000 00000000 00000000 00010103 
22.06.2021 08:37:47.652  00000003 00000000 00000000 00000000 00000003 
22.06.2021 08:37:47.817  00000103 00000000 00000000 00000000 00010103 
22.06.2021 08:37:47.904  00000003 00000000 00000000 00000000 00000003 
22.06.2021 08:37:48.048  00000203 00000000 00000200 00000000 00000003 
22.06.2021 08:37:48.138  00000003 00000000 00000000 00000000 00000003 
22.06.2021 08:37:48.423  00000203 00000000 00000000 00000000 00000003 
22.06.2021 08:37:48.426  00000203 00000000 00000200 00000000 00000003 
22.06.2021 08:37:48.516  00000003 00000000 00000000 00000000 00000003 
22.06.2021 08:37:48.636  00001003 00001000 00000000 00000000 00000003 
22.06.2021 08:37:48.645  00001003 00000000 00000000 00000000 00000003 
22.06.2021 08:37:48.648  00000003 00000000 00000000 00000000 00000003 
22.06.2021 08:37:48.672  00001003 00001000 00000000 00000000 00000003 
22.06.2021 08:37:48.681  00001003 00000000 00000000 00000000 00000003 
22.06.2021 08:37:48.684  00000003 00000000 00000000 00000000 00000003 
22.06.2021 08:37:48.702  00001003 00001000 00000000 00000000 00000003 
22.06.2021 08:37:48.717  00001003 00000000 00000000 00000000 00000003 
22.06.2021 08:37:48.720  00000003 00000000 00000000 00000000 00000003 
22.06.2021 08:37:48.732  00001003 00001000 00000000 00000000 00000003 
22.06.2021 08:37:48.753  00001003 00000000 00000000 00000000 00000003 
22.06.2021 08:37:48.756  00000003 00000000 00000000 00000000 00000003 
22.06.2021 08:37:48.771  00001003 00001000 00000000 00000000 00000003 
22.06.2021 08:37:48.789  00001003 00000000 00000000 00000000 00000003 
22.06.2021 08:37:48.792  00000003 00000000 00000000 00000000 00000003 
22.06.2021 08:37:48.807  00001003 00001000 00000000 00000000 00000003 
22.06.2021 08:37:48.825  00001003 00000000 00000000 00000000 00000003 
22.06.2021 08:37:48.828  00000003 00000000 00000000 00000000 00000003 
22.06.2021 08:37:48.840  00001003 00001000 00000000 00000000 00000003 
22.06.2021 08:37:48.861  00001003 00000000 00000000 00000000 00000003 
22.06.2021 08:37:48.864  00000003 00000000 00000000 00000000 00000003 
22.06.2021 08:37:48.876  00001003 00001000 00000000 00000000 00000003 
22.06.2021 08:37:48.897  00001003 00000000 00000000 00000000 00000003 
22.06.2021 08:37:48.900  00000003 00000000 00000000 00000000 00000003 
22.06.2021 08:37:48.915  00001003 00001000 00000000 00000000 00000003 
22.06.2021 08:37:48.933  00001003 00000000 00000000 00000000 00000003 
22.06.2021 08:37:48.936  00000003 00000000 00000000 00000000 00000003 
22.06.2021 08:37:48.951  00001003 00001000 00000000 00000000 00000003 
22.06.2021 08:37:48.969  00001003 00000000 00000000 00000000 00000003 
22.06.2021 08:37:48.972  00000003 00000000 00000000 00000000 00000003 
22.06.2021 08:37:48.984  00001003 00001000 00000000 00000000 00000003 
22.06.2021 08:37:49.005  00001003 00000000 00000000 00000000 00000003 
22.06.2021 08:37:49.008  00000003 00000000 00000000 00000000 00000003 
22.06.2021 08:37:49.020  00001003 00001000 00000000 00000000 00000003 
22.06.2021 08:37:49.041  00001003 00000000 00000000 00000000 00000003 
22.06.2021 08:37:49.044  00000003 00000000 00000000 00000000 00000003 
22.06.2021 08:37:49.062  00001003 00001000 00000000 00000000 00000003 
22.06.2021 08:37:49.077  00001003 00000000 00000000 00000000 00000003 
22.06.2021 08:37:49.080  00000003 00000000 00000000 00000000 00000003 
22.06.2021 08:37:49.095  00001003 00001000 00000000 00000000 00000003 
22.06.2021 08:37:49.113  00001003 00000000 00000000 00000000 00000003 
22.06.2021 08:37:49.116  00000003 00000000 00000000 00000000 00000003 
22.06.2021 08:37:49.131  00001003 00001000 00000000 00000000 00000003 
22.06.2021 08:37:49.149  00001003 00000000 00000000 00000000 00000003 
22.06.2021 08:37:49.152  00000003 00000000 00000000 00000000 00000003 
22.06.2021 08:37:49.167  00001003 00001000 00000000 00000000 00000003 
22.06.2021 08:37:49.185  00001003 00000000 00000000 00000000 00000003 
22.06.2021 08:37:49.188  00000003 00000000 00000000 00000000 00000003 
22.06.2021 08:37:49.203  00001003 00001000 00000000 00000000 00000003 
22.06.2021 08:37:49.221  00001003 00000000 00000000 00000000 00000003 
22.06.2021 08:37:49.224  00000003 00000000 00000000 00000000 00000003 
22.06.2021 08:37:49.236  00001003 00001000 00000000 00000000 00000003 
22.06.2021 08:37:49.257  00001003 00000000 00000000 00000000 00000003 
22.06.2021 08:37:49.260  00000003 00000000 00000000 00000000 00000003 
22.06.2021 08:37:49.272  00001003 00001000 00000000 00000000 00000003 
22.06.2021 08:37:49.293  00001003 00000000 00000000 00000000 00000003 
22.06.2021 08:37:49.296  00000003 00000000 00000000 00000000 00000003 
22.06.2021 08:37:49.311  00001003 00001000 00000000 00000000 00000003 
22.06.2021 08:37:49.329  00001003 00000000 00000000 00000000 00000003 
22.06.2021 08:37:49.332  00000003 00000000 00000000 00000000 00000003 
22.06.2021 08:37:49.344  00001003 00001000 00000000 00000000 00000003 
22.06.2021 08:37:49.365  00001003 00000000 00000000 00000000 00000003 
22.06.2021 08:37:49.368  00000003 00000000 00000000 00000000 00000003 
22.06.2021 08:37:49.383  00001003 00001000 00000000 00000000 00000003 
22.06.2021 08:37:49.401  00001003 00000000 00000000 00000000 00000003 
22.06.2021 08:37:49.404  00000003 00000000 00000000 00000000 00000003 
22.06.2021 08:37:49.416  00000003 00001000 00000000 00000000 00000003 
22.06.2021 08:37:49.419  00001003 00001000 00000000 00000000 00000003 
22.06.2021 08:37:49.437  00001003 00000000 00000000 00000000 00000003 
22.06.2021 08:37:49.440  00000003 00000000 00000000 00000000 00000003 
22.06.2021 08:37:49.452  00001003 00001000 00000000 00000000 00000003 
22.06.2021 08:37:49.473  00001003 00000000 00000000 00000000 00000003 
22.06.2021 08:37:49.476  00000003 00000000 00000000 00000000 00000003 
22.06.2021 08:37:49.488  00001003 00001000 00000000 00000000 00000003 
22.06.2021 08:37:49.509  00001003 00000000 00000000 00000000 00000003 
22.06.2021 08:37:49.512  00000003 00000000 00000000 00000000 00000003 
22.06.2021 08:37:49.524  00001003 00001000 00000000 00000000 00000003 
22.06.2021 08:37:49.545  00001003 00000000 00000000 00000000 00000003 
22.06.2021 08:37:49.548  00000003 00000000 00000000 00000000 00000003 
22.06.2021 08:37:49.677  00001003 00000000 00000000 00000000 00000003 
22.06.2021 08:37:49.680  00001003 00000000 00001000 00000000 00000003 
22.06.2021 08:37:49.758  00000003 00000000 00000000 00000000 00000003 
22.06.2021 08:37:49.917  00001003 00000000 00000000 00001000 00000003 
22.06.2021 08:37:49.926  00000003 00000000 00000000 00000000 00000003 
22.06.2021 08:37:49.929  00001003 00000000 00000000 00001000 00000003 
22.06.2021 08:37:49.938  00000003 00000000 00000000 00000000 00000003 
22.06.2021 08:37:49.941  00001003 00000000 00000000 00001000 00000003 
22.06.2021 08:37:49.950  00000003 00000000 00000000 00000000 00000003 
22.06.2021 08:37:49.953  00001003 00000000 00000000 00001000 00000003 
22.06.2021 08:37:49.962  00000003 00000000 00000000 00000000 00000003 
22.06.2021 08:37:49.965  00001003 00000000 00000000 00001000 00000003 
22.06.2021 08:37:49.974  00000003 00000000 00000000 00000000 00000003 
22.06.2021 08:37:49.977  00001003 00000000 00000000 00001000 00000003 
22.06.2021 08:37:49.986  00000003 00000000 00000000 00000000 00000003 
22.06.2021 08:37:49.989  00001003 00000000 00000000 00001000 00000003 
22.06.2021 08:37:50.007  00000003 00000000 00000000 00001000 00000003 
22.06.2021 08:37:50.010  00001003 00000000 00000000 00001000 00000003 
22.06.2021 08:37:50.019  00000003 00000000 00000000 00001000 00000003 
22.06.2021 08:37:50.022  00001003 00000000 00000000 00001000 00000003 
22.06.2021 08:37:50.031  00000003 00000000 00000000 00001000 00000003 
22.06.2021 08:37:50.034  00001003 00000000 00000000 00001000 00000003 
22.06.2021 08:37:50.043  00000003 00000000 00000000 00001000 00000003 
22.06.2021 08:37:50.046  00001003 00000000 00000000 00001000 00000003 
22.06.2021 08:37:50.055  00000003 00000000 00000000 00001000 00000003 
22.06.2021 08:37:50.058  00000003 00000000 00000000 00000000 00000003 
22.06.2021 08:37:50.061  00001003 00000000 00000000 00001000 00000003 
22.06.2021 08:37:50.079  00000003 00000000 00000000 00001000 00000003 
22.06.2021 08:37:50.082  00001003 00000000 00000000 00001000 00000003 
22.06.2021 08:37:50.100  00000003 00000000 00000000 00001000 00000003 
22.06.2021 08:37:50.103  00000003 00000000 00000000 00000000 00000003 
22.06.2021 08:37:50.106  00001003 00000000 00000000 00000000 00000003 
22.06.2021 08:37:50.109  00001003 00000000 00000000 00001000 00000003 
22.06.2021 08:37:50.115  00000003 00000000 00000000 00001000 00000003 
22.06.2021 08:37:50.118  00001003 00000000 00000000 00001000 00000003 
22.06.2021 08:37:50.193  00000003 00000000 00000000 00000000 00000003 
22.06.2021 08:37:50.322  00001003 00000000 00000000 00000000 00001003 
22.06.2021 08:37:50.403  00000003 00000000 00000000 00000000 00000003 
22.06.2021 08:37:50.502  00000003 00000000 00400000 00000000 00000003 
22.06.2021 08:37:50.505  00000003 00000000 00000000 00000000 00000003 
22.06.2021 08:37:50.610  00000003 00000000 00000000 00400000 00000003 
22.06.2021 08:37:50.613  00000003 00000000 00000000 00000000 00000003 
22.06.2021 08:37:50.718  00000003 00000000 00000000 00000000 00400003 
22.06.2021 08:37:50.721  00000003 00000000 00000000 00000000 00000003 
22.06.2021 08:37:50.865  00000003 00000000 00000000 00000000 00800003 
22.06.2021 08:37:50.868  00000003 00000000 00000000 00000000 00000003 
22.06.2021 08:37:51.216  00001003 00000000 00001000 00000000 00000003 
22.06.2021 08:37:51.303  00000003 00000000 00001000 00000000 00000003 
22.06.2021 08:37:51.306  00000003 00000000 00000000 00000000 00000003 
22.06.2021 08:37:51.441  00001003 00000000 00000000 00000000 00001003 
22.06.2021 08:37:51.519  00000003 00000000 00000000 00000000 00000003 
22.06.2021 08:37:51.669  00001003 00000000 00001000 00000000 00000003 
22.06.2021 08:37:51.753  00000003 00000000 00001000 00000000 00000003 
22.06.2021 08:37:51.756  00000003 00000000 00000000 00000000 00000003 
22.06.2021 08:37:51.891  00001003 00000000 00000000 00000000 00001003 
22.06.2021 08:37:51.969  00000003 00000000 00000000 00000000 00000003 
22.06.2021 08:37:52.698  00000003 00000000 00800000 00000000 00000003 
22.06.2021 08:37:52.701  00000003 00000000 00000000 00000000 00000003 
22.06.2021 08:37:52.833  00000003 00000000 00000000 00800000 00000003 
22.06.2021 08:37:52.836  00000003 00000000 00000000 00000000 00000003 
22.06.2021 08:37:52.974  00004003 00000000 00004000 00000000 00000003 
22.06.2021 08:37:53.049  00000003 00000000 00004000 00000000 00000003 
22.06.2021 08:37:53.052  00000003 00000000 00000000 00000000 00000003 
22.06.2021 08:37:53.187  00004003 00000000 00000000 00000000 00004003 
22.06.2021 08:37:53.328  00000003 00000000 00000000 00000000 00000003 
22.06.2021 08:37:53.478  00004003 00000000 00004000 00000000 00000003 
22.06.2021 08:37:53.553  00000003 00000000 00004000 00000000 00000003 
22.06.2021 08:37:53.556  00000003 00000000 00000000 00000000 00000003 
22.06.2021 08:37:53.691  00004003 00000000 00000000 00000000 00004003 
22.06.2021 08:37:53.769  00000003 00000000 00000000 00000000 00000003 
22.06.2021 08:37:54.222  00004003 00004000 00000000 00000000 00000003 
22.06.2021 08:37:55.434  00004003 00000000 00000000 00000000 00000003 
22.06.2021 08:37:55.440  00000003 00000000 00000000 00000000 00000003 
22.06.2021 08:37:55.785  00004003 00000000 00000000 00004000 00000003 
22.06.2021 08:37:56.544  00000003 00000000 00000000 00000000 00000003 
22.06.2021 08:37:57.103  00002003 00000000 00000000 00002000 00000003 
22.06.2021 08:41:09.063  00000000 00000000 00000000 00000000 00000000 
22.06.2021 08:41:09.102  00000080 00000080 00000000 00000000 00000000 
22.06.2021 08:41:09.105  00002080 00000080 00000000 00002000 00000000 
22.06.2021 08:41:09.195  00002082 00000080 00000000 00002000 00000000 
22.06.2021 08:41:09.198  00002082 00000080 00000000 00002000 00000002 
22.06.2021 08:41:09.201  00002083 00000080 00000000 00002000 00000002 
22.06.2021 08:41:09.204  00002083 00000080 00000000 00002000 00000003 
22.06.2021 08:41:09.261  000020c3 00000080 00000000 00002040 00000003 
22.06.2021 08:41:09.285  00002083 00000080 00000000 00002000 00000003 
22.06.2021 08:41:09.294  00002083 00000000 00000000 00002000 00000003 
22.06.2021 08:41:09.300  00002003 00000000 00000000 00002000 00000003 
22.06.2021 08:41:09.369  00002000 00000000 00000000 00002000 00000000 
22.06.2021 08:41:09.372  00000000 00000000 00000000 00000000 00000000 
22.06.2021 08:41:09.522  00000001 00000000 00000000 00000000 00000001 
22.06.2021 08:41:09.609  00000000 00000000 00000000 00000000 00000000 
22.06.2021 08:41:09.744  00000002 00000000 00000000 00000000 00000002 
22.06.2021 08:41:09.825  00000000 00000000 00000000 00000000 00000000 
22.06.2021 08:41:09.921  00002000 00000000 00000000 00002000 00000000 
22.06.2021 08:41:09.954  00000000 00000000 00000000 00000000 00000000 
22.06.2021 09:01:21.703  00002002 00000000 00000000 00002000 00000002 
22.06.2021 09:01:21.706  00002003 00000000 00000000 00002000 00000003 
22.06.2021 09:01:31.099  00002083 00000080 00000000 00002000 00000003 

Servicedata V1.0 PLC:\DEBUG\S_State.service.trace created 22.06.2021 11:24:16 (local time)
hostname: hu, Software: 606421 04, built: 08.10.2014 08:59
-------------------------------------------------------------------------------------------
                    ms   global   master   device1
19.06.2021 11:49:46.166  00001003 00000000 00000000 00001000 00000003 
19.06.2021 11:49:46.175  00000003 00000000 00000000 00000000 00000003 
19.06.2021 11:49:46.178  00001003 00000000 00000000 00001000 00000003 
19.06.2021 11:49:46.196  00000003 00000000 00000000 00001000 00000003 
19.06.2021 11:49:46.199  00001003 00000000 00000000 00001000 00000003 
19.06.2021 11:49:46.208  00000003 00000000 00000000 00001000 00000003 
19.06.2021 11:49:46.211  00001003 00000000 00000000 00001000 00000003 
19.06.2021 11:49:46.220  00000003 00000000 00000000 00001000 00000003 
19.06.2021 11:49:46.223  00001003 00000000 00000000 00001000 00000003 
19.06.2021 11:49:46.232  00000003 00000000 00000000 00001000 00000003 
19.06.2021 11:49:46.235  00001003 00000000 00000000 00000000 00000003 
19.06.2021 11:49:46.238  00001003 00000000 00000000 00001000 00000003 
19.06.2021 11:49:46.244  00000003 00000000 00000000 00001000 00000003 
19.06.2021 11:49:46.247  00000003 00000000 00000000 00000000 00000003 
19.06.2021 11:49:46.250  00001003 00000000 00000000 00001000 00000003 
19.06.2021 11:49:46.268  00000003 00000000 00000000 00001000 00000003 
19.06.2021 11:49:46.271  00001003 00000000 00000000 00001000 00000003 
19.06.2021 11:49:46.289  00000003 00000000 00000000 00000000 00000003 
19.06.2021 11:49:46.292  00001003 00000000 00000000 00000000 00000003 
19.06.2021 11:49:46.295  00001003 00000000 00000000 00001000 00000003 
19.06.2021 11:49:46.352  00000003 00000000 00000000 00000000 00000003 
19.06.2021 11:49:46.487  00001003 00000000 00000000 00000000 00001003 
19.06.2021 11:49:46.574  00000003 00000000 00000000 00000000 00000003 
19.06.2021 11:49:46.673  00000003 00000000 00400000 00000000 00000003 
19.06.2021 11:49:46.676  00000003 00000000 00000000 00000000 00000003 
19.06.2021 11:49:46.781  00000003 00000000 00000000 00400000 00000003 
19.06.2021 11:49:46.784  00000003 00000000 00000000 00000000 00000003 
19.06.2021 11:49:46.877  00000003 00000000 00000000 00000000 00400003 
19.06.2021 11:49:46.880  00000003 00000000 00000000 00000000 00000003 
19.06.2021 11:49:46.994  00000003 00000000 00000000 00000000 00800003 
19.06.2021 11:49:46.997  00000003 00000000 00000000 00000000 00000003 
19.06.2021 11:49:47.351  00001003 00000000 00001000 00000000 00000003 
19.06.2021 11:49:47.438  00000003 00000000 00001000 00000000 00000003 
19.06.2021 11:49:47.441  00000003 00000000 00000000 00000000 00000003 
19.06.2021 11:49:47.576  00001003 00000000 00000000 00000000 00001003 
19.06.2021 11:49:47.654  00000003 00000000 00000000 00000000 00000003 
19.06.2021 11:49:47.807  00001003 00000000 00001000 00000000 00000003 
19.06.2021 11:49:47.888  00000003 00000000 00001000 00000000 00000003 
19.06.2021 11:49:47.891  00000003 00000000 00000000 00000000 00000003 
19.06.2021 11:49:48.026  00001003 00000000 00000000 00000000 00001003 
19.06.2021 11:49:48.104  00000003 00000000 00000000 00000000 00000003 
19.06.2021 11:49:48.947  00000003 00000000 00800000 00000000 00000003 
19.06.2021 11:49:48.950  00000003 00000000 00000000 00000000 00000003 
19.06.2021 11:49:49.082  00000003 00000000 00000000 00800000 00000003 
19.06.2021 11:49:49.085  00000003 00000000 00000000 00000000 00000003 
19.06.2021 11:49:49.223  00004003 00000000 00004000 00000000 00000003 
19.06.2021 11:49:49.313  00000003 00000000 00000000 00000000 00000003 
19.06.2021 11:49:49.448  00004003 00000000 00000000 00000000 00004003 
19.06.2021 11:49:49.526  00000003 00000000 00000000 00000000 00000003 
19.06.2021 11:49:49.673  00004003 00000000 00004000 00000000 00000003 
19.06.2021 11:49:49.757  00000003 00000000 00004000 00000000 00000003 
19.06.2021 11:49:49.760  00000003 00000000 00000000 00000000 00000003 
19.06.2021 11:49:49.898  00004003 00000000 00000000 00000000 00004003 
19.06.2021 11:49:49.976  00000003 00000000 00000000 00000000 00000003 
19.06.2021 11:49:50.330  00004003 00004000 00000000 00000000 00000003 
19.06.2021 11:49:51.542  00004003 00000000 00000000 00000000 00000003 
19.06.2021 11:49:51.548  00000003 00000000 00000000 00000000 00000003 
19.06.2021 11:49:51.971  00004003 00000000 00000000 00000000 00000003 
19.06.2021 11:49:51.974  00004003 00000000 00000000 00004000 00000003 
19.06.2021 11:49:52.613  00000003 00000000 00000000 00000000 00000003 
19.06.2021 11:49:53.165  00002003 00000000 00000000 00002000 00000003 
19.06.2021 11:50:10.343  00000000 00000000 00000000 00000000 00000000 
19.06.2021 11:50:10.364  00000080 00000080 00000000 00000000 00000000 
19.06.2021 11:50:10.367  00002080 00000080 00000000 00002000 00000000 
19.06.2021 11:50:10.460  00002082 00000080 00000000 00002000 00000002 
19.06.2021 11:50:10.466  00002083 00000080 00000000 00002000 00000002 
19.06.2021 11:50:10.469  00002083 00000080 00000000 00002000 00000003 
19.06.2021 11:50:10.523  000020c3 00000080 00000000 00002040 00000003 
19.06.2021 11:50:10.547  00002083 00000080 00000000 00002000 00000003 
19.06.2021 11:50:10.553  00002083 00000000 00000000 00002000 00000003 
19.06.2021 11:50:10.559  00002003 00000000 00000000 00002000 00000003 
19.06.2021 11:50:10.613  00002000 00000000 00000000 00002000 00000003 
19.06.2021 11:50:10.616  00000000 00000000 00000000 00000000 00000000 
19.06.2021 11:50:10.766  00000001 00000000 00000000 00000000 00000001 
19.06.2021 11:50:10.853  00000000 00000000 00000000 00000000 00000000 
19.06.2021 11:50:10.988  00000002 00000000 00000000 00000000 00000002 
19.06.2021 11:50:11.069  00000000 00000000 00000000 00000000 00000000 
19.06.2021 11:50:11.177  00002000 00000000 00000000 00002000 00000000 
19.06.2021 11:50:11.210  00000000 00000000 00000000 00000000 00000000 
19.06.2021 15:45:16.617  00002002 00000000 00000000 00002000 00000002 
19.06.2021 15:45:16.620  00002003 00000000 00000000 00002000 00000002 
19.06.2021 15:45:16.623  00002003 00000000 00000000 00002000 00000003 
19.06.2021 15:45:30.465  00000000 00000000 00000000 00000000 00000000 
19.06.2021 16:35:18.461  00000002 00000000 00000000 00000000 00000000 
19.06.2021 16:35:18.464  00002002 00000000 00000000 00002000 00000002 
19.06.2021 16:35:18.467  00002003 00000000 00000000 00002000 00000003 
19.06.2021 16:35:38.816  00002803 00000000 00000000 00002000 00000003 
19.06.2021 16:35:38.819  00002803 00000000 00000000 00002800 00000003 
19.06.2021 17:39:54.679  00002883 00000080 00000000 00002800 00000003 
19.06.2021 17:39:54.697  00002083 00000080 00000000 00002000 00000003 
22.06.2021 08:37:29.463  000003b3 000000b0 00000200 00000000 00010103 
22.06.2021 08:37:29.622  000001b3 000000b0 00000000 00000000 00010103 
22.06.2021 08:37:29.634  000000b3 000000b0 00000000 00000000 00000003 
22.06.2021 08:37:43.017  000000b3 00000000 00000000 00000000 00000003 
22.06.2021 08:37:43.023  00000003 00000000 00000000 00000000 00000003 
22.06.2021 08:37:43.401  80000003 80000000 00000000 00000000 00000003 
22.06.2021 08:37:43.407  00000003 00000000 00000000 00000000 00000003 
22.06.2021 08:37:43.497  00000033 00000030 00000000 00000000 00000003 
22.06.2021 08:37:43.566  00000033 00000000 00000000 00000000 00000003 
22.06.2021 08:37:43.572  00000003 00000000 00000000 00000000 00000003 
22.06.2021 08:37:46.698  00000033 00000030 00000000 00000000 00000003 
22.06.2021 08:37:46.770  00000033 00000000 00000000 00000000 00000003 
22.06.2021 08:37:46.776  00000003 00000000 00000000 00000000 00000003 
22.06.2021 08:37:46.908  00000043 00000000 00000000 00000040 00000003 
22.06.2021 08:37:46.920  000000c3 00000080 00000000 00000040 00000003 
22.06.2021 08:37:46.923  000020c3 00000080 00000000 00002040 00000003 
22.06.2021 08:37:47.001  00002083 00000080 00000000 00002000 00000003 
22.06.2021 08:37:47.004  00002083 00000000 00000000 00002000 00000003 
22.06.2021 08:37:47.010  00002003 00000000 00000000 00002000 00000003 
22.06.2021 08:37:47.013  00000003 00000000 00000000 00000000 00000003 
22.06.2021 08:37:47.127  00000083 00000080 00000000 00000000 00000003 
22.06.2021 08:37:47.202  00000083 00000000 00000000 00000000 00000003 
22.06.2021 08:37:47.208  00000003 00000000 00000000 00000000 00000003 
22.06.2021 08:37:47.346  00000083 00000080 00000000 00000000 00000003 
22.06.2021 08:37:47.418  00000083 00000000 00000000 00000000 00000003 
22.06.2021 08:37:47.424  00000003 00000000 00000000 00000000 00000003 
22.06.2021 08:37:47.565  00000103 00000000 00000000 00000000 00000003 
22.06.2021 08:37:47.568  00000103 00000000 00000000 00000000 00010103 
22.06.2021 08:37:47.652  00000003 00000000 00000000 00000000 00000003 
22.06.2021 08:37:47.817  00000103 00000000 00000000 00000000 00010103 
22.06.2021 08:37:47.904  00000003 00000000 00000000 00000000 00000003 
22.06.2021 08:37:48.048  00000203 00000000 00000200 00000000 00000003 
22.06.2021 08:37:48.138  00000003 00000000 00000000 00000000 00000003 
22.06.2021 08:37:48.423  00000203 00000000 00000000 00000000 00000003 
22.06.2021 08:37:48.426  00000203 00000000 00000200 00000000 00000003 
22.06.2021 08:37:48.516  00000003 00000000 00000000 00000000 00000003 
22.06.2021 08:37:48.636  00001003 00001000 00000000 00000000 00000003 
22.06.2021 08:37:48.645  00001003 00000000 00000000 00000000 00000003 
22.06.2021 08:37:48.648  00000003 00000000 00000000 00000000 00000003 
22.06.2021 08:37:48.672  00001003 00001000 00000000 00000000 00000003 
22.06.2021 08:37:48.681  00001003 00000000 00000000 00000000 00000003 
22.06.2021 08:37:48.684  00000003 00000000 00000000 00000000 00000003 
22.06.2021 08:37:48.702  00001003 00001000 00000000 00000000 00000003 
22.06.2021 08:37:48.717  00001003 00000000 00000000 00000000 00000003 
22.06.2021 08:37:48.720  00000003 00000000 00000000 00000000 00000003 
22.06.2021 08:37:48.732  00001003 00001000 00000000 00000000 00000003 
22.06.2021 08:37:48.753  00001003 00000000 00000000 00000000 00000003 
22.06.2021 08:37:48.756  00000003 00000000 00000000 00000000 00000003 
22.06.2021 08:37:48.771  00001003 00001000 00000000 00000000 00000003 
22.06.2021 08:37:48.789  00001003 00000000 00000000 00000000 00000003 
22.06.2021 08:37:48.792  00000003 00000000 00000000 00000000 00000003 
22.06.2021 08:37:48.807  00001003 00001000 00000000 00000000 00000003 
22.06.2021 08:37:48.825  00001003 00000000 00000000 00000000 00000003 
22.06.2021 08:37:48.828  00000003 00000000 00000000 00000000 00000003 
22.06.2021 08:37:48.840  00001003 00001000 00000000 00000000 00000003 
22.06.2021 08:37:48.861  00001003 00000000 00000000 00000000 00000003 
22.06.2021 08:37:48.864  00000003 00000000 00000000 00000000 00000003 
22.06.2021 08:37:48.876  00001003 00001000 00000000 00000000 00000003 
22.06.2021 08:37:48.897  00001003 00000000 00000000 00000000 00000003 
22.06.2021 08:37:48.900  00000003 00000000 00000000 00000000 00000003 
22.06.2021 08:37:48.915  00001003 00001000 00000000 00000000 00000003 
22.06.2021 08:37:48.933  00001003 00000000 00000000 00000000 00000003 
22.06.2021 08:37:48.936  00000003 00000000 00000000 00000000 00000003 
22.06.2021 08:37:48.951  00001003 00001000 00000000 00000000 00000003 
22.06.2021 08:37:48.969  00001003 00000000 00000000 00000000 00000003 
22.06.2021 08:37:48.972  00000003 00000000 00000000 00000000 00000003 
22.06.2021 08:37:48.984  00001003 00001000 00000000 00000000 00000003 
22.06.2021 08:37:49.005  00001003 00000000 00000000 00000000 00000003 
22.06.2021 08:37:49.008  00000003 00000000 00000000 00000000 00000003 
22.06.2021 08:37:49.020  00001003 00001000 00000000 00000000 00000003 
22.06.2021 08:37:49.041  00001003 00000000 00000000 00000000 00000003 
22.06.2021 08:37:49.044  00000003 00000000 00000000 00000000 00000003 
22.06.2021 08:37:49.062  00001003 00001000 00000000 00000000 00000003 
22.06.2021 08:37:49.077  00001003 00000000 00000000 00000000 00000003 
22.06.2021 08:37:49.080  00000003 00000000 00000000 00000000 00000003 
22.06.2021 08:37:49.095  00001003 00001000 00000000 00000000 00000003 
22.06.2021 08:37:49.113  00001003 00000000 00000000 00000000 00000003 
22.06.2021 08:37:49.116  00000003 00000000 00000000 00000000 00000003 
22.06.2021 08:37:49.131  00001003 00001000 00000000 00000000 00000003 
22.06.2021 08:37:49.149  00001003 00000000 00000000 00000000 00000003 
22.06.2021 08:37:49.152  00000003 00000000 00000000 00000000 00000003 
22.06.2021 08:37:49.167  00001003 00001000 00000000 00000000 00000003 
22.06.2021 08:37:49.185  00001003 00000000 00000000 00000000 00000003 
22.06.2021 08:37:49.188  00000003 00000000 00000000 00000000 00000003 
22.06.2021 08:37:49.203  00001003 00001000 00000000 00000000 00000003 
22.06.2021 08:37:49.221  00001003 00000000 00000000 00000000 00000003 
22.06.2021 08:37:49.224  00000003 00000000 00000000 00000000 00000003 
22.06.2021 08:37:49.236  00001003 00001000 00000000 00000000 00000003 
22.06.2021 08:37:49.257  00001003 00000000 00000000 00000000 00000003 
22.06.2021 08:37:49.260  00000003 00000000 00000000 00000000 00000003 
22.06.2021 08:37:49.272  00001003 00001000 00000000 00000000 00000003 
22.06.2021 08:37:49.293  00001003 00000000 00000000 00000000 00000003 
22.06.2021 08:37:49.296  00000003 00000000 00000000 00000000 00000003 
22.06.2021 08:37:49.311  00001003 00001000 00000000 00000000 00000003 
22.06.2021 08:37:49.329  00001003 00000000 00000000 00000000 00000003 
22.06.2021 08:37:49.332  00000003 00000000 00000000 00000000 00000003 
22.06.2021 08:37:49.344  00001003 00001000 00000000 00000000 00000003 
22.06.2021 08:37:49.365  00001003 00000000 00000000 00000000 00000003 
22.06.2021 08:37:49.368  00000003 00000000 00000000 00000000 00000003 
22.06.2021 08:37:49.383  00001003 00001000 00000000 00000000 00000003 
22.06.2021 08:37:49.401  00001003 00000000 00000000 00000000 00000003 
22.06.2021 08:37:49.404  00000003 00000000 00000000 00000000 00000003 
22.06.2021 08:37:49.416  00000003 00001000 00000000 00000000 00000003 
22.06.2021 08:37:49.419  00001003 00001000 00000000 00000000 00000003 
22.06.2021 08:37:49.437  00001003 00000000 00000000 00000000 00000003 
22.06.2021 08:37:49.440  00000003 00000000 00000000 00000000 00000003 
22.06.2021 08:37:49.452  00001003 00001000 00000000 00000000 00000003 
22.06.2021 08:37:49.473  00001003 00000000 00000000 00000000 00000003 
22.06.2021 08:37:49.476  00000003 00000000 00000000 00000000 00000003 
22.06.2021 08:37:49.488  00001003 00001000 00000000 00000000 00000003 
22.06.2021 08:37:49.509  00001003 00000000 00000000 00000000 00000003 
22.06.2021 08:37:49.512  00000003 00000000 00000000 00000000 00000003 
22.06.2021 08:37:49.524  00001003 00001000 00000000 00000000 00000003 
22.06.2021 08:37:49.545  00001003 00000000 00000000 00000000 00000003 
22.06.2021 08:37:49.548  00000003 00000000 00000000 00000000 00000003 
22.06.2021 08:37:49.677  00001003 00000000 00000000 00000000 00000003 
22.06.2021 08:37:49.680  00001003 00000000 00001000 00000000 00000003 
22.06.2021 08:37:49.758  00000003 00000000 00000000 00000000 00000003 
22.06.2021 08:37:49.917  00001003 00000000 00000000 00001000 00000003 
22.06.2021 08:37:49.926  00000003 00000000 00000000 00000000 00000003 
22.06.2021 08:37:49.929  00001003 00000000 00000000 00001000 00000003 
22.06.2021 08:37:49.938  00000003 00000000 00000000 00000000 00000003 
22.06.2021 08:37:49.941  00001003 00000000 00000000 00001000 00000003 
22.06.2021 08:37:49.950  00000003 00000000 00000000 00000000 00000003 
22.06.2021 08:37:49.953  00001003 00000000 00000000 00001000 00000003 
22.06.2021 08:37:49.962  00000003 00000000 00000000 00000000 00000003 
22.06.2021 08:37:49.965  00001003 00000000 00000000 00001000 00000003 
22.06.2021 08:37:49.974  00000003 00000000 00000000 00000000 00000003 
22.06.2021 08:37:49.977  00001003 00000000 00000000 00001000 00000003 
22.06.2021 08:37:49.986  00000003 00000000 00000000 00000000 00000003 
22.06.2021 08:37:49.989  00001003 00000000 00000000 00001000 00000003 
22.06.2021 08:37:50.007  00000003 00000000 00000000 00001000 00000003 
22.06.2021 08:37:50.010  00001003 00000000 00000000 00001000 00000003 
22.06.2021 08:37:50.019  00000003 00000000 00000000 00001000 00000003 
22.06.2021 08:37:50.022  00001003 00000000 00000000 00001000 00000003 
22.06.2021 08:37:50.031  00000003 00000000 00000000 00001000 00000003 
22.06.2021 08:37:50.034  00001003 00000000 00000000 00001000 00000003 
22.06.2021 08:37:50.043  00000003 00000000 00000000 00001000 00000003 
22.06.2021 08:37:50.046  00001003 00000000 00000000 00001000 00000003 
22.06.2021 08:37:50.055  00000003 00000000 00000000 00001000 00000003 
22.06.2021 08:37:50.058  00000003 00000000 00000000 00000000 00000003 
22.06.2021 08:37:50.061  00001003 00000000 00000000 00001000 00000003 
22.06.2021 08:37:50.079  00000003 00000000 00000000 00001000 00000003 
22.06.2021 08:37:50.082  00001003 00000000 00000000 00001000 00000003 
22.06.2021 08:37:50.100  00000003 00000000 00000000 00001000 00000003 
22.06.2021 08:37:50.103  00000003 00000000 00000000 00000000 00000003 
22.06.2021 08:37:50.106  00001003 00000000 00000000 00000000 00000003 
22.06.2021 08:37:50.109  00001003 00000000 00000000 00001000 00000003 
22.06.2021 08:37:50.115  00000003 00000000 00000000 00001000 00000003 
22.06.2021 08:37:50.118  00001003 00000000 00000000 00001000 00000003 
22.06.2021 08:37:50.193  00000003 00000000 00000000 00000000 00000003 
22.06.2021 08:37:50.322  00001003 00000000 00000000 00000000 00001003 
22.06.2021 08:37:50.403  00000003 00000000 00000000 00000000 00000003 
22.06.2021 08:37:50.502  00000003 00000000 00400000 00000000 00000003 
22.06.2021 08:37:50.505  00000003 00000000 00000000 00000000 00000003 
22.06.2021 08:37:50.610  00000003 00000000 00000000 00400000 00000003 
22.06.2021 08:37:50.613  00000003 00000000 00000000 00000000 00000003 
22.06.2021 08:37:50.718  00000003 00000000 00000000 00000000 00400003 
22.06.2021 08:37:50.721  00000003 00000000 00000000 00000000 00000003 
22.06.2021 08:37:50.865  00000003 00000000 00000000 00000000 00800003 
22.06.2021 08:37:50.868  00000003 00000000 00000000 00000000 00000003 
22.06.2021 08:37:51.216  00001003 00000000 00001000 00000000 00000003 
22.06.2021 08:37:51.303  00000003 00000000 00001000 00000000 00000003 
22.06.2021 08:37:51.306  00000003 00000000 00000000 00000000 00000003 
22.06.2021 08:37:51.441  00001003 00000000 00000000 00000000 00001003 
22.06.2021 08:37:51.519  00000003 00000000 00000000 00000000 00000003 
22.06.2021 08:37:51.669  00001003 00000000 00001000 00000000 00000003 
22.06.2021 08:37:51.753  00000003 00000000 00001000 00000000 00000003 
22.06.2021 08:37:51.756  00000003 00000000 00000000 00000000 00000003 
22.06.2021 08:37:51.891  00001003 00000000 00000000 00000000 00001003 
22.06.2021 08:37:51.969  00000003 00000000 00000000 00000000 00000003 
22.06.2021 08:37:52.698  00000003 00000000 00800000 00000000 00000003 
22.06.2021 08:37:52.701  00000003 00000000 00000000 00000000 00000003 
22.06.2021 08:37:52.833  00000003 00000000 00000000 00800000 00000003 
22.06.2021 08:37:52.836  00000003 00000000 00000000 00000000 00000003 
22.06.2021 08:37:52.974  00004003 00000000 00004000 00000000 00000003 
22.06.2021 08:37:53.049  00000003 00000000 00004000 00000000 00000003 
22.06.2021 08:37:53.052  00000003 00000000 00000000 00000000 00000003 
22.06.2021 08:37:53.187  00004003 00000000 00000000 00000000 00004003 
22.06.2021 08:37:53.328  00000003 00000000 00000000 00000000 00000003 
22.06.2021 08:37:53.478  00004003 00000000 00004000 00000000 00000003 
22.06.2021 08:37:53.553  00000003 00000000 00004000 00000000 00000003 
22.06.2021 08:37:53.556  00000003 00000000 00000000 00000000 00000003 
22.06.2021 08:37:53.691  00004003 00000000 00000000 00000000 00004003 
22.06.2021 08:37:53.769  00000003 00000000 00000000 00000000 00000003 
22.06.2021 08:37:54.222  00004003 00004000 00000000 00000000 00000003 
22.06.2021 08:37:55.434  00004003 00000000 00000000 00000000 00000003 
22.06.2021 08:37:55.440  00000003 00000000 00000000 00000000 00000003 
22.06.2021 08:37:55.785  00004003 00000000 00000000 00004000 00000003 
22.06.2021 08:37:56.544  00000003 00000000 00000000 00000000 00000003 
22.06.2021 08:37:57.103  00002003 00000000 00000000 00002000 00000003 
22.06.2021 08:41:09.063  00000000 00000000 00000000 00000000 00000000 
22.06.2021 08:41:09.102  00000080 00000080 00000000 00000000 00000000 
22.06.2021 08:41:09.105  00002080 00000080 00000000 00002000 00000000 
22.06.2021 08:41:09.195  00002082 00000080 00000000 00002000 00000000 
22.06.2021 08:41:09.198  00002082 00000080 00000000 00002000 00000002 
22.06.2021 08:41:09.201  00002083 00000080 00000000 00002000 00000002 
22.06.2021 08:41:09.204  00002083 00000080 00000000 00002000 00000003 
22.06.2021 08:41:09.261  000020c3 00000080 00000000 00002040 00000003 
22.06.2021 08:41:09.285  00002083 00000080 00000000 00002000 00000003 
22.06.2021 08:41:09.294  00002083 00000000 00000000 00002000 00000003 
22.06.2021 08:41:09.300  00002003 00000000 00000000 00002000 00000003 
22.06.2021 08:41:09.369  00002000 00000000 00000000 00002000 00000000 
22.06.2021 08:41:09.372  00000000 00000000 00000000 00000000 00000000 
22.06.2021 08:41:09.522  00000001 00000000 00000000 00000000 00000001 
22.06.2021 08:41:09.609  00000000 00000000 00000000 00000000 00000000 
22.06.2021 08:41:09.744  00000002 00000000 00000000 00000000 00000002 
22.06.2021 08:41:09.825  00000000 00000000 00000000 00000000 00000000 
22.06.2021 08:41:09.921  00002000 00000000 00000000 00002000 00000000 
22.06.2021 08:41:09.954  00000000 00000000 00000000 00000000 00000000 
22.06.2021 09:01:21.703  00002002 00000000 00000000 00002000 00000002 
22.06.2021 09:01:21.706  00002003 00000000 00000000 00002000 00000003 
22.06.2021 09:01:31.099  00002083 00000080 00000000 00002000 00000003 
22.06.2021 11:22:27.046  000003b3 000000b0 00000200 00000000 00010103 
22.06.2021 11:22:27.205  000001b3 000000b0 00000000 00000000 00010103 
22.06.2021 11:22:27.214  000000b3 000000b0 00000000 00000000 00000003 
22.06.2021 11:22:52.237  000000b3 00000000 00000000 00000000 00000003 
22.06.2021 11:22:52.243  00000003 00000000 00000000 00000000 00000003 
22.06.2021 11:22:52.606  80000003 80000000 00000000 00000000 00000003 
22.06.2021 11:22:52.612  00000003 00000000 00000000 00000000 00000003 
22.06.2021 11:22:52.702  00000033 00000030 00000000 00000000 00000003 
22.06.2021 11:22:52.768  00000033 00000000 00000000 00000000 00000003 
22.06.2021 11:22:52.774  00000003 00000000 00000000 00000000 00000003 
22.06.2021 11:22:55.903  00000033 00000030 00000000 00000000 00000003 
22.06.2021 11:22:55.972  00000033 00000000 00000000 00000000 00000003 
22.06.2021 11:22:55.978  00000003 00000000 00000000 00000000 00000003 
22.06.2021 11:22:56.110  00000043 00000000 00000000 00000040 00000003 
22.06.2021 11:22:56.122  000000c3 00000080 00000000 00000040 00000003 
22.06.2021 11:22:56.125  000020c3 00000080 00000000 00002040 00000003 
22.06.2021 11:22:56.203  00002083 00000080 00000000 00002000 00000003 
22.06.2021 11:22:56.206  00002083 00000000 00000000 00002000 00000003 
22.06.2021 11:22:56.212  00002003 00000000 00000000 00002000 00000003 
22.06.2021 11:22:56.215  00000003 00000000 00000000 00000000 00000003 
22.06.2021 11:22:56.335  00000083 00000080 00000000 00000000 00000003 
22.06.2021 11:22:56.404  00000083 00000000 00000000 00000000 00000003 
22.06.2021 11:22:56.410  00000003 00000000 00000000 00000000 00000003 
22.06.2021 11:22:56.599  00000083 00000080 00000000 00000000 00000003 
22.06.2021 11:22:56.767  00000083 00000000 00000000 00000000 00000003 
22.06.2021 11:22:56.773  00000003 00000000 00000000 00000000 00000003 
22.06.2021 11:22:56.914  00000103 00000000 00000000 00000000 00000003 
22.06.2021 11:22:56.917  00000103 00000000 00000000 00000000 00010103 
22.06.2021 11:22:56.998  00000003 00000000 00000000 00000000 00000003 
22.06.2021 11:22:57.163  00000103 00000000 00000000 00000000 00010103 
22.06.2021 11:22:57.250  00000003 00000000 00000000 00000000 00000003 
22.06.2021 11:22:57.394  00000203 00000000 00000000 00000000 00000003 
22.06.2021 11:22:57.397  00000203 00000000 00000200 00000000 00000003 
22.06.2021 11:22:57.488  00000003 00000000 00000000 00000000 00000003 
22.06.2021 11:22:57.628  00000203 00000000 00000000 00000000 00000003 
22.06.2021 11:22:57.631  00000203 00000000 00000200 00000000 00000003 
22.06.2021 11:22:57.718  00000003 00000000 00000000 00000000 00000003 
22.06.2021 11:22:57.841  00001003 00001000 00000000 00000000 00000003 
22.06.2021 11:22:57.850  00001003 00000000 00000000 00000000 00000003 
22.06.2021 11:22:57.854  00000003 00000000 00000000 00000000 00000003 
22.06.2021 11:22:57.877  00001003 00001000 00000000 00000000 00000003 
22.06.2021 11:22:57.886  00001003 00000000 00000000 00000000 00000003 
22.06.2021 11:22:57.889  00000003 00000000 00000000 00000000 00000003 
22.06.2021 11:22:57.910  00001003 00001000 00000000 00000000 00000003 
22.06.2021 11:22:57.922  00001003 00000000 00000000 00000000 00000003 
22.06.2021 11:22:57.925  00000003 00000000 00000000 00000000 00000003 
22.06.2021 11:22:57.937  00001003 00001000 00000000 00000000 00000003 
22.06.2021 11:22:57.958  00001003 00000000 00000000 00000000 00000003 
22.06.2021 11:22:57.961  00000003 00000000 00000000 00000000 00000003 
22.06.2021 11:22:57.976  00001003 00001000 00000000 00000000 00000003 
22.06.2021 11:22:57.994  00001003 00000000 00000000 00000000 00000003 
22.06.2021 11:22:57.997  00000003 00000000 00000000 00000000 00000003 
22.06.2021 11:22:58.012  00001003 00001000 00000000 00000000 00000003 
22.06.2021 11:22:58.030  00001003 00000000 00000000 00000000 00000003 
22.06.2021 11:22:58.033  00000003 00000000 00000000 00000000 00000003 
22.06.2021 11:22:58.045  00001003 00001000 00000000 00000000 00000003 
22.06.2021 11:22:58.066  00001003 00000000 00000000 00000000 00000003 
22.06.2021 11:22:58.069  00000003 00000000 00000000 00000000 00000003 
22.06.2021 11:22:58.081  00001003 00001000 00000000 00000000 00000003 
22.06.2021 11:22:58.102  00001003 00000000 00000000 00000000 00000003 
22.06.2021 11:22:58.105  00000003 00000000 00000000 00000000 00000003 
22.06.2021 11:22:58.117  00001003 00001000 00000000 00000000 00000003 
22.06.2021 11:22:58.138  00001003 00000000 00000000 00000000 00000003 
22.06.2021 11:22:58.141  00000003 00000000 00000000 00000000 00000003 
22.06.2021 11:22:58.156  00001003 00001000 00000000 00000000 00000003 
22.06.2021 11:22:58.174  00001003 00000000 00000000 00000000 00000003 
22.06.2021 11:22:58.177  00000003 00000000 00000000 00000000 00000003 
22.06.2021 11:22:58.189  00001003 00001000 00000000 00000000 00000003 
22.06.2021 11:22:58.210  00001003 00000000 00000000 00000000 00000003 
22.06.2021 11:22:58.213  00000003 00000000 00000000 00000000 00000003 
22.06.2021 11:22:58.225  00001003 00001000 00000000 00000000 00000003 
22.06.2021 11:22:58.246  00001003 00000000 00000000 00000000 00000003 
22.06.2021 11:22:58.249  00000003 00000000 00000000 00000000 00000003 
22.06.2021 11:22:58.264  00001003 00001000 00000000 00000000 00000003 
22.06.2021 11:22:58.282  00001003 00000000 00000000 00000000 00000003 
22.06.2021 11:22:58.285  00000003 00000000 00000000 00000000 00000003 
22.06.2021 11:22:58.300  00001003 00001000 00000000 00000000 00000003 
22.06.2021 11:22:58.318  00001003 00000000 00000000 00000000 00000003 
22.06.2021 11:22:58.321  00000003 00000000 00000000 00000000 00000003 
22.06.2021 11:22:58.333  00001003 00001000 00000000 00000000 00000003 
22.06.2021 11:22:58.354  00001003 00000000 00000000 00000000 00000003 
22.06.2021 11:22:58.357  00000003 00000000 00000000 00000000 00000003 
22.06.2021 11:22:58.372  00001003 00001000 00000000 00000000 00000003 
22.06.2021 11:22:58.390  00001003 00000000 00000000 00000000 00000003 
22.06.2021 11:22:58.393  00000003 00000000 00000000 00000000 00000003 
22.06.2021 11:22:58.408  00001003 00001000 00000000 00000000 00000003 
22.06.2021 11:22:58.426  00001003 00000000 00000000 00000000 00000003 
22.06.2021 11:22:58.429  00000003 00000000 00000000 00000000 00000003 
22.06.2021 11:22:58.441  00001003 00001000 00000000 00000000 00000003 
22.06.2021 11:22:58.462  00001003 00000000 00000000 00000000 00000003 
22.06.2021 11:22:58.465  00000003 00000000 00000000 00000000 00000003 
22.06.2021 11:22:58.477  00001003 00001000 00000000 00000000 00000003 
22.06.2021 11:22:58.498  00001003 00000000 00000000 00000000 00000003 
22.06.2021 11:22:58.501  00000003 00000000 00000000 00000000 00000003 
22.06.2021 11:22:58.516  00001003 00001000 00000000 00000000 00000003 
22.06.2021 11:22:58.534  00001003 00000000 00000000 00000000 00000003 
22.06.2021 11:22:58.537  00000003 00000000 00000000 00000000 00000003 
22.06.2021 11:22:58.549  00001003 00001000 00000000 00000000 00000003 
22.06.2021 11:22:58.570  00001003 00000000 00000000 00000000 00000003 
22.06.2021 11:22:58.573  00000003 00000000 00000000 00000000 00000003 
22.06.2021 11:22:58.588  00001003 00001000 00000000 00000000 00000003 
22.06.2021 11:22:58.606  00001003 00000000 00000000 00000000 00000003 
22.06.2021 11:22:58.609  00000003 00000000 00000000 00000000 00000003 
22.06.2021 11:22:58.621  00001003 00001000 00000000 00000000 00000003 
22.06.2021 11:22:58.642  00001003 00000000 00000000 00000000 00000003 
22.06.2021 11:22:58.645  00000003 00000000 00000000 00000000 00000003 
22.06.2021 11:22:58.660  00001003 00001000 00000000 00000000 00000003 
22.06.2021 11:22:58.678  00001003 00000000 00000000 00000000 00000003 
22.06.2021 11:22:58.681  00000003 00000000 00000000 00000000 00000003 
22.06.2021 11:22:58.693  00001003 00001000 00000000 00000000 00000003 
22.06.2021 11:22:58.714  00001003 00000000 00000000 00000000 00000003 
22.06.2021 11:22:58.717  00000003 00000000 00000000 00000000 00000003 
22.06.2021 11:22:58.729  00001003 00001000 00000000 00000000 00000003 
22.06.2021 11:22:58.750  00001003 00000000 00000000 00000000 00000003 
22.06.2021 11:22:58.754  00000003 00000000 00000000 00000000 00000003 
22.06.2021 11:22:58.879  00001003 00000000 00000000 00000000 00000003 
22.06.2021 11:22:58.883  00001003 00000000 00001000 00000000 00000003 
22.06.2021 11:22:58.960  00000003 00000000 00000000 00000000 00000003 
22.06.2021 11:22:59.119  00001003 00000000 00000000 00001000 00000003 
22.06.2021 11:22:59.128  00000003 00000000 00000000 00000000 00000003 
22.06.2021 11:22:59.131  00001003 00000000 00000000 00001000 00000003 
22.06.2021 11:22:59.140  00000003 00000000 00000000 00000000 00000003 
22.06.2021 11:22:59.144  00001003 00000000 00000000 00001000 00000003 
22.06.2021 11:22:59.152  00000003 00000000 00000000 00000000 00000003 
22.06.2021 11:22:59.155  00001003 00000000 00000000 00001000 00000003 
22.06.2021 11:22:59.164  00000003 00000000 00000000 00001000 00000003 
22.06.2021 11:22:59.167  00001003 00000000 00000000 00001000 00000003 
22.06.2021 11:22:59.176  00000003 00000000 00000000 00001000 00000003 
22.06.2021 11:22:59.179  00001003 00000000 00000000 00001000 00000003 
22.06.2021 11:22:59.188  00000003 00000000 00000000 00001000 00000003 
22.06.2021 11:22:59.191  00001003 00000000 00000000 00001000 00000003 
22.06.2021 11:22:59.213  00001003 00000000 00000000 00000000 00000003 
22.06.2021 11:22:59.215  00001003 00000000 00000000 00001000 00000003 
22.06.2021 11:22:59.224  00000003 00000000 00000000 00000000 00000003 
22.06.2021 11:22:59.227  00001003 00000000 00000000 00001000 00000003 
22.06.2021 11:22:59.236  00000003 00000000 00000000 00000000 00000003 
22.06.2021 11:22:59.239  00001003 00000000 00000000 00001000 00000003 
22.06.2021 11:22:59.248  00000003 00000000 00000000 00000000 00000003 
22.06.2021 11:22:59.251  00001003 00000000 00000000 00001000 00000003 
22.06.2021 11:22:59.260  00000003 00000000 00000000 00000000 00000003 
22.06.2021 11:22:59.263  00001003 00000000 00000000 00000000 00000003 
22.06.2021 11:22:59.267  00001003 00000000 00000000 00001000 00000003 
22.06.2021 11:22:59.302  00000003 00000000 00000000 00001000 00000003 
22.06.2021 11:22:59.306  00000003 00000000 00000000 00000000 00000003 
22.06.2021 11:22:59.308  00001003 00000000 00000000 00000000 00000003 
22.06.2021 11:22:59.311  00001003 00000000 00000000 00001000 00000003 
22.06.2021 11:22:59.317  00000003 00000000 00000000 00001000 00000003 
22.06.2021 11:22:59.320  00001003 00000000 00000000 00001000 00000003 
22.06.2021 11:22:59.395  00000003 00000000 00000000 00000000 00000003 
22.06.2021 11:22:59.525  00001003 00000000 00000000 00000000 00001003 
22.06.2021 11:22:59.606  00000003 00000000 00000000 00000000 00000003 
22.06.2021 11:22:59.707  00000003 00000000 00400000 00000000 00000003 
22.06.2021 11:22:59.710  00000003 00000000 00000000 00000000 00000003 
22.06.2021 11:22:59.816  00000003 00000000 00000000 00400000 00000003 
22.06.2021 11:22:59.818  00000003 00000000 00000000 00000000 00000003 
22.06.2021 11:22:59.920  00000003 00000000 00000000 00000000 00400003 
22.06.2021 11:22:59.923  00000003 00000000 00000000 00000000 00000003 
22.06.2021 11:23:00.068  00000003 00000000 00000000 00000000 00800003 
22.06.2021 11:23:00.070  00000003 00000000 00000000 00000000 00000003 
22.06.2021 11:23:00.419  00001003 00000000 00001000 00000000 00000003 
22.06.2021 11:23:00.506  00000003 00000000 00001000 00000000 00000003 
22.06.2021 11:23:00.509  00000003 00000000 00000000 00000000 00000003 
22.06.2021 11:23:00.646  00001003 00000000 00000000 00000000 00001003 
22.06.2021 11:23:00.722  00000003 00000000 00000000 00000000 00000003 
22.06.2021 11:23:00.875  00001003 00000000 00001000 00000000 00000003 
22.06.2021 11:23:00.956  00000003 00000000 00001000 00000000 00000003 
22.06.2021 11:23:00.959  00000003 00000000 00000000 00000000 00000003 
22.06.2021 11:23:01.097  00001003 00000000 00000000 00000000 00001003 
22.06.2021 11:23:01.172  00000003 00000000 00000000 00000000 00000003 
22.06.2021 11:23:02.051  00000003 00000000 00800000 00000000 00000003 
22.06.2021 11:23:02.054  00000003 00000000 00000000 00000000 00000003 
22.06.2021 11:23:02.186  00000003 00000000 00000000 00800000 00000003 
22.06.2021 11:23:02.189  00000003 00000000 00000000 00000000 00000003 
22.06.2021 11:23:02.327  00004003 00000000 00004000 00000000 00000003 
22.06.2021 11:23:02.414  00000003 00000000 00004000 00000000 00000003 
22.06.2021 11:23:02.417  00000003 00000000 00000000 00000000 00000003 
22.06.2021 11:23:02.555  00004003 00000000 00000000 00000000 00004003 
22.06.2021 11:23:02.630  00000003 00000000 00000000 00000000 00000003 
22.06.2021 11:23:02.780  00004003 00000000 00004000 00000000 00000003 
22.06.2021 11:23:02.864  00000003 00000000 00004000 00000000 00000003 
22.06.2021 11:23:02.867  00000003 00000000 00000000 00000000 00000003 
22.06.2021 11:23:03.005  00004003 00000000 00000000 00000000 00004003 
22.06.2021 11:23:03.080  00000003 00000000 00000000 00000000 00000003 
22.06.2021 11:23:03.581  00004003 00004000 00000000 00000000 00000003 
22.06.2021 11:23:04.793  00004003 00000000 00000000 00000000 00000003 
22.06.2021 11:23:04.799  00000003 00000000 00000000 00000000 00000003 
22.06.2021 11:23:04.988  00004003 00000000 00000000 00000000 00000003 
22.06.2021 11:23:04.991  00004003 00000000 00000000 00004000 00000003 
22.06.2021 11:23:05.717  00000003 00000000 00000000 00000000 00000003 
22.06.2021 11:23:06.272  00002003 00000000 00000000 00002000 00000003 
22.06.2021 11:23:48.902  00000000 00000000 00000000 00000000 00000000 
22.06.2021 11:23:48.929  00000080 00000080 00000000 00000000 00000000 
22.06.2021 11:23:48.932  00002080 00000080 00000000 00002000 00000000 
22.06.2021 11:23:49.025  00002082 00000080 00000000 00002000 00000002 
22.06.2021 11:23:49.031  00002083 00000080 00000000 00002000 00000003 
22.06.2021 11:23:49.070  000020c3 00000080 00000000 00002040 00000003 
22.06.2021 11:23:49.094  00002083 00000080 00000000 00002000 00000003 
22.06.2021 11:23:49.100  00002083 00000000 00000000 00002000 00000003 
22.06.2021 11:23:49.106  00002003 00000000 00000000 00002000 00000003 
22.06.2021 11:23:49.172  00002000 00000000 00000000 00002000 00000000 
22.06.2021 11:23:49.175  00000000 00000000 00000000 00000000 00000000 
22.06.2021 11:23:49.319  00000001 00000000 00000000 00000000 00000001 
22.06.2021 11:23:49.397  00000000 00000000 00000000 00000000 00000000 
22.06.2021 11:23:49.529  00000002 00000000 00000000 00000000 00000002 
22.06.2021 11:23:49.613  00000000 00000000 00000000 00000000 00000000 
22.06.2021 11:23:49.721  00002000 00000000 00000000 00002000 00000000 
22.06.2021 11:23:49.754  00000000 00000000 00000000 00000000 00000000 
22.06.2021 11:24:16.175  00000080 00000080 00000000 00000000 00000000 
22.06.2021 11:24:16.178  00002080 00000080 00000000 00002000 00000000 

Servicedata V1.0 PLC:\DEBUG\S_State.service.trace created 25.06.2021 12:35:32 (local time)
hostname: hu, Software: 606421 04, built: 08.10.2014 08:59
-------------------------------------------------------------------------------------------
                    ms   global   master   device1
22.06.2021 08:37:49.953  00001003 00000000 00000000 00001000 00000003 
22.06.2021 08:37:49.962  00000003 00000000 00000000 00000000 00000003 
22.06.2021 08:37:49.965  00001003 00000000 00000000 00001000 00000003 
22.06.2021 08:37:49.974  00000003 00000000 00000000 00000000 00000003 
22.06.2021 08:37:49.977  00001003 00000000 00000000 00001000 00000003 
22.06.2021 08:37:49.986  00000003 00000000 00000000 00000000 00000003 
22.06.2021 08:37:49.989  00001003 00000000 00000000 00001000 00000003 
22.06.2021 08:37:50.007  00000003 00000000 00000000 00001000 00000003 
22.06.2021 08:37:50.010  00001003 00000000 00000000 00001000 00000003 
22.06.2021 08:37:50.019  00000003 00000000 00000000 00001000 00000003 
22.06.2021 08:37:50.022  00001003 00000000 00000000 00001000 00000003 
22.06.2021 08:37:50.031  00000003 00000000 00000000 00001000 00000003 
22.06.2021 08:37:50.034  00001003 00000000 00000000 00001000 00000003 
22.06.2021 08:37:50.043  00000003 00000000 00000000 00001000 00000003 
22.06.2021 08:37:50.046  00001003 00000000 00000000 00001000 00000003 
22.06.2021 08:37:50.055  00000003 00000000 00000000 00001000 00000003 
22.06.2021 08:37:50.058  00000003 00000000 00000000 00000000 00000003 
22.06.2021 08:37:50.061  00001003 00000000 00000000 00001000 00000003 
22.06.2021 08:37:50.079  00000003 00000000 00000000 00001000 00000003 
22.06.2021 08:37:50.082  00001003 00000000 00000000 00001000 00000003 
22.06.2021 08:37:50.100  00000003 00000000 00000000 00001000 00000003 
22.06.2021 08:37:50.103  00000003 00000000 00000000 00000000 00000003 
22.06.2021 08:37:50.106  00001003 00000000 00000000 00000000 00000003 
22.06.2021 08:37:50.109  00001003 00000000 00000000 00001000 00000003 
22.06.2021 08:37:50.115  00000003 00000000 00000000 00001000 00000003 
22.06.2021 08:37:50.118  00001003 00000000 00000000 00001000 00000003 
22.06.2021 08:37:50.193  00000003 00000000 00000000 00000000 00000003 
22.06.2021 08:37:50.322  00001003 00000000 00000000 00000000 00001003 
22.06.2021 08:37:50.403  00000003 00000000 00000000 00000000 00000003 
22.06.2021 08:37:50.502  00000003 00000000 00400000 00000000 00000003 
22.06.2021 08:37:50.505  00000003 00000000 00000000 00000000 00000003 
22.06.2021 08:37:50.610  00000003 00000000 00000000 00400000 00000003 
22.06.2021 08:37:50.613  00000003 00000000 00000000 00000000 00000003 
22.06.2021 08:37:50.718  00000003 00000000 00000000 00000000 00400003 
22.06.2021 08:37:50.721  00000003 00000000 00000000 00000000 00000003 
22.06.2021 08:37:50.865  00000003 00000000 00000000 00000000 00800003 
22.06.2021 08:37:50.868  00000003 00000000 00000000 00000000 00000003 
22.06.2021 08:37:51.216  00001003 00000000 00001000 00000000 00000003 
22.06.2021 08:37:51.303  00000003 00000000 00001000 00000000 00000003 
22.06.2021 08:37:51.306  00000003 00000000 00000000 00000000 00000003 
22.06.2021 08:37:51.441  00001003 00000000 00000000 00000000 00001003 
22.06.2021 08:37:51.519  00000003 00000000 00000000 00000000 00000003 
22.06.2021 08:37:51.669  00001003 00000000 00001000 00000000 00000003 
22.06.2021 08:37:51.753  00000003 00000000 00001000 00000000 00000003 
22.06.2021 08:37:51.756  00000003 00000000 00000000 00000000 00000003 
22.06.2021 08:37:51.891  00001003 00000000 00000000 00000000 00001003 
22.06.2021 08:37:51.969  00000003 00000000 00000000 00000000 00000003 
22.06.2021 08:37:52.698  00000003 00000000 00800000 00000000 00000003 
22.06.2021 08:37:52.701  00000003 00000000 00000000 00000000 00000003 
22.06.2021 08:37:52.833  00000003 00000000 00000000 00800000 00000003 
22.06.2021 08:37:52.836  00000003 00000000 00000000 00000000 00000003 
22.06.2021 08:37:52.974  00004003 00000000 00004000 00000000 00000003 
22.06.2021 08:37:53.049  00000003 00000000 00004000 00000000 00000003 
22.06.2021 08:37:53.052  00000003 00000000 00000000 00000000 00000003 
22.06.2021 08:37:53.187  00004003 00000000 00000000 00000000 00004003 
22.06.2021 08:37:53.328  00000003 00000000 00000000 00000000 00000003 
22.06.2021 08:37:53.478  00004003 00000000 00004000 00000000 00000003 
22.06.2021 08:37:53.553  00000003 00000000 00004000 00000000 00000003 
22.06.2021 08:37:53.556  00000003 00000000 00000000 00000000 00000003 
22.06.2021 08:37:53.691  00004003 00000000 00000000 00000000 00004003 
22.06.2021 08:37:53.769  00000003 00000000 00000000 00000000 00000003 
22.06.2021 08:37:54.222  00004003 00004000 00000000 00000000 00000003 
22.06.2021 08:37:55.434  00004003 00000000 00000000 00000000 00000003 
22.06.2021 08:37:55.440  00000003 00000000 00000000 00000000 00000003 
22.06.2021 08:37:55.785  00004003 00000000 00000000 00004000 00000003 
22.06.2021 08:37:56.544  00000003 00000000 00000000 00000000 00000003 
22.06.2021 08:37:57.103  00002003 00000000 00000000 00002000 00000003 
22.06.2021 08:41:09.063  00000000 00000000 00000000 00000000 00000000 
22.06.2021 08:41:09.102  00000080 00000080 00000000 00000000 00000000 
22.06.2021 08:41:09.105  00002080 00000080 00000000 00002000 00000000 
22.06.2021 08:41:09.195  00002082 00000080 00000000 00002000 00000000 
22.06.2021 08:41:09.198  00002082 00000080 00000000 00002000 00000002 
22.06.2021 08:41:09.201  00002083 00000080 00000000 00002000 00000002 
22.06.2021 08:41:09.204  00002083 00000080 00000000 00002000 00000003 
22.06.2021 08:41:09.261  000020c3 00000080 00000000 00002040 00000003 
22.06.2021 08:41:09.285  00002083 00000080 00000000 00002000 00000003 
22.06.2021 08:41:09.294  00002083 00000000 00000000 00002000 00000003 
22.06.2021 08:41:09.300  00002003 00000000 00000000 00002000 00000003 
22.06.2021 08:41:09.369  00002000 00000000 00000000 00002000 00000000 
22.06.2021 08:41:09.372  00000000 00000000 00000000 00000000 00000000 
22.06.2021 08:41:09.522  00000001 00000000 00000000 00000000 00000001 
22.06.2021 08:41:09.609  00000000 00000000 00000000 00000000 00000000 
22.06.2021 08:41:09.744  00000002 00000000 00000000 00000000 00000002 
22.06.2021 08:41:09.825  00000000 00000000 00000000 00000000 00000000 
22.06.2021 08:41:09.921  00002000 00000000 00000000 00002000 00000000 
22.06.2021 08:41:09.954  00000000 00000000 00000000 00000000 00000000 
22.06.2021 09:01:21.703  00002002 00000000 00000000 00002000 00000002 
22.06.2021 09:01:21.706  00002003 00000000 00000000 00002000 00000003 
22.06.2021 09:01:31.099  00002083 00000080 00000000 00002000 00000003 
22.06.2021 11:22:27.046  000003b3 000000b0 00000200 00000000 00010103 
22.06.2021 11:22:27.205  000001b3 000000b0 00000000 00000000 00010103 
22.06.2021 11:22:27.214  000000b3 000000b0 00000000 00000000 00000003 
22.06.2021 11:22:52.237  000000b3 00000000 00000000 00000000 00000003 
22.06.2021 11:22:52.243  00000003 00000000 00000000 00000000 00000003 
22.06.2021 11:22:52.606  80000003 80000000 00000000 00000000 00000003 
22.06.2021 11:22:52.612  00000003 00000000 00000000 00000000 00000003 
22.06.2021 11:22:52.702  00000033 00000030 00000000 00000000 00000003 
22.06.2021 11:22:52.768  00000033 00000000 00000000 00000000 00000003 
22.06.2021 11:22:52.774  00000003 00000000 00000000 00000000 00000003 
22.06.2021 11:22:55.903  00000033 00000030 00000000 00000000 00000003 
22.06.2021 11:22:55.972  00000033 00000000 00000000 00000000 00000003 
22.06.2021 11:22:55.978  00000003 00000000 00000000 00000000 00000003 
22.06.2021 11:22:56.110  00000043 00000000 00000000 00000040 00000003 
22.06.2021 11:22:56.122  000000c3 00000080 00000000 00000040 00000003 
22.06.2021 11:22:56.125  000020c3 00000080 00000000 00002040 00000003 
22.06.2021 11:22:56.203  00002083 00000080 00000000 00002000 00000003 
22.06.2021 11:22:56.206  00002083 00000000 00000000 00002000 00000003 
22.06.2021 11:22:56.212  00002003 00000000 00000000 00002000 00000003 
22.06.2021 11:22:56.215  00000003 00000000 00000000 00000000 00000003 
22.06.2021 11:22:56.335  00000083 00000080 00000000 00000000 00000003 
22.06.2021 11:22:56.404  00000083 00000000 00000000 00000000 00000003 
22.06.2021 11:22:56.410  00000003 00000000 00000000 00000000 00000003 
22.06.2021 11:22:56.599  00000083 00000080 00000000 00000000 00000003 
22.06.2021 11:22:56.767  00000083 00000000 00000000 00000000 00000003 
22.06.2021 11:22:56.773  00000003 00000000 00000000 00000000 00000003 
22.06.2021 11:22:56.914  00000103 00000000 00000000 00000000 00000003 
22.06.2021 11:22:56.917  00000103 00000000 00000000 00000000 00010103 
22.06.2021 11:22:56.998  00000003 00000000 00000000 00000000 00000003 
22.06.2021 11:22:57.163  00000103 00000000 00000000 00000000 00010103 
22.06.2021 11:22:57.250  00000003 00000000 00000000 00000000 00000003 
22.06.2021 11:22:57.394  00000203 00000000 00000000 00000000 00000003 
22.06.2021 11:22:57.397  00000203 00000000 00000200 00000000 00000003 
22.06.2021 11:22:57.488  00000003 00000000 00000000 00000000 00000003 
22.06.2021 11:22:57.628  00000203 00000000 00000000 00000000 00000003 
22.06.2021 11:22:57.631  00000203 00000000 00000200 00000000 00000003 
22.06.2021 11:22:57.718  00000003 00000000 00000000 00000000 00000003 
22.06.2021 11:22:57.841  00001003 00001000 00000000 00000000 00000003 
22.06.2021 11:22:57.850  00001003 00000000 00000000 00000000 00000003 
22.06.2021 11:22:57.854  00000003 00000000 00000000 00000000 00000003 
22.06.2021 11:22:57.877  00001003 00001000 00000000 00000000 00000003 
22.06.2021 11:22:57.886  00001003 00000000 00000000 00000000 00000003 
22.06.2021 11:22:57.889  00000003 00000000 00000000 00000000 00000003 
22.06.2021 11:22:57.910  00001003 00001000 00000000 00000000 00000003 
22.06.2021 11:22:57.922  00001003 00000000 00000000 00000000 00000003 
22.06.2021 11:22:57.925  00000003 00000000 00000000 00000000 00000003 
22.06.2021 11:22:57.937  00001003 00001000 00000000 00000000 00000003 
22.06.2021 11:22:57.958  00001003 00000000 00000000 00000000 00000003 
22.06.2021 11:22:57.961  00000003 00000000 00000000 00000000 00000003 
22.06.2021 11:22:57.976  00001003 00001000 00000000 00000000 00000003 
22.06.2021 11:22:57.994  00001003 00000000 00000000 00000000 00000003 
22.06.2021 11:22:57.997  00000003 00000000 00000000 00000000 00000003 
22.06.2021 11:22:58.012  00001003 00001000 00000000 00000000 00000003 
22.06.2021 11:22:58.030  00001003 00000000 00000000 00000000 00000003 
22.06.2021 11:22:58.033  00000003 00000000 00000000 00000000 00000003 
22.06.2021 11:22:58.045  00001003 00001000 00000000 00000000 00000003 
22.06.2021 11:22:58.066  00001003 00000000 00000000 00000000 00000003 
22.06.2021 11:22:58.069  00000003 00000000 00000000 00000000 00000003 
22.06.2021 11:22:58.081  00001003 00001000 00000000 00000000 00000003 
22.06.2021 11:22:58.102  00001003 00000000 00000000 00000000 00000003 
22.06.2021 11:22:58.105  00000003 00000000 00000000 00000000 00000003 
22.06.2021 11:22:58.117  00001003 00001000 00000000 00000000 00000003 
22.06.2021 11:22:58.138  00001003 00000000 00000000 00000000 00000003 
22.06.2021 11:22:58.141  00000003 00000000 00000000 00000000 00000003 
22.06.2021 11:22:58.156  00001003 00001000 00000000 00000000 00000003 
22.06.2021 11:22:58.174  00001003 00000000 00000000 00000000 00000003 
22.06.2021 11:22:58.177  00000003 00000000 00000000 00000000 00000003 
22.06.2021 11:22:58.189  00001003 00001000 00000000 00000000 00000003 
22.06.2021 11:22:58.210  00001003 00000000 00000000 00000000 00000003 
22.06.2021 11:22:58.213  00000003 00000000 00000000 00000000 00000003 
22.06.2021 11:22:58.225  00001003 00001000 00000000 00000000 00000003 
22.06.2021 11:22:58.246  00001003 00000000 00000000 00000000 00000003 
22.06.2021 11:22:58.249  00000003 00000000 00000000 00000000 00000003 
22.06.2021 11:22:58.264  00001003 00001000 00000000 00000000 00000003 
22.06.2021 11:22:58.282  00001003 00000000 00000000 00000000 00000003 
22.06.2021 11:22:58.285  00000003 00000000 00000000 00000000 00000003 
22.06.2021 11:22:58.300  00001003 00001000 00000000 00000000 00000003 
22.06.2021 11:22:58.318  00001003 00000000 00000000 00000000 00000003 
22.06.2021 11:22:58.321  00000003 00000000 00000000 00000000 00000003 
22.06.2021 11:22:58.333  00001003 00001000 00000000 00000000 00000003 
22.06.2021 11:22:58.354  00001003 00000000 00000000 00000000 00000003 
22.06.2021 11:22:58.357  00000003 00000000 00000000 00000000 00000003 
22.06.2021 11:22:58.372  00001003 00001000 00000000 00000000 00000003 
22.06.2021 11:22:58.390  00001003 00000000 00000000 00000000 00000003 
22.06.2021 11:22:58.393  00000003 00000000 00000000 00000000 00000003 
22.06.2021 11:22:58.408  00001003 00001000 00000000 00000000 00000003 
22.06.2021 11:22:58.426  00001003 00000000 00000000 00000000 00000003 
22.06.2021 11:22:58.429  00000003 00000000 00000000 00000000 00000003 
22.06.2021 11:22:58.441  00001003 00001000 00000000 00000000 00000003 
22.06.2021 11:22:58.462  00001003 00000000 00000000 00000000 00000003 
22.06.2021 11:22:58.465  00000003 00000000 00000000 00000000 00000003 
22.06.2021 11:22:58.477  00001003 00001000 00000000 00000000 00000003 
22.06.2021 11:22:58.498  00001003 00000000 00000000 00000000 00000003 
22.06.2021 11:22:58.501  00000003 00000000 00000000 00000000 00000003 
22.06.2021 11:22:58.516  00001003 00001000 00000000 00000000 00000003 
22.06.2021 11:22:58.534  00001003 00000000 00000000 00000000 00000003 
22.06.2021 11:22:58.537  00000003 00000000 00000000 00000000 00000003 
22.06.2021 11:22:58.549  00001003 00001000 00000000 00000000 00000003 
22.06.2021 11:22:58.570  00001003 00000000 00000000 00000000 00000003 
22.06.2021 11:22:58.573  00000003 00000000 00000000 00000000 00000003 
22.06.2021 11:22:58.588  00001003 00001000 00000000 00000000 00000003 
22.06.2021 11:22:58.606  00001003 00000000 00000000 00000000 00000003 
22.06.2021 11:22:58.609  00000003 00000000 00000000 00000000 00000003 
22.06.2021 11:22:58.621  00001003 00001000 00000000 00000000 00000003 
22.06.2021 11:22:58.642  00001003 00000000 00000000 00000000 00000003 
22.06.2021 11:22:58.645  00000003 00000000 00000000 00000000 00000003 
22.06.2021 11:22:58.660  00001003 00001000 00000000 00000000 00000003 
22.06.2021 11:22:58.678  00001003 00000000 00000000 00000000 00000003 
22.06.2021 11:22:58.681  00000003 00000000 00000000 00000000 00000003 
22.06.2021 11:22:58.693  00001003 00001000 00000000 00000000 00000003 
22.06.2021 11:22:58.714  00001003 00000000 00000000 00000000 00000003 
22.06.2021 11:22:58.717  00000003 00000000 00000000 00000000 00000003 
22.06.2021 11:22:58.729  00001003 00001000 00000000 00000000 00000003 
22.06.2021 11:22:58.750  00001003 00000000 00000000 00000000 00000003 
22.06.2021 11:22:58.754  00000003 00000000 00000000 00000000 00000003 
22.06.2021 11:22:58.879  00001003 00000000 00000000 00000000 00000003 
22.06.2021 11:22:58.883  00001003 00000000 00001000 00000000 00000003 
22.06.2021 11:22:58.960  00000003 00000000 00000000 00000000 00000003 
22.06.2021 11:22:59.119  00001003 00000000 00000000 00001000 00000003 
22.06.2021 11:22:59.128  00000003 00000000 00000000 00000000 00000003 
22.06.2021 11:22:59.131  00001003 00000000 00000000 00001000 00000003 
22.06.2021 11:22:59.140  00000003 00000000 00000000 00000000 00000003 
22.06.2021 11:22:59.144  00001003 00000000 00000000 00001000 00000003 
22.06.2021 11:22:59.152  00000003 00000000 00000000 00000000 00000003 
22.06.2021 11:22:59.155  00001003 00000000 00000000 00001000 00000003 
22.06.2021 11:22:59.164  00000003 00000000 00000000 00001000 00000003 
22.06.2021 11:22:59.167  00001003 00000000 00000000 00001000 00000003 
22.06.2021 11:22:59.176  00000003 00000000 00000000 00001000 00000003 
22.06.2021 11:22:59.179  00001003 00000000 00000000 00001000 00000003 
22.06.2021 11:22:59.188  00000003 00000000 00000000 00001000 00000003 
22.06.2021 11:22:59.191  00001003 00000000 00000000 00001000 00000003 
22.06.2021 11:22:59.213  00001003 00000000 00000000 00000000 00000003 
22.06.2021 11:22:59.215  00001003 00000000 00000000 00001000 00000003 
22.06.2021 11:22:59.224  00000003 00000000 00000000 00000000 00000003 
22.06.2021 11:22:59.227  00001003 00000000 00000000 00001000 00000003 
22.06.2021 11:22:59.236  00000003 00000000 00000000 00000000 00000003 
22.06.2021 11:22:59.239  00001003 00000000 00000000 00001000 00000003 
22.06.2021 11:22:59.248  00000003 00000000 00000000 00000000 00000003 
22.06.2021 11:22:59.251  00001003 00000000 00000000 00001000 00000003 
22.06.2021 11:22:59.260  00000003 00000000 00000000 00000000 00000003 
22.06.2021 11:22:59.263  00001003 00000000 00000000 00000000 00000003 
22.06.2021 11:22:59.267  00001003 00000000 00000000 00001000 00000003 
22.06.2021 11:22:59.302  00000003 00000000 00000000 00001000 00000003 
22.06.2021 11:22:59.306  00000003 00000000 00000000 00000000 00000003 
22.06.2021 11:22:59.308  00001003 00000000 00000000 00000000 00000003 
22.06.2021 11:22:59.311  00001003 00000000 00000000 00001000 00000003 
22.06.2021 11:22:59.317  00000003 00000000 00000000 00001000 00000003 
22.06.2021 11:22:59.320  00001003 00000000 00000000 00001000 00000003 
22.06.2021 11:22:59.395  00000003 00000000 00000000 00000000 00000003 
22.06.2021 11:22:59.525  00001003 00000000 00000000 00000000 00001003 
22.06.2021 11:22:59.606  00000003 00000000 00000000 00000000 00000003 
22.06.2021 11:22:59.707  00000003 00000000 00400000 00000000 00000003 
22.06.2021 11:22:59.710  00000003 00000000 00000000 00000000 00000003 
22.06.2021 11:22:59.816  00000003 00000000 00000000 00400000 00000003 
22.06.2021 11:22:59.818  00000003 00000000 00000000 00000000 00000003 
22.06.2021 11:22:59.920  00000003 00000000 00000000 00000000 00400003 
22.06.2021 11:22:59.923  00000003 00000000 00000000 00000000 00000003 
22.06.2021 11:23:00.068  00000003 00000000 00000000 00000000 00800003 
22.06.2021 11:23:00.070  00000003 00000000 00000000 00000000 00000003 
22.06.2021 11:23:00.419  00001003 00000000 00001000 00000000 00000003 
22.06.2021 11:23:00.506  00000003 00000000 00001000 00000000 00000003 
22.06.2021 11:23:00.509  00000003 00000000 00000000 00000000 00000003 
22.06.2021 11:23:00.646  00001003 00000000 00000000 00000000 00001003 
22.06.2021 11:23:00.722  00000003 00000000 00000000 00000000 00000003 
22.06.2021 11:23:00.875  00001003 00000000 00001000 00000000 00000003 
22.06.2021 11:23:00.956  00000003 00000000 00001000 00000000 00000003 
22.06.2021 11:23:00.959  00000003 00000000 00000000 00000000 00000003 
22.06.2021 11:23:01.097  00001003 00000000 00000000 00000000 00001003 
22.06.2021 11:23:01.172  00000003 00000000 00000000 00000000 00000003 
22.06.2021 11:23:02.051  00000003 00000000 00800000 00000000 00000003 
22.06.2021 11:23:02.054  00000003 00000000 00000000 00000000 00000003 
22.06.2021 11:23:02.186  00000003 00000000 00000000 00800000 00000003 
22.06.2021 11:23:02.189  00000003 00000000 00000000 00000000 00000003 
22.06.2021 11:23:02.327  00004003 00000000 00004000 00000000 00000003 
22.06.2021 11:23:02.414  00000003 00000000 00004000 00000000 00000003 
22.06.2021 11:23:02.417  00000003 00000000 00000000 00000000 00000003 
22.06.2021 11:23:02.555  00004003 00000000 00000000 00000000 00004003 
22.06.2021 11:23:02.630  00000003 00000000 00000000 00000000 00000003 
22.06.2021 11:23:02.780  00004003 00000000 00004000 00000000 00000003 
22.06.2021 11:23:02.864  00000003 00000000 00004000 00000000 00000003 
22.06.2021 11:23:02.867  00000003 00000000 00000000 00000000 00000003 
22.06.2021 11:23:03.005  00004003 00000000 00000000 00000000 00004003 
22.06.2021 11:23:03.080  00000003 00000000 00000000 00000000 00000003 
22.06.2021 11:23:03.581  00004003 00004000 00000000 00000000 00000003 
22.06.2021 11:23:04.793  00004003 00000000 00000000 00000000 00000003 
22.06.2021 11:23:04.799  00000003 00000000 00000000 00000000 00000003 
22.06.2021 11:23:04.988  00004003 00000000 00000000 00000000 00000003 
22.06.2021 11:23:04.991  00004003 00000000 00000000 00004000 00000003 
22.06.2021 11:23:05.717  00000003 00000000 00000000 00000000 00000003 
22.06.2021 11:23:06.272  00002003 00000000 00000000 00002000 00000003 
22.06.2021 11:23:48.902  00000000 00000000 00000000 00000000 00000000 
22.06.2021 11:23:48.929  00000080 00000080 00000000 00000000 00000000 
22.06.2021 11:23:48.932  00002080 00000080 00000000 00002000 00000000 
22.06.2021 11:23:49.025  00002082 00000080 00000000 00002000 00000002 
22.06.2021 11:23:49.031  00002083 00000080 00000000 00002000 00000003 
22.06.2021 11:23:49.070  000020c3 00000080 00000000 00002040 00000003 
22.06.2021 11:23:49.094  00002083 00000080 00000000 00002000 00000003 
22.06.2021 11:23:49.100  00002083 00000000 00000000 00002000 00000003 
22.06.2021 11:23:49.106  00002003 00000000 00000000 00002000 00000003 
22.06.2021 11:23:49.172  00002000 00000000 00000000 00002000 00000000 
22.06.2021 11:23:49.175  00000000 00000000 00000000 00000000 00000000 
22.06.2021 11:23:49.319  00000001 00000000 00000000 00000000 00000001 
22.06.2021 11:23:49.397  00000000 00000000 00000000 00000000 00000000 
22.06.2021 11:23:49.529  00000002 00000000 00000000 00000000 00000002 
22.06.2021 11:23:49.613  00000000 00000000 00000000 00000000 00000000 
22.06.2021 11:23:49.721  00002000 00000000 00000000 00002000 00000000 
22.06.2021 11:23:49.754  00000000 00000000 00000000 00000000 00000000 
22.06.2021 11:24:16.175  00000080 00000080 00000000 00000000 00000000 
22.06.2021 11:24:16.178  00002080 00000080 00000000 00002000 00000000 
25.06.2021 12:22:05.163  000003b3 000000b0 00000200 00000000 00010103 
25.06.2021 12:22:05.322  000001b3 000000b0 00000000 00000000 00010103 
25.06.2021 12:22:05.331  000000b3 000000b0 00000000 00000000 00000003 
25.06.2021 12:22:57.430  000000b3 00000000 00000000 00000000 00000003 
25.06.2021 12:22:57.436  00000003 00000000 00000000 00000000 00000003 
25.06.2021 12:22:57.778  80000003 80000000 00000000 00000000 00000003 
25.06.2021 12:22:57.784  00000003 00000000 00000000 00000000 00000003 
25.06.2021 12:22:57.880  00000033 00000030 00000000 00000000 00000003 
25.06.2021 12:22:57.940  00000033 00000000 00000000 00000000 00000003 
25.06.2021 12:22:57.946  00000003 00000000 00000000 00000000 00000003 
25.06.2021 12:23:01.075  00000033 00000030 00000000 00000000 00000003 
25.06.2021 12:23:01.144  00000033 00000000 00000000 00000000 00000003 
25.06.2021 12:23:01.150  00000003 00000000 00000000 00000000 00000003 
25.06.2021 12:23:01.291  00000043 00000000 00000000 00000040 00000003 
25.06.2021 12:23:01.303  000000c3 00000080 00000000 00000040 00000003 
25.06.2021 12:23:01.306  000020c3 00000080 00000000 00002040 00000003 
25.06.2021 12:23:01.384  00002083 00000080 00000000 00002000 00000003 
25.06.2021 12:23:01.387  00002083 00000000 00000000 00002000 00000003 
25.06.2021 12:23:01.393  00002003 00000000 00000000 00002000 00000003 
25.06.2021 12:23:01.396  00000003 00000000 00000000 00000000 00000003 
25.06.2021 12:23:01.510  00000083 00000080 00000000 00000000 00000003 
25.06.2021 12:23:01.576  00000083 00000000 00000000 00000000 00000003 
25.06.2021 12:23:01.582  00000003 00000000 00000000 00000000 00000003 
25.06.2021 12:23:01.723  00000083 00000080 00000000 00000000 00000003 
25.06.2021 12:23:01.912  00000083 00000000 00000000 00000000 00000003 
25.06.2021 12:23:01.918  00000003 00000000 00000000 00000000 00000003 
25.06.2021 12:23:02.062  00000103 00000000 00000000 00000000 00000003 
25.06.2021 12:23:02.065  00000103 00000000 00000000 00000000 00010103 
25.06.2021 12:23:02.152  00000003 00000000 00000000 00000000 00000003 
25.06.2021 12:23:02.317  00000103 00000000 00000000 00000000 00010103 
25.06.2021 12:23:02.404  00000003 00000000 00000000 00000000 00000003 
25.06.2021 12:23:02.548  00000203 00000000 00000000 00000000 00000003 
25.06.2021 12:23:02.551  00000203 00000000 00000200 00000000 00000003 
25.06.2021 12:23:02.641  00000003 00000000 00000000 00000000 00000003 
25.06.2021 12:23:02.782  00000203 00000000 00000000 00000000 00000003 
25.06.2021 12:23:02.785  00000203 00000000 00000200 00000000 00000003 
25.06.2021 12:23:02.872  00000003 00000000 00000000 00000000 00000003 
25.06.2021 12:23:02.998  00001003 00001000 00000000 00000000 00000003 
25.06.2021 12:23:03.022  00001003 00000000 00000000 00000000 00000003 
25.06.2021 12:23:03.025  00000003 00000000 00000000 00000000 00000003 
25.06.2021 12:23:03.049  00001003 00001000 00000000 00000000 00000003 
25.06.2021 12:23:03.058  00001003 00000000 00000000 00000000 00000003 
25.06.2021 12:23:03.061  00000003 00000000 00000000 00000000 00000003 
25.06.2021 12:23:03.082  00001003 00001000 00000000 00000000 00000003 
25.06.2021 12:23:03.094  00001003 00000000 00000000 00000000 00000003 
25.06.2021 12:23:03.097  00000003 00000000 00000000 00000000 00000003 
25.06.2021 12:23:03.112  00001003 00001000 00000000 00000000 00000003 
25.06.2021 12:23:03.130  00001003 00000000 00000000 00000000 00000003 
25.06.2021 12:23:03.133  00000003 00000000 00000000 00000000 00000003 
25.06.2021 12:23:03.148  00001003 00001000 00000000 00000000 00000003 
25.06.2021 12:23:03.166  00001003 00000000 00000000 00000000 00000003 
25.06.2021 12:23:03.169  00000003 00000000 00000000 00000000 00000003 
25.06.2021 12:23:03.184  00001003 00001000 00000000 00000000 00000003 
25.06.2021 12:23:03.202  00001003 00000000 00000000 00000000 00000003 
25.06.2021 12:23:03.205  00000003 00000000 00000000 00000000 00000003 
25.06.2021 12:23:03.217  00001003 00001000 00000000 00000000 00000003 
25.06.2021 12:23:03.238  00001003 00000000 00000000 00000000 00000003 
25.06.2021 12:23:03.241  00000003 00000000 00000000 00000000 00000003 
25.06.2021 12:23:03.253  00001003 00001000 00000000 00000000 00000003 
25.06.2021 12:23:03.274  00001003 00000000 00000000 00000000 00000003 
25.06.2021 12:23:03.277  00000003 00000000 00000000 00000000 00000003 
25.06.2021 12:23:03.292  00001003 00001000 00000000 00000000 00000003 
25.06.2021 12:23:03.310  00001003 00000000 00000000 00000000 00000003 
25.06.2021 12:23:03.313  00000003 00000000 00000000 00000000 00000003 
25.06.2021 12:23:03.328  00001003 00001000 00000000 00000000 00000003 
25.06.2021 12:23:03.346  00001003 00000000 00000000 00000000 00000003 
25.06.2021 12:23:03.349  00000003 00000000 00000000 00000000 00000003 
25.06.2021 12:23:03.361  00001003 00001000 00000000 00000000 00000003 
25.06.2021 12:23:03.382  00001003 00000000 00000000 00000000 00000003 
25.06.2021 12:23:03.385  00000003 00000000 00000000 00000000 00000003 
25.06.2021 12:23:03.400  00001003 00001000 00000000 00000000 00000003 
25.06.2021 12:23:03.418  00001003 00000000 00000000 00000000 00000003 
25.06.2021 12:23:03.421  00000003 00000000 00000000 00000000 00000003 
25.06.2021 12:23:03.436  00001003 00001000 00000000 00000000 00000003 
25.06.2021 12:23:03.454  00001003 00000000 00000000 00000000 00000003 
25.06.2021 12:23:03.457  00000003 00000000 00000000 00000000 00000003 
25.06.2021 12:23:03.472  00001003 00001000 00000000 00000000 00000003 
25.06.2021 12:23:03.490  00001003 00000000 00000000 00000000 00000003 
25.06.2021 12:23:03.493  00000003 00000000 00000000 00000000 00000003 
25.06.2021 12:23:03.505  00001003 00001000 00000000 00000000 00000003 
25.06.2021 12:23:03.526  00001003 00000000 00000000 00000000 00000003 
25.06.2021 12:23:03.529  00000003 00000000 00000000 00000000 00000003 
25.06.2021 12:23:03.544  00001003 00001000 00000000 00000000 00000003 
25.06.2021 12:23:03.562  00001003 00000000 00000000 00000000 00000003 
25.06.2021 12:23:03.565  00000003 00000000 00000000 00000000 00000003 
25.06.2021 12:23:03.580  00001003 00001000 00000000 00000000 00000003 
25.06.2021 12:23:03.598  00001003 00000000 00000000 00000000 00000003 
25.06.2021 12:23:03.601  00000003 00000000 00000000 00000000 00000003 
25.06.2021 12:23:03.616  00001003 00001000 00000000 00000000 00000003 
25.06.2021 12:23:03.634  00001003 00000000 00000000 00000000 00000003 
25.06.2021 12:23:03.637  00000003 00000000 00000000 00000000 00000003 
25.06.2021 12:23:03.649  00001003 00001000 00000000 00000000 00000003 
25.06.2021 12:23:03.670  00001003 00000000 00000000 00000000 00000003 
25.06.2021 12:23:03.673  00000003 00000000 00000000 00000000 00000003 
25.06.2021 12:23:03.688  00001003 00001000 00000000 00000000 00000003 
25.06.2021 12:23:03.706  00001003 00000000 00000000 00000000 00000003 
25.06.2021 12:23:03.709  00000003 00000000 00000000 00000000 00000003 
25.06.2021 12:23:03.724  00001003 00001000 00000000 00000000 00000003 
25.06.2021 12:23:03.742  00001003 00000000 00000000 00000000 00000003 
25.06.2021 12:23:03.745  00000003 00000000 00000000 00000000 00000003 
25.06.2021 12:23:03.760  00001003 00001000 00000000 00000000 00000003 
25.06.2021 12:23:03.778  00001003 00000000 00000000 00000000 00000003 
25.06.2021 12:23:03.781  00000003 00000000 00000000 00000000 00000003 
25.06.2021 12:23:03.793  00001003 00001000 00000000 00000000 00000003 
25.06.2021 12:23:03.814  00001003 00000000 00000000 00000000 00000003 
25.06.2021 12:23:03.817  00000003 00000000 00000000 00000000 00000003 
25.06.2021 12:23:03.829  00001003 00001000 00000000 00000000 00000003 
25.06.2021 12:23:03.850  00001003 00000000 00000000 00000000 00000003 
25.06.2021 12:23:03.853  00000003 00000000 00000000 00000000 00000003 
25.06.2021 12:23:03.865  00001003 00001000 00000000 00000000 00000003 
25.06.2021 12:23:03.886  00001003 00000000 00000000 00000000 00000003 
25.06.2021 12:23:03.889  00000003 00000000 00000000 00000000 00000003 
25.06.2021 12:23:03.901  00001003 00001000 00000000 00000000 00000003 
25.06.2021 12:23:03.922  00001003 00000000 00000000 00000000 00000003 
25.06.2021 12:23:03.925  00000003 00000000 00000000 00000000 00000003 
25.06.2021 12:23:04.051  00001003 00000000 00000000 00000000 00000003 
25.06.2021 12:23:04.054  00001003 00000000 00001000 00000000 00000003 
25.06.2021 12:23:04.129  00000003 00000000 00001000 00000000 00000003 
25.06.2021 12:23:04.132  00000003 00000000 00000000 00000000 00000003 
25.06.2021 12:23:04.270  00001003 00000000 00000000 00001000 00000003 
25.06.2021 12:23:04.279  00000003 00000000 00000000 00001000 00000003 
25.06.2021 12:23:04.282  00001003 00000000 00000000 00001000 00000003 
25.06.2021 12:23:04.291  00000003 00000000 00000000 00001000 00000003 
25.06.2021 12:23:04.294  00001003 00000000 00000000 00001000 00000003 
25.06.2021 12:23:04.303  00000003 00000000 00000000 00001000 00000003 
25.06.2021 12:23:04.306  00001003 00000000 00000000 00001000 00000003 
25.06.2021 12:23:04.315  00000003 00000000 00000000 00001000 00000003 
25.06.2021 12:23:04.318  00001003 00000000 00000000 00000000 00000003 
25.06.2021 12:23:04.321  00001003 00000000 00000000 00001000 00000003 
25.06.2021 12:23:04.327  00000003 00000000 00000000 00001000 00000003 
25.06.2021 12:23:04.330  00001003 00000000 00000000 00000000 00000003 
25.06.2021 12:23:04.333  00001003 00000000 00000000 00001000 00000003 
25.06.2021 12:23:04.342  00001003 00000000 00000000 00000000 00000003 
25.06.2021 12:23:04.345  00001003 00000000 00000000 00001000 00000003 
25.06.2021 12:23:04.363  00000003 00000000 00000000 00000000 00000003 
25.06.2021 12:23:04.366  00001003 00000000 00000000 00001000 00000003 
25.06.2021 12:23:04.375  00000003 00000000 00000000 00000000 00000003 
25.06.2021 12:23:04.378  00001003 00000000 00000000 00001000 00000003 
25.06.2021 12:23:04.387  00000003 00000000 00000000 00000000 00000003 
25.06.2021 12:23:04.390  00001003 00000000 00000000 00001000 00000003 
25.06.2021 12:23:04.399  00000003 00000000 00000000 00000000 00000003 
25.06.2021 12:23:04.402  00001003 00000000 00000000 00001000 00000003 
25.06.2021 12:23:04.411  00000003 00000000 00000000 00000000 00000003 
25.06.2021 12:23:04.414  00001003 00000000 00000000 00000000 00000003 
25.06.2021 12:23:04.417  00001003 00000000 00000000 00001000 00000003 
25.06.2021 12:23:04.453  00000003 00000000 00000000 00001000 00000003 
25.06.2021 12:23:04.456  00000003 00000000 00000000 00000000 00000003 
25.06.2021 12:23:04.459  00001003 00000000 00000000 00000000 00000003 
25.06.2021 12:23:04.462  00001003 00000000 00000000 00001000 00000003 
25.06.2021 12:23:04.468  00000003 00000000 00000000 00001000 00000003 
25.06.2021 12:23:04.471  00001003 00000000 00000000 00001000 00000003 
25.06.2021 12:23:04.546  00000003 00000000 00000000 00000000 00000003 
25.06.2021 12:23:04.672  00001003 00000000 00000000 00000000 00001003 
25.06.2021 12:23:04.759  00000003 00000000 00000000 00000000 00000003 
25.06.2021 12:23:04.861  00000003 00000000 00400000 00000000 00000003 
25.06.2021 12:23:04.864  00000003 00000000 00000000 00000000 00000003 
25.06.2021 12:23:04.969  00000003 00000000 00000000 00400000 00000003 
25.06.2021 12:23:04.972  00000003 00000000 00000000 00000000 00000003 
25.06.2021 12:23:05.071  00000003 00000000 00000000 00000000 00400003 
25.06.2021 12:23:05.074  00000003 00000000 00000000 00000000 00000003 
25.06.2021 12:23:05.218  00000003 00000000 00000000 00000000 00800003 
25.06.2021 12:23:05.221  00000003 00000000 00000000 00000000 00000003 
25.06.2021 12:23:05.572  00001003 00000000 00001000 00000000 00000003 
25.06.2021 12:23:05.659  00000003 00000000 00001000 00000000 00000003 
25.06.2021 12:23:05.662  00000003 00000000 00000000 00000000 00000003 
25.06.2021 12:23:05.800  00001003 00000000 00000000 00000000 00001003 
25.06.2021 12:23:05.875  00000003 00000000 00000000 00000000 00000003 
25.06.2021 12:23:06.028  00001003 00000000 00001000 00000000 00000003 
25.06.2021 12:23:06.109  00000003 00000000 00001000 00000000 00000003 
25.06.2021 12:23:06.112  00000003 00000000 00000000 00000000 00000003 
25.06.2021 12:23:06.250  00001003 00000000 00000000 00000000 00001003 
25.06.2021 12:23:06.325  00000003 00000000 00000000 00000000 00000003 
25.06.2021 12:23:07.201  00000003 00000000 00800000 00000000 00000003 
25.06.2021 12:23:07.204  00000003 00000000 00000000 00000000 00000003 
25.06.2021 12:23:07.336  00000003 00000000 00000000 00800000 00000003 
25.06.2021 12:23:07.339  00000003 00000000 00000000 00000000 00000003 
25.06.2021 12:23:07.477  00004003 00000000 00004000 00000000 00000003 
25.06.2021 12:23:07.549  00000003 00000000 00004000 00000000 00000003 
25.06.2021 12:23:07.552  00000003 00000000 00000000 00000000 00000003 
25.06.2021 12:23:07.690  00004003 00000000 00000000 00000000 00004003 
25.06.2021 12:23:07.765  00000003 00000000 00000000 00000000 00000003 
25.06.2021 12:23:07.918  00004003 00000000 00004000 00000000 00000003 
25.06.2021 12:23:08.002  00000003 00000000 00000000 00000000 00000003 
25.06.2021 12:23:08.140  00004003 00000000 00000000 00000000 00004003 
25.06.2021 12:23:08.215  00000003 00000000 00000000 00000000 00000003 
25.06.2021 12:23:08.587  00004003 00004000 00000000 00000000 00000003 
25.06.2021 12:23:09.799  00004003 00000000 00000000 00000000 00000003 
25.06.2021 12:23:09.805  00000003 00000000 00000000 00000000 00000003 
25.06.2021 12:23:10.204  00004003 00000000 00000000 00000000 00000003 
25.06.2021 12:23:10.207  00004003 00000000 00000000 00004000 00000003 
25.06.2021 12:23:10.837  00000003 00000000 00000000 00000000 00000003 
25.06.2021 12:23:11.389  00002003 00000000 00000000 00002000 00000003 
25.06.2021 12:23:20.125  00000000 00000000 00000000 00000000 00000000 
25.06.2021 12:23:20.146  00000080 00000080 00000000 00000000 00000000 
25.06.2021 12:23:20.149  00002080 00000080 00000000 00002000 00000000 
25.06.2021 12:23:20.242  00002082 00000080 00000000 00002000 00000002 
25.06.2021 12:23:20.248  00002083 00000080 00000000 00002000 00000002 
25.06.2021 12:23:20.251  00002083 00000080 00000000 00002000 00000003 
25.06.2021 12:23:20.308  000020c3 00000080 00000000 00002040 00000003 
25.06.2021 12:23:20.329  00002083 00000080 00000000 00002000 00000003 
25.06.2021 12:23:20.338  00002083 00000000 00000000 00002000 00000003 
25.06.2021 12:23:20.344  00002003 00000000 00000000 00002000 00000003 
25.06.2021 12:23:20.413  00002000 00000000 00000000 00002000 00000000 
25.06.2021 12:23:20.416  00000000 00000000 00000000 00000000 00000000 
25.06.2021 12:23:20.560  00000001 00000000 00000000 00000000 00000001 
25.06.2021 12:23:20.635  00000000 00000000 00000000 00000000 00000000 
25.06.2021 12:23:20.770  00000002 00000000 00000000 00000000 00000002 
25.06.2021 12:23:20.851  00000000 00000000 00000000 00000000 00000000 
25.06.2021 12:23:20.971  00002000 00000000 00000000 00002000 00000000 
25.06.2021 12:23:21.004  00000000 00000000 00000000 00000000 00000000 
25.06.2021 12:35:18.438  00002002 00000000 00000000 00002000 00000002 
25.06.2021 12:35:18.441  00002003 00000000 00000000 00002000 00000002 
25.06.2021 12:35:18.444  00002003 00000000 00000000 00002000 00000003 
25.06.2021 12:35:32.304  00002083 00000080 00000000 00002000 00000003 

Servicedata V1.0 PLC:\DEBUG\S_State.service.trace created 27.06.2021 12:44:46 (local time)
hostname: hu, Software: 606421 04, built: 08.10.2014 08:59
-------------------------------------------------------------------------------------------
                    ms   global   master   device1
22.06.2021 11:22:59.191  00001003 00000000 00000000 00001000 00000003 
22.06.2021 11:22:59.213  00001003 00000000 00000000 00000000 00000003 
22.06.2021 11:22:59.215  00001003 00000000 00000000 00001000 00000003 
22.06.2021 11:22:59.224  00000003 00000000 00000000 00000000 00000003 
22.06.2021 11:22:59.227  00001003 00000000 00000000 00001000 00000003 
22.06.2021 11:22:59.236  00000003 00000000 00000000 00000000 00000003 
22.06.2021 11:22:59.239  00001003 00000000 00000000 00001000 00000003 
22.06.2021 11:22:59.248  00000003 00000000 00000000 00000000 00000003 
22.06.2021 11:22:59.251  00001003 00000000 00000000 00001000 00000003 
22.06.2021 11:22:59.260  00000003 00000000 00000000 00000000 00000003 
22.06.2021 11:22:59.263  00001003 00000000 00000000 00000000 00000003 
22.06.2021 11:22:59.267  00001003 00000000 00000000 00001000 00000003 
22.06.2021 11:22:59.302  00000003 00000000 00000000 00001000 00000003 
22.06.2021 11:22:59.306  00000003 00000000 00000000 00000000 00000003 
22.06.2021 11:22:59.308  00001003 00000000 00000000 00000000 00000003 
22.06.2021 11:22:59.311  00001003 00000000 00000000 00001000 00000003 
22.06.2021 11:22:59.317  00000003 00000000 00000000 00001000 00000003 
22.06.2021 11:22:59.320  00001003 00000000 00000000 00001000 00000003 
22.06.2021 11:22:59.395  00000003 00000000 00000000 00000000 00000003 
22.06.2021 11:22:59.525  00001003 00000000 00000000 00000000 00001003 
22.06.2021 11:22:59.606  00000003 00000000 00000000 00000000 00000003 
22.06.2021 11:22:59.707  00000003 00000000 00400000 00000000 00000003 
22.06.2021 11:22:59.710  00000003 00000000 00000000 00000000 00000003 
22.06.2021 11:22:59.816  00000003 00000000 00000000 00400000 00000003 
22.06.2021 11:22:59.818  00000003 00000000 00000000 00000000 00000003 
22.06.2021 11:22:59.920  00000003 00000000 00000000 00000000 00400003 
22.06.2021 11:22:59.923  00000003 00000000 00000000 00000000 00000003 
22.06.2021 11:23:00.068  00000003 00000000 00000000 00000000 00800003 
22.06.2021 11:23:00.070  00000003 00000000 00000000 00000000 00000003 
22.06.2021 11:23:00.419  00001003 00000000 00001000 00000000 00000003 
22.06.2021 11:23:00.506  00000003 00000000 00001000 00000000 00000003 
22.06.2021 11:23:00.509  00000003 00000000 00000000 00000000 00000003 
22.06.2021 11:23:00.646  00001003 00000000 00000000 00000000 00001003 
22.06.2021 11:23:00.722  00000003 00000000 00000000 00000000 00000003 
22.06.2021 11:23:00.875  00001003 00000000 00001000 00000000 00000003 
22.06.2021 11:23:00.956  00000003 00000000 00001000 00000000 00000003 
22.06.2021 11:23:00.959  00000003 00000000 00000000 00000000 00000003 
22.06.2021 11:23:01.097  00001003 00000000 00000000 00000000 00001003 
22.06.2021 11:23:01.172  00000003 00000000 00000000 00000000 00000003 
22.06.2021 11:23:02.051  00000003 00000000 00800000 00000000 00000003 
22.06.2021 11:23:02.054  00000003 00000000 00000000 00000000 00000003 
22.06.2021 11:23:02.186  00000003 00000000 00000000 00800000 00000003 
22.06.2021 11:23:02.189  00000003 00000000 00000000 00000000 00000003 
22.06.2021 11:23:02.327  00004003 00000000 00004000 00000000 00000003 
22.06.2021 11:23:02.414  00000003 00000000 00004000 00000000 00000003 
22.06.2021 11:23:02.417  00000003 00000000 00000000 00000000 00000003 
22.06.2021 11:23:02.555  00004003 00000000 00000000 00000000 00004003 
22.06.2021 11:23:02.630  00000003 00000000 00000000 00000000 00000003 
22.06.2021 11:23:02.780  00004003 00000000 00004000 00000000 00000003 
22.06.2021 11:23:02.864  00000003 00000000 00004000 00000000 00000003 
22.06.2021 11:23:02.867  00000003 00000000 00000000 00000000 00000003 
22.06.2021 11:23:03.005  00004003 00000000 00000000 00000000 00004003 
22.06.2021 11:23:03.080  00000003 00000000 00000000 00000000 00000003 
22.06.2021 11:23:03.581  00004003 00004000 00000000 00000000 00000003 
22.06.2021 11:23:04.793  00004003 00000000 00000000 00000000 00000003 
22.06.2021 11:23:04.799  00000003 00000000 00000000 00000000 00000003 
22.06.2021 11:23:04.988  00004003 00000000 00000000 00000000 00000003 
22.06.2021 11:23:04.991  00004003 00000000 00000000 00004000 00000003 
22.06.2021 11:23:05.717  00000003 00000000 00000000 00000000 00000003 
22.06.2021 11:23:06.272  00002003 00000000 00000000 00002000 00000003 
22.06.2021 11:23:48.902  00000000 00000000 00000000 00000000 00000000 
22.06.2021 11:23:48.929  00000080 00000080 00000000 00000000 00000000 
22.06.2021 11:23:48.932  00002080 00000080 00000000 00002000 00000000 
22.06.2021 11:23:49.025  00002082 00000080 00000000 00002000 00000002 
22.06.2021 11:23:49.031  00002083 00000080 00000000 00002000 00000003 
22.06.2021 11:23:49.070  000020c3 00000080 00000000 00002040 00000003 
22.06.2021 11:23:49.094  00002083 00000080 00000000 00002000 00000003 
22.06.2021 11:23:49.100  00002083 00000000 00000000 00002000 00000003 
22.06.2021 11:23:49.106  00002003 00000000 00000000 00002000 00000003 
22.06.2021 11:23:49.172  00002000 00000000 00000000 00002000 00000000 
22.06.2021 11:23:49.175  00000000 00000000 00000000 00000000 00000000 
22.06.2021 11:23:49.319  00000001 00000000 00000000 00000000 00000001 
22.06.2021 11:23:49.397  00000000 00000000 00000000 00000000 00000000 
22.06.2021 11:23:49.529  00000002 00000000 00000000 00000000 00000002 
22.06.2021 11:23:49.613  00000000 00000000 00000000 00000000 00000000 
22.06.2021 11:23:49.721  00002000 00000000 00000000 00002000 00000000 
22.06.2021 11:23:49.754  00000000 00000000 00000000 00000000 00000000 
22.06.2021 11:24:16.175  00000080 00000080 00000000 00000000 00000000 
22.06.2021 11:24:16.178  00002080 00000080 00000000 00002000 00000000 
25.06.2021 12:22:05.163  000003b3 000000b0 00000200 00000000 00010103 
25.06.2021 12:22:05.322  000001b3 000000b0 00000000 00000000 00010103 
25.06.2021 12:22:05.331  000000b3 000000b0 00000000 00000000 00000003 
25.06.2021 12:22:57.430  000000b3 00000000 00000000 00000000 00000003 
25.06.2021 12:22:57.436  00000003 00000000 00000000 00000000 00000003 
25.06.2021 12:22:57.778  80000003 80000000 00000000 00000000 00000003 
25.06.2021 12:22:57.784  00000003 00000000 00000000 00000000 00000003 
25.06.2021 12:22:57.880  00000033 00000030 00000000 00000000 00000003 
25.06.2021 12:22:57.940  00000033 00000000 00000000 00000000 00000003 
25.06.2021 12:22:57.946  00000003 00000000 00000000 00000000 00000003 
25.06.2021 12:23:01.075  00000033 00000030 00000000 00000000 00000003 
25.06.2021 12:23:01.144  00000033 00000000 00000000 00000000 00000003 
25.06.2021 12:23:01.150  00000003 00000000 00000000 00000000 00000003 
25.06.2021 12:23:01.291  00000043 00000000 00000000 00000040 00000003 
25.06.2021 12:23:01.303  000000c3 00000080 00000000 00000040 00000003 
25.06.2021 12:23:01.306  000020c3 00000080 00000000 00002040 00000003 
25.06.2021 12:23:01.384  00002083 00000080 00000000 00002000 00000003 
25.06.2021 12:23:01.387  00002083 00000000 00000000 00002000 00000003 
25.06.2021 12:23:01.393  00002003 00000000 00000000 00002000 00000003 
25.06.2021 12:23:01.396  00000003 00000000 00000000 00000000 00000003 
25.06.2021 12:23:01.510  00000083 00000080 00000000 00000000 00000003 
25.06.2021 12:23:01.576  00000083 00000000 00000000 00000000 00000003 
25.06.2021 12:23:01.582  00000003 00000000 00000000 00000000 00000003 
25.06.2021 12:23:01.723  00000083 00000080 00000000 00000000 00000003 
25.06.2021 12:23:01.912  00000083 00000000 00000000 00000000 00000003 
25.06.2021 12:23:01.918  00000003 00000000 00000000 00000000 00000003 
25.06.2021 12:23:02.062  00000103 00000000 00000000 00000000 00000003 
25.06.2021 12:23:02.065  00000103 00000000 00000000 00000000 00010103 
25.06.2021 12:23:02.152  00000003 00000000 00000000 00000000 00000003 
25.06.2021 12:23:02.317  00000103 00000000 00000000 00000000 00010103 
25.06.2021 12:23:02.404  00000003 00000000 00000000 00000000 00000003 
25.06.2021 12:23:02.548  00000203 00000000 00000000 00000000 00000003 
25.06.2021 12:23:02.551  00000203 00000000 00000200 00000000 00000003 
25.06.2021 12:23:02.641  00000003 00000000 00000000 00000000 00000003 
25.06.2021 12:23:02.782  00000203 00000000 00000000 00000000 00000003 
25.06.2021 12:23:02.785  00000203 00000000 00000200 00000000 00000003 
25.06.2021 12:23:02.872  00000003 00000000 00000000 00000000 00000003 
25.06.2021 12:23:02.998  00001003 00001000 00000000 00000000 00000003 
25.06.2021 12:23:03.022  00001003 00000000 00000000 00000000 00000003 
25.06.2021 12:23:03.025  00000003 00000000 00000000 00000000 00000003 
25.06.2021 12:23:03.049  00001003 00001000 00000000 00000000 00000003 
25.06.2021 12:23:03.058  00001003 00000000 00000000 00000000 00000003 
25.06.2021 12:23:03.061  00000003 00000000 00000000 00000000 00000003 
25.06.2021 12:23:03.082  00001003 00001000 00000000 00000000 00000003 
25.06.2021 12:23:03.094  00001003 00000000 00000000 00000000 00000003 
25.06.2021 12:23:03.097  00000003 00000000 00000000 00000000 00000003 
25.06.2021 12:23:03.112  00001003 00001000 00000000 00000000 00000003 
25.06.2021 12:23:03.130  00001003 00000000 00000000 00000000 00000003 
25.06.2021 12:23:03.133  00000003 00000000 00000000 00000000 00000003 
25.06.2021 12:23:03.148  00001003 00001000 00000000 00000000 00000003 
25.06.2021 12:23:03.166  00001003 00000000 00000000 00000000 00000003 
25.06.2021 12:23:03.169  00000003 00000000 00000000 00000000 00000003 
25.06.2021 12:23:03.184  00001003 00001000 00000000 00000000 00000003 
25.06.2021 12:23:03.202  00001003 00000000 00000000 00000000 00000003 
25.06.2021 12:23:03.205  00000003 00000000 00000000 00000000 00000003 
25.06.2021 12:23:03.217  00001003 00001000 00000000 00000000 00000003 
25.06.2021 12:23:03.238  00001003 00000000 00000000 00000000 00000003 
25.06.2021 12:23:03.241  00000003 00000000 00000000 00000000 00000003 
25.06.2021 12:23:03.253  00001003 00001000 00000000 00000000 00000003 
25.06.2021 12:23:03.274  00001003 00000000 00000000 00000000 00000003 
25.06.2021 12:23:03.277  00000003 00000000 00000000 00000000 00000003 
25.06.2021 12:23:03.292  00001003 00001000 00000000 00000000 00000003 
25.06.2021 12:23:03.310  00001003 00000000 00000000 00000000 00000003 
25.06.2021 12:23:03.313  00000003 00000000 00000000 00000000 00000003 
25.06.2021 12:23:03.328  00001003 00001000 00000000 00000000 00000003 
25.06.2021 12:23:03.346  00001003 00000000 00000000 00000000 00000003 
25.06.2021 12:23:03.349  00000003 00000000 00000000 00000000 00000003 
25.06.2021 12:23:03.361  00001003 00001000 00000000 00000000 00000003 
25.06.2021 12:23:03.382  00001003 00000000 00000000 00000000 00000003 
25.06.2021 12:23:03.385  00000003 00000000 00000000 00000000 00000003 
25.06.2021 12:23:03.400  00001003 00001000 00000000 00000000 00000003 
25.06.2021 12:23:03.418  00001003 00000000 00000000 00000000 00000003 
25.06.2021 12:23:03.421  00000003 00000000 00000000 00000000 00000003 
25.06.2021 12:23:03.436  00001003 00001000 00000000 00000000 00000003 
25.06.2021 12:23:03.454  00001003 00000000 00000000 00000000 00000003 
25.06.2021 12:23:03.457  00000003 00000000 00000000 00000000 00000003 
25.06.2021 12:23:03.472  00001003 00001000 00000000 00000000 00000003 
25.06.2021 12:23:03.490  00001003 00000000 00000000 00000000 00000003 
25.06.2021 12:23:03.493  00000003 00000000 00000000 00000000 00000003 
25.06.2021 12:23:03.505  00001003 00001000 00000000 00000000 00000003 
25.06.2021 12:23:03.526  00001003 00000000 00000000 00000000 00000003 
25.06.2021 12:23:03.529  00000003 00000000 00000000 00000000 00000003 
25.06.2021 12:23:03.544  00001003 00001000 00000000 00000000 00000003 
25.06.2021 12:23:03.562  00001003 00000000 00000000 00000000 00000003 
25.06.2021 12:23:03.565  00000003 00000000 00000000 00000000 00000003 
25.06.2021 12:23:03.580  00001003 00001000 00000000 00000000 00000003 
25.06.2021 12:23:03.598  00001003 00000000 00000000 00000000 00000003 
25.06.2021 12:23:03.601  00000003 00000000 00000000 00000000 00000003 
25.06.2021 12:23:03.616  00001003 00001000 00000000 00000000 00000003 
25.06.2021 12:23:03.634  00001003 00000000 00000000 00000000 00000003 
25.06.2021 12:23:03.637  00000003 00000000 00000000 00000000 00000003 
25.06.2021 12:23:03.649  00001003 00001000 00000000 00000000 00000003 
25.06.2021 12:23:03.670  00001003 00000000 00000000 00000000 00000003 
25.06.2021 12:23:03.673  00000003 00000000 00000000 00000000 00000003 
25.06.2021 12:23:03.688  00001003 00001000 00000000 00000000 00000003 
25.06.2021 12:23:03.706  00001003 00000000 00000000 00000000 00000003 
25.06.2021 12:23:03.709  00000003 00000000 00000000 00000000 00000003 
25.06.2021 12:23:03.724  00001003 00001000 00000000 00000000 00000003 
25.06.2021 12:23:03.742  00001003 00000000 00000000 00000000 00000003 
25.06.2021 12:23:03.745  00000003 00000000 00000000 00000000 00000003 
25.06.2021 12:23:03.760  00001003 00001000 00000000 00000000 00000003 
25.06.2021 12:23:03.778  00001003 00000000 00000000 00000000 00000003 
25.06.2021 12:23:03.781  00000003 00000000 00000000 00000000 00000003 
25.06.2021 12:23:03.793  00001003 00001000 00000000 00000000 00000003 
25.06.2021 12:23:03.814  00001003 00000000 00000000 00000000 00000003 
25.06.2021 12:23:03.817  00000003 00000000 00000000 00000000 00000003 
25.06.2021 12:23:03.829  00001003 00001000 00000000 00000000 00000003 
25.06.2021 12:23:03.850  00001003 00000000 00000000 00000000 00000003 
25.06.2021 12:23:03.853  00000003 00000000 00000000 00000000 00000003 
25.06.2021 12:23:03.865  00001003 00001000 00000000 00000000 00000003 
25.06.2021 12:23:03.886  00001003 00000000 00000000 00000000 00000003 
25.06.2021 12:23:03.889  00000003 00000000 00000000 00000000 00000003 
25.06.2021 12:23:03.901  00001003 00001000 00000000 00000000 00000003 
25.06.2021 12:23:03.922  00001003 00000000 00000000 00000000 00000003 
25.06.2021 12:23:03.925  00000003 00000000 00000000 00000000 00000003 
25.06.2021 12:23:04.051  00001003 00000000 00000000 00000000 00000003 
25.06.2021 12:23:04.054  00001003 00000000 00001000 00000000 00000003 
25.06.2021 12:23:04.129  00000003 00000000 00001000 00000000 00000003 
25.06.2021 12:23:04.132  00000003 00000000 00000000 00000000 00000003 
25.06.2021 12:23:04.270  00001003 00000000 00000000 00001000 00000003 
25.06.2021 12:23:04.279  00000003 00000000 00000000 00001000 00000003 
25.06.2021 12:23:04.282  00001003 00000000 00000000 00001000 00000003 
25.06.2021 12:23:04.291  00000003 00000000 00000000 00001000 00000003 
25.06.2021 12:23:04.294  00001003 00000000 00000000 00001000 00000003 
25.06.2021 12:23:04.303  00000003 00000000 00000000 00001000 00000003 
25.06.2021 12:23:04.306  00001003 00000000 00000000 00001000 00000003 
25.06.2021 12:23:04.315  00000003 00000000 00000000 00001000 00000003 
25.06.2021 12:23:04.318  00001003 00000000 00000000 00000000 00000003 
25.06.2021 12:23:04.321  00001003 00000000 00000000 00001000 00000003 
25.06.2021 12:23:04.327  00000003 00000000 00000000 00001000 00000003 
25.06.2021 12:23:04.330  00001003 00000000 00000000 00000000 00000003 
25.06.2021 12:23:04.333  00001003 00000000 00000000 00001000 00000003 
25.06.2021 12:23:04.342  00001003 00000000 00000000 00000000 00000003 
25.06.2021 12:23:04.345  00001003 00000000 00000000 00001000 00000003 
25.06.2021 12:23:04.363  00000003 00000000 00000000 00000000 00000003 
25.06.2021 12:23:04.366  00001003 00000000 00000000 00001000 00000003 
25.06.2021 12:23:04.375  00000003 00000000 00000000 00000000 00000003 
25.06.2021 12:23:04.378  00001003 00000000 00000000 00001000 00000003 
25.06.2021 12:23:04.387  00000003 00000000 00000000 00000000 00000003 
25.06.2021 12:23:04.390  00001003 00000000 00000000 00001000 00000003 
25.06.2021 12:23:04.399  00000003 00000000 00000000 00000000 00000003 
25.06.2021 12:23:04.402  00001003 00000000 00000000 00001000 00000003 
25.06.2021 12:23:04.411  00000003 00000000 00000000 00000000 00000003 
25.06.2021 12:23:04.414  00001003 00000000 00000000 00000000 00000003 
25.06.2021 12:23:04.417  00001003 00000000 00000000 00001000 00000003 
25.06.2021 12:23:04.453  00000003 00000000 00000000 00001000 00000003 
25.06.2021 12:23:04.456  00000003 00000000 00000000 00000000 00000003 
25.06.2021 12:23:04.459  00001003 00000000 00000000 00000000 00000003 
25.06.2021 12:23:04.462  00001003 00000000 00000000 00001000 00000003 
25.06.2021 12:23:04.468  00000003 00000000 00000000 00001000 00000003 
25.06.2021 12:23:04.471  00001003 00000000 00000000 00001000 00000003 
25.06.2021 12:23:04.546  00000003 00000000 00000000 00000000 00000003 
25.06.2021 12:23:04.672  00001003 00000000 00000000 00000000 00001003 
25.06.2021 12:23:04.759  00000003 00000000 00000000 00000000 00000003 
25.06.2021 12:23:04.861  00000003 00000000 00400000 00000000 00000003 
25.06.2021 12:23:04.864  00000003 00000000 00000000 00000000 00000003 
25.06.2021 12:23:04.969  00000003 00000000 00000000 00400000 00000003 
25.06.2021 12:23:04.972  00000003 00000000 00000000 00000000 00000003 
25.06.2021 12:23:05.071  00000003 00000000 00000000 00000000 00400003 
25.06.2021 12:23:05.074  00000003 00000000 00000000 00000000 00000003 
25.06.2021 12:23:05.218  00000003 00000000 00000000 00000000 00800003 
25.06.2021 12:23:05.221  00000003 00000000 00000000 00000000 00000003 
25.06.2021 12:23:05.572  00001003 00000000 00001000 00000000 00000003 
25.06.2021 12:23:05.659  00000003 00000000 00001000 00000000 00000003 
25.06.2021 12:23:05.662  00000003 00000000 00000000 00000000 00000003 
25.06.2021 12:23:05.800  00001003 00000000 00000000 00000000 00001003 
25.06.2021 12:23:05.875  00000003 00000000 00000000 00000000 00000003 
25.06.2021 12:23:06.028  00001003 00000000 00001000 00000000 00000003 
25.06.2021 12:23:06.109  00000003 00000000 00001000 00000000 00000003 
25.06.2021 12:23:06.112  00000003 00000000 00000000 00000000 00000003 
25.06.2021 12:23:06.250  00001003 00000000 00000000 00000000 00001003 
25.06.2021 12:23:06.325  00000003 00000000 00000000 00000000 00000003 
25.06.2021 12:23:07.201  00000003 00000000 00800000 00000000 00000003 
25.06.2021 12:23:07.204  00000003 00000000 00000000 00000000 00000003 
25.06.2021 12:23:07.336  00000003 00000000 00000000 00800000 00000003 
25.06.2021 12:23:07.339  00000003 00000000 00000000 00000000 00000003 
25.06.2021 12:23:07.477  00004003 00000000 00004000 00000000 00000003 
25.06.2021 12:23:07.549  00000003 00000000 00004000 00000000 00000003 
25.06.2021 12:23:07.552  00000003 00000000 00000000 00000000 00000003 
25.06.2021 12:23:07.690  00004003 00000000 00000000 00000000 00004003 
25.06.2021 12:23:07.765  00000003 00000000 00000000 00000000 00000003 
25.06.2021 12:23:07.918  00004003 00000000 00004000 00000000 00000003 
25.06.2021 12:23:08.002  00000003 00000000 00000000 00000000 00000003 
25.06.2021 12:23:08.140  00004003 00000000 00000000 00000000 00004003 
25.06.2021 12:23:08.215  00000003 00000000 00000000 00000000 00000003 
25.06.2021 12:23:08.587  00004003 00004000 00000000 00000000 00000003 
25.06.2021 12:23:09.799  00004003 00000000 00000000 00000000 00000003 
25.06.2021 12:23:09.805  00000003 00000000 00000000 00000000 00000003 
25.06.2021 12:23:10.204  00004003 00000000 00000000 00000000 00000003 
25.06.2021 12:23:10.207  00004003 00000000 00000000 00004000 00000003 
25.06.2021 12:23:10.837  00000003 00000000 00000000 00000000 00000003 
25.06.2021 12:23:11.389  00002003 00000000 00000000 00002000 00000003 
25.06.2021 12:23:20.125  00000000 00000000 00000000 00000000 00000000 
25.06.2021 12:23:20.146  00000080 00000080 00000000 00000000 00000000 
25.06.2021 12:23:20.149  00002080 00000080 00000000 00002000 00000000 
25.06.2021 12:23:20.242  00002082 00000080 00000000 00002000 00000002 
25.06.2021 12:23:20.248  00002083 00000080 00000000 00002000 00000002 
25.06.2021 12:23:20.251  00002083 00000080 00000000 00002000 00000003 
25.06.2021 12:23:20.308  000020c3 00000080 00000000 00002040 00000003 
25.06.2021 12:23:20.329  00002083 00000080 00000000 00002000 00000003 
25.06.2021 12:23:20.338  00002083 00000000 00000000 00002000 00000003 
25.06.2021 12:23:20.344  00002003 00000000 00000000 00002000 00000003 
25.06.2021 12:23:20.413  00002000 00000000 00000000 00002000 00000000 
25.06.2021 12:23:20.416  00000000 00000000 00000000 00000000 00000000 
25.06.2021 12:23:20.560  00000001 00000000 00000000 00000000 00000001 
25.06.2021 12:23:20.635  00000000 00000000 00000000 00000000 00000000 
25.06.2021 12:23:20.770  00000002 00000000 00000000 00000000 00000002 
25.06.2021 12:23:20.851  00000000 00000000 00000000 00000000 00000000 
25.06.2021 12:23:20.971  00002000 00000000 00000000 00002000 00000000 
25.06.2021 12:23:21.004  00000000 00000000 00000000 00000000 00000000 
25.06.2021 12:35:18.438  00002002 00000000 00000000 00002000 00000002 
25.06.2021 12:35:18.441  00002003 00000000 00000000 00002000 00000002 
25.06.2021 12:35:18.444  00002003 00000000 00000000 00002000 00000003 
25.06.2021 12:35:32.304  00002083 00000080 00000000 00002000 00000003 
27.06.2021 12:02:17.270  000003b3 000000b0 00000200 00000000 00010103 
27.06.2021 12:02:17.429  000001b3 000000b0 00000000 00000000 00010103 
27.06.2021 12:02:17.441  000000b3 000000b0 00000000 00000000 00000003 
27.06.2021 12:03:50.244  000000b3 00000000 00000000 00000000 00000003 
27.06.2021 12:03:50.250  00000003 00000000 00000000 00000000 00000003 
27.06.2021 12:03:50.637  80000003 80000000 00000000 00000000 00000003 
27.06.2021 12:03:50.643  00000003 00000000 00000000 00000000 00000003 
27.06.2021 12:03:50.733  00000033 00000030 00000000 00000000 00000003 
27.06.2021 12:03:50.802  00000033 00000000 00000000 00000000 00000003 
27.06.2021 12:03:50.808  00000003 00000000 00000000 00000000 00000003 
27.06.2021 12:03:53.934  00000033 00000030 00000000 00000000 00000003 
27.06.2021 12:03:54.006  00000033 00000000 00000000 00000000 00000003 
27.06.2021 12:03:54.012  00000003 00000000 00000000 00000000 00000003 
27.06.2021 12:03:54.141  00000043 00000000 00000000 00000040 00000003 
27.06.2021 12:03:54.153  000000c3 00000080 00000000 00000040 00000003 
27.06.2021 12:03:54.156  000020c3 00000080 00000000 00002040 00000003 
27.06.2021 12:03:54.234  00002083 00000080 00000000 00002000 00000003 
27.06.2021 12:03:54.237  00002083 00000000 00000000 00002000 00000003 
27.06.2021 12:03:54.243  00002003 00000000 00000000 00002000 00000003 
27.06.2021 12:03:54.246  00000003 00000000 00000000 00000000 00000003 
27.06.2021 12:03:54.360  00000083 00000080 00000000 00000000 00000003 
27.06.2021 12:03:54.420  00000083 00000000 00000000 00000000 00000003 
27.06.2021 12:03:54.426  00000003 00000000 00000000 00000000 00000003 
27.06.2021 12:03:54.564  00000083 00000080 00000000 00000000 00000003 
27.06.2021 12:03:54.636  00000083 00000000 00000000 00000000 00000003 
27.06.2021 12:03:54.642  00000003 00000000 00000000 00000000 00000003 
27.06.2021 12:03:54.783  00000103 00000000 00000000 00000000 00000003 
27.06.2021 12:03:54.786  00000103 00000000 00000000 00000000 00010103 
27.06.2021 12:03:54.870  00000003 00000000 00000000 00000000 00000003 
27.06.2021 12:03:55.035  00000103 00000000 00000000 00000000 00010103 
27.06.2021 12:03:55.122  00000003 00000000 00000000 00000000 00000003 
27.06.2021 12:03:55.263  00000203 00000000 00000000 00000000 00000003 
27.06.2021 12:03:55.266  00000203 00000000 00000200 00000000 00000003 
27.06.2021 12:03:55.356  00000003 00000000 00000000 00000000 00000003 
27.06.2021 12:03:55.503  00000203 00000000 00000000 00000000 00000003 
27.06.2021 12:03:55.506  00000203 00000000 00000200 00000000 00000003 
27.06.2021 12:03:55.590  00000003 00000000 00000000 00000000 00000003 
27.06.2021 12:03:55.713  00001003 00001000 00000000 00000000 00000003 
27.06.2021 12:03:55.737  00001003 00000000 00000000 00000000 00000003 
27.06.2021 12:03:55.740  00000003 00000000 00000000 00000000 00000003 
27.06.2021 12:03:55.755  00001003 00001000 00000000 00000000 00000003 
27.06.2021 12:03:55.773  00001003 00000000 00000000 00000000 00000003 
27.06.2021 12:03:55.776  00000003 00000000 00000000 00000000 00000003 
27.06.2021 12:03:55.788  00001003 00001000 00000000 00000000 00000003 
27.06.2021 12:03:55.809  00001003 00000000 00000000 00000000 00000003 
27.06.2021 12:03:55.812  00000003 00000000 00000000 00000000 00000003 
27.06.2021 12:03:55.824  00001003 00001000 00000000 00000000 00000003 
27.06.2021 12:03:55.845  00001003 00000000 00000000 00000000 00000003 
27.06.2021 12:03:55.848  00000003 00000000 00000000 00000000 00000003 
27.06.2021 12:03:55.863  00001003 00001000 00000000 00000000 00000003 
27.06.2021 12:03:55.881  00001003 00000000 00000000 00000000 00000003 
27.06.2021 12:03:55.884  00000003 00000000 00000000 00000000 00000003 
27.06.2021 12:03:55.899  00001003 00001000 00000000 00000000 00000003 
27.06.2021 12:03:55.917  00001003 00000000 00000000 00000000 00000003 
27.06.2021 12:03:55.920  00000003 00000000 00000000 00000000 00000003 
27.06.2021 12:03:55.932  00001003 00001000 00000000 00000000 00000003 
27.06.2021 12:03:55.953  00001003 00000000 00000000 00000000 00000003 
27.06.2021 12:03:55.956  00000003 00000000 00000000 00000000 00000003 
27.06.2021 12:03:55.968  00001003 00001000 00000000 00000000 00000003 
27.06.2021 12:03:55.989  00001003 00000000 00000000 00000000 00000003 
27.06.2021 12:03:55.992  00000003 00000000 00000000 00000000 00000003 
27.06.2021 12:03:56.004  00001003 00001000 00000000 00000000 00000003 
27.06.2021 12:03:56.025  00001003 00000000 00000000 00000000 00000003 
27.06.2021 12:03:56.028  00000003 00000000 00000000 00000000 00000003 
27.06.2021 12:03:56.043  00001003 00001000 00000000 00000000 00000003 
27.06.2021 12:03:56.061  00001003 00000000 00000000 00000000 00000003 
27.06.2021 12:03:56.064  00000003 00000000 00000000 00000000 00000003 
27.06.2021 12:03:56.076  00001003 00001000 00000000 00000000 00000003 
27.06.2021 12:03:56.097  00001003 00000000 00000000 00000000 00000003 
27.06.2021 12:03:56.100  00000003 00000000 00000000 00000000 00000003 
27.06.2021 12:03:56.112  00001003 00001000 00000000 00000000 00000003 
27.06.2021 12:03:56.133  00001003 00000000 00000000 00000000 00000003 
27.06.2021 12:03:56.136  00000003 00000000 00000000 00000000 00000003 
27.06.2021 12:03:56.151  00001003 00001000 00000000 00000000 00000003 
27.06.2021 12:03:56.169  00001003 00000000 00000000 00000000 00000003 
27.06.2021 12:03:56.172  00000003 00000000 00000000 00000000 00000003 
27.06.2021 12:03:56.187  00001003 00001000 00000000 00000000 00000003 
27.06.2021 12:03:56.205  00001003 00000000 00000000 00000000 00000003 
27.06.2021 12:03:56.208  00000003 00000000 00000000 00000000 00000003 
27.06.2021 12:03:56.220  00001003 00001000 00000000 00000000 00000003 
27.06.2021 12:03:56.241  00001003 00000000 00000000 00000000 00000003 
27.06.2021 12:03:56.244  00000003 00000000 00000000 00000000 00000003 
27.06.2021 12:03:56.259  00001003 00001000 00000000 00000000 00000003 
27.06.2021 12:03:56.277  00001003 00000000 00000000 00000000 00000003 
27.06.2021 12:03:56.280  00000003 00000000 00000000 00000000 00000003 
27.06.2021 12:03:56.295  00000003 00001000 00000000 00000000 00000003 
27.06.2021 12:03:56.298  00001003 00001000 00000000 00000000 00000003 
27.06.2021 12:03:56.313  00001003 00000000 00000000 00000000 00000003 
27.06.2021 12:03:56.316  00000003 00000000 00000000 00000000 00000003 
27.06.2021 12:03:56.328  00001003 00001000 00000000 00000000 00000003 
27.06.2021 12:03:56.349  00001003 00000000 00000000 00000000 00000003 
27.06.2021 12:03:56.352  00000003 00000000 00000000 00000000 00000003 
27.06.2021 12:03:56.364  00001003 00001000 00000000 00000000 00000003 
27.06.2021 12:03:56.385  00001003 00000000 00000000 00000000 00000003 
27.06.2021 12:03:56.388  00000003 00000000 00000000 00000000 00000003 
27.06.2021 12:03:56.403  00001003 00001000 00000000 00000000 00000003 
27.06.2021 12:03:56.421  00001003 00000000 00000000 00000000 00000003 
27.06.2021 12:03:56.424  00000003 00000000 00000000 00000000 00000003 
27.06.2021 12:03:56.436  00001003 00001000 00000000 00000000 00000003 
27.06.2021 12:03:56.457  00001003 00000000 00000000 00000000 00000003 
27.06.2021 12:03:56.460  00000003 00000000 00000000 00000000 00000003 
27.06.2021 12:03:56.475  00001003 00001000 00000000 00000000 00000003 
27.06.2021 12:03:56.493  00001003 00000000 00000000 00000000 00000003 
27.06.2021 12:03:56.496  00000003 00000000 00000000 00000000 00000003 
27.06.2021 12:03:56.508  00001003 00001000 00000000 00000000 00000003 
27.06.2021 12:03:56.529  00001003 00000000 00000000 00000000 00000003 
27.06.2021 12:03:56.532  00000003 00000000 00000000 00000000 00000003 
27.06.2021 12:03:56.544  00001003 00001000 00000000 00000000 00000003 
27.06.2021 12:03:56.565  00001003 00000000 00000000 00000000 00000003 
27.06.2021 12:03:56.568  00000003 00000000 00000000 00000000 00000003 
27.06.2021 12:03:56.580  00001003 00001000 00000000 00000000 00000003 
27.06.2021 12:03:56.601  00001003 00000000 00000000 00000000 00000003 
27.06.2021 12:03:56.604  00000003 00000000 00000000 00000000 00000003 
27.06.2021 12:03:56.616  00001003 00001000 00000000 00000000 00000003 
27.06.2021 12:03:56.637  00001003 00000000 00000000 00000000 00000003 
27.06.2021 12:03:56.640  00000003 00000000 00000000 00000000 00000003 
27.06.2021 12:03:56.769  00001003 00000000 00000000 00000000 00000003 
27.06.2021 12:03:56.772  00001003 00000000 00001000 00000000 00000003 
27.06.2021 12:03:56.847  00000003 00000000 00001000 00000000 00000003 
27.06.2021 12:03:56.850  00000003 00000000 00000000 00000000 00000003 
27.06.2021 12:03:57.000  00001003 00000000 00000000 00001000 00000003 
27.06.2021 12:03:57.009  00000003 00000000 00000000 00001000 00000003 
27.06.2021 12:03:57.012  00001003 00000000 00000000 00001000 00000003 
27.06.2021 12:03:57.021  00000003 00000000 00000000 00001000 00000003 
27.06.2021 12:03:57.024  00001003 00000000 00000000 00001000 00000003 
27.06.2021 12:03:57.033  00000003 00000000 00000000 00001000 00000003 
27.06.2021 12:03:57.036  00001003 00000000 00000000 00001000 00000003 
27.06.2021 12:03:57.045  00000003 00000000 00000000 00001000 00000003 
27.06.2021 12:03:57.048  00001003 00000000 00000000 00001000 00000003 
27.06.2021 12:03:57.057  00000003 00000000 00000000 00001000 00000003 
27.06.2021 12:03:57.060  00001003 00000000 00000000 00000000 00000003 
27.06.2021 12:03:57.063  00001003 00000000 00000000 00001000 00000003 
27.06.2021 12:03:57.069  00000003 00000000 00000000 00001000 00000003 
27.06.2021 12:03:57.072  00001003 00000000 00000000 00000000 00000003 
27.06.2021 12:03:57.075  00001003 00000000 00000000 00001000 00000003 
27.06.2021 12:03:57.093  00000003 00000000 00000000 00000000 00000003 
27.06.2021 12:03:57.096  00001003 00000000 00000000 00001000 00000003 
27.06.2021 12:03:57.105  00000003 00000000 00000000 00000000 00000003 
27.06.2021 12:03:57.108  00001003 00000000 00000000 00001000 00000003 
27.06.2021 12:03:57.117  00000003 00000000 00000000 00000000 00000003 
27.06.2021 12:03:57.120  00001003 00000000 00000000 00001000 00000003 
27.06.2021 12:03:57.129  00000003 00000000 00000000 00000000 00000003 
27.06.2021 12:03:57.132  00001003 00000000 00000000 00001000 00000003 
27.06.2021 12:03:57.141  00000003 00000000 00000000 00000000 00000003 
27.06.2021 12:03:57.147  00001003 00000000 00000000 00001000 00000003 
27.06.2021 12:03:57.174  00000003 00000000 00000000 00001000 00000003 
27.06.2021 12:03:57.177  00001003 00000000 00000000 00001000 00000003 
27.06.2021 12:03:57.186  00000003 00000000 00000000 00000000 00000003 
27.06.2021 12:03:57.189  00001003 00000000 00000000 00000000 00000003 
27.06.2021 12:03:57.192  00001003 00000000 00000000 00001000 00000003 
27.06.2021 12:03:57.276  00000003 00000000 00000000 00000000 00000003 
27.06.2021 12:03:57.405  00001003 00000000 00000000 00000000 00001003 
27.06.2021 12:03:57.495  00000003 00000000 00000000 00000000 00000003 
27.06.2021 12:03:57.594  00000003 00000000 00400000 00000000 00000003 
27.06.2021 12:03:57.597  00000003 00000000 00000000 00000000 00000003 
27.06.2021 12:03:57.696  00000003 00000000 00000000 00400000 00000003 
27.06.2021 12:03:57.699  00000003 00000000 00000000 00000000 00000003 
27.06.2021 12:03:57.801  00000003 00000000 00000000 00000000 00400003 
27.06.2021 12:03:57.804  00000003 00000000 00000000 00000000 00000003 
27.06.2021 12:03:57.948  00000003 00000000 00000000 00000000 00800003 
27.06.2021 12:03:57.951  00000003 00000000 00000000 00000000 00000003 
27.06.2021 12:03:58.308  00001003 00000000 00001000 00000000 00000003 
27.06.2021 12:03:58.395  00000003 00000000 00001000 00000000 00000003 
27.06.2021 12:03:58.398  00000003 00000000 00000000 00000000 00000003 
27.06.2021 12:03:58.533  00001003 00000000 00000000 00000000 00001003 
27.06.2021 12:03:58.611  00000003 00000000 00000000 00000000 00000003 
27.06.2021 12:03:58.761  00001003 00000000 00001000 00000000 00000003 
27.06.2021 12:03:58.845  00000003 00000000 00001000 00000000 00000003 
27.06.2021 12:03:58.848  00000003 00000000 00000000 00000000 00000003 
27.06.2021 12:03:58.983  00001003 00000000 00000000 00000000 00001003 
27.06.2021 12:03:59.061  00000003 00000000 00000000 00000000 00000003 
27.06.2021 12:03:59.811  00000003 00000000 00800000 00000000 00000003 
27.06.2021 12:03:59.814  00000003 00000000 00000000 00000000 00000003 
27.06.2021 12:03:59.946  00000003 00000000 00000000 00800000 00000003 
27.06.2021 12:03:59.949  00000003 00000000 00000000 00000000 00000003 
27.06.2021 12:04:00.087  00004003 00000000 00004000 00000000 00000003 
27.06.2021 12:04:00.177  00000003 00000000 00004000 00000000 00000003 
27.06.2021 12:04:00.180  00000003 00000000 00000000 00000000 00000003 
27.06.2021 12:04:00.315  00004003 00000000 00000000 00000000 00004003 
27.06.2021 12:04:00.408  00000003 00000000 00000000 00000000 00000003 
27.06.2021 12:04:00.702  00004003 00000000 00004000 00000000 00000003 
27.06.2021 12:04:00.789  00000003 00000000 00004000 00000000 00000003 
27.06.2021 12:04:00.792  00000003 00000000 00000000 00000000 00000003 
27.06.2021 12:04:00.927  00004003 00000000 00000000 00000000 00004003 
27.06.2021 12:04:01.005  00000003 00000000 00000000 00000000 00000003 
27.06.2021 12:04:01.311  00004003 00004000 00000000 00000000 00000003 
27.06.2021 12:04:02.523  00004003 00000000 00000000 00000000 00000003 
27.06.2021 12:04:02.529  00000003 00000000 00000000 00000000 00000003 
27.06.2021 12:04:02.952  00004003 00000000 00000000 00000000 00000003 
27.06.2021 12:04:02.955  00004003 00000000 00000000 00004000 00000003 
27.06.2021 12:04:03.597  00000003 00000000 00000000 00000000 00000003 
27.06.2021 12:04:04.143  00002003 00000000 00000000 00002000 00000003 
27.06.2021 12:05:18.325  00000000 00000000 00000000 00000000 00000000 
27.06.2021 12:05:18.361  00000080 00000080 00000000 00000000 00000000 
27.06.2021 12:05:18.364  00002080 00000080 00000000 00002000 00000000 
27.06.2021 12:05:18.457  00002082 00000080 00000000 00002000 00000002 
27.06.2021 12:05:18.463  00002083 00000080 00000000 00002000 00000003 
27.06.2021 12:05:18.520  000020c3 00000080 00000000 00002040 00000003 
27.06.2021 12:05:18.544  00002083 00000080 00000000 00002000 00000003 
27.06.2021 12:05:18.550  00002083 00000000 00000000 00002000 00000003 
27.06.2021 12:05:18.556  00002003 00000000 00000000 00002000 00000003 
27.06.2021 12:05:18.613  00002000 00000000 00000000 00002000 00000002 
27.06.2021 12:05:18.616  00000000 00000000 00000000 00000000 00000000 
27.06.2021 12:05:18.760  00000001 00000000 00000000 00000000 00000001 
27.06.2021 12:05:18.838  00000000 00000000 00000000 00000000 00000000 
27.06.2021 12:05:18.970  00000002 00000000 00000000 00000000 00000002 
27.06.2021 12:05:19.054  00000000 00000000 00000000 00000000 00000000 
27.06.2021 12:05:19.162  00002000 00000000 00000000 00002000 00000000 
27.06.2021 12:05:19.195  00000000 00000000 00000000 00000000 00000000 
27.06.2021 12:12:46.725  00002002 00000000 00000000 00002000 00000002 
27.06.2021 12:12:46.728  00002003 00000000 00000000 00002000 00000002 
27.06.2021 12:12:46.731  00002003 00000000 00000000 00002000 00000003 
27.06.2021 12:13:06.492  00002803 00000000 00000000 00002800 00000003 
27.06.2021 12:39:13.318  00000800 00000000 00000000 00000800 00000000 
27.06.2021 12:39:13.634  00000000 00000000 00000000 00000000 00000000 
27.06.2021 12:44:41.993  00000002 00000000 00000000 00000000 00000000 
27.06.2021 12:44:41.996  00002002 00000000 00000000 00002000 00000002 
27.06.2021 12:44:41.999  00002003 00000000 00000000 00002000 00000003 
27.06.2021 12:44:46.001  00002083 00000080 00000000 00002000 00000003 

Servicedata V1.0 PLC:\DEBUG\S_State.service.trace created 27.06.2021 16:23:55 (local time)
hostname: hu, Software: 606421 04, built: 08.10.2014 08:59
-------------------------------------------------------------------------------------------
                    ms   global   master   device1
25.06.2021 12:23:04.402  00001003 00000000 00000000 00001000 00000003 
25.06.2021 12:23:04.411  00000003 00000000 00000000 00000000 00000003 
25.06.2021 12:23:04.414  00001003 00000000 00000000 00000000 00000003 
25.06.2021 12:23:04.417  00001003 00000000 00000000 00001000 00000003 
25.06.2021 12:23:04.453  00000003 00000000 00000000 00001000 00000003 
25.06.2021 12:23:04.456  00000003 00000000 00000000 00000000 00000003 
25.06.2021 12:23:04.459  00001003 00000000 00000000 00000000 00000003 
25.06.2021 12:23:04.462  00001003 00000000 00000000 00001000 00000003 
25.06.2021 12:23:04.468  00000003 00000000 00000000 00001000 00000003 
25.06.2021 12:23:04.471  00001003 00000000 00000000 00001000 00000003 
25.06.2021 12:23:04.546  00000003 00000000 00000000 00000000 00000003 
25.06.2021 12:23:04.672  00001003 00000000 00000000 00000000 00001003 
25.06.2021 12:23:04.759  00000003 00000000 00000000 00000000 00000003 
25.06.2021 12:23:04.861  00000003 00000000 00400000 00000000 00000003 
25.06.2021 12:23:04.864  00000003 00000000 00000000 00000000 00000003 
25.06.2021 12:23:04.969  00000003 00000000 00000000 00400000 00000003 
25.06.2021 12:23:04.972  00000003 00000000 00000000 00000000 00000003 
25.06.2021 12:23:05.071  00000003 00000000 00000000 00000000 00400003 
25.06.2021 12:23:05.074  00000003 00000000 00000000 00000000 00000003 
25.06.2021 12:23:05.218  00000003 00000000 00000000 00000000 00800003 
25.06.2021 12:23:05.221  00000003 00000000 00000000 00000000 00000003 
25.06.2021 12:23:05.572  00001003 00000000 00001000 00000000 00000003 
25.06.2021 12:23:05.659  00000003 00000000 00001000 00000000 00000003 
25.06.2021 12:23:05.662  00000003 00000000 00000000 00000000 00000003 
25.06.2021 12:23:05.800  00001003 00000000 00000000 00000000 00001003 
25.06.2021 12:23:05.875  00000003 00000000 00000000 00000000 00000003 
25.06.2021 12:23:06.028  00001003 00000000 00001000 00000000 00000003 
25.06.2021 12:23:06.109  00000003 00000000 00001000 00000000 00000003 
25.06.2021 12:23:06.112  00000003 00000000 00000000 00000000 00000003 
25.06.2021 12:23:06.250  00001003 00000000 00000000 00000000 00001003 
25.06.2021 12:23:06.325  00000003 00000000 00000000 00000000 00000003 
25.06.2021 12:23:07.201  00000003 00000000 00800000 00000000 00000003 
25.06.2021 12:23:07.204  00000003 00000000 00000000 00000000 00000003 
25.06.2021 12:23:07.336  00000003 00000000 00000000 00800000 00000003 
25.06.2021 12:23:07.339  00000003 00000000 00000000 00000000 00000003 
25.06.2021 12:23:07.477  00004003 00000000 00004000 00000000 00000003 
25.06.2021 12:23:07.549  00000003 00000000 00004000 00000000 00000003 
25.06.2021 12:23:07.552  00000003 00000000 00000000 00000000 00000003 
25.06.2021 12:23:07.690  00004003 00000000 00000000 00000000 00004003 
25.06.2021 12:23:07.765  00000003 00000000 00000000 00000000 00000003 
25.06.2021 12:23:07.918  00004003 00000000 00004000 00000000 00000003 
25.06.2021 12:23:08.002  00000003 00000000 00000000 00000000 00000003 
25.06.2021 12:23:08.140  00004003 00000000 00000000 00000000 00004003 
25.06.2021 12:23:08.215  00000003 00000000 00000000 00000000 00000003 
25.06.2021 12:23:08.587  00004003 00004000 00000000 00000000 00000003 
25.06.2021 12:23:09.799  00004003 00000000 00000000 00000000 00000003 
25.06.2021 12:23:09.805  00000003 00000000 00000000 00000000 00000003 
25.06.2021 12:23:10.204  00004003 00000000 00000000 00000000 00000003 
25.06.2021 12:23:10.207  00004003 00000000 00000000 00004000 00000003 
25.06.2021 12:23:10.837  00000003 00000000 00000000 00000000 00000003 
25.06.2021 12:23:11.389  00002003 00000000 00000000 00002000 00000003 
25.06.2021 12:23:20.125  00000000 00000000 00000000 00000000 00000000 
25.06.2021 12:23:20.146  00000080 00000080 00000000 00000000 00000000 
25.06.2021 12:23:20.149  00002080 00000080 00000000 00002000 00000000 
25.06.2021 12:23:20.242  00002082 00000080 00000000 00002000 00000002 
25.06.2021 12:23:20.248  00002083 00000080 00000000 00002000 00000002 
25.06.2021 12:23:20.251  00002083 00000080 00000000 00002000 00000003 
25.06.2021 12:23:20.308  000020c3 00000080 00000000 00002040 00000003 
25.06.2021 12:23:20.329  00002083 00000080 00000000 00002000 00000003 
25.06.2021 12:23:20.338  00002083 00000000 00000000 00002000 00000003 
25.06.2021 12:23:20.344  00002003 00000000 00000000 00002000 00000003 
25.06.2021 12:23:20.413  00002000 00000000 00000000 00002000 00000000 
25.06.2021 12:23:20.416  00000000 00000000 00000000 00000000 00000000 
25.06.2021 12:23:20.560  00000001 00000000 00000000 00000000 00000001 
25.06.2021 12:23:20.635  00000000 00000000 00000000 00000000 00000000 
25.06.2021 12:23:20.770  00000002 00000000 00000000 00000000 00000002 
25.06.2021 12:23:20.851  00000000 00000000 00000000 00000000 00000000 
25.06.2021 12:23:20.971  00002000 00000000 00000000 00002000 00000000 
25.06.2021 12:23:21.004  00000000 00000000 00000000 00000000 00000000 
25.06.2021 12:35:18.438  00002002 00000000 00000000 00002000 00000002 
25.06.2021 12:35:18.441  00002003 00000000 00000000 00002000 00000002 
25.06.2021 12:35:18.444  00002003 00000000 00000000 00002000 00000003 
25.06.2021 12:35:32.304  00002083 00000080 00000000 00002000 00000003 
27.06.2021 12:02:17.270  000003b3 000000b0 00000200 00000000 00010103 
27.06.2021 12:02:17.429  000001b3 000000b0 00000000 00000000 00010103 
27.06.2021 12:02:17.441  000000b3 000000b0 00000000 00000000 00000003 
27.06.2021 12:03:50.244  000000b3 00000000 00000000 00000000 00000003 
27.06.2021 12:03:50.250  00000003 00000000 00000000 00000000 00000003 
27.06.2021 12:03:50.637  80000003 80000000 00000000 00000000 00000003 
27.06.2021 12:03:50.643  00000003 00000000 00000000 00000000 00000003 
27.06.2021 12:03:50.733  00000033 00000030 00000000 00000000 00000003 
27.06.2021 12:03:50.802  00000033 00000000 00000000 00000000 00000003 
27.06.2021 12:03:50.808  00000003 00000000 00000000 00000000 00000003 
27.06.2021 12:03:53.934  00000033 00000030 00000000 00000000 00000003 
27.06.2021 12:03:54.006  00000033 00000000 00000000 00000000 00000003 
27.06.2021 12:03:54.012  00000003 00000000 00000000 00000000 00000003 
27.06.2021 12:03:54.141  00000043 00000000 00000000 00000040 00000003 
27.06.2021 12:03:54.153  000000c3 00000080 00000000 00000040 00000003 
27.06.2021 12:03:54.156  000020c3 00000080 00000000 00002040 00000003 
27.06.2021 12:03:54.234  00002083 00000080 00000000 00002000 00000003 
27.06.2021 12:03:54.237  00002083 00000000 00000000 00002000 00000003 
27.06.2021 12:03:54.243  00002003 00000000 00000000 00002000 00000003 
27.06.2021 12:03:54.246  00000003 00000000 00000000 00000000 00000003 
27.06.2021 12:03:54.360  00000083 00000080 00000000 00000000 00000003 
27.06.2021 12:03:54.420  00000083 00000000 00000000 00000000 00000003 
27.06.2021 12:03:54.426  00000003 00000000 00000000 00000000 00000003 
27.06.2021 12:03:54.564  00000083 00000080 00000000 00000000 00000003 
27.06.2021 12:03:54.636  00000083 00000000 00000000 00000000 00000003 
27.06.2021 12:03:54.642  00000003 00000000 00000000 00000000 00000003 
27.06.2021 12:03:54.783  00000103 00000000 00000000 00000000 00000003 
27.06.2021 12:03:54.786  00000103 00000000 00000000 00000000 00010103 
27.06.2021 12:03:54.870  00000003 00000000 00000000 00000000 00000003 
27.06.2021 12:03:55.035  00000103 00000000 00000000 00000000 00010103 
27.06.2021 12:03:55.122  00000003 00000000 00000000 00000000 00000003 
27.06.2021 12:03:55.263  00000203 00000000 00000000 00000000 00000003 
27.06.2021 12:03:55.266  00000203 00000000 00000200 00000000 00000003 
27.06.2021 12:03:55.356  00000003 00000000 00000000 00000000 00000003 
27.06.2021 12:03:55.503  00000203 00000000 00000000 00000000 00000003 
27.06.2021 12:03:55.506  00000203 00000000 00000200 00000000 00000003 
27.06.2021 12:03:55.590  00000003 00000000 00000000 00000000 00000003 
27.06.2021 12:03:55.713  00001003 00001000 00000000 00000000 00000003 
27.06.2021 12:03:55.737  00001003 00000000 00000000 00000000 00000003 
27.06.2021 12:03:55.740  00000003 00000000 00000000 00000000 00000003 
27.06.2021 12:03:55.755  00001003 00001000 00000000 00000000 00000003 
27.06.2021 12:03:55.773  00001003 00000000 00000000 00000000 00000003 
27.06.2021 12:03:55.776  00000003 00000000 00000000 00000000 00000003 
27.06.2021 12:03:55.788  00001003 00001000 00000000 00000000 00000003 
27.06.2021 12:03:55.809  00001003 00000000 00000000 00000000 00000003 
27.06.2021 12:03:55.812  00000003 00000000 00000000 00000000 00000003 
27.06.2021 12:03:55.824  00001003 00001000 00000000 00000000 00000003 
27.06.2021 12:03:55.845  00001003 00000000 00000000 00000000 00000003 
27.06.2021 12:03:55.848  00000003 00000000 00000000 00000000 00000003 
27.06.2021 12:03:55.863  00001003 00001000 00000000 00000000 00000003 
27.06.2021 12:03:55.881  00001003 00000000 00000000 00000000 00000003 
27.06.2021 12:03:55.884  00000003 00000000 00000000 00000000 00000003 
27.06.2021 12:03:55.899  00001003 00001000 00000000 00000000 00000003 
27.06.2021 12:03:55.917  00001003 00000000 00000000 00000000 00000003 
27.06.2021 12:03:55.920  00000003 00000000 00000000 00000000 00000003 
27.06.2021 12:03:55.932  00001003 00001000 00000000 00000000 00000003 
27.06.2021 12:03:55.953  00001003 00000000 00000000 00000000 00000003 
27.06.2021 12:03:55.956  00000003 00000000 00000000 00000000 00000003 
27.06.2021 12:03:55.968  00001003 00001000 00000000 00000000 00000003 
27.06.2021 12:03:55.989  00001003 00000000 00000000 00000000 00000003 
27.06.2021 12:03:55.992  00000003 00000000 00000000 00000000 00000003 
27.06.2021 12:03:56.004  00001003 00001000 00000000 00000000 00000003 
27.06.2021 12:03:56.025  00001003 00000000 00000000 00000000 00000003 
27.06.2021 12:03:56.028  00000003 00000000 00000000 00000000 00000003 
27.06.2021 12:03:56.043  00001003 00001000 00000000 00000000 00000003 
27.06.2021 12:03:56.061  00001003 00000000 00000000 00000000 00000003 
27.06.2021 12:03:56.064  00000003 00000000 00000000 00000000 00000003 
27.06.2021 12:03:56.076  00001003 00001000 00000000 00000000 00000003 
27.06.2021 12:03:56.097  00001003 00000000 00000000 00000000 00000003 
27.06.2021 12:03:56.100  00000003 00000000 00000000 00000000 00000003 
27.06.2021 12:03:56.112  00001003 00001000 00000000 00000000 00000003 
27.06.2021 12:03:56.133  00001003 00000000 00000000 00000000 00000003 
27.06.2021 12:03:56.136  00000003 00000000 00000000 00000000 00000003 
27.06.2021 12:03:56.151  00001003 00001000 00000000 00000000 00000003 
27.06.2021 12:03:56.169  00001003 00000000 00000000 00000000 00000003 
27.06.2021 12:03:56.172  00000003 00000000 00000000 00000000 00000003 
27.06.2021 12:03:56.187  00001003 00001000 00000000 00000000 00000003 
27.06.2021 12:03:56.205  00001003 00000000 00000000 00000000 00000003 
27.06.2021 12:03:56.208  00000003 00000000 00000000 00000000 00000003 
27.06.2021 12:03:56.220  00001003 00001000 00000000 00000000 00000003 
27.06.2021 12:03:56.241  00001003 00000000 00000000 00000000 00000003 
27.06.2021 12:03:56.244  00000003 00000000 00000000 00000000 00000003 
27.06.2021 12:03:56.259  00001003 00001000 00000000 00000000 00000003 
27.06.2021 12:03:56.277  00001003 00000000 00000000 00000000 00000003 
27.06.2021 12:03:56.280  00000003 00000000 00000000 00000000 00000003 
27.06.2021 12:03:56.295  00000003 00001000 00000000 00000000 00000003 
27.06.2021 12:03:56.298  00001003 00001000 00000000 00000000 00000003 
27.06.2021 12:03:56.313  00001003 00000000 00000000 00000000 00000003 
27.06.2021 12:03:56.316  00000003 00000000 00000000 00000000 00000003 
27.06.2021 12:03:56.328  00001003 00001000 00000000 00000000 00000003 
27.06.2021 12:03:56.349  00001003 00000000 00000000 00000000 00000003 
27.06.2021 12:03:56.352  00000003 00000000 00000000 00000000 00000003 
27.06.2021 12:03:56.364  00001003 00001000 00000000 00000000 00000003 
27.06.2021 12:03:56.385  00001003 00000000 00000000 00000000 00000003 
27.06.2021 12:03:56.388  00000003 00000000 00000000 00000000 00000003 
27.06.2021 12:03:56.403  00001003 00001000 00000000 00000000 00000003 
27.06.2021 12:03:56.421  00001003 00000000 00000000 00000000 00000003 
27.06.2021 12:03:56.424  00000003 00000000 00000000 00000000 00000003 
27.06.2021 12:03:56.436  00001003 00001000 00000000 00000000 00000003 
27.06.2021 12:03:56.457  00001003 00000000 00000000 00000000 00000003 
27.06.2021 12:03:56.460  00000003 00000000 00000000 00000000 00000003 
27.06.2021 12:03:56.475  00001003 00001000 00000000 00000000 00000003 
27.06.2021 12:03:56.493  00001003 00000000 00000000 00000000 00000003 
27.06.2021 12:03:56.496  00000003 00000000 00000000 00000000 00000003 
27.06.2021 12:03:56.508  00001003 00001000 00000000 00000000 00000003 
27.06.2021 12:03:56.529  00001003 00000000 00000000 00000000 00000003 
27.06.2021 12:03:56.532  00000003 00000000 00000000 00000000 00000003 
27.06.2021 12:03:56.544  00001003 00001000 00000000 00000000 00000003 
27.06.2021 12:03:56.565  00001003 00000000 00000000 00000000 00000003 
27.06.2021 12:03:56.568  00000003 00000000 00000000 00000000 00000003 
27.06.2021 12:03:56.580  00001003 00001000 00000000 00000000 00000003 
27.06.2021 12:03:56.601  00001003 00000000 00000000 00000000 00000003 
27.06.2021 12:03:56.604  00000003 00000000 00000000 00000000 00000003 
27.06.2021 12:03:56.616  00001003 00001000 00000000 00000000 00000003 
27.06.2021 12:03:56.637  00001003 00000000 00000000 00000000 00000003 
27.06.2021 12:03:56.640  00000003 00000000 00000000 00000000 00000003 
27.06.2021 12:03:56.769  00001003 00000000 00000000 00000000 00000003 
27.06.2021 12:03:56.772  00001003 00000000 00001000 00000000 00000003 
27.06.2021 12:03:56.847  00000003 00000000 00001000 00000000 00000003 
27.06.2021 12:03:56.850  00000003 00000000 00000000 00000000 00000003 
27.06.2021 12:03:57.000  00001003 00000000 00000000 00001000 00000003 
27.06.2021 12:03:57.009  00000003 00000000 00000000 00001000 00000003 
27.06.2021 12:03:57.012  00001003 00000000 00000000 00001000 00000003 
27.06.2021 12:03:57.021  00000003 00000000 00000000 00001000 00000003 
27.06.2021 12:03:57.024  00001003 00000000 00000000 00001000 00000003 
27.06.2021 12:03:57.033  00000003 00000000 00000000 00001000 00000003 
27.06.2021 12:03:57.036  00001003 00000000 00000000 00001000 00000003 
27.06.2021 12:03:57.045  00000003 00000000 00000000 00001000 00000003 
27.06.2021 12:03:57.048  00001003 00000000 00000000 00001000 00000003 
27.06.2021 12:03:57.057  00000003 00000000 00000000 00001000 00000003 
27.06.2021 12:03:57.060  00001003 00000000 00000000 00000000 00000003 
27.06.2021 12:03:57.063  00001003 00000000 00000000 00001000 00000003 
27.06.2021 12:03:57.069  00000003 00000000 00000000 00001000 00000003 
27.06.2021 12:03:57.072  00001003 00000000 00000000 00000000 00000003 
27.06.2021 12:03:57.075  00001003 00000000 00000000 00001000 00000003 
27.06.2021 12:03:57.093  00000003 00000000 00000000 00000000 00000003 
27.06.2021 12:03:57.096  00001003 00000000 00000000 00001000 00000003 
27.06.2021 12:03:57.105  00000003 00000000 00000000 00000000 00000003 
27.06.2021 12:03:57.108  00001003 00000000 00000000 00001000 00000003 
27.06.2021 12:03:57.117  00000003 00000000 00000000 00000000 00000003 
27.06.2021 12:03:57.120  00001003 00000000 00000000 00001000 00000003 
27.06.2021 12:03:57.129  00000003 00000000 00000000 00000000 00000003 
27.06.2021 12:03:57.132  00001003 00000000 00000000 00001000 00000003 
27.06.2021 12:03:57.141  00000003 00000000 00000000 00000000 00000003 
27.06.2021 12:03:57.147  00001003 00000000 00000000 00001000 00000003 
27.06.2021 12:03:57.174  00000003 00000000 00000000 00001000 00000003 
27.06.2021 12:03:57.177  00001003 00000000 00000000 00001000 00000003 
27.06.2021 12:03:57.186  00000003 00000000 00000000 00000000 00000003 
27.06.2021 12:03:57.189  00001003 00000000 00000000 00000000 00000003 
27.06.2021 12:03:57.192  00001003 00000000 00000000 00001000 00000003 
27.06.2021 12:03:57.276  00000003 00000000 00000000 00000000 00000003 
27.06.2021 12:03:57.405  00001003 00000000 00000000 00000000 00001003 
27.06.2021 12:03:57.495  00000003 00000000 00000000 00000000 00000003 
27.06.2021 12:03:57.594  00000003 00000000 00400000 00000000 00000003 
27.06.2021 12:03:57.597  00000003 00000000 00000000 00000000 00000003 
27.06.2021 12:03:57.696  00000003 00000000 00000000 00400000 00000003 
27.06.2021 12:03:57.699  00000003 00000000 00000000 00000000 00000003 
27.06.2021 12:03:57.801  00000003 00000000 00000000 00000000 00400003 
27.06.2021 12:03:57.804  00000003 00000000 00000000 00000000 00000003 
27.06.2021 12:03:57.948  00000003 00000000 00000000 00000000 00800003 
27.06.2021 12:03:57.951  00000003 00000000 00000000 00000000 00000003 
27.06.2021 12:03:58.308  00001003 00000000 00001000 00000000 00000003 
27.06.2021 12:03:58.395  00000003 00000000 00001000 00000000 00000003 
27.06.2021 12:03:58.398  00000003 00000000 00000000 00000000 00000003 
27.06.2021 12:03:58.533  00001003 00000000 00000000 00000000 00001003 
27.06.2021 12:03:58.611  00000003 00000000 00000000 00000000 00000003 
27.06.2021 12:03:58.761  00001003 00000000 00001000 00000000 00000003 
27.06.2021 12:03:58.845  00000003 00000000 00001000 00000000 00000003 
27.06.2021 12:03:58.848  00000003 00000000 00000000 00000000 00000003 
27.06.2021 12:03:58.983  00001003 00000000 00000000 00000000 00001003 
27.06.2021 12:03:59.061  00000003 00000000 00000000 00000000 00000003 
27.06.2021 12:03:59.811  00000003 00000000 00800000 00000000 00000003 
27.06.2021 12:03:59.814  00000003 00000000 00000000 00000000 00000003 
27.06.2021 12:03:59.946  00000003 00000000 00000000 00800000 00000003 
27.06.2021 12:03:59.949  00000003 00000000 00000000 00000000 00000003 
27.06.2021 12:04:00.087  00004003 00000000 00004000 00000000 00000003 
27.06.2021 12:04:00.177  00000003 00000000 00004000 00000000 00000003 
27.06.2021 12:04:00.180  00000003 00000000 00000000 00000000 00000003 
27.06.2021 12:04:00.315  00004003 00000000 00000000 00000000 00004003 
27.06.2021 12:04:00.408  00000003 00000000 00000000 00000000 00000003 
27.06.2021 12:04:00.702  00004003 00000000 00004000 00000000 00000003 
27.06.2021 12:04:00.789  00000003 00000000 00004000 00000000 00000003 
27.06.2021 12:04:00.792  00000003 00000000 00000000 00000000 00000003 
27.06.2021 12:04:00.927  00004003 00000000 00000000 00000000 00004003 
27.06.2021 12:04:01.005  00000003 00000000 00000000 00000000 00000003 
27.06.2021 12:04:01.311  00004003 00004000 00000000 00000000 00000003 
27.06.2021 12:04:02.523  00004003 00000000 00000000 00000000 00000003 
27.06.2021 12:04:02.529  00000003 00000000 00000000 00000000 00000003 
27.06.2021 12:04:02.952  00004003 00000000 00000000 00000000 00000003 
27.06.2021 12:04:02.955  00004003 00000000 00000000 00004000 00000003 
27.06.2021 12:04:03.597  00000003 00000000 00000000 00000000 00000003 
27.06.2021 12:04:04.143  00002003 00000000 00000000 00002000 00000003 
27.06.2021 12:05:18.325  00000000 00000000 00000000 00000000 00000000 
27.06.2021 12:05:18.361  00000080 00000080 00000000 00000000 00000000 
27.06.2021 12:05:18.364  00002080 00000080 00000000 00002000 00000000 
27.06.2021 12:05:18.457  00002082 00000080 00000000 00002000 00000002 
27.06.2021 12:05:18.463  00002083 00000080 00000000 00002000 00000003 
27.06.2021 12:05:18.520  000020c3 00000080 00000000 00002040 00000003 
27.06.2021 12:05:18.544  00002083 00000080 00000000 00002000 00000003 
27.06.2021 12:05:18.550  00002083 00000000 00000000 00002000 00000003 
27.06.2021 12:05:18.556  00002003 00000000 00000000 00002000 00000003 
27.06.2021 12:05:18.613  00002000 00000000 00000000 00002000 00000002 
27.06.2021 12:05:18.616  00000000 00000000 00000000 00000000 00000000 
27.06.2021 12:05:18.760  00000001 00000000 00000000 00000000 00000001 
27.06.2021 12:05:18.838  00000000 00000000 00000000 00000000 00000000 
27.06.2021 12:05:18.970  00000002 00000000 00000000 00000000 00000002 
27.06.2021 12:05:19.054  00000000 00000000 00000000 00000000 00000000 
27.06.2021 12:05:19.162  00002000 00000000 00000000 00002000 00000000 
27.06.2021 12:05:19.195  00000000 00000000 00000000 00000000 00000000 
27.06.2021 12:12:46.725  00002002 00000000 00000000 00002000 00000002 
27.06.2021 12:12:46.728  00002003 00000000 00000000 00002000 00000002 
27.06.2021 12:12:46.731  00002003 00000000 00000000 00002000 00000003 
27.06.2021 12:13:06.492  00002803 00000000 00000000 00002800 00000003 
27.06.2021 12:39:13.318  00000800 00000000 00000000 00000800 00000000 
27.06.2021 12:39:13.634  00000000 00000000 00000000 00000000 00000000 
27.06.2021 12:44:41.993  00000002 00000000 00000000 00000000 00000000 
27.06.2021 12:44:41.996  00002002 00000000 00000000 00002000 00000002 
27.06.2021 12:44:41.999  00002003 00000000 00000000 00002000 00000003 
27.06.2021 12:44:46.001  00002083 00000080 00000000 00002000 00000003 
27.06.2021 16:20:28.939  000003b3 000000b0 00000200 00000000 00010103 
27.06.2021 16:20:29.095  000001b3 000000b0 00000000 00000000 00010103 
27.06.2021 16:20:29.107  000000b3 000000b0 00000000 00000000 00000003 
27.06.2021 16:21:03.967  000000b3 00000000 00000000 00000000 00000003 
27.06.2021 16:21:03.973  00000003 00000000 00000000 00000000 00000003 
27.06.2021 16:21:04.324  80000003 80000000 00000000 00000000 00000003 
27.06.2021 16:21:04.330  00000003 00000000 00000000 00000000 00000003 
27.06.2021 16:21:04.420  00000033 00000030 00000000 00000000 00000003 
27.06.2021 16:21:04.486  00000033 00000000 00000000 00000000 00000003 
27.06.2021 16:21:04.492  00000003 00000000 00000000 00000000 00000003 
27.06.2021 16:21:07.621  00000033 00000030 00000000 00000000 00000003 
27.06.2021 16:21:07.690  00000033 00000000 00000000 00000000 00000003 
27.06.2021 16:21:07.696  00000003 00000000 00000000 00000000 00000003 
27.06.2021 16:21:07.834  00000043 00000000 00000000 00000040 00000003 
27.06.2021 16:21:07.846  000000c3 00000080 00000000 00000040 00000003 
27.06.2021 16:21:07.849  000020c3 00000080 00000000 00002040 00000003 
27.06.2021 16:21:07.927  00002083 00000080 00000000 00002000 00000003 
27.06.2021 16:21:07.930  00002083 00000000 00000000 00002000 00000003 
27.06.2021 16:21:07.936  00002003 00000000 00000000 00002000 00000003 
27.06.2021 16:21:07.939  00000003 00000000 00000000 00000000 00000003 
27.06.2021 16:21:08.053  00000083 00000080 00000000 00000000 00000003 
27.06.2021 16:21:08.122  00000083 00000000 00000000 00000000 00000003 
27.06.2021 16:21:08.128  00000003 00000000 00000000 00000000 00000003 
27.06.2021 16:21:08.440  00000083 00000080 00000000 00000000 00000003 
27.06.2021 16:21:08.605  00000083 00000000 00000000 00000000 00000003 
27.06.2021 16:21:08.611  00000003 00000000 00000000 00000000 00000003 
27.06.2021 16:21:08.752  00000103 00000000 00000000 00000000 00000003 
27.06.2021 16:21:08.755  00000103 00000000 00000000 00000000 00010103 
27.06.2021 16:21:08.845  00000003 00000000 00000000 00000000 00000003 
27.06.2021 16:21:09.010  00000103 00000000 00000000 00000000 00010103 
27.06.2021 16:21:09.094  00000003 00000000 00000000 00000000 00000003 
27.06.2021 16:21:09.238  00000203 00000000 00000000 00000000 00000003 
27.06.2021 16:21:09.241  00000203 00000000 00000200 00000000 00000003 
27.06.2021 16:21:09.331  00000003 00000000 00000000 00000000 00000003 
27.06.2021 16:21:09.472  00000203 00000000 00000000 00000000 00000003 
27.06.2021 16:21:09.475  00000203 00000000 00000200 00000000 00000003 
27.06.2021 16:21:09.562  00000003 00000000 00000000 00000000 00000003 
27.06.2021 16:21:09.685  00000003 00001000 00000000 00000000 00000003 
27.06.2021 16:21:09.688  00001003 00001000 00000000 00000000 00000003 
27.06.2021 16:21:09.694  00001003 00000000 00000000 00000000 00000003 
27.06.2021 16:21:09.697  00000003 00000000 00000000 00000000 00000003 
27.06.2021 16:21:09.721  00001003 00001000 00000000 00000000 00000003 
27.06.2021 16:21:09.730  00001003 00000000 00000000 00000000 00000003 
27.06.2021 16:21:09.733  00000003 00000000 00000000 00000000 00000003 
27.06.2021 16:21:09.754  00001003 00001000 00000000 00000000 00000003 
27.06.2021 16:21:09.766  00001003 00000000 00000000 00000000 00000003 
27.06.2021 16:21:09.769  00000003 00000000 00000000 00000000 00000003 
27.06.2021 16:21:09.784  00001003 00001000 00000000 00000000 00000003 
27.06.2021 16:21:09.802  00001003 00000000 00000000 00000000 00000003 
27.06.2021 16:21:09.805  00000003 00000000 00000000 00000000 00000003 
27.06.2021 16:21:09.820  00001003 00001000 00000000 00000000 00000003 
27.06.2021 16:21:09.838  00001003 00000000 00000000 00000000 00000003 
27.06.2021 16:21:09.841  00000003 00000000 00000000 00000000 00000003 
27.06.2021 16:21:09.856  00001003 00001000 00000000 00000000 00000003 
27.06.2021 16:21:09.874  00001003 00000000 00000000 00000000 00000003 
27.06.2021 16:21:09.877  00000003 00000000 00000000 00000000 00000003 
27.06.2021 16:21:09.889  00001003 00001000 00000000 00000000 00000003 
27.06.2021 16:21:09.910  00001003 00000000 00000000 00000000 00000003 
27.06.2021 16:21:09.913  00000003 00000000 00000000 00000000 00000003 
27.06.2021 16:21:09.925  00001003 00001000 00000000 00000000 00000003 
27.06.2021 16:21:09.946  00001003 00000000 00000000 00000000 00000003 
27.06.2021 16:21:09.949  00000003 00000000 00000000 00000000 00000003 
27.06.2021 16:21:09.961  00001003 00001000 00000000 00000000 00000003 
27.06.2021 16:21:09.982  00001003 00000000 00000000 00000000 00000003 
27.06.2021 16:21:09.985  00000003 00000000 00000000 00000000 00000003 
27.06.2021 16:21:10.000  00001003 00001000 00000000 00000000 00000003 
27.06.2021 16:21:10.018  00001003 00000000 00000000 00000000 00000003 
27.06.2021 16:21:10.021  00000003 00000000 00000000 00000000 00000003 
27.06.2021 16:21:10.033  00001003 00001000 00000000 00000000 00000003 
27.06.2021 16:21:10.054  00001003 00000000 00000000 00000000 00000003 
27.06.2021 16:21:10.057  00000003 00000000 00000000 00000000 00000003 
27.06.2021 16:21:10.069  00001003 00001000 00000000 00000000 00000003 
27.06.2021 16:21:10.090  00001003 00000000 00000000 00000000 00000003 
27.06.2021 16:21:10.093  00000003 00000000 00000000 00000000 00000003 
27.06.2021 16:21:10.108  00001003 00001000 00000000 00000000 00000003 
27.06.2021 16:21:10.126  00001003 00000000 00000000 00000000 00000003 
27.06.2021 16:21:10.129  00000003 00000000 00000000 00000000 00000003 
27.06.2021 16:21:10.144  00001003 00001000 00000000 00000000 00000003 
27.06.2021 16:21:10.162  00001003 00000000 00000000 00000000 00000003 
27.06.2021 16:21:10.165  00000003 00000000 00000000 00000000 00000003 
27.06.2021 16:21:10.180  00001003 00001000 00000000 00000000 00000003 
27.06.2021 16:21:10.198  00001003 00000000 00000000 00000000 00000003 
27.06.2021 16:21:10.201  00000003 00000000 00000000 00000000 00000003 
27.06.2021 16:21:10.216  00001003 00001000 00000000 00000000 00000003 
27.06.2021 16:21:10.234  00001003 00000000 00000000 00000000 00000003 
27.06.2021 16:21:10.237  00000003 00000000 00000000 00000000 00000003 
27.06.2021 16:21:10.252  00001003 00001000 00000000 00000000 00000003 
27.06.2021 16:21:10.270  00001003 00000000 00000000 00000000 00000003 
27.06.2021 16:21:10.273  00000003 00000000 00000000 00000000 00000003 
27.06.2021 16:21:10.285  00001003 00001000 00000000 00000000 00000003 
27.06.2021 16:21:10.306  00001003 00000000 00000000 00000000 00000003 
27.06.2021 16:21:10.309  00000003 00000000 00000000 00000000 00000003 
27.06.2021 16:21:10.321  00001003 00001000 00000000 00000000 00000003 
27.06.2021 16:21:10.342  00001003 00000000 00000000 00000000 00000003 
27.06.2021 16:21:10.345  00000003 00000000 00000000 00000000 00000003 
27.06.2021 16:21:10.360  00001003 00001000 00000000 00000000 00000003 
27.06.2021 16:21:10.378  00001003 00000000 00000000 00000000 00000003 
27.06.2021 16:21:10.381  00000003 00000000 00000000 00000000 00000003 
27.06.2021 16:21:10.393  00001003 00001000 00000000 00000000 00000003 
27.06.2021 16:21:10.414  00001003 00000000 00000000 00000000 00000003 
27.06.2021 16:21:10.417  00000003 00000000 00000000 00000000 00000003 
27.06.2021 16:21:10.432  00001003 00001000 00000000 00000000 00000003 
27.06.2021 16:21:10.450  00001003 00000000 00000000 00000000 00000003 
27.06.2021 16:21:10.453  00000003 00000000 00000000 00000000 00000003 
27.06.2021 16:21:10.468  00001003 00001000 00000000 00000000 00000003 
27.06.2021 16:21:10.486  00001003 00000000 00000000 00000000 00000003 
27.06.2021 16:21:10.489  00000003 00000000 00000000 00000000 00000003 
27.06.2021 16:21:10.501  00001003 00001000 00000000 00000000 00000003 
27.06.2021 16:21:10.522  00001003 00000000 00000000 00000000 00000003 
27.06.2021 16:21:10.525  00000003 00000000 00000000 00000000 00000003 
27.06.2021 16:21:10.537  00001003 00001000 00000000 00000000 00000003 
27.06.2021 16:21:10.558  00001003 00000000 00000000 00000000 00000003 
27.06.2021 16:21:10.561  00000003 00000000 00000000 00000000 00000003 
27.06.2021 16:21:10.573  00001003 00001000 00000000 00000000 00000003 
27.06.2021 16:21:10.594  00001003 00000000 00000000 00000000 00000003 
27.06.2021 16:21:10.597  00000003 00000000 00000000 00000000 00000003 
27.06.2021 16:21:10.723  00001003 00000000 00000000 00000000 00000003 
27.06.2021 16:21:10.726  00001003 00000000 00001000 00000000 00000003 
27.06.2021 16:21:10.801  00000003 00000000 00001000 00000000 00000003 
27.06.2021 16:21:10.804  00000003 00000000 00000000 00000000 00000003 
27.06.2021 16:21:10.963  00001003 00000000 00000000 00000000 00000003 
27.06.2021 16:21:10.966  00001003 00000000 00000000 00001000 00000003 
27.06.2021 16:21:10.972  00000003 00000000 00000000 00001000 00000003 
27.06.2021 16:21:10.975  00001003 00000000 00000000 00000000 00000003 
27.06.2021 16:21:10.978  00001003 00000000 00000000 00001000 00000003 
27.06.2021 16:21:10.987  00001003 00000000 00000000 00000000 00000003 
27.06.2021 16:21:10.990  00001003 00000000 00000000 00001000 00000003 
27.06.2021 16:21:10.999  00000003 00000000 00000000 00000000 00000003 
27.06.2021 16:21:11.002  00001003 00000000 00000000 00001000 00000003 
27.06.2021 16:21:11.011  00000003 00000000 00000000 00000000 00000003 
27.06.2021 16:21:11.014  00001003 00000000 00000000 00001000 00000003 
27.06.2021 16:21:11.023  00000003 00000000 00000000 00000000 00000003 
27.06.2021 16:21:11.026  00001003 00000000 00000000 00001000 00000003 
27.06.2021 16:21:11.035  00000003 00000000 00000000 00000000 00000003 
27.06.2021 16:21:11.038  00001003 00000000 00000000 00001000 00000003 
27.06.2021 16:21:11.056  00000003 00000000 00000000 00001000 00000003 
27.06.2021 16:21:11.059  00001003 00000000 00000000 00001000 00000003 
27.06.2021 16:21:11.068  00000003 00000000 00000000 00001000 00000003 
27.06.2021 16:21:11.071  00001003 00000000 00000000 00000000 00000003 
27.06.2021 16:21:11.074  00001003 00000000 00000000 00001000 00000003 
27.06.2021 16:21:11.080  00000003 00000000 00000000 00001000 00000003 
27.06.2021 16:21:11.083  00001003 00000000 00000000 00000000 00000003 
27.06.2021 16:21:11.086  00001003 00000000 00000000 00001000 00000003 
27.06.2021 16:21:11.092  00000003 00000000 00000000 00001000 00000003 
27.06.2021 16:21:11.095  00001003 00000000 00000000 00000000 00000003 
27.06.2021 16:21:11.098  00001003 00000000 00000000 00001000 00000003 
27.06.2021 16:21:11.104  00000003 00000000 00000000 00001000 00000003 
27.06.2021 16:21:11.107  00000003 00000000 00000000 00000000 00000003 
27.06.2021 16:21:11.110  00001003 00000000 00000000 00000000 00000003 
27.06.2021 16:21:11.113  00001003 00000000 00000000 00001000 00000003 
27.06.2021 16:21:11.119  00000003 00000000 00000000 00001000 00000003 
27.06.2021 16:21:11.122  00001003 00000000 00000000 00001000 00000003 
27.06.2021 16:21:11.149  00000003 00000000 00000000 00001000 00000003 
27.06.2021 16:21:11.152  00000003 00000000 00000000 00000000 00000003 
27.06.2021 16:21:11.155  00001003 00000000 00000000 00000000 00000003 
27.06.2021 16:21:11.158  00001003 00000000 00000000 00001000 00000003 
27.06.2021 16:21:11.164  00000003 00000000 00000000 00001000 00000003 
27.06.2021 16:21:11.167  00001003 00000000 00000000 00001000 00000003 
27.06.2021 16:21:11.239  00000003 00000000 00000000 00000000 00000003 
27.06.2021 16:21:11.365  00001003 00000000 00000000 00000000 00001003 
27.06.2021 16:21:11.449  00000003 00000000 00000000 00000000 00000003 
27.06.2021 16:21:11.551  00000003 00000000 00400000 00000000 00000003 
27.06.2021 16:21:11.554  00000003 00000000 00000000 00000000 00000003 
27.06.2021 16:21:11.659  00000003 00000000 00000000 00400000 00000003 
27.06.2021 16:21:11.662  00000003 00000000 00000000 00000000 00000003 
27.06.2021 16:21:11.764  00000003 00000000 00000000 00000000 00400003 
27.06.2021 16:21:11.767  00000003 00000000 00000000 00000000 00000003 
27.06.2021 16:21:11.911  00000003 00000000 00000000 00000000 00800003 
27.06.2021 16:21:11.914  00000003 00000000 00000000 00000000 00000003 
27.06.2021 16:21:12.262  00001003 00000000 00001000 00000000 00000003 
27.06.2021 16:21:12.349  00000003 00000000 00001000 00000000 00000003 
27.06.2021 16:21:12.352  00000003 00000000 00000000 00000000 00000003 
27.06.2021 16:21:12.490  00001003 00000000 00000000 00000000 00001003 
27.06.2021 16:21:12.565  00000003 00000000 00000000 00000000 00000003 
27.06.2021 16:21:12.721  00001003 00000000 00001000 00000000 00000003 
27.06.2021 16:21:12.799  00000003 00000000 00001000 00000000 00000003 
27.06.2021 16:21:12.802  00000003 00000000 00000000 00000000 00000003 
27.06.2021 16:21:12.940  00001003 00000000 00000000 00000000 00001003 
27.06.2021 16:21:13.015  00000003 00000000 00000000 00000000 00000003 
27.06.2021 16:21:13.864  00000003 00000000 00800000 00000000 00000003 
27.06.2021 16:21:13.867  00000003 00000000 00000000 00000000 00000003 
27.06.2021 16:21:13.999  00000003 00000000 00000000 00800000 00000003 
27.06.2021 16:21:14.002  00000003 00000000 00000000 00000000 00000003 
27.06.2021 16:21:14.143  00004003 00000000 00004000 00000000 00000003 
27.06.2021 16:21:14.221  00000003 00000000 00004000 00000000 00000003 
27.06.2021 16:21:14.224  00000003 00000000 00000000 00000000 00000003 
27.06.2021 16:21:14.362  00004003 00000000 00000000 00000000 00004003 
27.06.2021 16:21:14.437  00000003 00000000 00000000 00000000 00000003 
27.06.2021 16:21:14.587  00004003 00000000 00004000 00000000 00000003 
27.06.2021 16:21:14.671  00000003 00000000 00004000 00000000 00000003 
27.06.2021 16:21:14.674  00000003 00000000 00000000 00000000 00000003 
27.06.2021 16:21:14.812  00004003 00000000 00000000 00000000 00004003 
27.06.2021 16:21:14.887  00000003 00000000 00000000 00000000 00000003 
27.06.2021 16:21:15.244  00004003 00004000 00000000 00000000 00000003 
27.06.2021 16:21:16.456  00004003 00000000 00000000 00000000 00000003 
27.06.2021 16:21:16.462  00000003 00000000 00000000 00000000 00000003 
27.06.2021 16:21:16.858  00004003 00000000 00000000 00000000 00000003 
27.06.2021 16:21:16.861  00004003 00000000 00000000 00004000 00000003 
27.06.2021 16:21:17.500  00000003 00000000 00000000 00000000 00000003 
27.06.2021 16:21:18.046  00002003 00000000 00000000 00002000 00000003 
27.06.2021 16:21:19.849  00000000 00000000 00000000 00000000 00000000 
27.06.2021 16:21:19.882  00000080 00000080 00000000 00000000 00000000 
27.06.2021 16:21:19.885  00002080 00000080 00000000 00002000 00000000 
27.06.2021 16:21:19.978  00002082 00000080 00000000 00002000 00000002 
27.06.2021 16:21:19.984  00002083 00000080 00000000 00002000 00000003 
27.06.2021 16:21:20.044  000020c3 00000080 00000000 00002040 00000003 
27.06.2021 16:21:20.065  00002083 00000080 00000000 00002000 00000003 
27.06.2021 16:21:20.074  00002083 00000000 00000000 00002000 00000003 
27.06.2021 16:21:20.080  00002003 00000000 00000000 00002000 00000003 
27.06.2021 16:21:20.137  00002000 00000000 00000000 00002000 00000003 
27.06.2021 16:21:20.140  00000000 00000000 00000000 00000000 00000000 
27.06.2021 16:21:20.284  00000001 00000000 00000000 00000000 00000001 
27.06.2021 16:21:20.359  00000000 00000000 00000000 00000000 00000000 
27.06.2021 16:21:20.494  00000002 00000000 00000000 00000000 00000002 
27.06.2021 16:21:20.575  00000000 00000000 00000000 00000000 00000000 
27.06.2021 16:21:20.674  00002000 00000000 00000000 00002000 00000000 
27.06.2021 16:21:20.707  00000000 00000000 00000000 00000000 00000000 
27.06.2021 16:23:51.702  00002002 00000000 00000000 00002000 00000002 
27.06.2021 16:23:51.705  00002003 00000000 00000000 00002000 00000003 
27.06.2021 16:23:55.572  00002083 00000080 00000000 00002000 00000003 

Servicedata V1.0 PLC:\DEBUG\S_State.service.trace created 28.06.2021 15:09:23 (local time)
hostname: hu, Software: 606421 04, built: 08.10.2014 08:59
-------------------------------------------------------------------------------------------
                    ms   global   master   device1
27.06.2021 12:03:57.108  00001003 00000000 00000000 00001000 00000003 
27.06.2021 12:03:57.117  00000003 00000000 00000000 00000000 00000003 
27.06.2021 12:03:57.120  00001003 00000000 00000000 00001000 00000003 
27.06.2021 12:03:57.129  00000003 00000000 00000000 00000000 00000003 
27.06.2021 12:03:57.132  00001003 00000000 00000000 00001000 00000003 
27.06.2021 12:03:57.141  00000003 00000000 00000000 00000000 00000003 
27.06.2021 12:03:57.147  00001003 00000000 00000000 00001000 00000003 
27.06.2021 12:03:57.174  00000003 00000000 00000000 00001000 00000003 
27.06.2021 12:03:57.177  00001003 00000000 00000000 00001000 00000003 
27.06.2021 12:03:57.186  00000003 00000000 00000000 00000000 00000003 
27.06.2021 12:03:57.189  00001003 00000000 00000000 00000000 00000003 
27.06.2021 12:03:57.192  00001003 00000000 00000000 00001000 00000003 
27.06.2021 12:03:57.276  00000003 00000000 00000000 00000000 00000003 
27.06.2021 12:03:57.405  00001003 00000000 00000000 00000000 00001003 
27.06.2021 12:03:57.495  00000003 00000000 00000000 00000000 00000003 
27.06.2021 12:03:57.594  00000003 00000000 00400000 00000000 00000003 
27.06.2021 12:03:57.597  00000003 00000000 00000000 00000000 00000003 
27.06.2021 12:03:57.696  00000003 00000000 00000000 00400000 00000003 
27.06.2021 12:03:57.699  00000003 00000000 00000000 00000000 00000003 
27.06.2021 12:03:57.801  00000003 00000000 00000000 00000000 00400003 
27.06.2021 12:03:57.804  00000003 00000000 00000000 00000000 00000003 
27.06.2021 12:03:57.948  00000003 00000000 00000000 00000000 00800003 
27.06.2021 12:03:57.951  00000003 00000000 00000000 00000000 00000003 
27.06.2021 12:03:58.308  00001003 00000000 00001000 00000000 00000003 
27.06.2021 12:03:58.395  00000003 00000000 00001000 00000000 00000003 
27.06.2021 12:03:58.398  00000003 00000000 00000000 00000000 00000003 
27.06.2021 12:03:58.533  00001003 00000000 00000000 00000000 00001003 
27.06.2021 12:03:58.611  00000003 00000000 00000000 00000000 00000003 
27.06.2021 12:03:58.761  00001003 00000000 00001000 00000000 00000003 
27.06.2021 12:03:58.845  00000003 00000000 00001000 00000000 00000003 
27.06.2021 12:03:58.848  00000003 00000000 00000000 00000000 00000003 
27.06.2021 12:03:58.983  00001003 00000000 00000000 00000000 00001003 
27.06.2021 12:03:59.061  00000003 00000000 00000000 00000000 00000003 
27.06.2021 12:03:59.811  00000003 00000000 00800000 00000000 00000003 
27.06.2021 12:03:59.814  00000003 00000000 00000000 00000000 00000003 
27.06.2021 12:03:59.946  00000003 00000000 00000000 00800000 00000003 
27.06.2021 12:03:59.949  00000003 00000000 00000000 00000000 00000003 
27.06.2021 12:04:00.087  00004003 00000000 00004000 00000000 00000003 
27.06.2021 12:04:00.177  00000003 00000000 00004000 00000000 00000003 
27.06.2021 12:04:00.180  00000003 00000000 00000000 00000000 00000003 
27.06.2021 12:04:00.315  00004003 00000000 00000000 00000000 00004003 
27.06.2021 12:04:00.408  00000003 00000000 00000000 00000000 00000003 
27.06.2021 12:04:00.702  00004003 00000000 00004000 00000000 00000003 
27.06.2021 12:04:00.789  00000003 00000000 00004000 00000000 00000003 
27.06.2021 12:04:00.792  00000003 00000000 00000000 00000000 00000003 
27.06.2021 12:04:00.927  00004003 00000000 00000000 00000000 00004003 
27.06.2021 12:04:01.005  00000003 00000000 00000000 00000000 00000003 
27.06.2021 12:04:01.311  00004003 00004000 00000000 00000000 00000003 
27.06.2021 12:04:02.523  00004003 00000000 00000000 00000000 00000003 
27.06.2021 12:04:02.529  00000003 00000000 00000000 00000000 00000003 
27.06.2021 12:04:02.952  00004003 00000000 00000000 00000000 00000003 
27.06.2021 12:04:02.955  00004003 00000000 00000000 00004000 00000003 
27.06.2021 12:04:03.597  00000003 00000000 00000000 00000000 00000003 
27.06.2021 12:04:04.143  00002003 00000000 00000000 00002000 00000003 
27.06.2021 12:05:18.325  00000000 00000000 00000000 00000000 00000000 
27.06.2021 12:05:18.361  00000080 00000080 00000000 00000000 00000000 
27.06.2021 12:05:18.364  00002080 00000080 00000000 00002000 00000000 
27.06.2021 12:05:18.457  00002082 00000080 00000000 00002000 00000002 
27.06.2021 12:05:18.463  00002083 00000080 00000000 00002000 00000003 
27.06.2021 12:05:18.520  000020c3 00000080 00000000 00002040 00000003 
27.06.2021 12:05:18.544  00002083 00000080 00000000 00002000 00000003 
27.06.2021 12:05:18.550  00002083 00000000 00000000 00002000 00000003 
27.06.2021 12:05:18.556  00002003 00000000 00000000 00002000 00000003 
27.06.2021 12:05:18.613  00002000 00000000 00000000 00002000 00000002 
27.06.2021 12:05:18.616  00000000 00000000 00000000 00000000 00000000 
27.06.2021 12:05:18.760  00000001 00000000 00000000 00000000 00000001 
27.06.2021 12:05:18.838  00000000 00000000 00000000 00000000 00000000 
27.06.2021 12:05:18.970  00000002 00000000 00000000 00000000 00000002 
27.06.2021 12:05:19.054  00000000 00000000 00000000 00000000 00000000 
27.06.2021 12:05:19.162  00002000 00000000 00000000 00002000 00000000 
27.06.2021 12:05:19.195  00000000 00000000 00000000 00000000 00000000 
27.06.2021 12:12:46.725  00002002 00000000 00000000 00002000 00000002 
27.06.2021 12:12:46.728  00002003 00000000 00000000 00002000 00000002 
27.06.2021 12:12:46.731  00002003 00000000 00000000 00002000 00000003 
27.06.2021 12:13:06.492  00002803 00000000 00000000 00002800 00000003 
27.06.2021 12:39:13.318  00000800 00000000 00000000 00000800 00000000 
27.06.2021 12:39:13.634  00000000 00000000 00000000 00000000 00000000 
27.06.2021 12:44:41.993  00000002 00000000 00000000 00000000 00000000 
27.06.2021 12:44:41.996  00002002 00000000 00000000 00002000 00000002 
27.06.2021 12:44:41.999  00002003 00000000 00000000 00002000 00000003 
27.06.2021 12:44:46.001  00002083 00000080 00000000 00002000 00000003 
27.06.2021 16:20:28.939  000003b3 000000b0 00000200 00000000 00010103 
27.06.2021 16:20:29.095  000001b3 000000b0 00000000 00000000 00010103 
27.06.2021 16:20:29.107  000000b3 000000b0 00000000 00000000 00000003 
27.06.2021 16:21:03.967  000000b3 00000000 00000000 00000000 00000003 
27.06.2021 16:21:03.973  00000003 00000000 00000000 00000000 00000003 
27.06.2021 16:21:04.324  80000003 80000000 00000000 00000000 00000003 
27.06.2021 16:21:04.330  00000003 00000000 00000000 00000000 00000003 
27.06.2021 16:21:04.420  00000033 00000030 00000000 00000000 00000003 
27.06.2021 16:21:04.486  00000033 00000000 00000000 00000000 00000003 
27.06.2021 16:21:04.492  00000003 00000000 00000000 00000000 00000003 
27.06.2021 16:21:07.621  00000033 00000030 00000000 00000000 00000003 
27.06.2021 16:21:07.690  00000033 00000000 00000000 00000000 00000003 
27.06.2021 16:21:07.696  00000003 00000000 00000000 00000000 00000003 
27.06.2021 16:21:07.834  00000043 00000000 00000000 00000040 00000003 
27.06.2021 16:21:07.846  000000c3 00000080 00000000 00000040 00000003 
27.06.2021 16:21:07.849  000020c3 00000080 00000000 00002040 00000003 
27.06.2021 16:21:07.927  00002083 00000080 00000000 00002000 00000003 
27.06.2021 16:21:07.930  00002083 00000000 00000000 00002000 00000003 
27.06.2021 16:21:07.936  00002003 00000000 00000000 00002000 00000003 
27.06.2021 16:21:07.939  00000003 00000000 00000000 00000000 00000003 
27.06.2021 16:21:08.053  00000083 00000080 00000000 00000000 00000003 
27.06.2021 16:21:08.122  00000083 00000000 00000000 00000000 00000003 
27.06.2021 16:21:08.128  00000003 00000000 00000000 00000000 00000003 
27.06.2021 16:21:08.440  00000083 00000080 00000000 00000000 00000003 
27.06.2021 16:21:08.605  00000083 00000000 00000000 00000000 00000003 
27.06.2021 16:21:08.611  00000003 00000000 00000000 00000000 00000003 
27.06.2021 16:21:08.752  00000103 00000000 00000000 00000000 00000003 
27.06.2021 16:21:08.755  00000103 00000000 00000000 00000000 00010103 
27.06.2021 16:21:08.845  00000003 00000000 00000000 00000000 00000003 
27.06.2021 16:21:09.010  00000103 00000000 00000000 00000000 00010103 
27.06.2021 16:21:09.094  00000003 00000000 00000000 00000000 00000003 
27.06.2021 16:21:09.238  00000203 00000000 00000000 00000000 00000003 
27.06.2021 16:21:09.241  00000203 00000000 00000200 00000000 00000003 
27.06.2021 16:21:09.331  00000003 00000000 00000000 00000000 00000003 
27.06.2021 16:21:09.472  00000203 00000000 00000000 00000000 00000003 
27.06.2021 16:21:09.475  00000203 00000000 00000200 00000000 00000003 
27.06.2021 16:21:09.562  00000003 00000000 00000000 00000000 00000003 
27.06.2021 16:21:09.685  00000003 00001000 00000000 00000000 00000003 
27.06.2021 16:21:09.688  00001003 00001000 00000000 00000000 00000003 
27.06.2021 16:21:09.694  00001003 00000000 00000000 00000000 00000003 
27.06.2021 16:21:09.697  00000003 00000000 00000000 00000000 00000003 
27.06.2021 16:21:09.721  00001003 00001000 00000000 00000000 00000003 
27.06.2021 16:21:09.730  00001003 00000000 00000000 00000000 00000003 
27.06.2021 16:21:09.733  00000003 00000000 00000000 00000000 00000003 
27.06.2021 16:21:09.754  00001003 00001000 00000000 00000000 00000003 
27.06.2021 16:21:09.766  00001003 00000000 00000000 00000000 00000003 
27.06.2021 16:21:09.769  00000003 00000000 00000000 00000000 00000003 
27.06.2021 16:21:09.784  00001003 00001000 00000000 00000000 00000003 
27.06.2021 16:21:09.802  00001003 00000000 00000000 00000000 00000003 
27.06.2021 16:21:09.805  00000003 00000000 00000000 00000000 00000003 
27.06.2021 16:21:09.820  00001003 00001000 00000000 00000000 00000003 
27.06.2021 16:21:09.838  00001003 00000000 00000000 00000000 00000003 
27.06.2021 16:21:09.841  00000003 00000000 00000000 00000000 00000003 
27.06.2021 16:21:09.856  00001003 00001000 00000000 00000000 00000003 
27.06.2021 16:21:09.874  00001003 00000000 00000000 00000000 00000003 
27.06.2021 16:21:09.877  00000003 00000000 00000000 00000000 00000003 
27.06.2021 16:21:09.889  00001003 00001000 00000000 00000000 00000003 
27.06.2021 16:21:09.910  00001003 00000000 00000000 00000000 00000003 
27.06.2021 16:21:09.913  00000003 00000000 00000000 00000000 00000003 
27.06.2021 16:21:09.925  00001003 00001000 00000000 00000000 00000003 
27.06.2021 16:21:09.946  00001003 00000000 00000000 00000000 00000003 
27.06.2021 16:21:09.949  00000003 00000000 00000000 00000000 00000003 
27.06.2021 16:21:09.961  00001003 00001000 00000000 00000000 00000003 
27.06.2021 16:21:09.982  00001003 00000000 00000000 00000000 00000003 
27.06.2021 16:21:09.985  00000003 00000000 00000000 00000000 00000003 
27.06.2021 16:21:10.000  00001003 00001000 00000000 00000000 00000003 
27.06.2021 16:21:10.018  00001003 00000000 00000000 00000000 00000003 
27.06.2021 16:21:10.021  00000003 00000000 00000000 00000000 00000003 
27.06.2021 16:21:10.033  00001003 00001000 00000000 00000000 00000003 
27.06.2021 16:21:10.054  00001003 00000000 00000000 00000000 00000003 
27.06.2021 16:21:10.057  00000003 00000000 00000000 00000000 00000003 
27.06.2021 16:21:10.069  00001003 00001000 00000000 00000000 00000003 
27.06.2021 16:21:10.090  00001003 00000000 00000000 00000000 00000003 
27.06.2021 16:21:10.093  00000003 00000000 00000000 00000000 00000003 
27.06.2021 16:21:10.108  00001003 00001000 00000000 00000000 00000003 
27.06.2021 16:21:10.126  00001003 00000000 00000000 00000000 00000003 
27.06.2021 16:21:10.129  00000003 00000000 00000000 00000000 00000003 
27.06.2021 16:21:10.144  00001003 00001000 00000000 00000000 00000003 
27.06.2021 16:21:10.162  00001003 00000000 00000000 00000000 00000003 
27.06.2021 16:21:10.165  00000003 00000000 00000000 00000000 00000003 
27.06.2021 16:21:10.180  00001003 00001000 00000000 00000000 00000003 
27.06.2021 16:21:10.198  00001003 00000000 00000000 00000000 00000003 
27.06.2021 16:21:10.201  00000003 00000000 00000000 00000000 00000003 
27.06.2021 16:21:10.216  00001003 00001000 00000000 00000000 00000003 
27.06.2021 16:21:10.234  00001003 00000000 00000000 00000000 00000003 
27.06.2021 16:21:10.237  00000003 00000000 00000000 00000000 00000003 
27.06.2021 16:21:10.252  00001003 00001000 00000000 00000000 00000003 
27.06.2021 16:21:10.270  00001003 00000000 00000000 00000000 00000003 
27.06.2021 16:21:10.273  00000003 00000000 00000000 00000000 00000003 
27.06.2021 16:21:10.285  00001003 00001000 00000000 00000000 00000003 
27.06.2021 16:21:10.306  00001003 00000000 00000000 00000000 00000003 
27.06.2021 16:21:10.309  00000003 00000000 00000000 00000000 00000003 
27.06.2021 16:21:10.321  00001003 00001000 00000000 00000000 00000003 
27.06.2021 16:21:10.342  00001003 00000000 00000000 00000000 00000003 
27.06.2021 16:21:10.345  00000003 00000000 00000000 00000000 00000003 
27.06.2021 16:21:10.360  00001003 00001000 00000000 00000000 00000003 
27.06.2021 16:21:10.378  00001003 00000000 00000000 00000000 00000003 
27.06.2021 16:21:10.381  00000003 00000000 00000000 00000000 00000003 
27.06.2021 16:21:10.393  00001003 00001000 00000000 00000000 00000003 
27.06.2021 16:21:10.414  00001003 00000000 00000000 00000000 00000003 
27.06.2021 16:21:10.417  00000003 00000000 00000000 00000000 00000003 
27.06.2021 16:21:10.432  00001003 00001000 00000000 00000000 00000003 
27.06.2021 16:21:10.450  00001003 00000000 00000000 00000000 00000003 
27.06.2021 16:21:10.453  00000003 00000000 00000000 00000000 00000003 
27.06.2021 16:21:10.468  00001003 00001000 00000000 00000000 00000003 
27.06.2021 16:21:10.486  00001003 00000000 00000000 00000000 00000003 
27.06.2021 16:21:10.489  00000003 00000000 00000000 00000000 00000003 
27.06.2021 16:21:10.501  00001003 00001000 00000000 00000000 00000003 
27.06.2021 16:21:10.522  00001003 00000000 00000000 00000000 00000003 
27.06.2021 16:21:10.525  00000003 00000000 00000000 00000000 00000003 
27.06.2021 16:21:10.537  00001003 00001000 00000000 00000000 00000003 
27.06.2021 16:21:10.558  00001003 00000000 00000000 00000000 00000003 
27.06.2021 16:21:10.561  00000003 00000000 00000000 00000000 00000003 
27.06.2021 16:21:10.573  00001003 00001000 00000000 00000000 00000003 
27.06.2021 16:21:10.594  00001003 00000000 00000000 00000000 00000003 
27.06.2021 16:21:10.597  00000003 00000000 00000000 00000000 00000003 
27.06.2021 16:21:10.723  00001003 00000000 00000000 00000000 00000003 
27.06.2021 16:21:10.726  00001003 00000000 00001000 00000000 00000003 
27.06.2021 16:21:10.801  00000003 00000000 00001000 00000000 00000003 
27.06.2021 16:21:10.804  00000003 00000000 00000000 00000000 00000003 
27.06.2021 16:21:10.963  00001003 00000000 00000000 00000000 00000003 
27.06.2021 16:21:10.966  00001003 00000000 00000000 00001000 00000003 
27.06.2021 16:21:10.972  00000003 00000000 00000000 00001000 00000003 
27.06.2021 16:21:10.975  00001003 00000000 00000000 00000000 00000003 
27.06.2021 16:21:10.978  00001003 00000000 00000000 00001000 00000003 
27.06.2021 16:21:10.987  00001003 00000000 00000000 00000000 00000003 
27.06.2021 16:21:10.990  00001003 00000000 00000000 00001000 00000003 
27.06.2021 16:21:10.999  00000003 00000000 00000000 00000000 00000003 
27.06.2021 16:21:11.002  00001003 00000000 00000000 00001000 00000003 
27.06.2021 16:21:11.011  00000003 00000000 00000000 00000000 00000003 
27.06.2021 16:21:11.014  00001003 00000000 00000000 00001000 00000003 
27.06.2021 16:21:11.023  00000003 00000000 00000000 00000000 00000003 
27.06.2021 16:21:11.026  00001003 00000000 00000000 00001000 00000003 
27.06.2021 16:21:11.035  00000003 00000000 00000000 00000000 00000003 
27.06.2021 16:21:11.038  00001003 00000000 00000000 00001000 00000003 
27.06.2021 16:21:11.056  00000003 00000000 00000000 00001000 00000003 
27.06.2021 16:21:11.059  00001003 00000000 00000000 00001000 00000003 
27.06.2021 16:21:11.068  00000003 00000000 00000000 00001000 00000003 
27.06.2021 16:21:11.071  00001003 00000000 00000000 00000000 00000003 
27.06.2021 16:21:11.074  00001003 00000000 00000000 00001000 00000003 
27.06.2021 16:21:11.080  00000003 00000000 00000000 00001000 00000003 
27.06.2021 16:21:11.083  00001003 00000000 00000000 00000000 00000003 
27.06.2021 16:21:11.086  00001003 00000000 00000000 00001000 00000003 
27.06.2021 16:21:11.092  00000003 00000000 00000000 00001000 00000003 
27.06.2021 16:21:11.095  00001003 00000000 00000000 00000000 00000003 
27.06.2021 16:21:11.098  00001003 00000000 00000000 00001000 00000003 
27.06.2021 16:21:11.104  00000003 00000000 00000000 00001000 00000003 
27.06.2021 16:21:11.107  00000003 00000000 00000000 00000000 00000003 
27.06.2021 16:21:11.110  00001003 00000000 00000000 00000000 00000003 
27.06.2021 16:21:11.113  00001003 00000000 00000000 00001000 00000003 
27.06.2021 16:21:11.119  00000003 00000000 00000000 00001000 00000003 
27.06.2021 16:21:11.122  00001003 00000000 00000000 00001000 00000003 
27.06.2021 16:21:11.149  00000003 00000000 00000000 00001000 00000003 
27.06.2021 16:21:11.152  00000003 00000000 00000000 00000000 00000003 
27.06.2021 16:21:11.155  00001003 00000000 00000000 00000000 00000003 
27.06.2021 16:21:11.158  00001003 00000000 00000000 00001000 00000003 
27.06.2021 16:21:11.164  00000003 00000000 00000000 00001000 00000003 
27.06.2021 16:21:11.167  00001003 00000000 00000000 00001000 00000003 
27.06.2021 16:21:11.239  00000003 00000000 00000000 00000000 00000003 
27.06.2021 16:21:11.365  00001003 00000000 00000000 00000000 00001003 
27.06.2021 16:21:11.449  00000003 00000000 00000000 00000000 00000003 
27.06.2021 16:21:11.551  00000003 00000000 00400000 00000000 00000003 
27.06.2021 16:21:11.554  00000003 00000000 00000000 00000000 00000003 
27.06.2021 16:21:11.659  00000003 00000000 00000000 00400000 00000003 
27.06.2021 16:21:11.662  00000003 00000000 00000000 00000000 00000003 
27.06.2021 16:21:11.764  00000003 00000000 00000000 00000000 00400003 
27.06.2021 16:21:11.767  00000003 00000000 00000000 00000000 00000003 
27.06.2021 16:21:11.911  00000003 00000000 00000000 00000000 00800003 
27.06.2021 16:21:11.914  00000003 00000000 00000000 00000000 00000003 
27.06.2021 16:21:12.262  00001003 00000000 00001000 00000000 00000003 
27.06.2021 16:21:12.349  00000003 00000000 00001000 00000000 00000003 
27.06.2021 16:21:12.352  00000003 00000000 00000000 00000000 00000003 
27.06.2021 16:21:12.490  00001003 00000000 00000000 00000000 00001003 
27.06.2021 16:21:12.565  00000003 00000000 00000000 00000000 00000003 
27.06.2021 16:21:12.721  00001003 00000000 00001000 00000000 00000003 
27.06.2021 16:21:12.799  00000003 00000000 00001000 00000000 00000003 
27.06.2021 16:21:12.802  00000003 00000000 00000000 00000000 00000003 
27.06.2021 16:21:12.940  00001003 00000000 00000000 00000000 00001003 
27.06.2021 16:21:13.015  00000003 00000000 00000000 00000000 00000003 
27.06.2021 16:21:13.864  00000003 00000000 00800000 00000000 00000003 
27.06.2021 16:21:13.867  00000003 00000000 00000000 00000000 00000003 
27.06.2021 16:21:13.999  00000003 00000000 00000000 00800000 00000003 
27.06.2021 16:21:14.002  00000003 00000000 00000000 00000000 00000003 
27.06.2021 16:21:14.143  00004003 00000000 00004000 00000000 00000003 
27.06.2021 16:21:14.221  00000003 00000000 00004000 00000000 00000003 
27.06.2021 16:21:14.224  00000003 00000000 00000000 00000000 00000003 
27.06.2021 16:21:14.362  00004003 00000000 00000000 00000000 00004003 
27.06.2021 16:21:14.437  00000003 00000000 00000000 00000000 00000003 
27.06.2021 16:21:14.587  00004003 00000000 00004000 00000000 00000003 
27.06.2021 16:21:14.671  00000003 00000000 00004000 00000000 00000003 
27.06.2021 16:21:14.674  00000003 00000000 00000000 00000000 00000003 
27.06.2021 16:21:14.812  00004003 00000000 00000000 00000000 00004003 
27.06.2021 16:21:14.887  00000003 00000000 00000000 00000000 00000003 
27.06.2021 16:21:15.244  00004003 00004000 00000000 00000000 00000003 
27.06.2021 16:21:16.456  00004003 00000000 00000000 00000000 00000003 
27.06.2021 16:21:16.462  00000003 00000000 00000000 00000000 00000003 
27.06.2021 16:21:16.858  00004003 00000000 00000000 00000000 00000003 
27.06.2021 16:21:16.861  00004003 00000000 00000000 00004000 00000003 
27.06.2021 16:21:17.500  00000003 00000000 00000000 00000000 00000003 
27.06.2021 16:21:18.046  00002003 00000000 00000000 00002000 00000003 
27.06.2021 16:21:19.849  00000000 00000000 00000000 00000000 00000000 
27.06.2021 16:21:19.882  00000080 00000080 00000000 00000000 00000000 
27.06.2021 16:21:19.885  00002080 00000080 00000000 00002000 00000000 
27.06.2021 16:21:19.978  00002082 00000080 00000000 00002000 00000002 
27.06.2021 16:21:19.984  00002083 00000080 00000000 00002000 00000003 
27.06.2021 16:21:20.044  000020c3 00000080 00000000 00002040 00000003 
27.06.2021 16:21:20.065  00002083 00000080 00000000 00002000 00000003 
27.06.2021 16:21:20.074  00002083 00000000 00000000 00002000 00000003 
27.06.2021 16:21:20.080  00002003 00000000 00000000 00002000 00000003 
27.06.2021 16:21:20.137  00002000 00000000 00000000 00002000 00000003 
27.06.2021 16:21:20.140  00000000 00000000 00000000 00000000 00000000 
27.06.2021 16:21:20.284  00000001 00000000 00000000 00000000 00000001 
27.06.2021 16:21:20.359  00000000 00000000 00000000 00000000 00000000 
27.06.2021 16:21:20.494  00000002 00000000 00000000 00000000 00000002 
27.06.2021 16:21:20.575  00000000 00000000 00000000 00000000 00000000 
27.06.2021 16:21:20.674  00002000 00000000 00000000 00002000 00000000 
27.06.2021 16:21:20.707  00000000 00000000 00000000 00000000 00000000 
27.06.2021 16:23:51.702  00002002 00000000 00000000 00002000 00000002 
27.06.2021 16:23:51.705  00002003 00000000 00000000 00002000 00000003 
27.06.2021 16:23:55.572  00002083 00000080 00000000 00002000 00000003 
28.06.2021 14:40:03.007  000003b3 000000b0 00000200 00000000 00010103 
28.06.2021 14:40:03.163  000001b3 000000b0 00000000 00000000 00010103 
28.06.2021 14:40:03.175  000000b3 000000b0 00000000 00000000 00000003 
28.06.2021 14:40:26.740  000000b3 00000000 00000000 00000000 00000003 
28.06.2021 14:40:26.746  00000003 00000000 00000000 00000000 00000003 
28.06.2021 14:40:27.106  80000003 80000000 00000000 00000000 00000003 
28.06.2021 14:40:27.112  00000003 00000000 00000000 00000000 00000003 
28.06.2021 14:40:27.202  00000033 00000030 00000000 00000000 00000003 
28.06.2021 14:40:27.268  00000033 00000000 00000000 00000000 00000003 
28.06.2021 14:40:27.274  00000003 00000000 00000000 00000000 00000003 
28.06.2021 14:40:30.400  00000033 00000030 00000000 00000000 00000003 
28.06.2021 14:40:30.469  00000033 00000000 00000000 00000000 00000003 
28.06.2021 14:40:30.475  00000003 00000000 00000000 00000000 00000003 
28.06.2021 14:40:30.619  00000043 00000000 00000000 00000040 00000003 
28.06.2021 14:40:30.631  000000c3 00000080 00000000 00000040 00000003 
28.06.2021 14:40:30.634  000020c3 00000080 00000000 00002040 00000003 
28.06.2021 14:40:30.712  00002083 00000080 00000000 00002000 00000003 
28.06.2021 14:40:30.715  00002083 00000000 00000000 00002000 00000003 
28.06.2021 14:40:30.721  00002003 00000000 00000000 00002000 00000003 
28.06.2021 14:40:30.724  00000003 00000000 00000000 00000000 00000003 
28.06.2021 14:40:30.838  00000083 00000080 00000000 00000000 00000003 
28.06.2021 14:40:30.901  00000083 00000000 00000000 00000000 00000003 
28.06.2021 14:40:30.907  00000003 00000000 00000000 00000000 00000003 
28.06.2021 14:40:31.075  00000083 00000080 00000000 00000000 00000003 
28.06.2021 14:40:31.231  00000083 00000000 00000000 00000000 00000003 
28.06.2021 14:40:31.237  00000003 00000000 00000000 00000000 00000003 
28.06.2021 14:40:31.381  00000103 00000000 00000000 00000000 00000003 
28.06.2021 14:40:31.384  00000103 00000000 00000000 00000000 00010103 
28.06.2021 14:40:31.459  00000003 00000000 00000000 00000000 00000003 
28.06.2021 14:40:31.624  00000103 00000000 00000000 00000000 00010103 
28.06.2021 14:40:31.711  00000003 00000000 00000000 00000000 00000003 
28.06.2021 14:40:31.858  00000203 00000000 00000200 00000000 00000003 
28.06.2021 14:40:31.945  00000003 00000000 00000000 00000000 00000003 
28.06.2021 14:40:32.092  00000203 00000000 00000000 00000000 00000003 
28.06.2021 14:40:32.095  00000203 00000000 00000200 00000000 00000003 
28.06.2021 14:40:32.182  00000003 00000000 00000000 00000000 00000003 
28.06.2021 14:40:32.302  00001003 00001000 00000000 00000000 00000003 
28.06.2021 14:40:32.311  00001003 00000000 00000000 00000000 00000003 
28.06.2021 14:40:32.314  00000003 00000000 00000000 00000000 00000003 
28.06.2021 14:40:32.338  00001003 00001000 00000000 00000000 00000003 
28.06.2021 14:40:32.347  00001003 00000000 00000000 00000000 00000003 
28.06.2021 14:40:32.350  00000003 00000000 00000000 00000000 00000003 
28.06.2021 14:40:32.371  00001003 00001000 00000000 00000000 00000003 
28.06.2021 14:40:32.383  00001003 00000000 00000000 00000000 00000003 
28.06.2021 14:40:32.386  00000003 00000000 00000000 00000000 00000003 
28.06.2021 14:40:32.398  00001003 00001000 00000000 00000000 00000003 
28.06.2021 14:40:32.419  00001003 00000000 00000000 00000000 00000003 
28.06.2021 14:40:32.422  00000003 00000000 00000000 00000000 00000003 
28.06.2021 14:40:32.437  00001003 00001000 00000000 00000000 00000003 
28.06.2021 14:40:32.455  00001003 00000000 00000000 00000000 00000003 
28.06.2021 14:40:32.458  00000003 00000000 00000000 00000000 00000003 
28.06.2021 14:40:32.473  00001003 00001000 00000000 00000000 00000003 
28.06.2021 14:40:32.491  00001003 00000000 00000000 00000000 00000003 
28.06.2021 14:40:32.494  00000003 00000000 00000000 00000000 00000003 
28.06.2021 14:40:32.506  00001003 00001000 00000000 00000000 00000003 
28.06.2021 14:40:32.527  00001003 00000000 00000000 00000000 00000003 
28.06.2021 14:40:32.530  00000003 00000000 00000000 00000000 00000003 
28.06.2021 14:40:32.542  00001003 00001000 00000000 00000000 00000003 
28.06.2021 14:40:32.563  00001003 00000000 00000000 00000000 00000003 
28.06.2021 14:40:32.566  00000003 00000000 00000000 00000000 00000003 
28.06.2021 14:40:32.578  00001003 00001000 00000000 00000000 00000003 
28.06.2021 14:40:32.599  00001003 00000000 00000000 00000000 00000003 
28.06.2021 14:40:32.602  00000003 00000000 00000000 00000000 00000003 
28.06.2021 14:40:32.617  00001003 00001000 00000000 00000000 00000003 
28.06.2021 14:40:32.635  00001003 00000000 00000000 00000000 00000003 
28.06.2021 14:40:32.638  00000003 00000000 00000000 00000000 00000003 
28.06.2021 14:40:32.650  00001003 00001000 00000000 00000000 00000003 
28.06.2021 14:40:32.671  00001003 00000000 00000000 00000000 00000003 
28.06.2021 14:40:32.674  00000003 00000000 00000000 00000000 00000003 
28.06.2021 14:40:32.686  00001003 00001000 00000000 00000000 00000003 
28.06.2021 14:40:32.707  00001003 00000000 00000000 00000000 00000003 
28.06.2021 14:40:32.710  00000003 00000000 00000000 00000000 00000003 
28.06.2021 14:40:32.725  00001003 00001000 00000000 00000000 00000003 
28.06.2021 14:40:32.743  00001003 00000000 00000000 00000000 00000003 
28.06.2021 14:40:32.746  00000003 00000000 00000000 00000000 00000003 
28.06.2021 14:40:32.761  00001003 00001000 00000000 00000000 00000003 
28.06.2021 14:40:32.779  00001003 00000000 00000000 00000000 00000003 
28.06.2021 14:40:32.782  00000003 00000000 00000000 00000000 00000003 
28.06.2021 14:40:32.794  00001003 00001000 00000000 00000000 00000003 
28.06.2021 14:40:32.815  00001003 00000000 00000000 00000000 00000003 
28.06.2021 14:40:32.818  00000003 00000000 00000000 00000000 00000003 
28.06.2021 14:40:32.833  00001003 00001000 00000000 00000000 00000003 
28.06.2021 14:40:32.851  00001003 00000000 00000000 00000000 00000003 
28.06.2021 14:40:32.854  00000003 00000000 00000000 00000000 00000003 
28.06.2021 14:40:32.869  00001003 00001000 00000000 00000000 00000003 
28.06.2021 14:40:32.887  00001003 00000000 00000000 00000000 00000003 
28.06.2021 14:40:32.890  00000003 00000000 00000000 00000000 00000003 
28.06.2021 14:40:32.902  00001003 00001000 00000000 00000000 00000003 
28.06.2021 14:40:32.923  00001003 00000000 00000000 00000000 00000003 
28.06.2021 14:40:32.926  00000003 00000000 00000000 00000000 00000003 
28.06.2021 14:40:32.938  00001003 00001000 00000000 00000000 00000003 
28.06.2021 14:40:32.959  00001003 00000000 00000000 00000000 00000003 
28.06.2021 14:40:32.962  00000003 00000000 00000000 00000000 00000003 
28.06.2021 14:40:32.977  00001003 00001000 00000000 00000000 00000003 
28.06.2021 14:40:32.995  00001003 00000000 00000000 00000000 00000003 
28.06.2021 14:40:32.998  00000003 00000000 00000000 00000000 00000003 
28.06.2021 14:40:33.010  00001003 00001000 00000000 00000000 00000003 
28.06.2021 14:40:33.031  00001003 00000000 00000000 00000000 00000003 
28.06.2021 14:40:33.034  00000003 00000000 00000000 00000000 00000003 
28.06.2021 14:40:33.049  00001003 00001000 00000000 00000000 00000003 
28.06.2021 14:40:33.067  00001003 00000000 00000000 00000000 00000003 
28.06.2021 14:40:33.070  00000003 00000000 00000000 00000000 00000003 
28.06.2021 14:40:33.082  00001003 00001000 00000000 00000000 00000003 
28.06.2021 14:40:33.103  00001003 00000000 00000000 00000000 00000003 
28.06.2021 14:40:33.106  00000003 00000000 00000000 00000000 00000003 
28.06.2021 14:40:33.118  00001003 00001000 00000000 00000000 00000003 
28.06.2021 14:40:33.139  00001003 00000000 00000000 00000000 00000003 
28.06.2021 14:40:33.142  00000003 00000000 00000000 00000000 00000003 
28.06.2021 14:40:33.154  00001003 00001000 00000000 00000000 00000003 
28.06.2021 14:40:33.175  00001003 00000000 00000000 00000000 00000003 
28.06.2021 14:40:33.178  00000003 00000000 00000000 00000000 00000003 
28.06.2021 14:40:33.190  00001003 00001000 00000000 00000000 00000003 
28.06.2021 14:40:33.211  00001003 00000000 00000000 00000000 00000003 
28.06.2021 14:40:33.214  00000003 00000000 00000000 00000000 00000003 
28.06.2021 14:40:33.343  00001003 00000000 00000000 00000000 00000003 
28.06.2021 14:40:33.346  00001003 00000000 00001000 00000000 00000003 
28.06.2021 14:40:33.418  00000003 00000000 00001000 00000000 00000003 
28.06.2021 14:40:33.421  00000003 00000000 00000000 00000000 00000003 
28.06.2021 14:40:33.568  00001003 00000000 00000000 00000000 00000003 
28.06.2021 14:40:33.571  00001003 00000000 00000000 00001000 00000003 
28.06.2021 14:40:33.577  00000003 00000000 00000000 00001000 00000003 
28.06.2021 14:40:33.580  00001003 00000000 00000000 00000000 00000003 
28.06.2021 14:40:33.583  00001003 00000000 00000000 00001000 00000003 
28.06.2021 14:40:33.592  00001003 00000000 00000000 00000000 00000003 
28.06.2021 14:40:33.595  00001003 00000000 00000000 00001000 00000003 
28.06.2021 14:40:33.604  00001003 00000000 00000000 00000000 00000003 
28.06.2021 14:40:33.607  00001003 00000000 00000000 00001000 00000003 
28.06.2021 14:40:33.616  00001003 00000000 00000000 00000000 00000003 
28.06.2021 14:40:33.619  00001003 00000000 00000000 00001000 00000003 
28.06.2021 14:40:33.628  00000003 00000000 00000000 00000000 00000003 
28.06.2021 14:40:33.631  00001003 00000000 00000000 00001000 00000003 
28.06.2021 14:40:33.640  00000003 00000000 00000000 00000000 00000003 
28.06.2021 14:40:33.643  00001003 00000000 00000000 00001000 00000003 
28.06.2021 14:40:33.661  00000003 00000000 00000000 00001000 00000003 
28.06.2021 14:40:33.664  00001003 00000000 00000000 00001000 00000003 
28.06.2021 14:40:33.673  00000003 00000000 00000000 00001000 00000003 
28.06.2021 14:40:33.676  00001003 00000000 00000000 00001000 00000003 
28.06.2021 14:40:33.685  00000003 00000000 00000000 00001000 00000003 
28.06.2021 14:40:33.688  00001003 00000000 00000000 00000000 00000003 
28.06.2021 14:40:33.691  00001003 00000000 00000000 00001000 00000003 
28.06.2021 14:40:33.697  00000003 00000000 00000000 00001000 00000003 
28.06.2021 14:40:33.700  00001003 00000000 00000000 00000000 00000003 
28.06.2021 14:40:33.703  00001003 00000000 00000000 00001000 00000003 
28.06.2021 14:40:33.709  00000003 00000000 00000000 00001000 00000003 
28.06.2021 14:40:33.712  00000003 00000000 00000000 00000000 00000003 
28.06.2021 14:40:33.715  00001003 00000000 00000000 00000000 00000003 
28.06.2021 14:40:33.718  00001003 00000000 00000000 00001000 00000003 
28.06.2021 14:40:33.754  00000003 00000000 00000000 00001000 00000003 
28.06.2021 14:40:33.757  00000003 00000000 00000000 00000000 00000003 
28.06.2021 14:40:33.760  00001003 00000000 00000000 00000000 00000003 
28.06.2021 14:40:33.763  00001003 00000000 00000000 00001000 00000003 
28.06.2021 14:40:33.844  00000003 00000000 00000000 00000000 00000003 
28.06.2021 14:40:33.973  00001003 00000000 00000000 00000000 00001003 
28.06.2021 14:40:34.048  00000003 00000000 00000000 00000000 00000003 
28.06.2021 14:40:34.150  00000003 00000000 00400000 00000000 00000003 
28.06.2021 14:40:34.153  00000003 00000000 00000000 00000000 00000003 
28.06.2021 14:40:34.258  00000003 00000000 00000000 00400000 00000003 
28.06.2021 14:40:34.261  00000003 00000000 00000000 00000000 00000003 
28.06.2021 14:40:34.369  00000003 00000000 00000000 00000000 00400003 
28.06.2021 14:40:34.372  00000003 00000000 00000000 00000000 00000003 
28.06.2021 14:40:34.486  00000003 00000000 00000000 00000000 00800003 
28.06.2021 14:40:34.489  00000003 00000000 00000000 00000000 00000003 
28.06.2021 14:40:34.843  00001003 00000000 00001000 00000000 00000003 
28.06.2021 14:40:34.930  00000003 00000000 00001000 00000000 00000003 
28.06.2021 14:40:34.933  00000003 00000000 00000000 00000000 00000003 
28.06.2021 14:40:35.071  00001003 00000000 00000000 00000000 00001003 
28.06.2021 14:40:35.146  00000003 00000000 00000000 00000000 00000003 
28.06.2021 14:40:35.299  00001003 00000000 00001000 00000000 00000003 
28.06.2021 14:40:35.380  00000003 00000000 00001000 00000000 00000003 
28.06.2021 14:40:35.383  00000003 00000000 00000000 00000000 00000003 
28.06.2021 14:40:35.521  00001003 00000000 00000000 00000000 00001003 
28.06.2021 14:40:35.596  00000003 00000000 00000000 00000000 00000003 
28.06.2021 14:40:36.499  00000003 00000000 00800000 00000000 00000003 
28.06.2021 14:40:36.502  00000003 00000000 00000000 00000000 00000003 
28.06.2021 14:40:36.634  00000003 00000000 00000000 00800000 00000003 
28.06.2021 14:40:36.637  00000003 00000000 00000000 00000000 00000003 
28.06.2021 14:40:36.775  00004003 00000000 00004000 00000000 00000003 
28.06.2021 14:40:36.856  00000003 00000000 00004000 00000000 00000003 
28.06.2021 14:40:36.859  00000003 00000000 00000000 00000000 00000003 
28.06.2021 14:40:36.997  00004003 00000000 00000000 00000000 00004003 
28.06.2021 14:40:37.072  00000003 00000000 00000000 00000000 00000003 
28.06.2021 14:40:37.222  00004003 00000000 00004000 00000000 00000003 
28.06.2021 14:40:37.306  00000003 00000000 00004000 00000000 00000003 
28.06.2021 14:40:37.309  00000003 00000000 00000000 00000000 00000003 
28.06.2021 14:40:37.447  00004003 00000000 00000000 00000000 00004003 
28.06.2021 14:40:37.522  00000003 00000000 00000000 00000000 00000003 
28.06.2021 14:40:37.957  00004003 00004000 00000000 00000000 00000003 
28.06.2021 14:40:39.172  00004003 00000000 00000000 00000000 00000003 
28.06.2021 14:40:39.178  00000003 00000000 00000000 00000000 00000003 
28.06.2021 14:40:39.625  00004003 00000000 00000000 00004000 00000003 
28.06.2021 14:40:40.255  00000003 00000000 00000000 00000000 00000003 
28.06.2021 14:40:40.804  00002003 00000000 00000000 00002000 00000003 
28.06.2021 14:42:56.945  00000000 00000000 00000000 00000000 00000000 
28.06.2021 14:42:56.981  00000080 00000080 00000000 00000000 00000000 
28.06.2021 14:42:56.984  00002080 00000080 00000000 00002000 00000000 
28.06.2021 14:42:57.077  00002082 00000080 00000000 00002000 00000002 
28.06.2021 14:42:57.083  00002083 00000080 00000000 00002000 00000003 
28.06.2021 14:42:57.143  000020c3 00000080 00000000 00002040 00000003 
28.06.2021 14:42:57.164  00002083 00000080 00000000 00002000 00000003 
28.06.2021 14:42:57.173  00002083 00000000 00000000 00002000 00000003 
28.06.2021 14:42:57.179  00002003 00000000 00000000 00002000 00000003 
28.06.2021 14:42:57.233  00002000 00000000 00000000 00002000 00000003 
28.06.2021 14:42:57.236  00000000 00000000 00000000 00000000 00000000 
28.06.2021 14:42:57.380  00000001 00000000 00000000 00000000 00000001 
28.06.2021 14:42:57.458  00000000 00000000 00000000 00000000 00000000 
28.06.2021 14:42:57.590  00000002 00000000 00000000 00000000 00000002 
28.06.2021 14:42:57.674  00000000 00000000 00000000 00000000 00000000 
28.06.2021 14:42:57.770  00002000 00000000 00000000 00002000 00000000 
28.06.2021 14:42:57.803  00000000 00000000 00000000 00000000 00000000 
28.06.2021 15:09:22.945  00000080 00000080 00000000 00000000 00000000 
28.06.2021 15:09:22.948  00002080 00000080 00000000 00002000 00000000 

Servicedata V1.0 PLC:\DEBUG\S_State.service.trace created 28.06.2021 16:01:20 (local time)
hostname: hu, Software: 606421 04, built: 08.10.2014 08:59
-------------------------------------------------------------------------------------------
                    ms   global   master   device1
27.06.2021 16:21:11.011  00000003 00000000 00000000 00000000 00000003 
27.06.2021 16:21:11.014  00001003 00000000 00000000 00001000 00000003 
27.06.2021 16:21:11.023  00000003 00000000 00000000 00000000 00000003 
27.06.2021 16:21:11.026  00001003 00000000 00000000 00001000 00000003 
27.06.2021 16:21:11.035  00000003 00000000 00000000 00000000 00000003 
27.06.2021 16:21:11.038  00001003 00000000 00000000 00001000 00000003 
27.06.2021 16:21:11.056  00000003 00000000 00000000 00001000 00000003 
27.06.2021 16:21:11.059  00001003 00000000 00000000 00001000 00000003 
27.06.2021 16:21:11.068  00000003 00000000 00000000 00001000 00000003 
27.06.2021 16:21:11.071  00001003 00000000 00000000 00000000 00000003 
27.06.2021 16:21:11.074  00001003 00000000 00000000 00001000 00000003 
27.06.2021 16:21:11.080  00000003 00000000 00000000 00001000 00000003 
27.06.2021 16:21:11.083  00001003 00000000 00000000 00000000 00000003 
27.06.2021 16:21:11.086  00001003 00000000 00000000 00001000 00000003 
27.06.2021 16:21:11.092  00000003 00000000 00000000 00001000 00000003 
27.06.2021 16:21:11.095  00001003 00000000 00000000 00000000 00000003 
27.06.2021 16:21:11.098  00001003 00000000 00000000 00001000 00000003 
27.06.2021 16:21:11.104  00000003 00000000 00000000 00001000 00000003 
27.06.2021 16:21:11.107  00000003 00000000 00000000 00000000 00000003 
27.06.2021 16:21:11.110  00001003 00000000 00000000 00000000 00000003 
27.06.2021 16:21:11.113  00001003 00000000 00000000 00001000 00000003 
27.06.2021 16:21:11.119  00000003 00000000 00000000 00001000 00000003 
27.06.2021 16:21:11.122  00001003 00000000 00000000 00001000 00000003 
27.06.2021 16:21:11.149  00000003 00000000 00000000 00001000 00000003 
27.06.2021 16:21:11.152  00000003 00000000 00000000 00000000 00000003 
27.06.2021 16:21:11.155  00001003 00000000 00000000 00000000 00000003 
27.06.2021 16:21:11.158  00001003 00000000 00000000 00001000 00000003 
27.06.2021 16:21:11.164  00000003 00000000 00000000 00001000 00000003 
27.06.2021 16:21:11.167  00001003 00000000 00000000 00001000 00000003 
27.06.2021 16:21:11.239  00000003 00000000 00000000 00000000 00000003 
27.06.2021 16:21:11.365  00001003 00000000 00000000 00000000 00001003 
27.06.2021 16:21:11.449  00000003 00000000 00000000 00000000 00000003 
27.06.2021 16:21:11.551  00000003 00000000 00400000 00000000 00000003 
27.06.2021 16:21:11.554  00000003 00000000 00000000 00000000 00000003 
27.06.2021 16:21:11.659  00000003 00000000 00000000 00400000 00000003 
27.06.2021 16:21:11.662  00000003 00000000 00000000 00000000 00000003 
27.06.2021 16:21:11.764  00000003 00000000 00000000 00000000 00400003 
27.06.2021 16:21:11.767  00000003 00000000 00000000 00000000 00000003 
27.06.2021 16:21:11.911  00000003 00000000 00000000 00000000 00800003 
27.06.2021 16:21:11.914  00000003 00000000 00000000 00000000 00000003 
27.06.2021 16:21:12.262  00001003 00000000 00001000 00000000 00000003 
27.06.2021 16:21:12.349  00000003 00000000 00001000 00000000 00000003 
27.06.2021 16:21:12.352  00000003 00000000 00000000 00000000 00000003 
27.06.2021 16:21:12.490  00001003 00000000 00000000 00000000 00001003 
27.06.2021 16:21:12.565  00000003 00000000 00000000 00000000 00000003 
27.06.2021 16:21:12.721  00001003 00000000 00001000 00000000 00000003 
27.06.2021 16:21:12.799  00000003 00000000 00001000 00000000 00000003 
27.06.2021 16:21:12.802  00000003 00000000 00000000 00000000 00000003 
27.06.2021 16:21:12.940  00001003 00000000 00000000 00000000 00001003 
27.06.2021 16:21:13.015  00000003 00000000 00000000 00000000 00000003 
27.06.2021 16:21:13.864  00000003 00000000 00800000 00000000 00000003 
27.06.2021 16:21:13.867  00000003 00000000 00000000 00000000 00000003 
27.06.2021 16:21:13.999  00000003 00000000 00000000 00800000 00000003 
27.06.2021 16:21:14.002  00000003 00000000 00000000 00000000 00000003 
27.06.2021 16:21:14.143  00004003 00000000 00004000 00000000 00000003 
27.06.2021 16:21:14.221  00000003 00000000 00004000 00000000 00000003 
27.06.2021 16:21:14.224  00000003 00000000 00000000 00000000 00000003 
27.06.2021 16:21:14.362  00004003 00000000 00000000 00000000 00004003 
27.06.2021 16:21:14.437  00000003 00000000 00000000 00000000 00000003 
27.06.2021 16:21:14.587  00004003 00000000 00004000 00000000 00000003 
27.06.2021 16:21:14.671  00000003 00000000 00004000 00000000 00000003 
27.06.2021 16:21:14.674  00000003 00000000 00000000 00000000 00000003 
27.06.2021 16:21:14.812  00004003 00000000 00000000 00000000 00004003 
27.06.2021 16:21:14.887  00000003 00000000 00000000 00000000 00000003 
27.06.2021 16:21:15.244  00004003 00004000 00000000 00000000 00000003 
27.06.2021 16:21:16.456  00004003 00000000 00000000 00000000 00000003 
27.06.2021 16:21:16.462  00000003 00000000 00000000 00000000 00000003 
27.06.2021 16:21:16.858  00004003 00000000 00000000 00000000 00000003 
27.06.2021 16:21:16.861  00004003 00000000 00000000 00004000 00000003 
27.06.2021 16:21:17.500  00000003 00000000 00000000 00000000 00000003 
27.06.2021 16:21:18.046  00002003 00000000 00000000 00002000 00000003 
27.06.2021 16:21:19.849  00000000 00000000 00000000 00000000 00000000 
27.06.2021 16:21:19.882  00000080 00000080 00000000 00000000 00000000 
27.06.2021 16:21:19.885  00002080 00000080 00000000 00002000 00000000 
27.06.2021 16:21:19.978  00002082 00000080 00000000 00002000 00000002 
27.06.2021 16:21:19.984  00002083 00000080 00000000 00002000 00000003 
27.06.2021 16:21:20.044  000020c3 00000080 00000000 00002040 00000003 
27.06.2021 16:21:20.065  00002083 00000080 00000000 00002000 00000003 
27.06.2021 16:21:20.074  00002083 00000000 00000000 00002000 00000003 
27.06.2021 16:21:20.080  00002003 00000000 00000000 00002000 00000003 
27.06.2021 16:21:20.137  00002000 00000000 00000000 00002000 00000003 
27.06.2021 16:21:20.140  00000000 00000000 00000000 00000000 00000000 
27.06.2021 16:21:20.284  00000001 00000000 00000000 00000000 00000001 
27.06.2021 16:21:20.359  00000000 00000000 00000000 00000000 00000000 
27.06.2021 16:21:20.494  00000002 00000000 00000000 00000000 00000002 
27.06.2021 16:21:20.575  00000000 00000000 00000000 00000000 00000000 
27.06.2021 16:21:20.674  00002000 00000000 00000000 00002000 00000000 
27.06.2021 16:21:20.707  00000000 00000000 00000000 00000000 00000000 
27.06.2021 16:23:51.702  00002002 00000000 00000000 00002000 00000002 
27.06.2021 16:23:51.705  00002003 00000000 00000000 00002000 00000003 
27.06.2021 16:23:55.572  00002083 00000080 00000000 00002000 00000003 
28.06.2021 14:40:03.007  000003b3 000000b0 00000200 00000000 00010103 
28.06.2021 14:40:03.163  000001b3 000000b0 00000000 00000000 00010103 
28.06.2021 14:40:03.175  000000b3 000000b0 00000000 00000000 00000003 
28.06.2021 14:40:26.740  000000b3 00000000 00000000 00000000 00000003 
28.06.2021 14:40:26.746  00000003 00000000 00000000 00000000 00000003 
28.06.2021 14:40:27.106  80000003 80000000 00000000 00000000 00000003 
28.06.2021 14:40:27.112  00000003 00000000 00000000 00000000 00000003 
28.06.2021 14:40:27.202  00000033 00000030 00000000 00000000 00000003 
28.06.2021 14:40:27.268  00000033 00000000 00000000 00000000 00000003 
28.06.2021 14:40:27.274  00000003 00000000 00000000 00000000 00000003 
28.06.2021 14:40:30.400  00000033 00000030 00000000 00000000 00000003 
28.06.2021 14:40:30.469  00000033 00000000 00000000 00000000 00000003 
28.06.2021 14:40:30.475  00000003 00000000 00000000 00000000 00000003 
28.06.2021 14:40:30.619  00000043 00000000 00000000 00000040 00000003 
28.06.2021 14:40:30.631  000000c3 00000080 00000000 00000040 00000003 
28.06.2021 14:40:30.634  000020c3 00000080 00000000 00002040 00000003 
28.06.2021 14:40:30.712  00002083 00000080 00000000 00002000 00000003 
28.06.2021 14:40:30.715  00002083 00000000 00000000 00002000 00000003 
28.06.2021 14:40:30.721  00002003 00000000 00000000 00002000 00000003 
28.06.2021 14:40:30.724  00000003 00000000 00000000 00000000 00000003 
28.06.2021 14:40:30.838  00000083 00000080 00000000 00000000 00000003 
28.06.2021 14:40:30.901  00000083 00000000 00000000 00000000 00000003 
28.06.2021 14:40:30.907  00000003 00000000 00000000 00000000 00000003 
28.06.2021 14:40:31.075  00000083 00000080 00000000 00000000 00000003 
28.06.2021 14:40:31.231  00000083 00000000 00000000 00000000 00000003 
28.06.2021 14:40:31.237  00000003 00000000 00000000 00000000 00000003 
28.06.2021 14:40:31.381  00000103 00000000 00000000 00000000 00000003 
28.06.2021 14:40:31.384  00000103 00000000 00000000 00000000 00010103 
28.06.2021 14:40:31.459  00000003 00000000 00000000 00000000 00000003 
28.06.2021 14:40:31.624  00000103 00000000 00000000 00000000 00010103 
28.06.2021 14:40:31.711  00000003 00000000 00000000 00000000 00000003 
28.06.2021 14:40:31.858  00000203 00000000 00000200 00000000 00000003 
28.06.2021 14:40:31.945  00000003 00000000 00000000 00000000 00000003 
28.06.2021 14:40:32.092  00000203 00000000 00000000 00000000 00000003 
28.06.2021 14:40:32.095  00000203 00000000 00000200 00000000 00000003 
28.06.2021 14:40:32.182  00000003 00000000 00000000 00000000 00000003 
28.06.2021 14:40:32.302  00001003 00001000 00000000 00000000 00000003 
28.06.2021 14:40:32.311  00001003 00000000 00000000 00000000 00000003 
28.06.2021 14:40:32.314  00000003 00000000 00000000 00000000 00000003 
28.06.2021 14:40:32.338  00001003 00001000 00000000 00000000 00000003 
28.06.2021 14:40:32.347  00001003 00000000 00000000 00000000 00000003 
28.06.2021 14:40:32.350  00000003 00000000 00000000 00000000 00000003 
28.06.2021 14:40:32.371  00001003 00001000 00000000 00000000 00000003 
28.06.2021 14:40:32.383  00001003 00000000 00000000 00000000 00000003 
28.06.2021 14:40:32.386  00000003 00000000 00000000 00000000 00000003 
28.06.2021 14:40:32.398  00001003 00001000 00000000 00000000 00000003 
28.06.2021 14:40:32.419  00001003 00000000 00000000 00000000 00000003 
28.06.2021 14:40:32.422  00000003 00000000 00000000 00000000 00000003 
28.06.2021 14:40:32.437  00001003 00001000 00000000 00000000 00000003 
28.06.2021 14:40:32.455  00001003 00000000 00000000 00000000 00000003 
28.06.2021 14:40:32.458  00000003 00000000 00000000 00000000 00000003 
28.06.2021 14:40:32.473  00001003 00001000 00000000 00000000 00000003 
28.06.2021 14:40:32.491  00001003 00000000 00000000 00000000 00000003 
28.06.2021 14:40:32.494  00000003 00000000 00000000 00000000 00000003 
28.06.2021 14:40:32.506  00001003 00001000 00000000 00000000 00000003 
28.06.2021 14:40:32.527  00001003 00000000 00000000 00000000 00000003 
28.06.2021 14:40:32.530  00000003 00000000 00000000 00000000 00000003 
28.06.2021 14:40:32.542  00001003 00001000 00000000 00000000 00000003 
28.06.2021 14:40:32.563  00001003 00000000 00000000 00000000 00000003 
28.06.2021 14:40:32.566  00000003 00000000 00000000 00000000 00000003 
28.06.2021 14:40:32.578  00001003 00001000 00000000 00000000 00000003 
28.06.2021 14:40:32.599  00001003 00000000 00000000 00000000 00000003 
28.06.2021 14:40:32.602  00000003 00000000 00000000 00000000 00000003 
28.06.2021 14:40:32.617  00001003 00001000 00000000 00000000 00000003 
28.06.2021 14:40:32.635  00001003 00000000 00000000 00000000 00000003 
28.06.2021 14:40:32.638  00000003 00000000 00000000 00000000 00000003 
28.06.2021 14:40:32.650  00001003 00001000 00000000 00000000 00000003 
28.06.2021 14:40:32.671  00001003 00000000 00000000 00000000 00000003 
28.06.2021 14:40:32.674  00000003 00000000 00000000 00000000 00000003 
28.06.2021 14:40:32.686  00001003 00001000 00000000 00000000 00000003 
28.06.2021 14:40:32.707  00001003 00000000 00000000 00000000 00000003 
28.06.2021 14:40:32.710  00000003 00000000 00000000 00000000 00000003 
28.06.2021 14:40:32.725  00001003 00001000 00000000 00000000 00000003 
28.06.2021 14:40:32.743  00001003 00000000 00000000 00000000 00000003 
28.06.2021 14:40:32.746  00000003 00000000 00000000 00000000 00000003 
28.06.2021 14:40:32.761  00001003 00001000 00000000 00000000 00000003 
28.06.2021 14:40:32.779  00001003 00000000 00000000 00000000 00000003 
28.06.2021 14:40:32.782  00000003 00000000 00000000 00000000 00000003 
28.06.2021 14:40:32.794  00001003 00001000 00000000 00000000 00000003 
28.06.2021 14:40:32.815  00001003 00000000 00000000 00000000 00000003 
28.06.2021 14:40:32.818  00000003 00000000 00000000 00000000 00000003 
28.06.2021 14:40:32.833  00001003 00001000 00000000 00000000 00000003 
28.06.2021 14:40:32.851  00001003 00000000 00000000 00000000 00000003 
28.06.2021 14:40:32.854  00000003 00000000 00000000 00000000 00000003 
28.06.2021 14:40:32.869  00001003 00001000 00000000 00000000 00000003 
28.06.2021 14:40:32.887  00001003 00000000 00000000 00000000 00000003 
28.06.2021 14:40:32.890  00000003 00000000 00000000 00000000 00000003 
28.06.2021 14:40:32.902  00001003 00001000 00000000 00000000 00000003 
28.06.2021 14:40:32.923  00001003 00000000 00000000 00000000 00000003 
28.06.2021 14:40:32.926  00000003 00000000 00000000 00000000 00000003 
28.06.2021 14:40:32.938  00001003 00001000 00000000 00000000 00000003 
28.06.2021 14:40:32.959  00001003 00000000 00000000 00000000 00000003 
28.06.2021 14:40:32.962  00000003 00000000 00000000 00000000 00000003 
28.06.2021 14:40:32.977  00001003 00001000 00000000 00000000 00000003 
28.06.2021 14:40:32.995  00001003 00000000 00000000 00000000 00000003 
28.06.2021 14:40:32.998  00000003 00000000 00000000 00000000 00000003 
28.06.2021 14:40:33.010  00001003 00001000 00000000 00000000 00000003 
28.06.2021 14:40:33.031  00001003 00000000 00000000 00000000 00000003 
28.06.2021 14:40:33.034  00000003 00000000 00000000 00000000 00000003 
28.06.2021 14:40:33.049  00001003 00001000 00000000 00000000 00000003 
28.06.2021 14:40:33.067  00001003 00000000 00000000 00000000 00000003 
28.06.2021 14:40:33.070  00000003 00000000 00000000 00000000 00000003 
28.06.2021 14:40:33.082  00001003 00001000 00000000 00000000 00000003 
28.06.2021 14:40:33.103  00001003 00000000 00000000 00000000 00000003 
28.06.2021 14:40:33.106  00000003 00000000 00000000 00000000 00000003 
28.06.2021 14:40:33.118  00001003 00001000 00000000 00000000 00000003 
28.06.2021 14:40:33.139  00001003 00000000 00000000 00000000 00000003 
28.06.2021 14:40:33.142  00000003 00000000 00000000 00000000 00000003 
28.06.2021 14:40:33.154  00001003 00001000 00000000 00000000 00000003 
28.06.2021 14:40:33.175  00001003 00000000 00000000 00000000 00000003 
28.06.2021 14:40:33.178  00000003 00000000 00000000 00000000 00000003 
28.06.2021 14:40:33.190  00001003 00001000 00000000 00000000 00000003 
28.06.2021 14:40:33.211  00001003 00000000 00000000 00000000 00000003 
28.06.2021 14:40:33.214  00000003 00000000 00000000 00000000 00000003 
28.06.2021 14:40:33.343  00001003 00000000 00000000 00000000 00000003 
28.06.2021 14:40:33.346  00001003 00000000 00001000 00000000 00000003 
28.06.2021 14:40:33.418  00000003 00000000 00001000 00000000 00000003 
28.06.2021 14:40:33.421  00000003 00000000 00000000 00000000 00000003 
28.06.2021 14:40:33.568  00001003 00000000 00000000 00000000 00000003 
28.06.2021 14:40:33.571  00001003 00000000 00000000 00001000 00000003 
28.06.2021 14:40:33.577  00000003 00000000 00000000 00001000 00000003 
28.06.2021 14:40:33.580  00001003 00000000 00000000 00000000 00000003 
28.06.2021 14:40:33.583  00001003 00000000 00000000 00001000 00000003 
28.06.2021 14:40:33.592  00001003 00000000 00000000 00000000 00000003 
28.06.2021 14:40:33.595  00001003 00000000 00000000 00001000 00000003 
28.06.2021 14:40:33.604  00001003 00000000 00000000 00000000 00000003 
28.06.2021 14:40:33.607  00001003 00000000 00000000 00001000 00000003 
28.06.2021 14:40:33.616  00001003 00000000 00000000 00000000 00000003 
28.06.2021 14:40:33.619  00001003 00000000 00000000 00001000 00000003 
28.06.2021 14:40:33.628  00000003 00000000 00000000 00000000 00000003 
28.06.2021 14:40:33.631  00001003 00000000 00000000 00001000 00000003 
28.06.2021 14:40:33.640  00000003 00000000 00000000 00000000 00000003 
28.06.2021 14:40:33.643  00001003 00000000 00000000 00001000 00000003 
28.06.2021 14:40:33.661  00000003 00000000 00000000 00001000 00000003 
28.06.2021 14:40:33.664  00001003 00000000 00000000 00001000 00000003 
28.06.2021 14:40:33.673  00000003 00000000 00000000 00001000 00000003 
28.06.2021 14:40:33.676  00001003 00000000 00000000 00001000 00000003 
28.06.2021 14:40:33.685  00000003 00000000 00000000 00001000 00000003 
28.06.2021 14:40:33.688  00001003 00000000 00000000 00000000 00000003 
28.06.2021 14:40:33.691  00001003 00000000 00000000 00001000 00000003 
28.06.2021 14:40:33.697  00000003 00000000 00000000 00001000 00000003 
28.06.2021 14:40:33.700  00001003 00000000 00000000 00000000 00000003 
28.06.2021 14:40:33.703  00001003 00000000 00000000 00001000 00000003 
28.06.2021 14:40:33.709  00000003 00000000 00000000 00001000 00000003 
28.06.2021 14:40:33.712  00000003 00000000 00000000 00000000 00000003 
28.06.2021 14:40:33.715  00001003 00000000 00000000 00000000 00000003 
28.06.2021 14:40:33.718  00001003 00000000 00000000 00001000 00000003 
28.06.2021 14:40:33.754  00000003 00000000 00000000 00001000 00000003 
28.06.2021 14:40:33.757  00000003 00000000 00000000 00000000 00000003 
28.06.2021 14:40:33.760  00001003 00000000 00000000 00000000 00000003 
28.06.2021 14:40:33.763  00001003 00000000 00000000 00001000 00000003 
28.06.2021 14:40:33.844  00000003 00000000 00000000 00000000 00000003 
28.06.2021 14:40:33.973  00001003 00000000 00000000 00000000 00001003 
28.06.2021 14:40:34.048  00000003 00000000 00000000 00000000 00000003 
28.06.2021 14:40:34.150  00000003 00000000 00400000 00000000 00000003 
28.06.2021 14:40:34.153  00000003 00000000 00000000 00000000 00000003 
28.06.2021 14:40:34.258  00000003 00000000 00000000 00400000 00000003 
28.06.2021 14:40:34.261  00000003 00000000 00000000 00000000 00000003 
28.06.2021 14:40:34.369  00000003 00000000 00000000 00000000 00400003 
28.06.2021 14:40:34.372  00000003 00000000 00000000 00000000 00000003 
28.06.2021 14:40:34.486  00000003 00000000 00000000 00000000 00800003 
28.06.2021 14:40:34.489  00000003 00000000 00000000 00000000 00000003 
28.06.2021 14:40:34.843  00001003 00000000 00001000 00000000 00000003 
28.06.2021 14:40:34.930  00000003 00000000 00001000 00000000 00000003 
28.06.2021 14:40:34.933  00000003 00000000 00000000 00000000 00000003 
28.06.2021 14:40:35.071  00001003 00000000 00000000 00000000 00001003 
28.06.2021 14:40:35.146  00000003 00000000 00000000 00000000 00000003 
28.06.2021 14:40:35.299  00001003 00000000 00001000 00000000 00000003 
28.06.2021 14:40:35.380  00000003 00000000 00001000 00000000 00000003 
28.06.2021 14:40:35.383  00000003 00000000 00000000 00000000 00000003 
28.06.2021 14:40:35.521  00001003 00000000 00000000 00000000 00001003 
28.06.2021 14:40:35.596  00000003 00000000 00000000 00000000 00000003 
28.06.2021 14:40:36.499  00000003 00000000 00800000 00000000 00000003 
28.06.2021 14:40:36.502  00000003 00000000 00000000 00000000 00000003 
28.06.2021 14:40:36.634  00000003 00000000 00000000 00800000 00000003 
28.06.2021 14:40:36.637  00000003 00000000 00000000 00000000 00000003 
28.06.2021 14:40:36.775  00004003 00000000 00004000 00000000 00000003 
28.06.2021 14:40:36.856  00000003 00000000 00004000 00000000 00000003 
28.06.2021 14:40:36.859  00000003 00000000 00000000 00000000 00000003 
28.06.2021 14:40:36.997  00004003 00000000 00000000 00000000 00004003 
28.06.2021 14:40:37.072  00000003 00000000 00000000 00000000 00000003 
28.06.2021 14:40:37.222  00004003 00000000 00004000 00000000 00000003 
28.06.2021 14:40:37.306  00000003 00000000 00004000 00000000 00000003 
28.06.2021 14:40:37.309  00000003 00000000 00000000 00000000 00000003 
28.06.2021 14:40:37.447  00004003 00000000 00000000 00000000 00004003 
28.06.2021 14:40:37.522  00000003 00000000 00000000 00000000 00000003 
28.06.2021 14:40:37.957  00004003 00004000 00000000 00000000 00000003 
28.06.2021 14:40:39.172  00004003 00000000 00000000 00000000 00000003 
28.06.2021 14:40:39.178  00000003 00000000 00000000 00000000 00000003 
28.06.2021 14:40:39.625  00004003 00000000 00000000 00004000 00000003 
28.06.2021 14:40:40.255  00000003 00000000 00000000 00000000 00000003 
28.06.2021 14:40:40.804  00002003 00000000 00000000 00002000 00000003 
28.06.2021 14:42:56.945  00000000 00000000 00000000 00000000 00000000 
28.06.2021 14:42:56.981  00000080 00000080 00000000 00000000 00000000 
28.06.2021 14:42:56.984  00002080 00000080 00000000 00002000 00000000 
28.06.2021 14:42:57.077  00002082 00000080 00000000 00002000 00000002 
28.06.2021 14:42:57.083  00002083 00000080 00000000 00002000 00000003 
28.06.2021 14:42:57.143  000020c3 00000080 00000000 00002040 00000003 
28.06.2021 14:42:57.164  00002083 00000080 00000000 00002000 00000003 
28.06.2021 14:42:57.173  00002083 00000000 00000000 00002000 00000003 
28.06.2021 14:42:57.179  00002003 00000000 00000000 00002000 00000003 
28.06.2021 14:42:57.233  00002000 00000000 00000000 00002000 00000003 
28.06.2021 14:42:57.236  00000000 00000000 00000000 00000000 00000000 
28.06.2021 14:42:57.380  00000001 00000000 00000000 00000000 00000001 
28.06.2021 14:42:57.458  00000000 00000000 00000000 00000000 00000000 
28.06.2021 14:42:57.590  00000002 00000000 00000000 00000000 00000002 
28.06.2021 14:42:57.674  00000000 00000000 00000000 00000000 00000000 
28.06.2021 14:42:57.770  00002000 00000000 00000000 00002000 00000000 
28.06.2021 14:42:57.803  00000000 00000000 00000000 00000000 00000000 
28.06.2021 15:09:22.945  00000080 00000080 00000000 00000000 00000000 
28.06.2021 15:09:22.948  00002080 00000080 00000000 00002000 00000000 
28.06.2021 15:30:52.295  000003b3 000000b0 00000200 00000000 00010103 
28.06.2021 15:30:52.454  000001b3 000000b0 00000000 00000000 00010103 
28.06.2021 15:30:52.463  000000b3 000000b0 00000000 00000000 00000003 
28.06.2021 15:31:08.145  000000b3 00000000 00000000 00000000 00000003 
28.06.2021 15:31:08.151  00000003 00000000 00000000 00000000 00000003 
28.06.2021 15:31:08.499  80000003 80000000 00000000 00000000 00000003 
28.06.2021 15:31:08.505  00000003 00000000 00000000 00000000 00000003 
28.06.2021 15:31:08.595  00000033 00000030 00000000 00000000 00000003 
28.06.2021 15:31:08.658  00000033 00000000 00000000 00000000 00000003 
28.06.2021 15:31:08.664  00000003 00000000 00000000 00000000 00000003 
28.06.2021 15:31:11.790  00000033 00000030 00000000 00000000 00000003 
28.06.2021 15:31:11.862  00000033 00000000 00000000 00000000 00000003 
28.06.2021 15:31:11.868  00000003 00000000 00000000 00000000 00000003 
28.06.2021 15:31:12.012  00000043 00000000 00000000 00000040 00000003 
28.06.2021 15:31:12.024  000000c3 00000080 00000000 00000040 00000003 
28.06.2021 15:31:12.027  000020c3 00000080 00000000 00002040 00000003 
28.06.2021 15:31:12.105  00002083 00000080 00000000 00002000 00000003 
28.06.2021 15:31:12.108  00002083 00000000 00000000 00002000 00000003 
28.06.2021 15:31:12.114  00002003 00000000 00000000 00002000 00000003 
28.06.2021 15:31:12.117  00000003 00000000 00000000 00000000 00000003 
28.06.2021 15:31:12.237  00000083 00000080 00000000 00000000 00000003 
28.06.2021 15:31:12.312  00000083 00000000 00000000 00000000 00000003 
28.06.2021 15:31:12.318  00000003 00000000 00000000 00000000 00000003 
28.06.2021 15:31:12.462  00000083 00000080 00000000 00000000 00000003 
28.06.2021 15:31:12.633  00000083 00000000 00000000 00000000 00000003 
28.06.2021 15:31:12.639  00000003 00000000 00000000 00000000 00000003 
28.06.2021 15:31:12.780  00000103 00000000 00000000 00000000 00000003 
28.06.2021 15:31:12.783  00000103 00000000 00000000 00000000 00010103 
28.06.2021 15:31:12.870  00000003 00000000 00000000 00000000 00000003 
28.06.2021 15:31:13.035  00000103 00000000 00000000 00000000 00010103 
28.06.2021 15:31:13.122  00000003 00000000 00000000 00000000 00000003 
28.06.2021 15:31:13.266  00000203 00000000 00000200 00000000 00000003 
28.06.2021 15:31:13.359  00000003 00000000 00000000 00000000 00000003 
28.06.2021 15:31:13.494  00000203 00000000 00000000 00000000 00000003 
28.06.2021 15:31:13.497  00000203 00000000 00000200 00000000 00000003 
28.06.2021 15:31:13.560  00000003 00000000 00000000 00000000 00000003 
28.06.2021 15:31:13.683  00001003 00001000 00000000 00000000 00000003 
28.06.2021 15:31:13.701  00001003 00000000 00000000 00000000 00000003 
28.06.2021 15:31:13.704  00000003 00000000 00000000 00000000 00000003 
28.06.2021 15:31:13.728  00001003 00001000 00000000 00000000 00000003 
28.06.2021 15:31:13.737  00001003 00000000 00000000 00000000 00000003 
28.06.2021 15:31:13.740  00000003 00000000 00000000 00000000 00000003 
28.06.2021 15:31:13.761  00001003 00001000 00000000 00000000 00000003 
28.06.2021 15:31:13.773  00001003 00000000 00000000 00000000 00000003 
28.06.2021 15:31:13.776  00000003 00000000 00000000 00000000 00000003 
28.06.2021 15:31:13.788  00001003 00001000 00000000 00000000 00000003 
28.06.2021 15:31:13.809  00001003 00000000 00000000 00000000 00000003 
28.06.2021 15:31:13.812  00000003 00000000 00000000 00000000 00000003 
28.06.2021 15:31:13.827  00001003 00001000 00000000 00000000 00000003 
28.06.2021 15:31:13.845  00001003 00000000 00000000 00000000 00000003 
28.06.2021 15:31:13.848  00000003 00000000 00000000 00000000 00000003 
28.06.2021 15:31:13.863  00001003 00001000 00000000 00000000 00000003 
28.06.2021 15:31:13.881  00001003 00000000 00000000 00000000 00000003 
28.06.2021 15:31:13.884  00000003 00000000 00000000 00000000 00000003 
28.06.2021 15:31:13.896  00001003 00001000 00000000 00000000 00000003 
28.06.2021 15:31:13.917  00001003 00000000 00000000 00000000 00000003 
28.06.2021 15:31:13.920  00000003 00000000 00000000 00000000 00000003 
28.06.2021 15:31:13.935  00001003 00001000 00000000 00000000 00000003 
28.06.2021 15:31:13.953  00001003 00000000 00000000 00000000 00000003 
28.06.2021 15:31:13.956  00000003 00000000 00000000 00000000 00000003 
28.06.2021 15:31:13.968  00001003 00001000 00000000 00000000 00000003 
28.06.2021 15:31:13.989  00001003 00000000 00000000 00000000 00000003 
28.06.2021 15:31:13.992  00000003 00000000 00000000 00000000 00000003 
28.06.2021 15:31:14.007  00001003 00001000 00000000 00000000 00000003 
28.06.2021 15:31:14.025  00001003 00000000 00000000 00000000 00000003 
28.06.2021 15:31:14.028  00000003 00000000 00000000 00000000 00000003 
28.06.2021 15:31:14.043  00001003 00001000 00000000 00000000 00000003 
28.06.2021 15:31:14.061  00001003 00000000 00000000 00000000 00000003 
28.06.2021 15:31:14.064  00000003 00000000 00000000 00000000 00000003 
28.06.2021 15:31:14.076  00001003 00001000 00000000 00000000 00000003 
28.06.2021 15:31:14.097  00001003 00000000 00000000 00000000 00000003 
28.06.2021 15:31:14.100  00000003 00000000 00000000 00000000 00000003 
28.06.2021 15:31:14.115  00001003 00001000 00000000 00000000 00000003 
28.06.2021 15:31:14.133  00001003 00000000 00000000 00000000 00000003 
28.06.2021 15:31:14.136  00000003 00000000 00000000 00000000 00000003 
28.06.2021 15:31:14.151  00001003 00001000 00000000 00000000 00000003 
28.06.2021 15:31:14.169  00001003 00000000 00000000 00000000 00000003 
28.06.2021 15:31:14.172  00000003 00000000 00000000 00000000 00000003 
28.06.2021 15:31:14.184  00001003 00001000 00000000 00000000 00000003 
28.06.2021 15:31:14.205  00001003 00000000 00000000 00000000 00000003 
28.06.2021 15:31:14.208  00000003 00000000 00000000 00000000 00000003 
28.06.2021 15:31:14.223  00001003 00001000 00000000 00000000 00000003 
28.06.2021 15:31:14.241  00001003 00000000 00000000 00000000 00000003 
28.06.2021 15:31:14.244  00000003 00000000 00000000 00000000 00000003 
28.06.2021 15:31:14.259  00001003 00001000 00000000 00000000 00000003 
28.06.2021 15:31:14.277  00001003 00000000 00000000 00000000 00000003 
28.06.2021 15:31:14.280  00000003 00000000 00000000 00000000 00000003 
28.06.2021 15:31:14.292  00001003 00001000 00000000 00000000 00000003 
28.06.2021 15:31:14.313  00001003 00000000 00000000 00000000 00000003 
28.06.2021 15:31:14.316  00000003 00000000 00000000 00000000 00000003 
28.06.2021 15:31:14.328  00001003 00001000 00000000 00000000 00000003 
28.06.2021 15:31:14.349  00001003 00000000 00000000 00000000 00000003 
28.06.2021 15:31:14.352  00000003 00000000 00000000 00000000 00000003 
28.06.2021 15:31:14.367  00001003 00001000 00000000 00000000 00000003 
28.06.2021 15:31:14.385  00001003 00000000 00000000 00000000 00000003 
28.06.2021 15:31:14.388  00000003 00000000 00000000 00000000 00000003 
28.06.2021 15:31:14.400  00001003 00001000 00000000 00000000 00000003 
28.06.2021 15:31:14.421  00001003 00000000 00000000 00000000 00000003 
28.06.2021 15:31:14.424  00000003 00000000 00000000 00000000 00000003 
28.06.2021 15:31:14.439  00001003 00001000 00000000 00000000 00000003 
28.06.2021 15:31:14.457  00001003 00000000 00000000 00000000 00000003 
28.06.2021 15:31:14.460  00000003 00000000 00000000 00000000 00000003 
28.06.2021 15:31:14.472  00001003 00001000 00000000 00000000 00000003 
28.06.2021 15:31:14.493  00001003 00000000 00000000 00000000 00000003 
28.06.2021 15:31:14.496  00000003 00000000 00000000 00000000 00000003 
28.06.2021 15:31:14.508  00001003 00001000 00000000 00000000 00000003 
28.06.2021 15:31:14.529  00001003 00000000 00000000 00000000 00000003 
28.06.2021 15:31:14.532  00000003 00000000 00000000 00000000 00000003 
28.06.2021 15:31:14.544  00001003 00001000 00000000 00000000 00000003 
28.06.2021 15:31:14.565  00001003 00000000 00000000 00000000 00000003 
28.06.2021 15:31:14.568  00000003 00000000 00000000 00000000 00000003 
28.06.2021 15:31:14.580  00001003 00001000 00000000 00000000 00000003 
28.06.2021 15:31:14.601  00001003 00000000 00000000 00000000 00000003 
28.06.2021 15:31:14.604  00000003 00000000 00000000 00000000 00000003 
28.06.2021 15:31:14.733  00001003 00000000 00000000 00000000 00000003 
28.06.2021 15:31:14.736  00001003 00000000 00001000 00000000 00000003 
28.06.2021 15:31:14.814  00000003 00000000 00000000 00000000 00000003 
28.06.2021 15:31:14.961  00001003 00000000 00000000 00001000 00000003 
28.06.2021 15:31:14.970  00000003 00000000 00000000 00001000 00000003 
28.06.2021 15:31:14.973  00001003 00000000 00000000 00001000 00000003 
28.06.2021 15:31:14.982  00000003 00000000 00000000 00001000 00000003 
28.06.2021 15:31:14.985  00001003 00000000 00000000 00001000 00000003 
28.06.2021 15:31:14.994  00000003 00000000 00000000 00001000 00000003 
28.06.2021 15:31:14.997  00001003 00000000 00000000 00001000 00000003 
28.06.2021 15:31:15.006  00000003 00000000 00000000 00001000 00000003 
28.06.2021 15:31:15.009  00001003 00000000 00000000 00001000 00000003 
28.06.2021 15:31:15.018  00000003 00000000 00000000 00001000 00000003 
28.06.2021 15:31:15.021  00001003 00000000 00000000 00001000 00000003 
28.06.2021 15:31:15.030  00000003 00000000 00000000 00001000 00000003 
28.06.2021 15:31:15.033  00001003 00000000 00000000 00001000 00000003 
28.06.2021 15:31:15.051  00000003 00000000 00000000 00001000 00000003 
28.06.2021 15:31:15.054  00001003 00000000 00000000 00000000 00000003 
28.06.2021 15:31:15.057  00001003 00000000 00000000 00001000 00000003 
28.06.2021 15:31:15.063  00000003 00000000 00000000 00001000 00000003 
28.06.2021 15:31:15.066  00001003 00000000 00000000 00000000 00000003 
28.06.2021 15:31:15.069  00001003 00000000 00000000 00001000 00000003 
28.06.2021 15:31:15.075  00000003 00000000 00000000 00001000 00000003 
28.06.2021 15:31:15.078  00001003 00000000 00000000 00000000 00000003 
28.06.2021 15:31:15.081  00001003 00000000 00000000 00001000 00000003 
28.06.2021 15:31:15.087  00000003 00000000 00000000 00001000 00000003 
28.06.2021 15:31:15.090  00001003 00000000 00000000 00000000 00000003 
28.06.2021 15:31:15.093  00001003 00000000 00000000 00001000 00000003 
28.06.2021 15:31:15.099  00000003 00000000 00000000 00001000 00000003 
28.06.2021 15:31:15.102  00000003 00000000 00000000 00000000 00000003 
28.06.2021 15:31:15.105  00001003 00000000 00000000 00001000 00000003 
28.06.2021 15:31:15.144  00000003 00000000 00000000 00001000 00000003 
28.06.2021 15:31:15.147  00000003 00000000 00000000 00000000 00000003 
28.06.2021 15:31:15.150  00001003 00000000 00000000 00001000 00000003 
28.06.2021 15:31:15.168  00000003 00000000 00000000 00001000 00000003 
28.06.2021 15:31:15.171  00001003 00000000 00000000 00001000 00000003 
28.06.2021 15:31:15.237  00000003 00000000 00000000 00000000 00000003 
28.06.2021 15:31:15.372  00001003 00000000 00000000 00000000 00001003 
28.06.2021 15:31:15.459  00000003 00000000 00000000 00000000 00000003 
28.06.2021 15:31:15.558  00000003 00000000 00400000 00000000 00000003 
28.06.2021 15:31:15.561  00000003 00000000 00000000 00000000 00000003 
28.06.2021 15:31:15.666  00000003 00000000 00000000 00400000 00000003 
28.06.2021 15:31:15.669  00000003 00000000 00000000 00000000 00000003 
28.06.2021 15:31:15.762  00000003 00000000 00000000 00000000 00400003 
28.06.2021 15:31:15.765  00000003 00000000 00000000 00000000 00000003 
28.06.2021 15:31:15.879  00000003 00000000 00000000 00000000 00800003 
28.06.2021 15:31:15.882  00000003 00000000 00000000 00000000 00000003 
28.06.2021 15:31:16.236  00001003 00000000 00001000 00000000 00000003 
28.06.2021 15:31:16.323  00000003 00000000 00001000 00000000 00000003 
28.06.2021 15:31:16.326  00000003 00000000 00000000 00000000 00000003 
28.06.2021 15:31:16.461  00001003 00000000 00000000 00000000 00001003 
28.06.2021 15:31:16.539  00000003 00000000 00000000 00000000 00000003 
28.06.2021 15:31:16.692  00001003 00000000 00001000 00000000 00000003 
28.06.2021 15:31:16.773  00000003 00000000 00001000 00000000 00000003 
28.06.2021 15:31:16.776  00000003 00000000 00000000 00000000 00000003 
28.06.2021 15:31:16.911  00001003 00000000 00000000 00000000 00001003 
28.06.2021 15:31:16.989  00000003 00000000 00000000 00000000 00000003 
28.06.2021 15:31:18.072  00000003 00000000 00800000 00000000 00000003 
28.06.2021 15:31:18.075  00000003 00000000 00000000 00000000 00000003 
28.06.2021 15:31:18.207  00000003 00000000 00000000 00800000 00000003 
28.06.2021 15:31:18.210  00000003 00000000 00000000 00000000 00000003 
28.06.2021 15:31:18.348  00004003 00000000 00004000 00000000 00000003 
28.06.2021 15:31:18.426  00000003 00000000 00004000 00000000 00000003 
28.06.2021 15:31:18.429  00000003 00000000 00000000 00000000 00000003 
28.06.2021 15:31:18.567  00004003 00000000 00000000 00000000 00004003 
28.06.2021 15:31:18.642  00000003 00000000 00000000 00000000 00000003 
28.06.2021 15:31:18.792  00004003 00000000 00004000 00000000 00000003 
28.06.2021 15:31:18.879  00000003 00000000 00004000 00000000 00000003 
28.06.2021 15:31:18.882  00000003 00000000 00000000 00000000 00000003 
28.06.2021 15:31:19.017  00004003 00000000 00000000 00000000 00004003 
28.06.2021 15:31:19.095  00000003 00000000 00000000 00000000 00000003 
28.06.2021 15:31:19.416  00004003 00004000 00000000 00000000 00000003 
28.06.2021 15:31:20.631  00004003 00000000 00000000 00000000 00000003 
28.06.2021 15:31:20.637  00000003 00000000 00000000 00000000 00000003 
28.06.2021 15:31:20.832  00004003 00000000 00000000 00004000 00000003 
28.06.2021 15:31:21.558  00000003 00000000 00000000 00000000 00000003 
28.06.2021 15:31:22.104  00002003 00000000 00000000 00002000 00000003 
28.06.2021 15:33:14.539  00000000 00000000 00000000 00000000 00000000 
28.06.2021 15:33:14.563  00000080 00000080 00000000 00000000 00000000 
28.06.2021 15:33:14.566  00002080 00000080 00000000 00002000 00000000 
28.06.2021 15:33:14.659  00002082 00000080 00000000 00002000 00000002 
28.06.2021 15:33:14.665  00002083 00000080 00000000 00002000 00000003 
28.06.2021 15:33:14.722  000020c3 00000080 00000000 00002040 00000003 
28.06.2021 15:33:14.746  00002083 00000080 00000000 00002000 00000003 
28.06.2021 15:33:14.752  00002083 00000000 00000000 00002000 00000003 
28.06.2021 15:33:14.758  00002003 00000000 00000000 00002000 00000003 
28.06.2021 15:33:14.827  00002000 00000000 00000000 00002000 00000000 
28.06.2021 15:33:14.830  00000000 00000000 00000000 00000000 00000000 
28.06.2021 15:33:14.980  00000001 00000000 00000000 00000000 00000001 
28.06.2021 15:33:15.067  00000000 00000000 00000000 00000000 00000000 
28.06.2021 15:33:15.202  00000002 00000000 00000000 00000000 00000002 
28.06.2021 15:33:15.283  00000000 00000000 00000000 00000000 00000000 
28.06.2021 15:33:15.403  00002000 00000000 00000000 00002000 00000000 
28.06.2021 15:33:15.436  00000000 00000000 00000000 00000000 00000000 
28.06.2021 16:01:20.404  00000080 00000080 00000000 00000000 00000000 
28.06.2021 16:01:20.407  00002080 00000080 00000000 00002000 00000000 

Servicedata V1.0 PLC:\DEBUG\S_State.service.trace created 28.06.2021 16:07:03 (local time)
hostname: hu, Software: 606421 04, built: 08.10.2014 08:59
-------------------------------------------------------------------------------------------
                    ms   global   master   device1
28.06.2021 14:40:33.418  00000003 00000000 00001000 00000000 00000003 
28.06.2021 14:40:33.421  00000003 00000000 00000000 00000000 00000003 
28.06.2021 14:40:33.568  00001003 00000000 00000000 00000000 00000003 
28.06.2021 14:40:33.571  00001003 00000000 00000000 00001000 00000003 
28.06.2021 14:40:33.577  00000003 00000000 00000000 00001000 00000003 
28.06.2021 14:40:33.580  00001003 00000000 00000000 00000000 00000003 
28.06.2021 14:40:33.583  00001003 00000000 00000000 00001000 00000003 
28.06.2021 14:40:33.592  00001003 00000000 00000000 00000000 00000003 
28.06.2021 14:40:33.595  00001003 00000000 00000000 00001000 00000003 
28.06.2021 14:40:33.604  00001003 00000000 00000000 00000000 00000003 
28.06.2021 14:40:33.607  00001003 00000000 00000000 00001000 00000003 
28.06.2021 14:40:33.616  00001003 00000000 00000000 00000000 00000003 
28.06.2021 14:40:33.619  00001003 00000000 00000000 00001000 00000003 
28.06.2021 14:40:33.628  00000003 00000000 00000000 00000000 00000003 
28.06.2021 14:40:33.631  00001003 00000000 00000000 00001000 00000003 
28.06.2021 14:40:33.640  00000003 00000000 00000000 00000000 00000003 
28.06.2021 14:40:33.643  00001003 00000000 00000000 00001000 00000003 
28.06.2021 14:40:33.661  00000003 00000000 00000000 00001000 00000003 
28.06.2021 14:40:33.664  00001003 00000000 00000000 00001000 00000003 
28.06.2021 14:40:33.673  00000003 00000000 00000000 00001000 00000003 
28.06.2021 14:40:33.676  00001003 00000000 00000000 00001000 00000003 
28.06.2021 14:40:33.685  00000003 00000000 00000000 00001000 00000003 
28.06.2021 14:40:33.688  00001003 00000000 00000000 00000000 00000003 
28.06.2021 14:40:33.691  00001003 00000000 00000000 00001000 00000003 
28.06.2021 14:40:33.697  00000003 00000000 00000000 00001000 00000003 
28.06.2021 14:40:33.700  00001003 00000000 00000000 00000000 00000003 
28.06.2021 14:40:33.703  00001003 00000000 00000000 00001000 00000003 
28.06.2021 14:40:33.709  00000003 00000000 00000000 00001000 00000003 
28.06.2021 14:40:33.712  00000003 00000000 00000000 00000000 00000003 
28.06.2021 14:40:33.715  00001003 00000000 00000000 00000000 00000003 
28.06.2021 14:40:33.718  00001003 00000000 00000000 00001000 00000003 
28.06.2021 14:40:33.754  00000003 00000000 00000000 00001000 00000003 
28.06.2021 14:40:33.757  00000003 00000000 00000000 00000000 00000003 
28.06.2021 14:40:33.760  00001003 00000000 00000000 00000000 00000003 
28.06.2021 14:40:33.763  00001003 00000000 00000000 00001000 00000003 
28.06.2021 14:40:33.844  00000003 00000000 00000000 00000000 00000003 
28.06.2021 14:40:33.973  00001003 00000000 00000000 00000000 00001003 
28.06.2021 14:40:34.048  00000003 00000000 00000000 00000000 00000003 
28.06.2021 14:40:34.150  00000003 00000000 00400000 00000000 00000003 
28.06.2021 14:40:34.153  00000003 00000000 00000000 00000000 00000003 
28.06.2021 14:40:34.258  00000003 00000000 00000000 00400000 00000003 
28.06.2021 14:40:34.261  00000003 00000000 00000000 00000000 00000003 
28.06.2021 14:40:34.369  00000003 00000000 00000000 00000000 00400003 
28.06.2021 14:40:34.372  00000003 00000000 00000000 00000000 00000003 
28.06.2021 14:40:34.486  00000003 00000000 00000000 00000000 00800003 
28.06.2021 14:40:34.489  00000003 00000000 00000000 00000000 00000003 
28.06.2021 14:40:34.843  00001003 00000000 00001000 00000000 00000003 
28.06.2021 14:40:34.930  00000003 00000000 00001000 00000000 00000003 
28.06.2021 14:40:34.933  00000003 00000000 00000000 00000000 00000003 
28.06.2021 14:40:35.071  00001003 00000000 00000000 00000000 00001003 
28.06.2021 14:40:35.146  00000003 00000000 00000000 00000000 00000003 
28.06.2021 14:40:35.299  00001003 00000000 00001000 00000000 00000003 
28.06.2021 14:40:35.380  00000003 00000000 00001000 00000000 00000003 
28.06.2021 14:40:35.383  00000003 00000000 00000000 00000000 00000003 
28.06.2021 14:40:35.521  00001003 00000000 00000000 00000000 00001003 
28.06.2021 14:40:35.596  00000003 00000000 00000000 00000000 00000003 
28.06.2021 14:40:36.499  00000003 00000000 00800000 00000000 00000003 
28.06.2021 14:40:36.502  00000003 00000000 00000000 00000000 00000003 
28.06.2021 14:40:36.634  00000003 00000000 00000000 00800000 00000003 
28.06.2021 14:40:36.637  00000003 00000000 00000000 00000000 00000003 
28.06.2021 14:40:36.775  00004003 00000000 00004000 00000000 00000003 
28.06.2021 14:40:36.856  00000003 00000000 00004000 00000000 00000003 
28.06.2021 14:40:36.859  00000003 00000000 00000000 00000000 00000003 
28.06.2021 14:40:36.997  00004003 00000000 00000000 00000000 00004003 
28.06.2021 14:40:37.072  00000003 00000000 00000000 00000000 00000003 
28.06.2021 14:40:37.222  00004003 00000000 00004000 00000000 00000003 
28.06.2021 14:40:37.306  00000003 00000000 00004000 00000000 00000003 
28.06.2021 14:40:37.309  00000003 00000000 00000000 00000000 00000003 
28.06.2021 14:40:37.447  00004003 00000000 00000000 00000000 00004003 
28.06.2021 14:40:37.522  00000003 00000000 00000000 00000000 00000003 
28.06.2021 14:40:37.957  00004003 00004000 00000000 00000000 00000003 
28.06.2021 14:40:39.172  00004003 00000000 00000000 00000000 00000003 
28.06.2021 14:40:39.178  00000003 00000000 00000000 00000000 00000003 
28.06.2021 14:40:39.625  00004003 00000000 00000000 00004000 00000003 
28.06.2021 14:40:40.255  00000003 00000000 00000000 00000000 00000003 
28.06.2021 14:40:40.804  00002003 00000000 00000000 00002000 00000003 
28.06.2021 14:42:56.945  00000000 00000000 00000000 00000000 00000000 
28.06.2021 14:42:56.981  00000080 00000080 00000000 00000000 00000000 
28.06.2021 14:42:56.984  00002080 00000080 00000000 00002000 00000000 
28.06.2021 14:42:57.077  00002082 00000080 00000000 00002000 00000002 
28.06.2021 14:42:57.083  00002083 00000080 00000000 00002000 00000003 
28.06.2021 14:42:57.143  000020c3 00000080 00000000 00002040 00000003 
28.06.2021 14:42:57.164  00002083 00000080 00000000 00002000 00000003 
28.06.2021 14:42:57.173  00002083 00000000 00000000 00002000 00000003 
28.06.2021 14:42:57.179  00002003 00000000 00000000 00002000 00000003 
28.06.2021 14:42:57.233  00002000 00000000 00000000 00002000 00000003 
28.06.2021 14:42:57.236  00000000 00000000 00000000 00000000 00000000 
28.06.2021 14:42:57.380  00000001 00000000 00000000 00000000 00000001 
28.06.2021 14:42:57.458  00000000 00000000 00000000 00000000 00000000 
28.06.2021 14:42:57.590  00000002 00000000 00000000 00000000 00000002 
28.06.2021 14:42:57.674  00000000 00000000 00000000 00000000 00000000 
28.06.2021 14:42:57.770  00002000 00000000 00000000 00002000 00000000 
28.06.2021 14:42:57.803  00000000 00000000 00000000 00000000 00000000 
28.06.2021 15:09:22.945  00000080 00000080 00000000 00000000 00000000 
28.06.2021 15:09:22.948  00002080 00000080 00000000 00002000 00000000 
28.06.2021 15:30:52.295  000003b3 000000b0 00000200 00000000 00010103 
28.06.2021 15:30:52.454  000001b3 000000b0 00000000 00000000 00010103 
28.06.2021 15:30:52.463  000000b3 000000b0 00000000 00000000 00000003 
28.06.2021 15:31:08.145  000000b3 00000000 00000000 00000000 00000003 
28.06.2021 15:31:08.151  00000003 00000000 00000000 00000000 00000003 
28.06.2021 15:31:08.499  80000003 80000000 00000000 00000000 00000003 
28.06.2021 15:31:08.505  00000003 00000000 00000000 00000000 00000003 
28.06.2021 15:31:08.595  00000033 00000030 00000000 00000000 00000003 
28.06.2021 15:31:08.658  00000033 00000000 00000000 00000000 00000003 
28.06.2021 15:31:08.664  00000003 00000000 00000000 00000000 00000003 
28.06.2021 15:31:11.790  00000033 00000030 00000000 00000000 00000003 
28.06.2021 15:31:11.862  00000033 00000000 00000000 00000000 00000003 
28.06.2021 15:31:11.868  00000003 00000000 00000000 00000000 00000003 
28.06.2021 15:31:12.012  00000043 00000000 00000000 00000040 00000003 
28.06.2021 15:31:12.024  000000c3 00000080 00000000 00000040 00000003 
28.06.2021 15:31:12.027  000020c3 00000080 00000000 00002040 00000003 
28.06.2021 15:31:12.105  00002083 00000080 00000000 00002000 00000003 
28.06.2021 15:31:12.108  00002083 00000000 00000000 00002000 00000003 
28.06.2021 15:31:12.114  00002003 00000000 00000000 00002000 00000003 
28.06.2021 15:31:12.117  00000003 00000000 00000000 00000000 00000003 
28.06.2021 15:31:12.237  00000083 00000080 00000000 00000000 00000003 
28.06.2021 15:31:12.312  00000083 00000000 00000000 00000000 00000003 
28.06.2021 15:31:12.318  00000003 00000000 00000000 00000000 00000003 
28.06.2021 15:31:12.462  00000083 00000080 00000000 00000000 00000003 
28.06.2021 15:31:12.633  00000083 00000000 00000000 00000000 00000003 
28.06.2021 15:31:12.639  00000003 00000000 00000000 00000000 00000003 
28.06.2021 15:31:12.780  00000103 00000000 00000000 00000000 00000003 
28.06.2021 15:31:12.783  00000103 00000000 00000000 00000000 00010103 
28.06.2021 15:31:12.870  00000003 00000000 00000000 00000000 00000003 
28.06.2021 15:31:13.035  00000103 00000000 00000000 00000000 00010103 
28.06.2021 15:31:13.122  00000003 00000000 00000000 00000000 00000003 
28.06.2021 15:31:13.266  00000203 00000000 00000200 00000000 00000003 
28.06.2021 15:31:13.359  00000003 00000000 00000000 00000000 00000003 
28.06.2021 15:31:13.494  00000203 00000000 00000000 00000000 00000003 
28.06.2021 15:31:13.497  00000203 00000000 00000200 00000000 00000003 
28.06.2021 15:31:13.560  00000003 00000000 00000000 00000000 00000003 
28.06.2021 15:31:13.683  00001003 00001000 00000000 00000000 00000003 
28.06.2021 15:31:13.701  00001003 00000000 00000000 00000000 00000003 
28.06.2021 15:31:13.704  00000003 00000000 00000000 00000000 00000003 
28.06.2021 15:31:13.728  00001003 00001000 00000000 00000000 00000003 
28.06.2021 15:31:13.737  00001003 00000000 00000000 00000000 00000003 
28.06.2021 15:31:13.740  00000003 00000000 00000000 00000000 00000003 
28.06.2021 15:31:13.761  00001003 00001000 00000000 00000000 00000003 
28.06.2021 15:31:13.773  00001003 00000000 00000000 00000000 00000003 
28.06.2021 15:31:13.776  00000003 00000000 00000000 00000000 00000003 
28.06.2021 15:31:13.788  00001003 00001000 00000000 00000000 00000003 
28.06.2021 15:31:13.809  00001003 00000000 00000000 00000000 00000003 
28.06.2021 15:31:13.812  00000003 00000000 00000000 00000000 00000003 
28.06.2021 15:31:13.827  00001003 00001000 00000000 00000000 00000003 
28.06.2021 15:31:13.845  00001003 00000000 00000000 00000000 00000003 
28.06.2021 15:31:13.848  00000003 00000000 00000000 00000000 00000003 
28.06.2021 15:31:13.863  00001003 00001000 00000000 00000000 00000003 
28.06.2021 15:31:13.881  00001003 00000000 00000000 00000000 00000003 
28.06.2021 15:31:13.884  00000003 00000000 00000000 00000000 00000003 
28.06.2021 15:31:13.896  00001003 00001000 00000000 00000000 00000003 
28.06.2021 15:31:13.917  00001003 00000000 00000000 00000000 00000003 
28.06.2021 15:31:13.920  00000003 00000000 00000000 00000000 00000003 
28.06.2021 15:31:13.935  00001003 00001000 00000000 00000000 00000003 
28.06.2021 15:31:13.953  00001003 00000000 00000000 00000000 00000003 
28.06.2021 15:31:13.956  00000003 00000000 00000000 00000000 00000003 
28.06.2021 15:31:13.968  00001003 00001000 00000000 00000000 00000003 
28.06.2021 15:31:13.989  00001003 00000000 00000000 00000000 00000003 
28.06.2021 15:31:13.992  00000003 00000000 00000000 00000000 00000003 
28.06.2021 15:31:14.007  00001003 00001000 00000000 00000000 00000003 
28.06.2021 15:31:14.025  00001003 00000000 00000000 00000000 00000003 
28.06.2021 15:31:14.028  00000003 00000000 00000000 00000000 00000003 
28.06.2021 15:31:14.043  00001003 00001000 00000000 00000000 00000003 
28.06.2021 15:31:14.061  00001003 00000000 00000000 00000000 00000003 
28.06.2021 15:31:14.064  00000003 00000000 00000000 00000000 00000003 
28.06.2021 15:31:14.076  00001003 00001000 00000000 00000000 00000003 
28.06.2021 15:31:14.097  00001003 00000000 00000000 00000000 00000003 
28.06.2021 15:31:14.100  00000003 00000000 00000000 00000000 00000003 
28.06.2021 15:31:14.115  00001003 00001000 00000000 00000000 00000003 
28.06.2021 15:31:14.133  00001003 00000000 00000000 00000000 00000003 
28.06.2021 15:31:14.136  00000003 00000000 00000000 00000000 00000003 
28.06.2021 15:31:14.151  00001003 00001000 00000000 00000000 00000003 
28.06.2021 15:31:14.169  00001003 00000000 00000000 00000000 00000003 
28.06.2021 15:31:14.172  00000003 00000000 00000000 00000000 00000003 
28.06.2021 15:31:14.184  00001003 00001000 00000000 00000000 00000003 
28.06.2021 15:31:14.205  00001003 00000000 00000000 00000000 00000003 
28.06.2021 15:31:14.208  00000003 00000000 00000000 00000000 00000003 
28.06.2021 15:31:14.223  00001003 00001000 00000000 00000000 00000003 
28.06.2021 15:31:14.241  00001003 00000000 00000000 00000000 00000003 
28.06.2021 15:31:14.244  00000003 00000000 00000000 00000000 00000003 
28.06.2021 15:31:14.259  00001003 00001000 00000000 00000000 00000003 
28.06.2021 15:31:14.277  00001003 00000000 00000000 00000000 00000003 
28.06.2021 15:31:14.280  00000003 00000000 00000000 00000000 00000003 
28.06.2021 15:31:14.292  00001003 00001000 00000000 00000000 00000003 
28.06.2021 15:31:14.313  00001003 00000000 00000000 00000000 00000003 
28.06.2021 15:31:14.316  00000003 00000000 00000000 00000000 00000003 
28.06.2021 15:31:14.328  00001003 00001000 00000000 00000000 00000003 
28.06.2021 15:31:14.349  00001003 00000000 00000000 00000000 00000003 
28.06.2021 15:31:14.352  00000003 00000000 00000000 00000000 00000003 
28.06.2021 15:31:14.367  00001003 00001000 00000000 00000000 00000003 
28.06.2021 15:31:14.385  00001003 00000000 00000000 00000000 00000003 
28.06.2021 15:31:14.388  00000003 00000000 00000000 00000000 00000003 
28.06.2021 15:31:14.400  00001003 00001000 00000000 00000000 00000003 
28.06.2021 15:31:14.421  00001003 00000000 00000000 00000000 00000003 
28.06.2021 15:31:14.424  00000003 00000000 00000000 00000000 00000003 
28.06.2021 15:31:14.439  00001003 00001000 00000000 00000000 00000003 
28.06.2021 15:31:14.457  00001003 00000000 00000000 00000000 00000003 
28.06.2021 15:31:14.460  00000003 00000000 00000000 00000000 00000003 
28.06.2021 15:31:14.472  00001003 00001000 00000000 00000000 00000003 
28.06.2021 15:31:14.493  00001003 00000000 00000000 00000000 00000003 
28.06.2021 15:31:14.496  00000003 00000000 00000000 00000000 00000003 
28.06.2021 15:31:14.508  00001003 00001000 00000000 00000000 00000003 
28.06.2021 15:31:14.529  00001003 00000000 00000000 00000000 00000003 
28.06.2021 15:31:14.532  00000003 00000000 00000000 00000000 00000003 
28.06.2021 15:31:14.544  00001003 00001000 00000000 00000000 00000003 
28.06.2021 15:31:14.565  00001003 00000000 00000000 00000000 00000003 
28.06.2021 15:31:14.568  00000003 00000000 00000000 00000000 00000003 
28.06.2021 15:31:14.580  00001003 00001000 00000000 00000000 00000003 
28.06.2021 15:31:14.601  00001003 00000000 00000000 00000000 00000003 
28.06.2021 15:31:14.604  00000003 00000000 00000000 00000000 00000003 
28.06.2021 15:31:14.733  00001003 00000000 00000000 00000000 00000003 
28.06.2021 15:31:14.736  00001003 00000000 00001000 00000000 00000003 
28.06.2021 15:31:14.814  00000003 00000000 00000000 00000000 00000003 
28.06.2021 15:31:14.961  00001003 00000000 00000000 00001000 00000003 
28.06.2021 15:31:14.970  00000003 00000000 00000000 00001000 00000003 
28.06.2021 15:31:14.973  00001003 00000000 00000000 00001000 00000003 
28.06.2021 15:31:14.982  00000003 00000000 00000000 00001000 00000003 
28.06.2021 15:31:14.985  00001003 00000000 00000000 00001000 00000003 
28.06.2021 15:31:14.994  00000003 00000000 00000000 00001000 00000003 
28.06.2021 15:31:14.997  00001003 00000000 00000000 00001000 00000003 
28.06.2021 15:31:15.006  00000003 00000000 00000000 00001000 00000003 
28.06.2021 15:31:15.009  00001003 00000000 00000000 00001000 00000003 
28.06.2021 15:31:15.018  00000003 00000000 00000000 00001000 00000003 
28.06.2021 15:31:15.021  00001003 00000000 00000000 00001000 00000003 
28.06.2021 15:31:15.030  00000003 00000000 00000000 00001000 00000003 
28.06.2021 15:31:15.033  00001003 00000000 00000000 00001000 00000003 
28.06.2021 15:31:15.051  00000003 00000000 00000000 00001000 00000003 
28.06.2021 15:31:15.054  00001003 00000000 00000000 00000000 00000003 
28.06.2021 15:31:15.057  00001003 00000000 00000000 00001000 00000003 
28.06.2021 15:31:15.063  00000003 00000000 00000000 00001000 00000003 
28.06.2021 15:31:15.066  00001003 00000000 00000000 00000000 00000003 
28.06.2021 15:31:15.069  00001003 00000000 00000000 00001000 00000003 
28.06.2021 15:31:15.075  00000003 00000000 00000000 00001000 00000003 
28.06.2021 15:31:15.078  00001003 00000000 00000000 00000000 00000003 
28.06.2021 15:31:15.081  00001003 00000000 00000000 00001000 00000003 
28.06.2021 15:31:15.087  00000003 00000000 00000000 00001000 00000003 
28.06.2021 15:31:15.090  00001003 00000000 00000000 00000000 00000003 
28.06.2021 15:31:15.093  00001003 00000000 00000000 00001000 00000003 
28.06.2021 15:31:15.099  00000003 00000000 00000000 00001000 00000003 
28.06.2021 15:31:15.102  00000003 00000000 00000000 00000000 00000003 
28.06.2021 15:31:15.105  00001003 00000000 00000000 00001000 00000003 
28.06.2021 15:31:15.144  00000003 00000000 00000000 00001000 00000003 
28.06.2021 15:31:15.147  00000003 00000000 00000000 00000000 00000003 
28.06.2021 15:31:15.150  00001003 00000000 00000000 00001000 00000003 
28.06.2021 15:31:15.168  00000003 00000000 00000000 00001000 00000003 
28.06.2021 15:31:15.171  00001003 00000000 00000000 00001000 00000003 
28.06.2021 15:31:15.237  00000003 00000000 00000000 00000000 00000003 
28.06.2021 15:31:15.372  00001003 00000000 00000000 00000000 00001003 
28.06.2021 15:31:15.459  00000003 00000000 00000000 00000000 00000003 
28.06.2021 15:31:15.558  00000003 00000000 00400000 00000000 00000003 
28.06.2021 15:31:15.561  00000003 00000000 00000000 00000000 00000003 
28.06.2021 15:31:15.666  00000003 00000000 00000000 00400000 00000003 
28.06.2021 15:31:15.669  00000003 00000000 00000000 00000000 00000003 
28.06.2021 15:31:15.762  00000003 00000000 00000000 00000000 00400003 
28.06.2021 15:31:15.765  00000003 00000000 00000000 00000000 00000003 
28.06.2021 15:31:15.879  00000003 00000000 00000000 00000000 00800003 
28.06.2021 15:31:15.882  00000003 00000000 00000000 00000000 00000003 
28.06.2021 15:31:16.236  00001003 00000000 00001000 00000000 00000003 
28.06.2021 15:31:16.323  00000003 00000000 00001000 00000000 00000003 
28.06.2021 15:31:16.326  00000003 00000000 00000000 00000000 00000003 
28.06.2021 15:31:16.461  00001003 00000000 00000000 00000000 00001003 
28.06.2021 15:31:16.539  00000003 00000000 00000000 00000000 00000003 
28.06.2021 15:31:16.692  00001003 00000000 00001000 00000000 00000003 
28.06.2021 15:31:16.773  00000003 00000000 00001000 00000000 00000003 
28.06.2021 15:31:16.776  00000003 00000000 00000000 00000000 00000003 
28.06.2021 15:31:16.911  00001003 00000000 00000000 00000000 00001003 
28.06.2021 15:31:16.989  00000003 00000000 00000000 00000000 00000003 
28.06.2021 15:31:18.072  00000003 00000000 00800000 00000000 00000003 
28.06.2021 15:31:18.075  00000003 00000000 00000000 00000000 00000003 
28.06.2021 15:31:18.207  00000003 00000000 00000000 00800000 00000003 
28.06.2021 15:31:18.210  00000003 00000000 00000000 00000000 00000003 
28.06.2021 15:31:18.348  00004003 00000000 00004000 00000000 00000003 
28.06.2021 15:31:18.426  00000003 00000000 00004000 00000000 00000003 
28.06.2021 15:31:18.429  00000003 00000000 00000000 00000000 00000003 
28.06.2021 15:31:18.567  00004003 00000000 00000000 00000000 00004003 
28.06.2021 15:31:18.642  00000003 00000000 00000000 00000000 00000003 
28.06.2021 15:31:18.792  00004003 00000000 00004000 00000000 00000003 
28.06.2021 15:31:18.879  00000003 00000000 00004000 00000000 00000003 
28.06.2021 15:31:18.882  00000003 00000000 00000000 00000000 00000003 
28.06.2021 15:31:19.017  00004003 00000000 00000000 00000000 00004003 
28.06.2021 15:31:19.095  00000003 00000000 00000000 00000000 00000003 
28.06.2021 15:31:19.416  00004003 00004000 00000000 00000000 00000003 
28.06.2021 15:31:20.631  00004003 00000000 00000000 00000000 00000003 
28.06.2021 15:31:20.637  00000003 00000000 00000000 00000000 00000003 
28.06.2021 15:31:20.832  00004003 00000000 00000000 00004000 00000003 
28.06.2021 15:31:21.558  00000003 00000000 00000000 00000000 00000003 
28.06.2021 15:31:22.104  00002003 00000000 00000000 00002000 00000003 
28.06.2021 15:33:14.539  00000000 00000000 00000000 00000000 00000000 
28.06.2021 15:33:14.563  00000080 00000080 00000000 00000000 00000000 
28.06.2021 15:33:14.566  00002080 00000080 00000000 00002000 00000000 
28.06.2021 15:33:14.659  00002082 00000080 00000000 00002000 00000002 
28.06.2021 15:33:14.665  00002083 00000080 00000000 00002000 00000003 
28.06.2021 15:33:14.722  000020c3 00000080 00000000 00002040 00000003 
28.06.2021 15:33:14.746  00002083 00000080 00000000 00002000 00000003 
28.06.2021 15:33:14.752  00002083 00000000 00000000 00002000 00000003 
28.06.2021 15:33:14.758  00002003 00000000 00000000 00002000 00000003 
28.06.2021 15:33:14.827  00002000 00000000 00000000 00002000 00000000 
28.06.2021 15:33:14.830  00000000 00000000 00000000 00000000 00000000 
28.06.2021 15:33:14.980  00000001 00000000 00000000 00000000 00000001 
28.06.2021 15:33:15.067  00000000 00000000 00000000 00000000 00000000 
28.06.2021 15:33:15.202  00000002 00000000 00000000 00000000 00000002 
28.06.2021 15:33:15.283  00000000 00000000 00000000 00000000 00000000 
28.06.2021 15:33:15.403  00002000 00000000 00000000 00002000 00000000 
28.06.2021 15:33:15.436  00000000 00000000 00000000 00000000 00000000 
28.06.2021 16:01:20.404  00000080 00000080 00000000 00000000 00000000 
28.06.2021 16:01:20.407  00002080 00000080 00000000 00002000 00000000 
28.06.2021 16:01:57.590  000003b3 000000b0 00000200 00000000 00010103 
28.06.2021 16:01:57.746  000001b3 000000b0 00000000 00000000 00010103 
28.06.2021 16:01:57.758  000000b3 000000b0 00000000 00000000 00000003 
28.06.2021 16:02:13.983  000000b3 00000000 00000000 00000000 00000003 
28.06.2021 16:02:13.989  00000003 00000000 00000000 00000000 00000003 
28.06.2021 16:02:14.346  80000003 80000000 00000000 00000000 00000003 
28.06.2021 16:02:14.352  00000003 00000000 00000000 00000000 00000003 
28.06.2021 16:02:14.442  00000033 00000030 00000000 00000000 00000003 
28.06.2021 16:02:14.511  00000033 00000000 00000000 00000000 00000003 
28.06.2021 16:02:14.517  00000003 00000000 00000000 00000000 00000003 
28.06.2021 16:02:17.643  00000033 00000030 00000000 00000000 00000003 
28.06.2021 16:02:17.715  00000033 00000000 00000000 00000000 00000003 
28.06.2021 16:02:17.721  00000003 00000000 00000000 00000000 00000003 
28.06.2021 16:02:17.850  00000043 00000000 00000000 00000040 00000003 
28.06.2021 16:02:17.862  000000c3 00000080 00000000 00000040 00000003 
28.06.2021 16:02:17.865  000020c3 00000080 00000000 00002040 00000003 
28.06.2021 16:02:17.943  00002083 00000080 00000000 00002000 00000003 
28.06.2021 16:02:17.946  00002083 00000000 00000000 00002000 00000003 
28.06.2021 16:02:17.952  00002003 00000000 00000000 00002000 00000003 
28.06.2021 16:02:17.955  00000003 00000000 00000000 00000000 00000003 
28.06.2021 16:02:18.069  00000083 00000080 00000000 00000000 00000003 
28.06.2021 16:02:18.129  00000083 00000000 00000000 00000000 00000003 
28.06.2021 16:02:18.135  00000003 00000000 00000000 00000000 00000003 
28.06.2021 16:02:18.273  00000083 00000080 00000000 00000000 00000003 
28.06.2021 16:02:18.474  00000083 00000000 00000000 00000000 00000003 
28.06.2021 16:02:18.480  00000003 00000000 00000000 00000000 00000003 
28.06.2021 16:02:18.621  00000103 00000000 00000000 00000000 00000003 
28.06.2021 16:02:18.624  00000103 00000000 00000000 00000000 00010103 
28.06.2021 16:02:18.705  00000003 00000000 00000000 00000000 00000003 
28.06.2021 16:02:18.870  00000103 00000000 00000000 00000000 00010103 
28.06.2021 16:02:18.957  00000003 00000000 00000000 00000000 00000003 
28.06.2021 16:02:19.101  00000203 00000000 00000200 00000000 00000003 
28.06.2021 16:02:19.191  00000003 00000000 00000000 00000000 00000003 
28.06.2021 16:02:19.332  00000203 00000000 00000000 00000000 00000003 
28.06.2021 16:02:19.335  00000203 00000000 00000200 00000000 00000003 
28.06.2021 16:02:19.425  00000003 00000000 00000000 00000000 00000003 
28.06.2021 16:02:19.548  00001003 00001000 00000000 00000000 00000003 
28.06.2021 16:02:19.572  00001003 00000000 00000000 00000000 00000003 
28.06.2021 16:02:19.575  00000003 00000000 00000000 00000000 00000003 
28.06.2021 16:02:19.599  00001003 00001000 00000000 00000000 00000003 
28.06.2021 16:02:19.608  00001003 00000000 00000000 00000000 00000003 
28.06.2021 16:02:19.611  00000003 00000000 00000000 00000000 00000003 
28.06.2021 16:02:19.632  00001003 00001000 00000000 00000000 00000003 
28.06.2021 16:02:19.644  00001003 00000000 00000000 00000000 00000003 
28.06.2021 16:02:19.647  00000003 00000000 00000000 00000000 00000003 
28.06.2021 16:02:19.659  00001003 00001000 00000000 00000000 00000003 
28.06.2021 16:02:19.680  00001003 00000000 00000000 00000000 00000003 
28.06.2021 16:02:19.683  00000003 00000000 00000000 00000000 00000003 
28.06.2021 16:02:19.698  00001003 00001000 00000000 00000000 00000003 
28.06.2021 16:02:19.716  00001003 00000000 00000000 00000000 00000003 
28.06.2021 16:02:19.719  00000003 00000000 00000000 00000000 00000003 
28.06.2021 16:02:19.734  00001003 00001000 00000000 00000000 00000003 
28.06.2021 16:02:19.752  00001003 00000000 00000000 00000000 00000003 
28.06.2021 16:02:19.755  00000003 00000000 00000000 00000000 00000003 
28.06.2021 16:02:19.767  00001003 00001000 00000000 00000000 00000003 
28.06.2021 16:02:19.788  00001003 00000000 00000000 00000000 00000003 
28.06.2021 16:02:19.791  00000003 00000000 00000000 00000000 00000003 
28.06.2021 16:02:19.806  00001003 00001000 00000000 00000000 00000003 
28.06.2021 16:02:19.824  00001003 00000000 00000000 00000000 00000003 
28.06.2021 16:02:19.827  00000003 00000000 00000000 00000000 00000003 
28.06.2021 16:02:19.839  00001003 00001000 00000000 00000000 00000003 
28.06.2021 16:02:19.860  00001003 00000000 00000000 00000000 00000003 
28.06.2021 16:02:19.863  00000003 00000000 00000000 00000000 00000003 
28.06.2021 16:02:19.878  00001003 00001000 00000000 00000000 00000003 
28.06.2021 16:02:19.896  00001003 00000000 00000000 00000000 00000003 
28.06.2021 16:02:19.899  00000003 00000000 00000000 00000000 00000003 
28.06.2021 16:02:19.914  00001003 00001000 00000000 00000000 00000003 
28.06.2021 16:02:19.932  00001003 00000000 00000000 00000000 00000003 
28.06.2021 16:02:19.935  00000003 00000000 00000000 00000000 00000003 
28.06.2021 16:02:19.947  00001003 00001000 00000000 00000000 00000003 
28.06.2021 16:02:19.968  00001003 00000000 00000000 00000000 00000003 
28.06.2021 16:02:19.971  00000003 00000000 00000000 00000000 00000003 
28.06.2021 16:02:19.986  00001003 00001000 00000000 00000000 00000003 
28.06.2021 16:02:20.004  00001003 00000000 00000000 00000000 00000003 
28.06.2021 16:02:20.007  00000003 00000000 00000000 00000000 00000003 
28.06.2021 16:02:20.022  00001003 00001000 00000000 00000000 00000003 
28.06.2021 16:02:20.040  00001003 00000000 00000000 00000000 00000003 
28.06.2021 16:02:20.043  00000003 00000000 00000000 00000000 00000003 
28.06.2021 16:02:20.055  00001003 00001000 00000000 00000000 00000003 
28.06.2021 16:02:20.076  00001003 00000000 00000000 00000000 00000003 
28.06.2021 16:02:20.079  00000003 00000000 00000000 00000000 00000003 
28.06.2021 16:02:20.094  00001003 00001000 00000000 00000000 00000003 
28.06.2021 16:02:20.112  00001003 00000000 00000000 00000000 00000003 
28.06.2021 16:02:20.115  00000003 00000000 00000000 00000000 00000003 
28.06.2021 16:02:20.130  00001003 00001000 00000000 00000000 00000003 
28.06.2021 16:02:20.148  00001003 00000000 00000000 00000000 00000003 
28.06.2021 16:02:20.151  00000003 00000000 00000000 00000000 00000003 
28.06.2021 16:02:20.163  00001003 00001000 00000000 00000000 00000003 
28.06.2021 16:02:20.184  00001003 00000000 00000000 00000000 00000003 
28.06.2021 16:02:20.187  00000003 00000000 00000000 00000000 00000003 
28.06.2021 16:02:20.199  00001003 00001000 00000000 00000000 00000003 
28.06.2021 16:02:20.220  00001003 00000000 00000000 00000000 00000003 
28.06.2021 16:02:20.223  00000003 00000000 00000000 00000000 00000003 
28.06.2021 16:02:20.238  00001003 00001000 00000000 00000000 00000003 
28.06.2021 16:02:20.256  00001003 00000000 00000000 00000000 00000003 
28.06.2021 16:02:20.259  00000003 00000000 00000000 00000000 00000003 
28.06.2021 16:02:20.271  00001003 00001000 00000000 00000000 00000003 
28.06.2021 16:02:20.292  00001003 00000000 00000000 00000000 00000003 
28.06.2021 16:02:20.295  00000003 00000000 00000000 00000000 00000003 
28.06.2021 16:02:20.310  00001003 00001000 00000000 00000000 00000003 
28.06.2021 16:02:20.328  00001003 00000000 00000000 00000000 00000003 
28.06.2021 16:02:20.331  00000003 00000000 00000000 00000000 00000003 
28.06.2021 16:02:20.343  00001003 00001000 00000000 00000000 00000003 
28.06.2021 16:02:20.364  00001003 00000000 00000000 00000000 00000003 
28.06.2021 16:02:20.367  00000003 00000000 00000000 00000000 00000003 
28.06.2021 16:02:20.379  00001003 00001000 00000000 00000000 00000003 
28.06.2021 16:02:20.400  00001003 00000000 00000000 00000000 00000003 
28.06.2021 16:02:20.403  00000003 00000000 00000000 00000000 00000003 
28.06.2021 16:02:20.415  00001003 00001000 00000000 00000000 00000003 
28.06.2021 16:02:20.436  00001003 00000000 00000000 00000000 00000003 
28.06.2021 16:02:20.439  00000003 00000000 00000000 00000000 00000003 
28.06.2021 16:02:20.451  00001003 00001000 00000000 00000000 00000003 
28.06.2021 16:02:20.472  00001003 00000000 00000000 00000000 00000003 
28.06.2021 16:02:20.475  00000003 00000000 00000000 00000000 00000003 
28.06.2021 16:02:20.604  00001003 00000000 00000000 00000000 00000003 
28.06.2021 16:02:20.607  00001003 00000000 00001000 00000000 00000003 
28.06.2021 16:02:20.685  00000003 00000000 00000000 00000000 00000003 
28.06.2021 16:02:20.829  00001003 00000000 00000000 00001000 00000003 
28.06.2021 16:02:20.838  00000003 00000000 00000000 00001000 00000003 
28.06.2021 16:02:20.841  00001003 00000000 00000000 00001000 00000003 
28.06.2021 16:02:20.850  00000003 00000000 00000000 00001000 00000003 
28.06.2021 16:02:20.853  00001003 00000000 00000000 00001000 00000003 
28.06.2021 16:02:20.862  00000003 00000000 00000000 00001000 00000003 
28.06.2021 16:02:20.865  00001003 00000000 00000000 00001000 00000003 
28.06.2021 16:02:20.874  00000003 00000000 00000000 00001000 00000003 
28.06.2021 16:02:20.877  00001003 00000000 00000000 00001000 00000003 
28.06.2021 16:02:20.886  00000003 00000000 00000000 00001000 00000003 
28.06.2021 16:02:20.889  00001003 00000000 00000000 00001000 00000003 
28.06.2021 16:02:20.898  00000003 00000000 00000000 00001000 00000003 
28.06.2021 16:02:20.901  00001003 00000000 00000000 00001000 00000003 
28.06.2021 16:02:20.919  00000003 00000000 00000000 00001000 00000003 
28.06.2021 16:02:20.922  00001003 00000000 00000000 00000000 00000003 
28.06.2021 16:02:20.925  00001003 00000000 00000000 00001000 00000003 
28.06.2021 16:02:20.934  00001003 00000000 00000000 00000000 00000003 
28.06.2021 16:02:20.937  00001003 00000000 00000000 00001000 00000003 
28.06.2021 16:02:20.946  00001003 00000000 00000000 00000000 00000003 
28.06.2021 16:02:20.949  00001003 00000000 00000000 00001000 00000003 
28.06.2021 16:02:20.958  00001003 00000000 00000000 00000000 00000003 
28.06.2021 16:02:20.961  00001003 00000000 00000000 00001000 00000003 
28.06.2021 16:02:20.970  00000003 00000000 00000000 00000000 00000003 
28.06.2021 16:02:20.973  00001003 00000000 00000000 00000000 00000003 
28.06.2021 16:02:20.976  00001003 00000000 00000000 00001000 00000003 
28.06.2021 16:02:21.012  00000003 00000000 00000000 00001000 00000003 
28.06.2021 16:02:21.015  00000003 00000000 00000000 00000000 00000003 
28.06.2021 16:02:21.018  00001003 00000000 00000000 00001000 00000003 
28.06.2021 16:02:21.105  00000003 00000000 00000000 00000000 00000003 
28.06.2021 16:02:21.234  00001003 00000000 00000000 00000000 00001003 
28.06.2021 16:02:21.312  00000003 00000000 00000000 00000000 00000003 
28.06.2021 16:02:21.411  00000003 00000000 00400000 00000000 00000003 
28.06.2021 16:02:21.414  00000003 00000000 00000000 00000000 00000003 
28.06.2021 16:02:21.519  00000003 00000000 00000000 00400000 00000003 
28.06.2021 16:02:21.522  00000003 00000000 00000000 00000000 00000003 
28.06.2021 16:02:21.630  00000003 00000000 00000000 00000000 00400003 
28.06.2021 16:02:21.633  00000003 00000000 00000000 00000000 00000003 
28.06.2021 16:02:21.777  00000003 00000000 00000000 00000000 00800003 
28.06.2021 16:02:21.780  00000003 00000000 00000000 00000000 00000003 
28.06.2021 16:02:22.125  00001003 00000000 00001000 00000000 00000003 
28.06.2021 16:02:22.212  00000003 00000000 00001000 00000000 00000003 
28.06.2021 16:02:22.215  00000003 00000000 00000000 00000000 00000003 
28.06.2021 16:02:22.350  00001003 00000000 00000000 00000000 00001003 
28.06.2021 16:02:22.428  00000003 00000000 00000000 00000000 00000003 
28.06.2021 16:02:22.578  00001003 00000000 00001000 00000000 00000003 
28.06.2021 16:02:22.662  00000003 00000000 00001000 00000000 00000003 
28.06.2021 16:02:22.665  00000003 00000000 00000000 00000000 00000003 
28.06.2021 16:02:22.800  00001003 00000000 00000000 00000000 00001003 
28.06.2021 16:02:22.878  00000003 00000000 00000000 00000000 00000003 
28.06.2021 16:02:23.610  00000003 00000000 00800000 00000000 00000003 
28.06.2021 16:02:23.613  00000003 00000000 00000000 00000000 00000003 
28.06.2021 16:02:23.745  00000003 00000000 00000000 00800000 00000003 
28.06.2021 16:02:23.748  00000003 00000000 00000000 00000000 00000003 
28.06.2021 16:02:23.886  00004003 00000000 00004000 00000000 00000003 
28.06.2021 16:02:23.973  00000003 00000000 00004000 00000000 00000003 
28.06.2021 16:02:23.976  00000003 00000000 00000000 00000000 00000003 
28.06.2021 16:02:24.114  00004003 00000000 00000000 00000000 00004003 
28.06.2021 16:02:24.189  00000003 00000000 00000000 00000000 00000003 
28.06.2021 16:02:24.339  00004003 00000000 00004000 00000000 00000003 
28.06.2021 16:02:24.423  00000003 00000000 00004000 00000000 00000003 
28.06.2021 16:02:24.426  00000003 00000000 00000000 00000000 00000003 
28.06.2021 16:02:24.564  00004003 00000000 00000000 00000000 00004003 
28.06.2021 16:02:24.639  00000003 00000000 00000000 00000000 00000003 
28.06.2021 16:02:24.846  00004003 00004000 00000000 00000000 00000003 
28.06.2021 16:02:26.058  00004003 00000000 00000000 00000000 00000003 
28.06.2021 16:02:26.064  00000003 00000000 00000000 00000000 00000003 
28.06.2021 16:02:26.382  00004003 00000000 00000000 00000000 00000003 
28.06.2021 16:02:26.385  00004003 00000000 00000000 00004000 00000003 
28.06.2021 16:02:27.096  00000003 00000000 00000000 00000000 00000003 
28.06.2021 16:02:27.651  00002003 00000000 00000000 00002000 00000003 
28.06.2021 16:02:54.567  00000000 00000000 00000000 00000000 00000000 
28.06.2021 16:02:54.588  00000080 00000080 00000000 00000000 00000000 
28.06.2021 16:02:54.591  00002080 00000080 00000000 00002000 00000000 
28.06.2021 16:02:54.684  00002082 00000080 00000000 00002000 00000002 
28.06.2021 16:02:54.690  00002083 00000080 00000000 00002000 00000002 
28.06.2021 16:02:54.693  00002083 00000080 00000000 00002000 00000003 
28.06.2021 16:02:54.750  000020c3 00000080 00000000 00002040 00000003 
28.06.2021 16:02:54.771  00002083 00000080 00000000 00002000 00000003 
28.06.2021 16:02:54.780  00002083 00000000 00000000 00002000 00000003 
28.06.2021 16:02:54.786  00002003 00000000 00000000 00002000 00000003 
28.06.2021 16:02:54.855  00002000 00000000 00000000 00002000 00000002 
28.06.2021 16:02:54.858  00000000 00000000 00000000 00000000 00000000 
28.06.2021 16:02:55.008  00000001 00000000 00000000 00000000 00000001 
28.06.2021 16:02:55.095  00000000 00000000 00000000 00000000 00000000 
28.06.2021 16:02:55.230  00000002 00000000 00000000 00000000 00000002 
28.06.2021 16:02:55.311  00000000 00000000 00000000 00000000 00000000 
28.06.2021 16:02:55.410  00002000 00000000 00000000 00002000 00000000 
28.06.2021 16:02:55.443  00000000 00000000 00000000 00000000 00000000 
28.06.2021 16:07:03.657  00000080 00000080 00000000 00000000 00000000 
28.06.2021 16:07:03.660  00002080 00000080 00000000 00002000 00000000 

Servicedata V1.0 PLC:\DEBUG\S_State.service.trace created 28.06.2021 19:07:28 (local time)
hostname: hu, Software: 606421 04, built: 08.10.2014 08:59
-------------------------------------------------------------------------------------------
                    ms   global   master   device1
28.06.2021 16:02:22.662  00000003 00000000 00001000 00000000 00000003 
28.06.2021 16:02:22.665  00000003 00000000 00000000 00000000 00000003 
28.06.2021 16:02:22.800  00001003 00000000 00000000 00000000 00001003 
28.06.2021 16:02:22.878  00000003 00000000 00000000 00000000 00000003 
28.06.2021 16:02:23.610  00000003 00000000 00800000 00000000 00000003 
28.06.2021 16:02:23.613  00000003 00000000 00000000 00000000 00000003 
28.06.2021 16:02:23.745  00000003 00000000 00000000 00800000 00000003 
28.06.2021 16:02:23.748  00000003 00000000 00000000 00000000 00000003 
28.06.2021 16:02:23.886  00004003 00000000 00004000 00000000 00000003 
28.06.2021 16:02:23.973  00000003 00000000 00004000 00000000 00000003 
28.06.2021 16:02:23.976  00000003 00000000 00000000 00000000 00000003 
28.06.2021 16:02:24.114  00004003 00000000 00000000 00000000 00004003 
28.06.2021 16:02:24.189  00000003 00000000 00000000 00000000 00000003 
28.06.2021 16:02:24.339  00004003 00000000 00004000 00000000 00000003 
28.06.2021 16:02:24.423  00000003 00000000 00004000 00000000 00000003 
28.06.2021 16:02:24.426  00000003 00000000 00000000 00000000 00000003 
28.06.2021 16:02:24.564  00004003 00000000 00000000 00000000 00004003 
28.06.2021 16:02:24.639  00000003 00000000 00000000 00000000 00000003 
28.06.2021 16:02:24.846  00004003 00004000 00000000 00000000 00000003 
28.06.2021 16:02:26.058  00004003 00000000 00000000 00000000 00000003 
28.06.2021 16:02:26.064  00000003 00000000 00000000 00000000 00000003 
28.06.2021 16:02:26.382  00004003 00000000 00000000 00000000 00000003 
28.06.2021 16:02:26.385  00004003 00000000 00000000 00004000 00000003 
28.06.2021 16:02:27.096  00000003 00000000 00000000 00000000 00000003 
28.06.2021 16:02:27.651  00002003 00000000 00000000 00002000 00000003 
28.06.2021 16:02:54.567  00000000 00000000 00000000 00000000 00000000 
28.06.2021 16:02:54.588  00000080 00000080 00000000 00000000 00000000 
28.06.2021 16:02:54.591  00002080 00000080 00000000 00002000 00000000 
28.06.2021 16:02:54.684  00002082 00000080 00000000 00002000 00000002 
28.06.2021 16:02:54.690  00002083 00000080 00000000 00002000 00000002 
28.06.2021 16:02:54.693  00002083 00000080 00000000 00002000 00000003 
28.06.2021 16:02:54.750  000020c3 00000080 00000000 00002040 00000003 
28.06.2021 16:02:54.771  00002083 00000080 00000000 00002000 00000003 
28.06.2021 16:02:54.780  00002083 00000000 00000000 00002000 00000003 
28.06.2021 16:02:54.786  00002003 00000000 00000000 00002000 00000003 
28.06.2021 16:02:54.855  00002000 00000000 00000000 00002000 00000002 
28.06.2021 16:02:54.858  00000000 00000000 00000000 00000000 00000000 
28.06.2021 16:02:55.008  00000001 00000000 00000000 00000000 00000001 
28.06.2021 16:02:55.095  00000000 00000000 00000000 00000000 00000000 
28.06.2021 16:02:55.230  00000002 00000000 00000000 00000000 00000002 
28.06.2021 16:02:55.311  00000000 00000000 00000000 00000000 00000000 
28.06.2021 16:02:55.410  00002000 00000000 00000000 00002000 00000000 
28.06.2021 16:02:55.443  00000000 00000000 00000000 00000000 00000000 
28.06.2021 16:07:03.657  00000080 00000080 00000000 00000000 00000000 
28.06.2021 16:07:03.660  00002080 00000080 00000000 00002000 00000000 
28.06.2021 16:07:40.504  000003b3 000000b0 00000200 00000000 00010103 
28.06.2021 16:07:40.660  000001b3 000000b0 00000000 00000000 00010103 
28.06.2021 16:07:40.672  000000b3 000000b0 00000000 00000000 00000003 
28.06.2021 16:07:53.345  000000b3 00000000 00000000 00000000 00000003 
28.06.2021 16:07:53.351  00000003 00000000 00000000 00000000 00000003 
28.06.2021 16:07:53.690  80000003 80000000 00000000 00000000 00000003 
28.06.2021 16:07:53.696  00000003 00000000 00000000 00000000 00000003 
28.06.2021 16:07:53.786  00000033 00000030 00000000 00000000 00000003 
28.06.2021 16:07:53.852  00000033 00000000 00000000 00000000 00000003 
28.06.2021 16:07:53.858  00000003 00000000 00000000 00000000 00000003 
28.06.2021 16:07:56.984  00000033 00000030 00000000 00000000 00000003 
28.06.2021 16:07:57.056  00000033 00000000 00000000 00000000 00000003 
28.06.2021 16:07:57.062  00000003 00000000 00000000 00000000 00000003 
28.06.2021 16:07:57.203  00000043 00000000 00000000 00000040 00000003 
28.06.2021 16:07:57.215  000000c3 00000080 00000000 00000040 00000003 
28.06.2021 16:07:57.218  000020c3 00000080 00000000 00002040 00000003 
28.06.2021 16:07:57.296  00002083 00000080 00000000 00002000 00000003 
28.06.2021 16:07:57.299  00002083 00000000 00000000 00002000 00000003 
28.06.2021 16:07:57.305  00002003 00000000 00000000 00002000 00000003 
28.06.2021 16:07:57.308  00000003 00000000 00000000 00000000 00000003 
28.06.2021 16:07:57.422  00000083 00000080 00000000 00000000 00000003 
28.06.2021 16:07:57.488  00000083 00000000 00000000 00000000 00000003 
28.06.2021 16:07:57.494  00000003 00000000 00000000 00000000 00000003 
28.06.2021 16:07:57.632  00000083 00000080 00000000 00000000 00000003 
28.06.2021 16:07:57.704  00000083 00000000 00000000 00000000 00000003 
28.06.2021 16:07:57.710  00000003 00000000 00000000 00000000 00000003 
28.06.2021 16:07:57.851  00000103 00000000 00000000 00000000 00000003 
28.06.2021 16:07:57.854  00000103 00000000 00000000 00000000 00010103 
28.06.2021 16:07:57.941  00000003 00000000 00000000 00000000 00000003 
28.06.2021 16:07:58.106  00000103 00000000 00000000 00000000 00010103 
28.06.2021 16:07:58.190  00000003 00000000 00000000 00000000 00000003 
28.06.2021 16:07:58.331  00000203 00000000 00000000 00000000 00000003 
28.06.2021 16:07:58.334  00000203 00000000 00000200 00000000 00000003 
28.06.2021 16:07:58.427  00000003 00000000 00000000 00000000 00000003 
28.06.2021 16:07:58.712  00000203 00000000 00000000 00000000 00000003 
28.06.2021 16:07:58.715  00000203 00000000 00000200 00000000 00000003 
28.06.2021 16:07:58.802  00000003 00000000 00000000 00000000 00000003 
28.06.2021 16:07:58.922  00001003 00001000 00000000 00000000 00000003 
28.06.2021 16:07:58.931  00001003 00000000 00000000 00000000 00000003 
28.06.2021 16:07:58.934  00000003 00000000 00000000 00000000 00000003 
28.06.2021 16:07:58.958  00001003 00001000 00000000 00000000 00000003 
28.06.2021 16:07:58.967  00001003 00000000 00000000 00000000 00000003 
28.06.2021 16:07:58.970  00000003 00000000 00000000 00000000 00000003 
28.06.2021 16:07:58.991  00001003 00001000 00000000 00000000 00000003 
28.06.2021 16:07:59.003  00001003 00000000 00000000 00000000 00000003 
28.06.2021 16:07:59.006  00000003 00000000 00000000 00000000 00000003 
28.06.2021 16:07:59.018  00001003 00001000 00000000 00000000 00000003 
28.06.2021 16:07:59.039  00001003 00000000 00000000 00000000 00000003 
28.06.2021 16:07:59.042  00000003 00000000 00000000 00000000 00000003 
28.06.2021 16:07:59.057  00001003 00001000 00000000 00000000 00000003 
28.06.2021 16:07:59.075  00001003 00000000 00000000 00000000 00000003 
28.06.2021 16:07:59.078  00000003 00000000 00000000 00000000 00000003 
28.06.2021 16:07:59.093  00001003 00001000 00000000 00000000 00000003 
28.06.2021 16:07:59.111  00001003 00000000 00000000 00000000 00000003 
28.06.2021 16:07:59.114  00000003 00000000 00000000 00000000 00000003 
28.06.2021 16:07:59.126  00001003 00001000 00000000 00000000 00000003 
28.06.2021 16:07:59.147  00001003 00000000 00000000 00000000 00000003 
28.06.2021 16:07:59.150  00000003 00000000 00000000 00000000 00000003 
28.06.2021 16:07:59.165  00001003 00001000 00000000 00000000 00000003 
28.06.2021 16:07:59.183  00001003 00000000 00000000 00000000 00000003 
28.06.2021 16:07:59.186  00000003 00000000 00000000 00000000 00000003 
28.06.2021 16:07:59.198  00001003 00001000 00000000 00000000 00000003 
28.06.2021 16:07:59.219  00001003 00000000 00000000 00000000 00000003 
28.06.2021 16:07:59.222  00000003 00000000 00000000 00000000 00000003 
28.06.2021 16:07:59.237  00001003 00001000 00000000 00000000 00000003 
28.06.2021 16:07:59.255  00001003 00000000 00000000 00000000 00000003 
28.06.2021 16:07:59.258  00000003 00000000 00000000 00000000 00000003 
28.06.2021 16:07:59.273  00001003 00001000 00000000 00000000 00000003 
28.06.2021 16:07:59.291  00001003 00000000 00000000 00000000 00000003 
28.06.2021 16:07:59.294  00000003 00000000 00000000 00000000 00000003 
28.06.2021 16:07:59.306  00001003 00001000 00000000 00000000 00000003 
28.06.2021 16:07:59.327  00001003 00000000 00000000 00000000 00000003 
28.06.2021 16:07:59.330  00000003 00000000 00000000 00000000 00000003 
28.06.2021 16:07:59.345  00001003 00001000 00000000 00000000 00000003 
28.06.2021 16:07:59.363  00001003 00000000 00000000 00000000 00000003 
28.06.2021 16:07:59.366  00000003 00000000 00000000 00000000 00000003 
28.06.2021 16:07:59.381  00001003 00001000 00000000 00000000 00000003 
28.06.2021 16:07:59.399  00001003 00000000 00000000 00000000 00000003 
28.06.2021 16:07:59.402  00000003 00000000 00000000 00000000 00000003 
28.06.2021 16:07:59.414  00001003 00001000 00000000 00000000 00000003 
28.06.2021 16:07:59.435  00001003 00000000 00000000 00000000 00000003 
28.06.2021 16:07:59.438  00000003 00000000 00000000 00000000 00000003 
28.06.2021 16:07:59.453  00001003 00001000 00000000 00000000 00000003 
28.06.2021 16:07:59.471  00001003 00000000 00000000 00000000 00000003 
28.06.2021 16:07:59.474  00000003 00000000 00000000 00000000 00000003 
28.06.2021 16:07:59.489  00001003 00001000 00000000 00000000 00000003 
28.06.2021 16:07:59.507  00001003 00000000 00000000 00000000 00000003 
28.06.2021 16:07:59.510  00000003 00000000 00000000 00000000 00000003 
28.06.2021 16:07:59.522  00001003 00001000 00000000 00000000 00000003 
28.06.2021 16:07:59.543  00001003 00000000 00000000 00000000 00000003 
28.06.2021 16:07:59.546  00000003 00000000 00000000 00000000 00000003 
28.06.2021 16:07:59.561  00001003 00001000 00000000 00000000 00000003 
28.06.2021 16:07:59.579  00001003 00000000 00000000 00000000 00000003 
28.06.2021 16:07:59.582  00000003 00000000 00000000 00000000 00000003 
28.06.2021 16:07:59.597  00001003 00001000 00000000 00000000 00000003 
28.06.2021 16:07:59.615  00001003 00000000 00000000 00000000 00000003 
28.06.2021 16:07:59.618  00000003 00000000 00000000 00000000 00000003 
28.06.2021 16:07:59.630  00001003 00001000 00000000 00000000 00000003 
28.06.2021 16:07:59.651  00001003 00000000 00000000 00000000 00000003 
28.06.2021 16:07:59.654  00000003 00000000 00000000 00000000 00000003 
28.06.2021 16:07:59.669  00001003 00001000 00000000 00000000 00000003 
28.06.2021 16:07:59.687  00001003 00000000 00000000 00000000 00000003 
28.06.2021 16:07:59.690  00000003 00000000 00000000 00000000 00000003 
28.06.2021 16:07:59.702  00001003 00001000 00000000 00000000 00000003 
28.06.2021 16:07:59.723  00001003 00000000 00000000 00000000 00000003 
28.06.2021 16:07:59.726  00000003 00000000 00000000 00000000 00000003 
28.06.2021 16:07:59.738  00001003 00001000 00000000 00000000 00000003 
28.06.2021 16:07:59.759  00001003 00000000 00000000 00000000 00000003 
28.06.2021 16:07:59.762  00000003 00000000 00000000 00000000 00000003 
28.06.2021 16:07:59.774  00001003 00001000 00000000 00000000 00000003 
28.06.2021 16:07:59.795  00001003 00000000 00000000 00000000 00000003 
28.06.2021 16:07:59.798  00000003 00000000 00000000 00000000 00000003 
28.06.2021 16:07:59.810  00001003 00001000 00000000 00000000 00000003 
28.06.2021 16:07:59.831  00001003 00000000 00000000 00000000 00000003 
28.06.2021 16:07:59.834  00000003 00000000 00000000 00000000 00000003 
28.06.2021 16:07:59.963  00001003 00000000 00000000 00000000 00000003 
28.06.2021 16:07:59.966  00001003 00000000 00001000 00000000 00000003 
28.06.2021 16:08:00.041  00000003 00000000 00001000 00000000 00000003 
28.06.2021 16:08:00.044  00000003 00000000 00000000 00000000 00000003 
28.06.2021 16:08:00.182  00001003 00000000 00000000 00001000 00000003 
28.06.2021 16:08:00.191  00000003 00000000 00000000 00000000 00000003 
28.06.2021 16:08:00.194  00001003 00000000 00000000 00001000 00000003 
28.06.2021 16:08:00.203  00000003 00000000 00000000 00000000 00000003 
28.06.2021 16:08:00.206  00001003 00000000 00000000 00001000 00000003 
28.06.2021 16:08:00.215  00000003 00000000 00000000 00000000 00000003 
28.06.2021 16:08:00.218  00001003 00000000 00000000 00001000 00000003 
28.06.2021 16:08:00.227  00000003 00000000 00000000 00000000 00000003 
28.06.2021 16:08:00.230  00001003 00000000 00000000 00001000 00000003 
28.06.2021 16:08:00.239  00000003 00000000 00000000 00000000 00000003 
28.06.2021 16:08:00.242  00001003 00000000 00000000 00001000 00000003 
28.06.2021 16:08:00.251  00000003 00000000 00000000 00001000 00000003 
28.06.2021 16:08:00.254  00001003 00000000 00000000 00001000 00000003 
28.06.2021 16:08:00.272  00000003 00000000 00000000 00001000 00000003 
28.06.2021 16:08:00.275  00001003 00000000 00000000 00001000 00000003 
28.06.2021 16:08:00.284  00000003 00000000 00000000 00001000 00000003 
28.06.2021 16:08:00.287  00001003 00000000 00000000 00001000 00000003 
28.06.2021 16:08:00.296  00000003 00000000 00000000 00001000 00000003 
28.06.2021 16:08:00.299  00001003 00000000 00000000 00001000 00000003 
28.06.2021 16:08:00.308  00000003 00000000 00000000 00001000 00000003 
28.06.2021 16:08:00.311  00001003 00000000 00000000 00000000 00000003 
28.06.2021 16:08:00.314  00001003 00000000 00000000 00001000 00000003 
28.06.2021 16:08:00.320  00000003 00000000 00000000 00001000 00000003 
28.06.2021 16:08:00.323  00000003 00000000 00000000 00000000 00000003 
28.06.2021 16:08:00.326  00001003 00000000 00000000 00000000 00000003 
28.06.2021 16:08:00.329  00001003 00000000 00000000 00001000 00000003 
28.06.2021 16:08:00.335  00000003 00000000 00000000 00001000 00000003 
28.06.2021 16:08:00.338  00001003 00000000 00000000 00001000 00000003 
28.06.2021 16:08:00.365  00000003 00000000 00000000 00001000 00000003 
28.06.2021 16:08:00.368  00000003 00000000 00000000 00000000 00000003 
28.06.2021 16:08:00.371  00001003 00000000 00000000 00001000 00000003 
28.06.2021 16:08:00.428  00000003 00000000 00000000 00000000 00000003 
28.06.2021 16:08:00.557  00001003 00000000 00000000 00000000 00001003 
28.06.2021 16:08:00.635  00000003 00000000 00000000 00000000 00000003 
28.06.2021 16:08:00.734  00000003 00000000 00400000 00000000 00000003 
28.06.2021 16:08:00.737  00000003 00000000 00000000 00000000 00000003 
28.06.2021 16:08:00.842  00000003 00000000 00000000 00400000 00000003 
28.06.2021 16:08:00.845  00000003 00000000 00000000 00000000 00000003 
28.06.2021 16:08:00.953  00000003 00000000 00000000 00000000 00400003 
28.06.2021 16:08:00.956  00000003 00000000 00000000 00000000 00000003 
28.06.2021 16:08:01.100  00000003 00000000 00000000 00000000 00800003 
28.06.2021 16:08:01.103  00000003 00000000 00000000 00000000 00000003 
28.06.2021 16:08:01.448  00001003 00000000 00001000 00000000 00000003 
28.06.2021 16:08:01.535  00000003 00000000 00001000 00000000 00000003 
28.06.2021 16:08:01.538  00000003 00000000 00000000 00000000 00000003 
28.06.2021 16:08:01.673  00001003 00000000 00000000 00000000 00001003 
28.06.2021 16:08:01.751  00000003 00000000 00000000 00000000 00000003 
28.06.2021 16:08:01.901  00001003 00000000 00001000 00000000 00000003 
28.06.2021 16:08:01.985  00000003 00000000 00001000 00000000 00000003 
28.06.2021 16:08:01.988  00000003 00000000 00000000 00000000 00000003 
28.06.2021 16:08:02.123  00001003 00000000 00000000 00000000 00001003 
28.06.2021 16:08:02.201  00000003 00000000 00000000 00000000 00000003 
28.06.2021 16:08:02.933  00000003 00000000 00800000 00000000 00000003 
28.06.2021 16:08:02.936  00000003 00000000 00000000 00000000 00000003 
28.06.2021 16:08:03.068  00000003 00000000 00000000 00800000 00000003 
28.06.2021 16:08:03.071  00000003 00000000 00000000 00000000 00000003 
28.06.2021 16:08:03.209  00004003 00000000 00004000 00000000 00000003 
28.06.2021 16:08:03.299  00000003 00000000 00004000 00000000 00000003 
28.06.2021 16:08:03.302  00000003 00000000 00000000 00000000 00000003 
28.06.2021 16:08:03.437  00004003 00000000 00000000 00000000 00004003 
28.06.2021 16:08:03.515  00000003 00000000 00000000 00000000 00000003 
28.06.2021 16:08:03.692  00004003 00000000 00004000 00000000 00000003 
28.06.2021 16:08:03.770  00000003 00000000 00000000 00000000 00000003 
28.06.2021 16:08:03.905  00004003 00000000 00000000 00000000 00004003 
28.06.2021 16:08:03.983  00000003 00000000 00000000 00000000 00000003 
28.06.2021 16:08:04.316  00004003 00004000 00000000 00000000 00000003 
28.06.2021 16:08:05.528  00004003 00000000 00000000 00000000 00000003 
28.06.2021 16:08:05.534  00000003 00000000 00000000 00000000 00000003 
28.06.2021 16:08:05.795  00004003 00000000 00000000 00000000 00000003 
28.06.2021 16:08:05.798  00004003 00000000 00000000 00004000 00000003 
28.06.2021 16:08:06.509  00000003 00000000 00000000 00000000 00000003 
28.06.2021 16:08:07.028  00002003 00000000 00000000 00002000 00000003 
28.06.2021 16:08:07.070  00000000 00000000 00000000 00000000 00000000 
28.06.2021 16:08:07.106  00000080 00000080 00000000 00000000 00000000 
28.06.2021 16:08:07.109  00002080 00000080 00000000 00002000 00000000 
28.06.2021 16:08:07.202  00002082 00000080 00000000 00002000 00000002 
28.06.2021 16:08:07.208  00002083 00000080 00000000 00002000 00000003 
28.06.2021 16:08:07.265  000020c3 00000080 00000000 00002040 00000003 
28.06.2021 16:08:07.289  00002083 00000080 00000000 00002000 00000003 
28.06.2021 16:08:07.298  00002083 00000000 00000000 00002000 00000003 
28.06.2021 16:08:07.304  00002003 00000000 00000000 00002000 00000003 
28.06.2021 16:08:07.361  00000000 00000000 00000000 00000000 00000000 
28.06.2021 16:08:07.511  00000001 00000000 00000000 00000000 00000001 
28.06.2021 16:08:07.601  00000000 00000000 00000000 00000000 00000000 
28.06.2021 16:08:07.733  00000002 00000000 00000000 00000000 00000002 
28.06.2021 16:08:07.814  00000000 00000000 00000000 00000000 00000000 
28.06.2021 16:08:07.913  00002000 00000000 00000000 00002000 00000000 
28.06.2021 16:08:07.946  00000000 00000000 00000000 00000000 00000000 
28.06.2021 16:53:02.508  00000400 00000000 00000000 00000000 00000000 
28.06.2021 16:53:02.511  00000400 00000000 00000000 00000400 00000000 
28.06.2021 16:53:02.514  00000000 00000000 00000000 00000000 00000000 
28.06.2021 16:53:02.517  00000080 00000080 00000000 00000000 00000000 
28.06.2021 16:53:02.520  00002080 00000080 00000000 00002000 00000000 
28.06.2021 16:53:02.529  00002480 00000080 00000000 00002000 00000000 
28.06.2021 16:53:02.532  00002480 00000080 00000000 00002400 00000000 
28.06.2021 16:53:02.538  00002080 00000080 00000000 00002000 00000000 
28.06.2021 16:53:02.556  00002480 00000080 00000000 00002400 00000000 
28.06.2021 16:53:02.565  00002080 00000080 00000000 00002000 00000000 
28.06.2021 16:53:02.583  00002480 00000080 00000000 00002400 00000000 
28.06.2021 16:53:02.586  00002482 00000080 00000000 00002400 00000002 
28.06.2021 16:53:02.589  00002483 00000080 00000000 00002400 00000002 
28.06.2021 16:53:02.592  00002483 00000080 00000000 00002400 00000003 
28.06.2021 16:53:02.598  00002083 00000080 00000000 00002400 00000003 
28.06.2021 16:53:02.601  00002083 00000080 00000000 00002000 00000003 
28.06.2021 16:53:02.604  00002483 00000080 00000000 00002000 00000003 
28.06.2021 16:53:02.607  00002483 00000080 00000000 00002400 00000003 
28.06.2021 16:53:02.634  00002083 00000080 00000000 00002000 00000003 
28.06.2021 16:53:02.637  00002483 00000080 00000000 00002000 00000003 
28.06.2021 16:53:02.640  00002483 00000080 00000000 00002400 00000003 
28.06.2021 16:53:04.809  00002c83 00000080 00000000 00002c00 00000003 
28.06.2021 16:53:05.505  00002cb3 000000b0 00000000 00002c00 00000003 
28.06.2021 16:53:06.447  00002db3 000000b0 00000000 00002c00 00010103 
28.06.2021 16:53:06.453  00003db3 000000b0 00001000 00002c00 00010103 
28.06.2021 16:53:06.456  00003fb3 000000b0 00001200 00002c00 00010103 
28.06.2021 16:53:06.462  00003fb3 000000b0 00001200 00002c00 00011103 
28.06.2021 16:53:06.471  000037b3 000000b0 00001200 00002400 00011103 
28.06.2021 16:53:06.492  000037b3 000000b0 00001200 00002400 00091103 
28.06.2021 16:53:06.501  000037b3 000000b0 00001200 00002400 000d1103 
28.06.2021 16:53:06.663  800037b3 800000b0 00001200 00002400 000d1103 
28.06.2021 16:54:47.997  000003b3 000000b0 00000200 00000000 00010103 
28.06.2021 16:54:48.156  000001b3 000000b0 00000000 00000000 00010103 
28.06.2021 16:54:48.165  000000b3 000000b0 00000000 00000000 00000003 
28.06.2021 16:55:03.822  000000b3 00000000 00000000 00000000 00000003 
28.06.2021 16:55:03.828  00000003 00000000 00000000 00000000 00000003 
28.06.2021 16:55:04.194  80000003 80000000 00000000 00000000 00000003 
28.06.2021 16:55:04.200  00000003 00000000 00000000 00000000 00000003 
28.06.2021 16:55:04.290  00000033 00000030 00000000 00000000 00000003 
28.06.2021 16:55:04.359  00000033 00000000 00000000 00000000 00000003 
28.06.2021 16:55:04.365  00000003 00000000 00000000 00000000 00000003 
28.06.2021 16:55:07.491  00000033 00000030 00000000 00000000 00000003 
28.06.2021 16:55:07.563  00000033 00000000 00000000 00000000 00000003 
28.06.2021 16:55:07.569  00000003 00000000 00000000 00000000 00000003 
28.06.2021 16:55:07.701  00000043 00000000 00000000 00000040 00000003 
28.06.2021 16:55:07.713  000000c3 00000080 00000000 00000040 00000003 
28.06.2021 16:55:07.716  000020c3 00000080 00000000 00002040 00000003 
28.06.2021 16:55:07.794  00002083 00000080 00000000 00002000 00000003 
28.06.2021 16:55:07.797  00002083 00000000 00000000 00002000 00000003 
28.06.2021 16:55:07.803  00002003 00000000 00000000 00002000 00000003 
28.06.2021 16:55:07.806  00000003 00000000 00000000 00000000 00000003 
28.06.2021 16:55:07.920  00000083 00000080 00000000 00000000 00000003 
28.06.2021 16:55:07.995  00000083 00000000 00000000 00000000 00000003 
28.06.2021 16:55:08.001  00000003 00000000 00000000 00000000 00000003 
28.06.2021 16:55:08.262  00000083 00000080 00000000 00000000 00000003 
28.06.2021 16:55:08.424  00000083 00000000 00000000 00000000 00000003 
28.06.2021 16:55:08.430  00000003 00000000 00000000 00000000 00000003 
28.06.2021 16:55:08.574  00000103 00000000 00000000 00000000 00000003 
28.06.2021 16:55:08.577  00000103 00000000 00000000 00000000 00010103 
28.06.2021 16:55:08.661  00000003 00000000 00000000 00000000 00000003 
28.06.2021 16:55:08.826  00000103 00000000 00000000 00000000 00010103 
28.06.2021 16:55:08.913  00000003 00000000 00000000 00000000 00000003 
28.06.2021 16:55:09.054  00000203 00000000 00000000 00000000 00000003 
28.06.2021 16:55:09.057  00000203 00000000 00000200 00000000 00000003 
28.06.2021 16:55:09.150  00000003 00000000 00000000 00000000 00000003 
28.06.2021 16:55:09.285  00000203 00000000 00000000 00000000 00000003 
28.06.2021 16:55:09.288  00000203 00000000 00000200 00000000 00000003 
28.06.2021 16:55:09.351  00000003 00000000 00000000 00000000 00000003 
28.06.2021 16:55:09.474  00001003 00001000 00000000 00000000 00000003 
28.06.2021 16:55:09.492  00001003 00000000 00000000 00000000 00000003 
28.06.2021 16:55:09.495  00000003 00000000 00000000 00000000 00000003 
28.06.2021 16:55:09.519  00001003 00001000 00000000 00000000 00000003 
28.06.2021 16:55:09.528  00001003 00000000 00000000 00000000 00000003 
28.06.2021 16:55:09.531  00000003 00000000 00000000 00000000 00000003 
28.06.2021 16:55:09.552  00001003 00001000 00000000 00000000 00000003 
28.06.2021 16:55:09.564  00001003 00000000 00000000 00000000 00000003 
28.06.2021 16:55:09.567  00000003 00000000 00000000 00000000 00000003 
28.06.2021 16:55:09.579  00001003 00001000 00000000 00000000 00000003 
28.06.2021 16:55:09.600  00001003 00000000 00000000 00000000 00000003 
28.06.2021 16:55:09.603  00000003 00000000 00000000 00000000 00000003 
28.06.2021 16:55:09.618  00001003 00001000 00000000 00000000 00000003 
28.06.2021 16:55:09.636  00001003 00000000 00000000 00000000 00000003 
28.06.2021 16:55:09.639  00000003 00000000 00000000 00000000 00000003 
28.06.2021 16:55:09.654  00001003 00001000 00000000 00000000 00000003 
28.06.2021 16:55:09.672  00001003 00000000 00000000 00000000 00000003 
28.06.2021 16:55:09.675  00000003 00000000 00000000 00000000 00000003 
28.06.2021 16:55:09.690  00001003 00001000 00000000 00000000 00000003 
28.06.2021 16:55:09.708  00001003 00000000 00000000 00000000 00000003 
28.06.2021 16:55:09.711  00000003 00000000 00000000 00000000 00000003 
28.06.2021 16:55:09.723  00001003 00001000 00000000 00000000 00000003 
28.06.2021 16:55:09.744  00001003 00000000 00000000 00000000 00000003 
28.06.2021 16:55:09.747  00000003 00000000 00000000 00000000 00000003 
28.06.2021 16:55:09.759  00001003 00001000 00000000 00000000 00000003 
28.06.2021 16:55:09.780  00001003 00000000 00000000 00000000 00000003 
28.06.2021 16:55:09.783  00000003 00000000 00000000 00000000 00000003 
28.06.2021 16:55:09.798  00001003 00001000 00000000 00000000 00000003 
28.06.2021 16:55:09.816  00001003 00000000 00000000 00000000 00000003 
28.06.2021 16:55:09.819  00000003 00000000 00000000 00000000 00000003 
28.06.2021 16:55:09.831  00001003 00001000 00000000 00000000 00000003 
28.06.2021 16:55:09.852  00001003 00000000 00000000 00000000 00000003 
28.06.2021 16:55:09.855  00000003 00000000 00000000 00000000 00000003 
28.06.2021 16:55:09.867  00001003 00001000 00000000 00000000 00000003 
28.06.2021 16:55:09.888  00001003 00000000 00000000 00000000 00000003 
28.06.2021 16:55:09.891  00000003 00000000 00000000 00000000 00000003 
28.06.2021 16:55:09.906  00001003 00001000 00000000 00000000 00000003 
28.06.2021 16:55:09.924  00001003 00000000 00000000 00000000 00000003 
28.06.2021 16:55:09.927  00000003 00000000 00000000 00000000 00000003 
28.06.2021 16:55:09.942  00001003 00001000 00000000 00000000 00000003 
28.06.2021 16:55:09.960  00001003 00000000 00000000 00000000 00000003 
28.06.2021 16:55:09.963  00000003 00000000 00000000 00000000 00000003 
28.06.2021 16:55:09.978  00001003 00001000 00000000 00000000 00000003 
28.06.2021 16:55:09.996  00001003 00000000 00000000 00000000 00000003 
28.06.2021 16:55:09.999  00000003 00000000 00000000 00000000 00000003 
28.06.2021 16:55:10.014  00001003 00001000 00000000 00000000 00000003 
28.06.2021 16:55:10.032  00001003 00000000 00000000 00000000 00000003 
28.06.2021 16:55:10.035  00000003 00000000 00000000 00000000 00000003 
28.06.2021 16:55:10.050  00001003 00001000 00000000 00000000 00000003 
28.06.2021 16:55:10.068  00001003 00000000 00000000 00000000 00000003 
28.06.2021 16:55:10.071  00000003 00000000 00000000 00000000 00000003 
28.06.2021 16:55:10.083  00001003 00001000 00000000 00000000 00000003 
28.06.2021 16:55:10.104  00001003 00000000 00000000 00000000 00000003 
28.06.2021 16:55:10.107  00000003 00000000 00000000 00000000 00000003 
28.06.2021 16:55:10.119  00001003 00001000 00000000 00000000 00000003 
28.06.2021 16:55:10.140  00001003 00000000 00000000 00000000 00000003 
28.06.2021 16:55:10.143  00000003 00000000 00000000 00000000 00000003 
28.06.2021 16:55:10.158  00001003 00001000 00000000 00000000 00000003 
28.06.2021 16:55:10.176  00001003 00000000 00000000 00000000 00000003 
28.06.2021 16:55:10.179  00000003 00000000 00000000 00000000 00000003 
28.06.2021 16:55:10.191  00001003 00001000 00000000 00000000 00000003 
28.06.2021 16:55:10.212  00001003 00000000 00000000 00000000 00000003 
28.06.2021 16:55:10.215  00000003 00000000 00000000 00000000 00000003 
28.06.2021 16:55:10.230  00001003 00001000 00000000 00000000 00000003 
28.06.2021 16:55:10.248  00001003 00000000 00000000 00000000 00000003 
28.06.2021 16:55:10.251  00000003 00000000 00000000 00000000 00000003 
28.06.2021 16:55:10.263  00001003 00001000 00000000 00000000 00000003 
28.06.2021 16:55:10.284  00001003 00000000 00000000 00000000 00000003 
28.06.2021 16:55:10.287  00000003 00000000 00000000 00000000 00000003 
28.06.2021 16:55:10.299  00001003 00001000 00000000 00000000 00000003 
28.06.2021 16:55:10.320  00001003 00000000 00000000 00000000 00000003 
28.06.2021 16:55:10.323  00000003 00000000 00000000 00000000 00000003 
28.06.2021 16:55:10.335  00001003 00001000 00000000 00000000 00000003 
28.06.2021 16:55:10.356  00001003 00000000 00000000 00000000 00000003 
28.06.2021 16:55:10.359  00000003 00000000 00000000 00000000 00000003 
28.06.2021 16:55:10.371  00001003 00001000 00000000 00000000 00000003 
28.06.2021 16:55:10.392  00001003 00000000 00000000 00000000 00000003 
28.06.2021 16:55:10.395  00000003 00000000 00000000 00000000 00000003 
28.06.2021 16:55:10.527  00001003 00000000 00001000 00000000 00000003 
28.06.2021 16:55:10.602  00000003 00000000 00001000 00000000 00000003 
28.06.2021 16:55:10.605  00000003 00000000 00000000 00000000 00000003 
28.06.2021 16:55:10.740  00001003 00000000 00000000 00001000 00000003 
28.06.2021 16:55:10.749  00000003 00000000 00000000 00001000 00000003 
28.06.2021 16:55:10.752  00001003 00000000 00000000 00001000 00000003 
28.06.2021 16:55:10.761  00000003 00000000 00000000 00001000 00000003 
28.06.2021 16:55:10.764  00001003 00000000 00000000 00001000 00000003 
28.06.2021 16:55:10.773  00000003 00000000 00000000 00001000 00000003 
28.06.2021 16:55:10.776  00001003 00000000 00000000 00001000 00000003 
28.06.2021 16:55:10.785  00000003 00000000 00000000 00001000 00000003 
28.06.2021 16:55:10.788  00001003 00000000 00000000 00001000 00000003 
28.06.2021 16:55:10.797  00000003 00000000 00000000 00001000 00000003 
28.06.2021 16:55:10.800  00001003 00000000 00000000 00001000 00000003 
28.06.2021 16:55:10.809  00000003 00000000 00000000 00001000 00000003 
28.06.2021 16:55:10.812  00001003 00000000 00000000 00001000 00000003 
28.06.2021 16:55:10.830  00000003 00000000 00000000 00001000 00000003 
28.06.2021 16:55:10.833  00001003 00000000 00000000 00001000 00000003 
28.06.2021 16:55:10.842  00000003 00000000 00000000 00001000 00000003 
28.06.2021 16:55:10.845  00001003 00000000 00000000 00001000 00000003 
28.06.2021 16:55:10.854  00000003 00000000 00000000 00001000 00000003 
28.06.2021 16:55:10.857  00001003 00000000 00000000 00001000 00000003 
28.06.2021 16:55:10.866  00000003 00000000 00000000 00001000 00000003 
28.06.2021 16:55:10.869  00001003 00000000 00000000 00001000 00000003 
28.06.2021 16:55:10.878  00000003 00000000 00000000 00001000 00000003 
28.06.2021 16:55:10.881  00000003 00000000 00000000 00000000 00000003 
28.06.2021 16:55:10.884  00001003 00000000 00000000 00001000 00000003 
28.06.2021 16:55:10.923  00000003 00000000 00000000 00001000 00000003 
28.06.2021 16:55:10.926  00000003 00000000 00000000 00000000 00000003 
28.06.2021 16:55:10.929  00001003 00000000 00000000 00000000 00000003 
28.06.2021 16:55:10.932  00001003 00000000 00000000 00001000 00000003 
28.06.2021 16:55:10.938  00000003 00000000 00000000 00001000 00000003 
28.06.2021 16:55:10.941  00001003 00000000 00000000 00001000 00000003 
28.06.2021 16:55:11.016  00000003 00000000 00000000 00000000 00000003 
28.06.2021 16:55:11.166  00001003 00000000 00000000 00000000 00001003 
28.06.2021 16:55:11.250  00000003 00000000 00000000 00000000 00000003 
28.06.2021 16:55:11.349  00000003 00000000 00400000 00000000 00000003 
28.06.2021 16:55:11.352  00000003 00000000 00000000 00000000 00000003 
28.06.2021 16:55:11.457  00000003 00000000 00000000 00400000 00000003 
28.06.2021 16:55:11.460  00000003 00000000 00000000 00000000 00000003 
28.06.2021 16:55:11.571  00000003 00000000 00000000 00000000 00400003 
28.06.2021 16:55:11.574  00000003 00000000 00000000 00000000 00000003 
28.06.2021 16:55:11.688  00000003 00000000 00000000 00000000 00800003 
28.06.2021 16:55:11.691  00000003 00000000 00000000 00000000 00000003 
28.06.2021 16:55:12.048  00001003 00000000 00001000 00000000 00000003 
28.06.2021 16:55:12.132  00000003 00000000 00001000 00000000 00000003 
28.06.2021 16:55:12.135  00000003 00000000 00000000 00000000 00000003 
28.06.2021 16:55:12.270  00001003 00000000 00000000 00000000 00001003 
28.06.2021 16:55:12.348  00000003 00000000 00000000 00000000 00000003 
28.06.2021 16:55:12.498  00001003 00000000 00001000 00000000 00000003 
28.06.2021 16:55:12.582  00000003 00000000 00001000 00000000 00000003 
28.06.2021 16:55:12.585  00000003 00000000 00000000 00000000 00000003 
28.06.2021 16:55:12.720  00001003 00000000 00000000 00000000 00001003 
28.06.2021 16:55:12.795  00000003 00000000 00000000 00000000 00000003 
28.06.2021 16:55:13.671  00000003 00000000 00800000 00000000 00000003 
28.06.2021 16:55:13.674  00000003 00000000 00000000 00000000 00000003 
28.06.2021 16:55:13.806  00000003 00000000 00000000 00800000 00000003 
28.06.2021 16:55:13.809  00000003 00000000 00000000 00000000 00000003 
28.06.2021 16:55:13.947  00004003 00000000 00004000 00000000 00000003 
28.06.2021 16:55:14.019  00000003 00000000 00004000 00000000 00000003 
28.06.2021 16:55:14.022  00000003 00000000 00000000 00000000 00000003 
28.06.2021 16:55:14.160  00004003 00000000 00000000 00000000 00004003 
28.06.2021 16:55:14.235  00000003 00000000 00000000 00000000 00000003 
28.06.2021 16:55:14.385  00004003 00000000 00004000 00000000 00000003 
28.06.2021 16:55:14.469  00000003 00000000 00004000 00000000 00000003 
28.06.2021 16:55:14.472  00000003 00000000 00000000 00000000 00000003 
28.06.2021 16:55:14.610  00004003 00000000 00000000 00000000 00004003 
28.06.2021 16:55:14.685  00000003 00000000 00000000 00000000 00000003 
28.06.2021 16:55:14.892  00004003 00004000 00000000 00000000 00000003 
28.06.2021 16:55:16.104  00004003 00000000 00000000 00000000 00000003 
28.06.2021 16:55:16.110  00000003 00000000 00000000 00000000 00000003 
28.06.2021 16:55:16.314  00004003 00000000 00000000 00004000 00000003 
28.06.2021 16:55:17.037  00000003 00000000 00000000 00000000 00000003 
28.06.2021 16:55:17.553  00002003 00000000 00000000 00002000 00000003 
28.06.2021 16:55:20.367  00000000 00000000 00000000 00000000 00000000 
28.06.2021 16:55:20.391  00000080 00000080 00000000 00000000 00000000 
28.06.2021 16:55:20.394  00002080 00000080 00000000 00002000 00000000 
28.06.2021 16:55:20.487  00002082 00000080 00000000 00002000 00000000 
28.06.2021 16:55:20.490  00002082 00000080 00000000 00002000 00000002 
28.06.2021 16:55:20.493  00002083 00000080 00000000 00002000 00000002 
28.06.2021 16:55:20.496  00002083 00000080 00000000 00002000 00000003 
28.06.2021 16:55:20.550  000020c3 00000080 00000000 00002040 00000003 
28.06.2021 16:55:20.574  00002083 00000080 00000000 00002000 00000003 
28.06.2021 16:55:20.583  00002083 00000000 00000000 00002000 00000003 
28.06.2021 16:55:20.589  00002003 00000000 00000000 00002000 00000003 
28.06.2021 16:55:20.655  00002000 00000000 00000000 00002000 00000003 
28.06.2021 16:55:20.658  00000000 00000000 00000000 00000000 00000000 
28.06.2021 16:55:20.808  00000001 00000000 00000000 00000000 00000001 
28.06.2021 16:55:20.895  00000000 00000000 00000000 00000000 00000000 
28.06.2021 16:55:21.030  00000002 00000000 00000000 00000000 00000002 
28.06.2021 16:55:21.111  00000000 00000000 00000000 00000000 00000000 
28.06.2021 16:55:21.231  00002000 00000000 00000000 00002000 00000000 
28.06.2021 16:55:21.264  00000000 00000000 00000000 00000000 00000000 
28.06.2021 18:01:35.061  00000002 00000000 00000000 00000000 00000002 
28.06.2021 18:01:35.067  00000003 00000000 00000000 00000000 00000003 
28.06.2021 18:01:49.165  00000803 00000000 00000000 00000000 00000003 
28.06.2021 18:01:49.168  00000803 00000000 00000000 00000800 00000003 
28.06.2021 18:10:11.703  00000802 00000000 00000000 00000800 00000002 
28.06.2021 18:10:11.706  00000800 00000000 00000000 00000800 00000000 
28.06.2021 18:10:12.021  00000000 00000000 00000000 00000800 00000000 
28.06.2021 18:10:12.024  00000000 00000000 00000000 00000000 00000000 
28.06.2021 18:27:28.787  00002002 00000000 00000000 00002000 00000002 
28.06.2021 18:27:28.790  00002003 00000000 00000000 00002000 00000003 
28.06.2021 18:27:49.193  00002803 00000000 00000000 00002000 00000003 
28.06.2021 18:27:49.196  00002803 00000000 00000000 00002800 00000003 
28.06.2021 18:30:09.976  00000800 00000000 00000000 00000800 00000000 
28.06.2021 18:30:10.279  00000000 00000000 00000000 00000000 00000000 
28.06.2021 18:51:26.093  00002002 00000000 00000000 00002000 00000002 
28.06.2021 18:51:26.096  00002003 00000000 00000000 00002000 00000003 
28.06.2021 18:51:46.514  00002803 00000000 00000000 00002000 00000003 
28.06.2021 18:51:46.517  00002803 00000000 00000000 00002800 00000003 
28.06.2021 19:00:27.293  00000800 00000000 00000000 00000800 00000000 
28.06.2021 19:00:27.611  00000000 00000000 00000000 00000800 00000000 
28.06.2021 19:00:27.614  00000000 00000000 00000000 00000000 00000000 
